10000
1682313312
840490931
1820763394
1087996905
859955724
1659149249
506593894
1458174883
1551052085
1205797362
138880994
302445034
1860572027
1928671842
1448764711
2050649199
1436389225
1739555111
451150027
473229164
1377339300
919742801
2092982727
1264481042
2143245902
1673553936
1734616668
1501469482
1001250354
43769130
760105602
536080018
884260061
433385348
1624076923
1744215785
2092534597
2130670817
1054907020
1496103035
1188984531
1193788015
1798548069
902072910
974976209
1099829133
805238462
263881787
691900596
1256388489
737110951
2069239896
28647642
682610030
1186237291
24409896
208680318
773370311
1525879379
1209930672
817139441
138501333
1746010690
1701399503
571886682
1222603965
1298131640
516937631
1205791134
205555013
2013040666
247292017
1399343028
1664105088
1149364928
226835589
616450573
1954603390
490717376
1308351169
1063508231
1227828327
1230107417
1092155874
1910438358
268861060
1116565770
2119118676
1042231371
494961501
1181565701
1859370813
633462835
780092743
1413286668
1205349517
2002696709
563934660
1722287148
1061004195
769489673
1587844167
1308296213
21349053
1104465607
310177493
248184643
1720916180
117297235
738902019
881783701
1180805466
1966730347
2111891118
125477692
1729685057
233268531
1242043463
1701320085
1275499902
1737004964
735402138
987387067
222984151
1515494882
253190087
1428333668
1370707943
817124748
1003137169
284228490
1586614421
443497688
1592524703
1607963475
1547963295
1902702196
1856148118
1121395827
2019999431
447566489
2003179528
1053321250
266813188
1967586998
1178798942
1996498245
53371881
273358757
1550334683
1328871784
2010363722
138253173
168775203
85864225
1653748055
421965291
1514197894
876972350
1239090039
369851415
1161200841
678220812
813349103
606241896
138700639
213828750
361460445
1994848757
1335224577
233976228
294931599
1190920457
1287297478
561744787
1011023807
318612773
410759385
1064395689
591971530
1961094068
245783825
454851604
2099347241
414559028
540715830
1605611649
836524319
2054913724
335100351
2075614358
277281491
1496301192
606351523
1090630594
2102543089
745052162
1304459344
316519886
592417272
492200273
550496114
887348871
1683120730
1837793593
1449093658
546660889
8922718
1859853043
1611056578
600894248
1673463463
1856840403
1055745853
1625327057
123915784
1596461683
1083455058
960440103
1503891759
1418555409
888570814
1781173250
767372954
1494922337
724320196
722432395
92490851
2028779540
1038952281
684908123
373496165
1589448395
1572256994
2056616895
1279758340
873867005
455794136
1288681058
586236400
2066850715
1889575307
112216216
1776207470
797837512
1737543273
1900123254
246815547
673514683
713079710
1750707306
2092070092
1601650524
1384396908
711959398
949089213
2108717104
1434391793
1041580064
1990012996
325860426
1726488188
216025513
1915308822
1151261534
125158760
1047583514
2025128539
580952896
188780925
463881292
500319963
2078356232
576097508
129043786
728710096
166157133
2029167040
975525643
839671816
594763102
578749301
784258260
48929978
1963146209
1496217659
998019191
1924379665
783125804
2039599256
1766909013
1108986231
1618603796
1982934526
876811405
622381682
2108093286
1924394919
500026574
541562534
2113175844
963907866
1041882498
2044048428
1540005374
1170926284
625274876
1706162507
1052609676
1600800519
398350675
1647372779
32066172
1182608935
1696302757
1995212381
531342946
546838301
1772108398
1314468751
438953909
1391533763
275971334
2057557705
1226984641
1152782739
532455739
1187594279
929694010
1032482313
1729156814
895386207
1996390179
623555664
791950987
1388911905
1794481948
1417225864
947590764
699607976
870542735
1345941439
199497107
902608908
381066727
1895799865
750337641
912409673
295154518
374962392
79394776
734108427
1766496155
355366110
644182484
845997149
1508148849
1176638223
2033591428
290359212
61636889
1615264594
1185745419
2058027068
91336610
1977696406
1299455326
1885818558
1247438622
99562442
437942887
2117981358
1445503882
637439994
873106618
1826570609
385756211
1623444259
591496634
680910729
1998406651
670891411
1415019156
1617419159
1026257521
2059201640
315932660
386922723
1088356216
202040440
677281935
1149993105
1817305035
1863027354
1060536525
1908641645
1693240112
212508203
1646976556
793195087
312070646
2084919443
763692797
1757574528
574875789
1636799415
1436661489
960632001
1112760026
2028158123
1641542730
963683030
551565886
909078239
433618541
1577823408
820796231
749551201
1964746131
1909152447
951591641
494544418
911661904
621413028
210088124
1972198430
382571026
1903328236
37222985
2029547582
549039675
349293631
1966983377
1312732472
2106868159
394375518
802048239
1396046000
1355007519
1914808266
1276720476
849066602
731007648
1828286362
1758144841
1164626189
1258626122
431457424
1914177390
1075888605
193126224
718285383
1570433023
1104788128
1339698412
1780521147
929502910
1722269438
1536365736
966725896
1604333372
2085405411
1316019527
1423833101
1250654236
1275404039
1818208619
2052702475
523966391
1025732491
1820027093
1800686867
1874799093
403551093
1481489582
1485460286
1568177282
592632056
1916917710
1334871024
1668520662
2110043934
2053156408
1091470037
1067348415
1245371172
724507537
1996851325
820156962
113389625
816093573
277006686
51311388
2132113101
1700839787
1301965624
1260033492
1371564758
1207184452
1783999883
249813601
879727897
1437203103
2124612694
1283278991
771209037
1462589332
703972625
1363841093
1232023395
2038843650
884878107
1194583681
1944516410
1976348145
114448448
1042403934
553372034
2111299774
1862560896
666761659
779909699
2139567582
718073047
764539152
1692923721
2020038672
2024572644
917004831
1079739476
1661088880
1166818433
1959467373
950808335
1143947479
1095262716
1722017372
459053164
1799235342
938374817
1691076559
1690595344
1823252925
738176592
1487628106
1652117422
852625041
382548392
58005808
816441167
97625640
724767467
1596350866
89709574
1442840514
213406371
1782633295
1315395538
90495367
552154478
247651366
1751584247
1718972911
59635092
554908934
715436743
1154897808
129442658
1174489907
806649502
1067817476
718082818
349761198
743586753
1456259410
1837389304
248220527
161400803
72454048
306226335
977841970
170079688
1030993802
426709189
259789262
326350668
640115560
2042422557
1641746207
730610927
447093388
1889397573
334711527
18582651
1949032665
889620461
734019394
956446826
1019063120
1908509301
1763096328
2086880596
479108471
2112857527
682983701
1935367882
1802763183
931204228
2096768685
1875217232
1237430563
927127008
2045296920
120940717
1353836197
157602535
447291385
1993951757
52541444
2089037592
577079036
499634832
1830951518
911790563
518217484
1632500535
1801411025
1252236878
441463713
672990497
1013262532
57076394
612387445
1492371003
22450273
1295371146
1280255237
1825213456
79091726
1229540275
1552947040
1316522289
9183635
1450760313
1437463006
1363019832
1608362848
1884754391
1209487941
1660904292
1826308336
1786566977
13055477
1509776206
550873893
531272961
994793093
204801270
1783509839
1436256807
877791767
649288723
1493333201
1490179212
2141659727
1515783474
638066710
1274431316
1193513282
717158436
356487943
598976675
2033680725
365671578
2049736988
1323660083
1728691410
1510616188
1060930826
790695703
1024036832
739755514
429779033
1037092309
102048072
980652926
1568365270
1096841166
1185454196
1204391462
385614325
2063245963
1853680185
1878947526
1405941527
1847856264
1247247352
2044008237
974803933
293276986
613683025
1331291876
892253661
499880102
1696963455
794507001
1823540185
1278171217
157639541
736987363
2068866921
1181676374
1476742878
351162306
71285035
1578790950
1331815232
1639650306
528148468
369785780
696558120
913762793
285548095
402754657
645226671
1691489622
103127274
1892474023
1588014211
1077931207
38267362
54213588
261739435
930521023
554093690
1958702890
1725028025
230150227
1089390460
1882667566
967137590
1010773733
916860292
296396820
1361936039
988145328
1875187771
546267623
480311986
255852591
916053403
1176870106
1169615385
1201601498
1579624763
1814842056
745607472
1682752037
1559832432
186138035
613199596
1598099794
240351623
874939032
381137169
794445313
686158274
2106165194
1024595540
1775548734
1841349113
1991733130
638838819
610725757
140646303
2000774858
1598871085
2015834074
399558833
2079183071
124203017
1315612236
1108569529
1293818402
369730086
540710645
961176811
1115337558
75979034
373525595
1301475593
689178631
1971625389
1541827216
1564117663
205278910
188788881
102792289
163960457
1213384421
1878341024
2005309570
1057633904
369696195
468551679
1198280207
222987406
2067422765
1066630633
622546239
1999122188
1190833650
1938158476
960208070
337168405
160404914
1500918715
1298345216
1275742473
1576897749
1671870811
429734418
118592732
1496012552
1971561635
1682710395
1701291462
12866868
1785502685
1865251919
1226251290
1516360061
1723077841
136401546
1886056256
44145873
1334681753
2109043662
2111568638
253828738
584106254
1963207178
1444662388
374781082
775931600
1781830793
535185996
129366667
932692361
1810928469
1706264417
457079524
93179240
1824857149
1953092076
2064740875
1360083897
1506899891
2077607743
998102934
1224668162
1156375385
366979347
800262356
1292776931
105551955
844408229
479975036
67111970
808493219
733803774
651218224
624216749
30982515
1025999306
1400148350
1812813308
1561185302
1529515017
598022022
1224630124
1088295786
1055101546
1317809364
765669288
860709975
1235066591
2125753185
220126218
1165190686
976372471
1444794380
174082424
1343351818
97573088
1466859355
1448903773
941981317
1946834392
1516015743
1750474536
533154518
19750319
227207638
564137033
1045749625
1627355988
229466694
459451280
1009387357
827488716
1684081404
2097683144
1882590262
854407120
715868784
595816589
2089473711
694138321
815942807
1107180749
1670510792
113253540
1281263173
866378962
210826628
600638881
167799087
1152807946
399989625
1683814831
755798834
933144143
1703565150
983006472
1497281177
601831128
462878812
1726747871
1061282408
1472266170
406752939
597880164
1422465666
141859553
1452287284
2138334450
737676143
1394277347
684989123
1553618950
353974448
208016267
1666872490
1635237622
1074395229
1877699119
88392855
1242194316
883023417
488382480
778525499
1638822251
1421526623
334607002
474345076
771324152
936438130
937223888
350588375
1997720538
262006410
757341314
448117054
1684472076
899200868
1900404338
1675322878
1636877011
1147198037
212828353
1043012313
1501172485
420844620
562401156
988926459
1495239849
292616627
1077319314
589950518
1175640044
1565701794
1368476017
666978647
839744770
1703083019
1141323723
1611068922
492037501
2078547612
1961657298
342274391
193070374
571514964
790391445
1877542451
1470715832
543312135
1405381681
960109195
1690510172
1618210035
2003121509
1044199010
2039054655
418039017
2033125469
1386810857
710655644
962961136
1976761375
1886295688
381179282
1197753744
405790687
1220924052
753353116
1547114411
684509327
1245390617
1478178375
498682977
1587665009
1671248749
1070197941
230572806
1401307552
393430126
773884942
659205586
1353539321
316911466
129931973
1209177182
1361110476
21502980
1627216199
1246752298
1408313837
190388195
62229786
1237591564
2076683883
443409068
287861661
334990923
1664333121
1041214777
1882105334
201358800
139121746
1212800061
700041777
1726786755
736565162
1770239718
1957359562
2137872715
16186196
583760856
649594653
1369725518
900672322
779526626
431419052
114299151
801029606
2058635252
1361051449
61859796
101539799
1423281235
1299451360
30740035
1866690303
1587313021
365730958
1383539776
481044150
100352644
1584898576
620165897
1313152705
137456705
199469004
2049717867
1907696424
9344918
2040106934
1923882620
593105774
542217939
1146124490
1493778097
1321744565
1577543543
1608077248
2122774172
1488695147
821645049
37150320
1590234946
97442636
1336601680
1620974981
1964132939
776431054
1986705939
1200189068
1257475204
2087058583
637603996
1877641101
1252727640
775060702
2077110106
1154961860
535273478
2086455024
1047585146
311672450
532077151
1589803086
1457796941
2025855248
764064003
887856836
1486448848
739354527
229068335
160610249
776504847
1819303281
258052885
2113106528
1292794615
74702176
742053934
1132016906
1274891244
1999529138
1071591842
1912495241
1729686592
176835834
540072295
1659313050
1331797694
1075345773
1598284426
231899193
1387018223
2130361577
1821702279
697331516
2008733177
438282634
1585188352
1347698377
1177637162
1814256687
1508308626
1954142009
1486076321
1766361511
1919764889
631387288
1841063688
514335175
1763404194
968471284
366380666
687512388
733482877
2096067258
864348223
1273555172
1607896660
48662269
201417297
1058697438
280561462
1588435521
1041575368
2102263741
138283389
902824897
393062728
1723471742
103039627
1570699890
1390244781
1611348253
1377358251
728837454
1230226117
1149639493
1360224742
923806157
1663974668
976145289
1892277441
2030355334
1663657677
478276671
1978938944
380522252
1751831843
1439351956
429184522
1953249141
350565747
709745984
1394201014
1392141115
664526078
1532484403
147482364
1057588806
1108472497
250521991
480805048
351233631
1861870245
1858163299
1080071085
944612714
860319144
292812180
1868418871
376810165
1268957469
1613212664
259681851
785131498
2091489335
91137148
1165653751
1695837531
1530489104
1594838273
1501603024
1881054851
157100609
748320390
1125712318
821626687
133321145
1273194683
1879215493
1241793643
1523716674
212536893
1593027274
1238103271
2070700193
525614711
35232337
783535689
818426891
1903651208
1160345854
2087384360
1369380225
1420027706
725032211
1313385912
1511164854
1890685962
861739795
894170310
1338040587
215859171
627741514
1495141196
964179561
1753453832
169284236
1097500707
879164867
2048499729
191810702
255397894
113552975
1784837976
1493501165
36769520
162969039
1528733503
820305209
981395931
1284901063
1980651064
921296643
506797640
1253195122
1646328854
1820183553
616876328
1389531168
534439700
1511046638
580088107
750298872
2138788152
2075229304
1714478433
1744758337
97029892
664495492
476439556
2145529621
856306194
731837450
111598948
493660522
77854968
148368468
656629562
1606588471
968673678
1638025493
744005886
801841094
411838488
1250803527
2055036216
2058167343
923503432
524428896
1300214863
1457943132
2035475534
1880302971
60758356
2026780039
1808048627
1775236790
1624054728
1905078519
292248634
2100494284
1903124492
1148554829
684848087
2014723441
1642215351
762703055
15608261
151361265
221807878
984281939
1789386758
965813764
1786123033
53741599
69133643
1693675601
2111908942
992637075
70620849
1264640157
303096560
2106096384
997459480
363854916
1985392775
658024459
2139091706
1461963855
415619330
283856693
1414974491
171260175
1432411522
2099822578
38499968
927143225
715041985
54108229
1078504491
936849863
1038390169
720407601
1902663628
677029554
774149200
1971797271
223221508
738574494
816950699
293842357
2003214652
1120047259
252455093
853190484
1483902175
90364220
1511214944
1475510234
1552328075
1926834274
1759366927
819818919
2098094449
1044294801
772157849
2136594417
1971438026
1487199835
43218999
902458869
276566050
1081609168
1622866471
31746030
1758638722
249532023
2003543302
1981860230
988106518
673010353
128218940
843837522
1793057612
380674033
1697028006
1129476139
471038254
1060759302
457502725
2023366329
840109929
69386004
695701600
790720730
1113680805
1467859450
779831500
937635184
807575637
823050499
1840094053
1084141687
1904659667
1315476876
1115887718
1515814741
1565008900
971947372
1350191324
405631770
1644957725
1478410264
1249469292
1290531689
1859084297
799013650
272524180
182638903
1859772953
730026906
58521585
552399234
799412910
754223185
1343119964
1913093716
74598987
2122951464
703245252
882174624
798518315
395855657
1966316312
555694334
1711332534
934720382
2071509076
1128857786
1906667754
1274216752
1534489556
1404141831
605143368
636475200
547189872
316744017
1435488850
819714052
499382921
1147778155
1549740958
557904506
1700177389
201670221
1312127691
895813706
2114763937
1386726679
871281522
670525541
121417655
1669799838
1066381198
2087733967
78010524
630230084
874970701
2035952
1759087870
634154807
1276252704
1146093778
2038296638
1881396072
1782568978
438002862
50656442
1070574181
1257716915
550039363
70868688
659974225
1107943869
1771046078
861644446
272587912
519376136
828924735
1659314591
1390657658
1499450276
1780732247
912973848
418347827
1720982566
990984373
1048577911
448469620
993020325
660182134
1082624427
121789382
1806275912
973437418
2003185454
1441361243
1411440280
2053841896
364451776
521673547
456397611
435320464
1181647773
1564341480
58882894
2043292219
1836929393
578259030
724733307
1348760336
1968916689
76699935
982008935
734406889
495047762
555507854
1725391262
1543625674
1003977474
570927940
56324160
2086601901
692717322
1862600072
912555671
548419128
1156477667
176512304
454777377
1520929443
698185851
911174988
1956249908
1879833624
328032821
2015132802
1775642196
17478566
445908185
352891855
1366238902
267341226
429591790
200764190
1001748115
924639553
756272044
579655730
320781579
1760249518
1150583670
377105739
1699367771
1843300992
92222163
464439795
244236472
1248699831
640952099
699013849
622145626
1339137950
1610188838
430911886
1071487927
1938221659
298561041
699646475
1955700225
744469226
1052538330
1174455479
1011810452
1482130120
1375219669
2013558567
259286025
2131491713
445730649
580067604
1744257583
1596314319
957173343
1296141707
1292131663
1049395507
1760581502
1536368136
150611690
254049953
87898337
772757316
1593187903
1698087175
1203669203
517192182
1488825186
1502230244
1216838657
1297041763
99215822
121893339
324013595
1111026274
1604023460
1699233264
977101193
1863309485
1683241330
1422831843
295893442
1280015265
871662514
1253066785
428673324
16310530
154978644
41771178
1552678666
305590334
295821131
1640577003
1078347651
1889009035
1191180531
134533206
258717569
532522069
1636763450
1475556227
1829563833
1735979272
1597449566
6093780
699521898
1053989378
1705327044
1676623091
769815216
1241084726
951971286
1065708658
373616344
1823633801
171291795
802289668
1839944331
326270440
844060847
1245139349
631860774
1139881978
738232704
1710208425
881407365
1929413235
1844741631
1140124935
314451657
1334021433
468197514
2144015490
922517057
2065647080
2625622
1622038955
972152811
1707952666
1151178399
1741968027
801553745
2103149685
660193037
1175170089
1779299838
831484832
1977459757
1471760521
1157755272
674036956
569416222
1789616047
1813918935
1307648927
1352340824
547842652
1089578514
1049598808
1687967587
1404030171
236136593
8681453
1400562013
1158653651
2074328534
1403187635
633208958
898997697
963656654
1784387357
493482076
1765210399
1740053395
1153675113
792896840
1371869585
1985159945
622872949
696146459
995431570
1296909906
1265562681
637563969
963345193
425727960
1989904793
1511187845
1515306475
892019953
1051671785
771852998
1128156547
1060353238
24931364
139326550
987198124
1428118999
772535508
1886195821
244292005
409439218
232194249
2009502404
2008965
1385869362
654915596
1373878550
1223545660
1277788546
2070025009
71493582
427214804
1188104043
709057551
1390559997
1613832003
551478696
754264194
981654830
1443498650
1805935979
1753507829
424171549
718805570
1778439193
563498099
1706003694
1059074544
1336033607
1444715868
1303366550
1745472825
1676910117
1165385306
1747481790
915295832
1820300903
973876693
2138841492
950605801
896418054
62851426
1377820605
2084522097
771908977
620896954
1550870453
1323387673
1375161148
385041635
619402675
1033613480
2138549464
1043574224
1752419050
1769505009
1607072323
1310939096
681095906
795622283
608171316
1984462456
393611460
137597786
1002364114
2141093251
1052893618
675181369
967486296
1044251462
1625787170
1863904350
1107102888
856124127
1800942800
1879011865
1477021081
1204329605
1054915890
704698582
1589371240
1674318566
1738312062
1580437057
570409142
1343247464
1202458418
29997818
506702912
1883554324
825620101
1114874229
1720533132
1219231561
1252472015
575413599
1212841164
157881985
1250594968
32843812
1202133447
728898491
1896748163
161752687
1585022618
1550207315
2040764552
914560052
607053272
948196794
1619258634
48940864
475031712
1210087048
1629377921
1045440855
405850864
684352692
1075438673
912553776
420423368
1901058774
2027428005
2140956501
972806687
1132416372
568886452
38164204
1290298357
1819481420
71008016
344948156
400896263
1967756179
506700843
1985918882
1370479846
399981747
752995286
1977533118
1348178542
224770272
2026473983
1823210254
1434857320
1508368256
721167461
1840708184
45237300
1796606134
605778312
465660669
1550181260
485722670
459133522
375504300
1618139042
1028019974
413668504
760953752
700017746
484676520
1105901908
1100914010
304949052
1612602752
939349244
1675428898
2012584499
1692344530
1505478369
1213279393
1917114802
1384468704
889006000
1204488474
745353312
1610173461
897713010
790590613
1259295948
1503491322
1256251282
661993560
1989213992
1715384804
1037497860
1459869387
595921130
1451166364
73339491
1295938876
1935842885
1179241399
249369238
93308289
644360503
1188718482
1768737187
509461355
733579364
1126731908
1722740748
503210518
363716964
464263100
1707698992
1109070277
2074436562
457928354
1899660890
1186248862
1961419677
1008428524
1848242422
1803150021
576329680
738256635
1115535760
1172250810
41939351
1188875251
320706038
1977782236
220633003
570075277
2071090525
864993506
1758793759
1692344065
1374454861
344889476
671592325
949711962
848099994
1035309290
1413975062
408315339
2144379567
1340927976
866243693
1896556809
379693190
680179722
757501685
80451965
335846096
1333831365
818708600
1451381856
358598527
860647951
492773460
679304565
690946540
713406463
1249379842
614553417
1578399969
860689954
159413834
805371183
1205579430
831006160
1755083145
2053679424
1866315450
1021574559
314511115
1863211369
215018888
1180754809
1612284530
594712078
1860934531
222302567
675164043
49296979
1556133932
1493872643
1500678836
1914732459
207036947
1993452296
446553376
897983487
559375111
1695933219
1512536904
2137775080
409139525
1671950739
795662615
1614718955
355473251
403262112
1520914731
74305053
1424836672
1835425847
1937516422
1639855560
868697008
1402317304
87083990
582147891
1624619871
762248034
631444871
1033270155
108637029
2132123707
800518966
315673976
1978092355
1247072342
1213657463
389983818
795521913
578710720
380275250
1204661438
103177811
1175937866
671896745
458651062
1579199978
45327829
532956115
856553002
1880753676
322988889
348924914
601967036
1725306193
436008905
1184114927
1202442416
1198256939
1815559798
88228923
1306893968
1800199857
888747889
1622567945
1630808564
2135820231
688741760
2020792382
783858497
1267452480
253583985
1988519935
1370630291
1429521851
512933033
1829281353
861238181
558260862
214753820
1717791184
291530890
537742709
2066716098
893497926
115565254
355241355
2077612853
1318007670
1553498294
1745689004
1406236593
712908615
1398405213
147500834
187992912
881730130
135837418
876734672
755038864
919695915
2144187153
1008622849
760732202
1367333796
290661052
1273665235
1049131502
1151899234
1831926097
1263885322
722206770
2123456987
1801628032
641439220
869471265
1917193286
996680576
799600471
1087717309
402695222
397805827
346470254
1115603837
1796211040
493971089
1303596749
530457522
629808507
32847774
1285496387
1549504422
29551279
146635588
162752976
1396885075
437296641
1436418212
298532929
1589195875
1120860661
1562418252
163918997
1096834001
1216562636
805358217
1966305266
986272274
1802038793
618422089
2073989583
57250368
1016227916
272976190
1172854205
664955309
766947279
328967307
1195412831
1396755786
361815081
333425570
798776560
391366360
480061159
961529536
1788251435
917357800
250464100
2086784365
359070027
1371324762
1501718969
522989024
320675115
570797957
1328347241
139496733
1557070231
982902387
757918823
1483576167
1040152755
1774146739
1756552357
65523312
291618400
376015988
394490619
1487031232
1772771774
756305700
1820456802
424064686
1147672060
153034313
1385594222
788439848
1070392113
1636058323
727740565
1429462140
859899437
81975886
1952451164
1180574552
652773843
1133314758
1320071285
62360426
2116217145
2077990108
1545936593
1008886252
1704653200
1155005302
1074409564
1996271600
1531021290
1468900184
1335819184
1156309416
77722236
1008792339
1580374102
1225394297
1161826652
818484677
2013834145
84735118
307059352
594091062
1514197258
1166958789
676066948
1319164775
200049693
1328840791
304995885
1520120978
1391201217
273729382
1450627439
789654163
1282615634
1007796991
1944659465
209541550
856584943
1328197108
1678441734
44920480
337022876
1756163971
1053712819
1917396979
834074620
68055823
588398008
700425117
152790941
895457360
1294516179
1666988200
2062416149
1970583127
838669327
114982194
1151940270
1143665212
1635103172
395657839
1417394594
938246963
1185312002
552526580
1946043954
982487820
762068130
655145250
163201280
293026217
700065730
500224156
2049190188
1753778549
270137487
735781160
1821834372
858535495
1436206277
1974625314
1753992855
583238808
1494129866
1668925356
406338287
185315545
1783907550
1558278557
1328980757
1271527075
1953936396
598891703
62290390
991764751
1151418283
2008334345
1974252571
1913486413
515995947
2137453851
59028982
1216061677
490194359
2108219170
822356578
760331847
696516682
496707302
1618867342
2132722959
323848968
1225376550
568478119
1817978834
746818258
974816406
2003294379
383242161
385611315
1184791488
1654769236
192064064
1783683191
1717059626
1183828815
787617826
1577910323
1010597738
553620592
2093906270
1000567941
612649574
1162484299
1490762300
573385097
1984840877
103610499
1269901779
334064532
1722477842
1255141091
657913500
800370744
1823619210
328408687
1547189002
650951969
184219418
1930431163
1036563284
1369010907
1437716751
1228627348
1005210450
1007292730
264972515
1792828277
437719405
1275570253
198965221
384142028
128654546
811614795
1546626327
1619416847
1384999892
1383983557
1723027346
507418024
1718048089
1298021540
1762559115
228477941
2098392284
1438694677
556886628
1498097639
2089646646
741106047
1281045154
978726283
2110116954
571278258
59869983
967843756
1578570988
324842499
613188385
2016290393
1600412752
812153606
252948773
1729067299
1623768402
1799575101
1201000498
861284646
1036075010
776544196
1368702670
606639451
2074565737
983778137
835117392
2025474373
274989167
1392004021
1376088364
217152165
2133110068
509649871
1195878448
2095743374
1080928129
1255748432
916103482
512015469
1580590931
1529291868
380822214
1033520035
193961826
633770988
615103686
1817730228
285862441
1816104184
531531227
1321937451
445164733
1900233897
1928576902
372246822
736528387
616210646
250237547
1011517554
2008214667
1626325912
1228669719
1993841087
2135975783
277064520
1942100813
1069420264
1532812952
710720648
1581435733
965920235
92528868
1962257947
1999440270
286490694
448545287
467060309
2104220923
734407728
135680845
488268502
2056345179
580845578
241018751
1837438433
953092400
977547138
306165432
1203329948
1989064692
166896451
682172212
1070250764
13253891
670664347
1347315284
1955354704
1740084611
732644588
518591704
1174036696
1698564823
611120572
988810995
1550521445
897611267
1437356283
2017581754
854348542
24280363
5778952
1342617044
2080625543
586624530
1583635795
1770580328
1539716931
413699286
2076745760
595563231
255280330
96158564
1277735443
1325531094
109412455
1948399790
525362730
2064767159
1541000753
1258007318
435875216
567553801
809088493
1046995788
1556364796
212126291
1944607055
846237431
82224397
651471949
870517795
88003349
1994088993
803659690
674627880
1430241141
426756370
66861163
1843940427
356018483
662424394
2099220757
452177047
1940159837
1277268204
561589502
1741075979
1802630934
478873013
1134593084
913154605
914748229
1702146885
1722243098
1961744018
1111028033
1934369389
1758867425
1957265465
2016593787
262855727
680299612
2104597136
109461072
1483959302
631741368
1539702213
1910715672
698602531
1236158992
119250507
1361026925
1187896102
571427554
1153703114
317680658
1133017056
747295445
2120311592
1611890070
1881888529
885982549
379154651
1436551766
460742000
193415021
400096152
247627741
1952282447
209877969
116737880
67654526
890177581
73851369
177115598
226653235
705592737
1716817812
2137368907
1404195269
805493156
109135767
617738546
1993389258
680563321
1771441661
163586268
1813580378
371253458
136414213
1277986800
105658340
1022396762
1657141451
1542210106
1483138762
1850556473
1942306258
1730766504
1655355272
4700579
1847504384
1723009798
894878160
1921355753
1900125396
1121531395
479464843
1469459560
1111416655
1883660112
127469069
1220552422
353915010
2120858327
1901115743
2125356671
136960948
1567212473
349126482
273375161
697715625
454784822
1295771923
207373429
1996994928
631427038
2057929902
1791817539
214709894
1565801526
1796518118
2062214278
1141327676
543912631
1836086384
893969424
1665444026
168067579
215945337
629377033
2051727691
343414406
1849929455
258159053
316789085
1603561551
236032077
453750033
1023290376
585158559
727125194
1721006002
1039943381
2022897118
1928379431
889454661
506840508
1838825685
533788552
721550402
1257143563
182823023
636281032
250987591
726735654
324883768
1144957015
244696032
492951347
1360902352
874073066
397195390
1704316758
576518873
655354444
2021105844
32596776
891386521
327372229
1055887153
1476545080
1054497424
629409507
369004813
929910894
410305290
1258459474
1436751402
101647327
1792248027
10818156
1358790890
1975071050
647099188
1609778481
554323056
971982957
607251848
799019088
1464934304
1968154201
1673092154
1862129695
1524987311
102127380
370000491
1398609507
134724156
1261387012
1725981737
1190611309
590448444
632995513
1820020816
959453257
1562906407
82842458
70429083
852174161
184489785
1862677110
862992317
1543280675
1690264512
1510091505
1005575508
97103920
334590814
1612827357
896123009
1799525119
1433497910
421731515
1514171166
811001573
523858895
1884171657
62127433
658583052
998075021
1788109170
1849194361
1588523465
273621035
1521731530
400493074
1836527442
1604573988
470922157
541217955
1789063774
186115620
1404210272
1184860801
1876380132
766818129
42952662
1973484053
1101408944
1655780019
722123414
753450415
941794281
1143854929
120137933
1752795854
1667713825
2004309590
1814923287
178813229
854900963
1455548809
2028007590
295940780
1729169844
1402255472
696433854
1418213638
859345813
1167356011
1959431593
500925939
1353471631
1216158217
1685786740
1082368116
1982976347
1728739402
908368521
936901643
1237035773
1630491935
1690352058
31346406
626863216
1810489991
1784142261
147093393
1667315933
1451581900
325906622
374733248
759647062
206430565
670674028
341333258
1608686037
1367107882
1759546897
320548202
386980245
1571494842
821474141
1740451877
640169412
359777234
675336345
475662111
2088516636
1583704866
1412563754
1178068762
1066713153
955432164
1209415168
1693576369
618438507
846073781
1840669763
138270792
150172034
19092737
513004040
909819096
225523302
1183678068
1251152354
1834209340
403302302
863215603
7273894
790282547
287226798
828748036
383250776
927396210
1188525270
1058587121
1403058321
1129558258
494808339
668138427
160143372
1561521492
1623570591
1369558541
1107614214
94525450
68148674
800800329
232796242
218320708
819893066
745800282
1128139804
1045416369
1929478350
231808511
732142061
185297004
1095024114
739415955
975579551
1382250912
1568163991
1358830328
162163474
609205613
269933801
1565221795
1738763872
764742141
85876574
1898907244
178779985
1709447165
1120982137
1286394199
1803972615
1189130812
2087194528
2036768857
1407451520
759603947
635085491
388107677
1805020316
417080193
619916188
389678729
602377197
1714940302
1129094684
1577956749
949707567
549775028
789303429
1111871041
1158980641
1059237230
529609189
750260865
1823979371
615485763
501684462
2002759357
177449281
1622666599
1141669908
1981421896
664313763
1081380789
1870707106
2071765284
1840984736
358308949
312389313
1498521404
775389143
932305501
1888200133
1377766340
499762155
869811169
808239441
1449469722
1419586197
1597542870
413857116
431083191
509296453
943466305
1181344056
185792176
1558952068
1683028518
41067885
1736401349
1158211470
1182737794
1570339598
1822525233
116634935
1293563056
1746806869
1957619671
1651872005
2059196182
1308657427
279777500
844018035
1049373912
1657543841
1343780191
1919185081
318299634
645766265
1191287631
1915842505
1059623381
1622370822
277655310
2003089686
656231230
463447486
1414558107
191776101
504515372
1003475808
1349987571
1687253166
426331758
1025029156
1803888101
1719894814
624352378
1614024124
1224283172
536064912
775197903
1504060672
1380082948
1824571815
1014120865
576379491
1596273248
1332420500
1222145756
640077231
1100779357
134285490
114964405
1378434667
2137375176
771195636
1841882153
1404449635
962971737
198913877
260441796
165475660
1886167043
686773554
1190504816
1542571496
259184721
1814857194
1009111972
1483467893
203438459
1784309875
840044917
1583521407
1461398042
1854165783
12417250
910187643
1039102635
1234563006
1550264874
2139881992
1368848496
1665229280
1370833011
1358740025
288941268
1065231516
615706012
1251913005
1264145394
876147808
1417388665
1002828789
1562921363
460409833
397916638
1822106084
127783380
1407028610
1158090329
331221839
1043854838
1998135246
1914743246
357769232
1704817381
1927160496
1267956875
596436368
1014239854
670738102
588834712
235604703
188483734
1959667723
1594344728
477425002
877415592
62567092
1729338007
2141560986
938714901
999243024
996906127
354152616
1459652857
1394822765
28775052
1587436237
654367728
1186865381
1918658076
1698222566
1037516979
1685917674
2055991798
594850713
1465594522
1176465026
1191287081
332350729
1847203128
1780121794
567955432
2035686862
1592305869
14816512
365628216
322237813
77383604
2094966223
316315151
1016098505
946725599
1313221279
1370251121
258894808
560560396
1399026173
1846331046
1214928124
438407906
1617505474
765667042
1475924886
1155939501
674175193
2070775599
474050375
1850640219
1114579032
806401104
1550359699
747217178
1374356536
1438562913
192039400
1389173048
1804191129
514277213
1466556653
1751673704
830592365
335171510
550915655
2143813644
1705422632
809810463
556890392
956965157
508657861
1771818517
1395373064
2126163336
390001911
723814302
1134619189
1064177104
647106253
1608669564
767333675
1761685285
267587021
170209726
361418816
1641943557
1608772639
553458216
883632958
1265480120
1067735429
202705963
869670176
1898327794
537877473
1420585831
1894657790
95816457
82912647
304064535
1052781615
591570508
2075883052
300671031
570250196
318401315
1024485333
1704869385
1382578420
1671591586
1166055302
2428447
1285793223
1433642323
172638174
1647212039
928102232
1781410813
53186607
1811735190
899407286
1120922037
2014441153
1769077462
871766183
404834979
1042179646
618940326
500651436
1125092293
923004861
1553433051
1716662801
851404265
1854104082
139429350
1169805580
731105767
1844298735
404900352
255213705
862870389
407328800
1541006929
149029064
579966974
1040735320
1077131297
213894139
1093921928
741382839
1113301425
67360317
608340345
734895240
939126500
1013175324
1777074886
1558066826
1513826760
754683531
333588039
919776164
323862684
1184992304
626396598
463292034
207314237
1357502366
160107122
612214589
1612716071
1022977511
1019543389
1006239352
1172006576
1599510363
2046974673
101654225
1813404503
993412953
843037064
779222280
1060773270
1451377409
1514117520
1999899770
317069085
1143708758
1410482949
1830895846
1898392289
1744070988
603188362
74771326
781579645
1229584960
538063360
988893882
439603678
698170482
1601108471
2052319750
1721147994
473168213
911075454
745670922
2072678576
810566479
847325147
1738599431
1803979432
1690362211
370338064
717269054
994255973
1884455584
569685177
1311325058
880680695
1980168126
994737256
631589336
1576755466
1597925618
706360662
210851463
680026931
1244424023
1199745345
1119630609
1942594505
653370169
1024466711
1516258851
1126538382
1935542166
114446125
1051733310
598624997
961771272
642849094
255120782
504649836
1013187158
972389836
1498905809
750159094
1542075013
662747219
1630839789
1374759491
1657484476
114945478
804031310
1107926446
821306140
1014882773
1787953377
2065730163
67144471
760100339
1860841021
720514640
1784567050
1229616224
1847053022
1572625568
1344062350
751302684
23766918
158349974
1394151778
278887700
662999810
259855288
1251277536
14421971
1010014383
645868902
677169191
493370524
2020628393
187170019
608316002
677176055
1295096465
1429622143
1692058829
935566195
1347868658
1759203300
1695666534
1061226031
332234292
1332749936
143358608
31803666
757891857
1487420958
783106350
781658775
1645770932
29774481
1060546475
161287095
289629769
164340363
175709066
1299644152
810209265
852878257
1793014677
683354011
1040048276
253847031
1360530066
187661094
1683469174
905105247
1123227289
883854185
516824899
671410175
1945080216
849059191
2004160111
2088438824
880862857
614568320
1428376134
1663969208
1396227095
926663419
1693743689
309289922
1087950514
1983373458
473630286
1263659580
1135533963
1283839551
2116537838
781064992
1967193562
1009102466
1034912023
1180239981
1196763560
570897550
2085345228
172507201
1454751735
454686480
843917376
1252348303
1303745671
700593840
1193303480
37124881
1315162160
474195966
1701094089
563905608
1400859385
1247354130
873195530
341326251
1083243940
1346825816
1604985832
71294255
483181720
1574040022
852359247
302891634
435658840
1887271271
1483131615
1632422401
310685173
1420993196
1804929602
1765436908
1875679676
501363331
870301563
1031941699
1201957171
2063605043
1069066580
369635683
390317362
622677021
933541291
1791176747
1870031151
1806736822
2132502999
805791444
1006078990
1590005183
877085699
1489260710
1016561557
1729444947
1792152345
1452220397
1469232570
1127800312
937159150
1779917743
401309860
594605105
1397871003
129505888
1095968436
120688918
1161447588
150441959
36810314
83030520
520077642
427127676
705707542
1453618934
70820775
428255045
1112872108
55840126
1234046489
2118951098
1645845309
2111132189
1460728161
514923218
1693093488
1105396858
1967143616
1014842410
85713522
756819118
647276505
487023383
1351424223
2045147508
616529271
299909011
18352778
1777976859
450350970
55163092
1861007380
970428613
482290768
419231274
276563899
553111544
847486319
1389436007
608951670
2081532809
1360903457
107313332
2045181350
674147970
622236550
1590791190
1779544828
441896518
458149952
1865258351
1198715637
1105426457
204798086
402656212
1003090317
821327357
702565224
1021443095
451820569
1152916194
1076606188
165344301
2123344807
1558896956
584575575
252425058
2112008500
1432061894
1641861065
573476523
1366111055
855280875
680789855
1263808757
1529428845
1303026405
707116299
1161490026
1744922924
1165266251
879264729
796154913
123209060
1084062815
1198811125
1126299377
1905390172
1901376349
258825
209727093
906808896
1076865013
375071394
882670055
488278321
959646969
1135095114
452803174
244225216
629472531
1026279697
1610336271
1484753406
1707069552
726661381
866698604
862612309
1433777680
2028188630
460051585
451560284
759969711
1256206498
574769344
1844032526
307533976
1701068722
1601939050
61426677
1701327547
1811666144
968235573
630708912
39253890
1850905629
1118987233
998900860
838517095
1571790407
1243126076
1467989626
450586456
705978699
805259385
10172360
1432640080
1671957989
872784670
718934113
1552662971
1332836255
1170494397
165149034
441559106
1745263741
2009181560
749093082
1298848815
1463636962
810519759
852692714
1127819458
1778755333
1483401626
1167073349
1482177314
454905212
18490561
173210761
2026695619
1261616637
1641200387
329798428
1967595336
298976124
339970788
1252751769
1970934113
1212755458
1971685882
1376113436
398108066
994696631
1541262470
839667172
592476724
1402960382
1588760254
1891325540
719113697
251796365
596534606
1846933155
2030551698
2079936233
866522856
1365245364
387357797
885013417
1538456125
266569768
2146630054
1032172865
596368196
1966741743
1331148989
936338985
1072009864
1154599455
1610795
896212098
383229243
399718861
1890908729
1924491714
1239386033
335901805
1179968448
680662639
79743697
1899082145
932459005
676278304
1598531653
815527055
608730889
317570861
33288772
996088686
1202584279
1571744897
1262658454
1201730685
456434114
1859026651
1020988780
1787583104
647881988
2092998644
794698911
649492783
841727094
1177928154
1049211645
585152175
954936220
141114030
921053981
2134904669
821776670
1000797678
1886503166
1754235675
1677075982
1337551171
422279082
138323223
1655122033
455567854
1134411909
710222664
2027312752
249586716
1911953349
336263218
2108613367
785458482
2123846322
609011707
730973478
771061585
1258504490
1572700573
1948989740
160232487
10369100
756442312
301346518
931423081
743863333
1123123188
1932220760
482882852
729875215
1461813094
1820434023
1152154297
1600136318
1328072408
1607722152
587064579
2038295072
1487551256
836651295
1802764774
1823814474
797781014
440739608
1800177149
1406792721
1171713086
423755086
517813564
596930011
225261178
678046051
607299112
981703491
979392569
1538722193
1725566824
2102515757
1323459305
60966028
684907324
637788752
1881400052
1837061622
90441422
1061988812
1297300126
677506001
952800237
637367734
1514157297
608081363
313698560
164454663
1048820971
2113875709
1571247385
73050409
390147148
2089060949
669980421
615408326
619623352
1277279533
1597111817
1599015922
668518078
1175194994
1554048031
1991977384
1236161022
91471708
482282488
970077426
1928533330
572723910
2032066239
1078349808
1250229911
837382828
1715717542
616903560
1445464191
2029416102
781358224
346801514
1995808164
205121961
419851923
238471664
146699262
1089832344
853879990
766322614
219628229
303508160
217854888
888146308
1478703154
1771902920
732640044
567380528
1863374628
1214922532
1537457955
1644424310
1787646442
1422040546
575290470
890392705
111939726
143524364
1507296266
1557403917
25456818
141170842
1904205431
2021264982
346292803
176573706
112252998
492992065
1266406051
966132989
1259314679
1486034280
1269641149
1477169568
226696940
600860655
1101588840
959336984
1168241183
817479820
26775868
558215490
314420482
1814422310
1980256036
889710952
557331368
2092195762
1033235316
2064627634
1502116031
1058692134
58314828
1258837814
932473469
404607631
1435411521
1044726467
897599696
554333924
2010859456
9430727
2040368204
1133016957
1486600295
119581497
1733877612
440705487
1078918481
754635148
1258185307
1105694350
1312850638
1572605789
772633012
1145623027
314833093
1329964380
1090335141
1348068409
1247108366
444967525
259276896
1305423194
1703805339
1191750365
1710030825
991733212
88993184
460146873
1546067136
2099852641
469577601
1438951693
1085385950
1956177896
1558533190
671779915
249399736
489968023
1426415063
1507585043
1595662373
591782053
932707185
220811738
1737405080
1247540278
1550776118
680256574
448125040
650400837
1125224099
707401936
1955824031
681545790
1899152301
1518371209
1673279003
1988145485
1978518082
1071862491
1940514478
300612035
363330536
878416781
109306284
1921863726
1550196696
358706020
264348102
829128111
1866291063
1860010475
1420910164
651514600
2080822213
1010831597
1899054879
1484114684
1691088171
199696271
2134515521
668828622
907098207
1942855904
1350374412
658766860
1313743465
876169767
499428697
1144777900
1948032259
292459528
1445389935
163879147
1170876309
1554696219
2085742874
573589357
1913402239
202607328
1402717468
1632209655
2062617803
676143984
136240607
1995956369
1686975581
2035295486
1332587405
1230580104
87508109
1319619278
1899408726
994606316
1114991534
1102299491
1653373176
281251352
1978469258
5318226
1426029252
1779017869
297777754
723935539
1942897017
1468654063
131148111
1881156243
2042243420
2044550350
2083763571
1297477240
1529276357
1998897726
1973621224
1665516965
1847370447
1513113158
1553328803
1032474204
596209614
1640836913
204609834
348134693
487959581
1319601369
1450434184
2141332758
1600852721
1281419794
2146650984
879398325
912954016
296945090
1603333864
708367385
1765599153
1734481975
442039980
1660358925
1631548678
378319903
810352517
1013341387
229733981
636490093
531374704
2077104429
2119603
2084703508
962094985
598329218
1578056773
1166704820
946463911
2066016354
338822541
249414447
2059865464
1939675262
1530834241
2059032800
671589939
296304609
208494242
127440155
1004671994
1974093395
1861922131
1446711974
1486968672
1345987161
1825031877
149837541
211844900
2054765859
786327635
743219605
1984386640
788447238
680439465
798997977
1386776456
111012590
1965702797
185756719
29545296
157041690
435171166
2089410761
2096716952
1966005408
2000959913
620823243
114826369
61970508
748263399
1119498364
2036063903
462701882
418726690
1375548928
1808689043
96274920
1525386469
2020533943
3557131
164230456
616269900
1987943771
952677695
1296709365
639458100
191970503
1407721955
457677250
377727223
1437267252
614718940
812898389
1379194365
563952245
631420149
1232670630
1184775488
746246519
1294641138
1933038887
1865744883
1183221394
248257121
136987925
411286674
2056946164
233262845
1936673143
1929996460
236819976
2100903600
398782712
77280099
906097647
1695492078
716738200
1098068150
955730385
1174415450
1475795373
245513989
1789134390
141210115
1624708354
205602987
772630264
709895337
1390378476
1518876783
2004536475
1175933715
1237138018
1040274221
1424190837
1374125944
1451560895
1333653353
1607388789
1240750391
1116166165
1844208766
1194170343
1514948878
1921488865
2100267990
1062957308
490743417
1050852492
2018687693
1665158867
379164218
116718035
1306809610
520374333
1741426389
1512412597
1293004597
303838078
755307425
664397733
160890906
1931241141
1901535751
1201165127
1207948330
1128178047
505242375
394118035
588083189
1745992766
1510284201
284808307
792679461
877749431
58813524
745463803
1940706739
549556942
1796316295
1811910784
67232161
27996865
1928628819
1374041771
548371198
1522571561
738970721
1841375796
1826409639
1494278146
358289881
1987300545
1278035639
112341984
1040982025
338500321
1240520032
1546224400
732618357
1828603221
1144733518
95418910
2113411528
1937412979
973168341
24741404
535393134
766391432
574298346
184225781
430818568
641530508
212222647
211963740
2015572279
760593845
1734535301
607059352
454485993
1413461292
2101337499
812775874
1253278190
1231889490
925117859
146776567
1570389812
18154243
1693000967
155524521
1846757464
690250837
250943431
1812685344
480180168
1224111772
1837426748
1015573302
1990503204
264241447
1199799083
273838124
905771955
1412021730
485801864
773860586
25131928
72853517
1380919939
479617921
1486314810
1334773790
1292393796
592109352
419179632
70028007
738885919
1989569444
88182250
284403238
2145093965
1934939714
974654075
248553748
1600141410
1454834243
1472665520
1290084510
322923897
1315685076
1554325957
1522722980
1589523201
312614264
787261063
2075325065
1086474851
812392991
694935
319911142
1292010912
1487009745
1654684932
436921060
2079119097
2073864564
506949067
670521368
1915950361
595131317
954924606
1913560678
382587383
1929578681
14630779
1982728793
1236929276
1487296299
1125329656
1559853173
655497728
532171965
935092505
97537281
844786230
1722353568
25378698
1931261081
387262911
26073633
103688575
1679273824
1513083378
1758373507
2116194884
1444718827
1684754423
475660304
2115240195
1453221136
1070791621
922681153
1219298167
1453379005
704776186
1233928946
1288624150
1941705462
573741597
266470158
1354074987
1229239325
798642124
141683845
1326776606
1643428354
1864037413
1352155305
1427205787
103816677
1378228938
1530894362
1783090501
743828669
1141784221
1751801737
41063848
679054996
79978393
8820396
2132276133
1150770015
931501549
1204090652
456665372
1636277736
290535950
1745289522
1430499550
864277547
2011759681
637090890
2093516873
662918157
778774735
1272809831
158862863
495328500
477481488
1586068650
599145177
1855710427
969479364
234752030
452055448
2111263585
1986553768
493119296
642834933
2066532161
501939692
627627418
1069818528
1433441242
1831718070
1526483900
922235330
2122254020
1124289775
205251232
839047920
988565808
842342122
785081145
1651483965
1621116857
2057890976
1810346828
2116445358
387888817
1248931830
568106887
96115596
70927546
802858918
548171044
34707483
641929038
1041290340
677542416
560977551
1543230033
1305169835
1630796080
829187627
989404257
1009796332
1751422957
964174630
2134086107
1956674189
1803222550
975168267
651532664
440820047
479168584
125165873
351227375
142031764
94127583
739116192
1390963594
662234471
835231788
1461891140
1465093389
1383402832
1496598623
2107022427
277209525
26657392
520516330
1820439558
1331827227
3828762
502143537
173747836
1013625095
106082846
1137922466
1000227554
2062757035
793661368
1975395822
566806051
1234481415
307080758
691971925
1585708791
449112523
786099508
177341335
1840076117
1448333979
1012573124
1154483610
765943720
248492308
503598585
725482499
525701833
530255977
1245998830
198657743
1862083204
1249827592
700801280
2035831041
115969039
806884126
1026269859
1116196594
722157514
1819931228
944108768
1288963565
906928995
1251189526
1980935490
345154138
1700302049
619551351
522495474
1392894519
2067885330
1535068598
399894481
686345403
1783560906
903493066
1411827902
161779092
1433749044
510343084
360436835
1148348600
1760170677
1061238116
1036695993
1876139716
1868122242
2062965853
844852662
442796108
1735413433
1788961430
1731759674
494858780
892667309
1565211516
840012919
445485710
37279219
1362508393
1838380229
2105164550
750093343
90791062
644026305
386170601
994284129
2055854207
547949693
280549525
418713644
908386529
1428898125
31400673
1969624645
318110471
1907540389
1690263239
233592676
604909404
2133059348
1969006109
246387186
1717335374
316381241
1139054495
1135063242
1156394160
1584540206
1172342462
371418905
1275436787
1130023364
1121512248
1366227850
1774049669
1507682850
213028331
1682420228
2055632543
493577856
2101133872
816535424
1922475981
2132534545
638676421
93102804
1892591287
181456013
326695480
350017043
167031713
148217941
596404229
1884367087
464599183
1735458725
871946681
1620993343
1172515283
2044289143
1992412249
300468422
1026828859
966440849
1666696272
653394880
326640051
1879724603
188331461
234788947
225818811
141981685
1051324371
811145
127032583
1690000793
93913949
2019623870
1871456806
420609430
222157265
2038488519
568827371
818561494
1775371958
1033426554
406536571
499834991
506936250
1579051854
396640487
351864851
1879520277
1423469346
1318305700
1398732901
2076864227
1644945752
1130973857
117712040
1879734699
1356792668
259693725
783575422
1357603813
386726308
326092567
1451517763
258866530
50065725
1872127193
481023795
2088554244
293470916
1299585290
1716442554
1326897471
1706121861
68793898
1833833721
1137690068
465434385
38214924
869726697
1888903731
1356520624
120975950
1818284310
853982728
1251949807
1935996350
586233779
461258828
48206428
1369809202
1818862641
434932736
1695901769
1122896756
693799267
1745967495
847540301
1174823062
1687038091
1141011218
326924704
1255996998
320425041
2033046566
1324790896
6775114
1023252986
1790225281
44990038
1892979683
1531645364
1401510662
2013955633
1202446027
108009743
1118421793
990958729
694243522
1579680621
1039165157
2064052724
1251059614
1474097894
1612470846
226472723
20413513
1210954693
1074013024
1195236575
750509136
67540594
1522161280
2006506134
387965635
1407724198
1183813382
394740749
283493536
826555015
439730787
28989571
210716732
1841241450
2042945204
1413162759
1949251193
1013883349
256637840
496011067
446080322
1295802998
412580144
1697139937
622417244
2025050990
1923612660
642830757
1088522035
850142036
1838067332
1839031171
917682631
1212744964
1698053658
1305648266
472985514
734383392
1700389016
756479050
1560938408
2140119803
785468621
1771655140
1833877605
680930178
1037334251
1635645150
1694813527
1293972091
2131656218
2140893850
442291441
396752714
1690550139
1064708685
274320056
1466679151
1707539442
1362842091
169337539
1398123127
1054389614
1087020170
463384443
604959624
245184789
936369958
1339343017
1945573805
1692849008
752797777
1938209960
330833982
376969269
1624603918
1011764160
1414303520
1112765420
559094039
560791963
1096937990
552504241
1003083405
1493690704
95570732
2067792090
1768010760
1562249883
1627847885
983369203
1731587423
878487364
2037758818
671123945
1341871807
495234794
916308734
130758117
1834577811
714398891
1823607126
439891940
505125204
6957460
816861209
2129729122
1018721620
83681081
1095010894
1577815659
644473045
44465237
2130319901
1647556450
1538155941
78406985
1567864892
1158683054
1640656869
1048229129
2142052257
1224760644
1926716493
2032327427
1895884589
1121104653
380078574
664709676
1251862770
67172737
1379108567
927986248
507064678
1884233771
934943708
1323925887
1866479245
1953665328
1407606969
814006492
1383997340
2052080014
858471729
1366833593
1552152816
249144022
1445240578
972534060
1407827076
938413799
2020763190
1402395686
15690795
1799996035
1287239465
1911575385
773617040
1667318039
428801413
2025479811
1734490777
1807909980
805982411
94071807
1544660104
1740926120
1417997694
1263655701
1547107800
678121015
2077662193
783621492
582717381
788650274
2971437
2134870197
1037794297
1448212016
959920610
298137725
239142167
833200152
1700533411
254832963
485712539
840289229
18924700
1259329580
360123620
447726113
1137325743
2094614397
108152445
1943308154
41202556
1652812549
1536750626
1459200251
768984603
936374779
2137321266
699163148
1719996271
572555000
1487813423
1722967709
559941549
378124072
1023696077
1519862159
676261797
1262838244
205578663
229311561
1517671207
691291203
1069600790
1536595907
1950620783
1429724410
1984322020
940462878
1376855160
2092474466
736287384
1418057716
1597803367
125554363
729774319
219304322
1061929142
719611938
918467471
634441765
1292166938
258797246
209925826
1852108487
636921318
1233621903
1224486999
1313183115
348976500
1430065662
1542494676
1866647707
2121356865
464611818
1255759967
1924494000
1894336229
1092598339
717473230
1123707741
1037589157
1453760615
394281809
487908877
1579314978
1124056129
707213199
493760472
1843668067
1625680670
1128202237
988351357
1884477916
1338128064
692976196
373915586
424266319
1917463195
1687098702
773242819
1200045210
1082109730
492406879
1173918427
1546721549
1748166846
950928780
1293574130
693281537
1668402010
269798223
1730870695
974678977
664080032
71295924
406510307
1788136161
778509123
900270779
1484320580
256706146
2028473017
325188289
2141184062
1219117433
1018164486
367616001
1643383752
788144033
2054714703
269142924
1988189243
989340785
761549803
1014624023
388578686
362233001
1965552803
1682152816
1055514538
1486471165
1951951039
638901585
313666495
468547424
710197509
720176802
109199937
1488706633
1620447582
1593520518
1745412779
1501436951
1918708807
1739113193
573070736
789389645
2106729194
68970840
1577533679
2013960249
338113764
1418239274
855817387
1099663567
285379649
1244396073
1461896568
103448804
779065242
369927459
1589919970
583532633
1008829044
1903586465
1052080057
1719026554
476279619
1161279995
1060249539
2096727201
607316865
658178670
1450680504
378542024
249808215
2023751240
1167931670
209053762
2092722081
597981701
75530363
283352197
2016220975
931347750
1383015765
154116977
28260176
697428685
257565781
807325418
1067356144
1847485751
1390858051
2076185189
1603588568
295454461
1647728095
2079868188
1456734456
560493986
2029111741
2064051321
1218672656
1332308598
295109697
1468480871
1208576190
1463041367
1677534633
1153814623
2061023068
1753064997
1437166821
1929760396
536929099
672698938
2083877373
565189275
1370127623
193959506
1372514693
290000120
2041445258
615889097
218701661
1497550178
911343558
1866429756
1429934718
220594366
279440094
1311562812
137162039
1498112750
496387762
432271736
819109973
1704963952
1895313104
349160959
711294928
1808852524
2102225956
978101
1591129272
491671407
673677039
1527522997
1056860683
2043804662
1721482504
281891728
186321134
1615444114
897780825
405022795
965510644
1809124383
123968903
247961715
2029718749
403408997
1559524527
19397140
1901521747
2055912289
451668877
573148073
1613392593
199498333
922309032
177203873
2008350857
877051340
178181974
1451996482
1368722747
851859013
832035831
278099782
748180028
406034687
559991511
934501162
2021478801
1457772336
1339523958
839505798
1119413072
1463492861
1087467513
1001648173
1866901859
499508392
1021045314
1620939958
407937033
1472714191
46604383
2021329626
1672212524
968913415
51049852
1533079733
1845964755
229231826
837592567
1067203855
1081090840
1669628399
1345303637
1829270868
2075663086
1905295148
616288382
1949658240
1215583837
1955812340
641680390
187513261
1271821554
1729147903
1189161434
991239765
81172647
62723100
464696075
489109680
1535437291
511300459
362955658
1060166167
1480213874
414005510
445762253
1178694982
643237337
1283354820
98415189
1724328177
805499571
1443718826
1406115397
733679010
1201530327
2022403779
535853602
269630516
1830732472
1177533992
457143777
955070378
759198247
1646305211
1946310143
840370894
1709028312
263522570
1329480574
1096981955
774823029
1692436232
9664475
107553256
2106441743
455426728
1286248238
602195432
1738781548
1384663427
179039961
396797472
680898605
1585155358
1130476482
1882428932
1460075489
1666330084
4575800
1143324313
696380428
461719577
2098394691
1455578675
2108024789
1897221186
148465921
1669569453
13260109
1477946495
619067760
788083138
1022899079
628732235
895636394
981857174
1084158963
34400984
1584052606
675456864
1419064411
1763092567
1072254336
2099963017
1200764277
55247170
1834908301
513356119
1721577254
1839484102
1656680432
270474034
153720031
1607591476
1726052709
114261172
1357329014
1874518630
1783830625
1370589123
1204981477
255414738
11188614
80396908
884146973
906825008
1062254083
1968305937
941225993
498823041
496279153
212806756
114431961
1568533489
165286125
1315196238
1623780659
2000194427
1828552357
1197874265
1692194881
1337749142
1468348299
1845914912
797856970
1046917360
1960176085
7702336
773952342
1596523062
1378291460
1978933819
1851937800
1389480074
2059330727
588601126
148821434
974101162
409423415
1090047427
1472924204
905702568
1302854184
1587356165
326752409
1468140309
755068755
1950533068
1320851088
436137465
1000923685
865562321
1773886607
321788336
563993586
424259929
1368705696
376686023
431962265
2142658038
1973209085
1810253725
1974108209
1677663238
1052250151
1885955288
118780716
1201071586
712572803
528204131
143635365
38013359
1433906699
1446489549
1625369524
1760659108
767146211
232954631
1563708528
2087997299
669092096
417148565
806075973
295495055
738936901
1370069559
719754984
2107642597
1746755582
1151717250
2102816987
1572481019
814487327
1929441548
1102660609
1866737479
1667913188
1221441325
920325417
233002343
1749645456
1063960782
271015702
1036068507
362966684
1896385226
649243967
1130112895
2129339858
65468847
1070626546
650948306
482617412
1876702519
946443362
1221554313
1099288430
1666198346
1181713262
698560364
670431948
1137046601
123557736
1484919276
919004501
1226218345
1204173107
439434042
300176023
2124498524
672436385
2049821479
1040975658
943452088
938406339
1403942342
692353666
1587650306
386571589
674209876
1653119154
1457198136
1325158183
2135736566
1186417007
124117897
1209807232
138221790
1790316243
244036846
836782154
313264544
1381083448
960339890
1798183820
152604301
39074588
854873279
592038343
339250611
831888155
1264474729
241588442
1872863813
60443169
1179994781
1129322508
752796835
620161440
1515894097
1427006712
125796946
825608585
604681247
114049864
2012025593
728799144
1323857096
2763735
371631739
1567893943
839545889
684896283
801493743
1799885780
335596455
954098044
1838960368
1190469734
1546136388
30727331
2022357889
663127469
272315773
1747738055
723570638
1452310555
729576915
1476367473
2072471995
97987364
755890537
50785293
923595950
1360571784
164835157
788137895
2089370928
1488692254
790901630
313519020
909102549
1630447519
998415303
1710596292
1282849651
1334011759
517210688
974326371
376997845
2063347076
1005053702
251872087
578990897
1277369476
1999610142
1302561535
582196383
581703409
631445361
507184730
679690773
1387335898
557970023
1603286723
600424035
722805180
243940970
542311315
64013786
1034842600
855830335
973116335
517806472
1854245639
536228979
1800656123
1040773750
1053439668
627498847
1417771595
969303096
1632552549
1669643682
1548293994
762438377
1521770176
703371881
1344634760
2103473585
1334817242
1851819490
635680711
574669493
262305865
91483786
1175093528
985111046
335424757
1717404843
1049124832
1370267357
425751531
2022241168
1888073829
132513522
410986499
1541246305
1173287272
1464426167
21261504
443575219
286245616
1653814053
2113218902
1834539610
268768783
1487505430
390427843
1613403543
1443495368
1725245086
1317739386
2079176079
152430931
1580045251
23176217
1327524459
417672649
358600974
897445654
1466797482
1728868332
1323197185
1341555002
1469458513
1455710707
1752541501
863221170
481514331
1069484021
884482674
925089551
1355729637
390813080
890824805
1042785599
659581863
230846587
1433213442
125501758
1674341955
1010974880
1443241144
1606034386
1163405811
875802748
1629210604
343446622
1293475397
1987811578
1240892277
612789231
1569196262
416605814
1954344233
891171128
1872316522
1559402087
1754392298
206347205
481402460
491391325
1131436756
1837132097
882204405
2022261561
732434048
1541786268
105624501
18163842
1667288026
1779966456
1029138723
963045523
1238517195
45060886
1838848271
720244151
388507509
984840020
560572081
1629399786
1597629252
2129768344
2046005600
1404489837
873455824
1770838474
816408276
480364474
1977185680
1297810736
971755799
961138788
987459185
1853960204
835916702
1719893233
1248262824
941541203
1738057076
768067203
574024011
619712151
1731112726
1812541206
664773037
1422477349
385301709
1053280546
259833721
945873791
535196684
1857462973
928158487
433718637
1114469163
1801614311
57073463
1930877439
134495137
2034259143
1081204528
1106250937
847914284
2068663713
812727493
1683830986
1641073299
2060990318
477888541
1231646727
681573873
1051912552
1851358878
265202951
716970111
368648267
1687680300
1102271820
1421928814
1947514021
2048145611
1957125498
1657493347
828820450
243360487
624478862
482951113
300433951
407872653
617446251
187209446
1489077181
1723697188
1035123730
1410257247
388941033
571471068
903846898
302447703
1049359609
2135493625
984021576
2101272162
1839368855
1249224527
670758625
60533474
789421179
1773030445
1482462288
589451553
1673692409
1292104139
99461252
355029211
1535464626
723940114
837980325
1835898577
1131812767
1455426576
2023108024
473406301
1031640116
910748106
1883663548
1420581149
1482219175
640026798
1723028853
384095136
628036775
559566781
337883650
319921982
1808791309
1008642275
380455456
450728840
634189073
1862917745
1040180393
160397834
1007538236
1139641645
515427045
395519214
1863581759
1353407370
83934144
847910879
661350298
2107042168
1321317180
1692990414
870306626
1057497080
966087916
205042153
1697523878
541633121
589137290
178077005
1101199902
927020940
497998987
762507563
1935663216
878454443
1213236404
422368641
593888540
105933149
582766475
1601426776
1245574795
1098193520
1996945991
961672906
304117243
2080880135
1809583785
965467541
2040438655
983417317
510974308
763261633
2040914397
1477062224
968303787
1590954627
2018695345
1557441077
1769031632
972411599
336978369
119546971
1734919163
125157937
998001415
800671919
547526578
1591889955
906605068
1130293053
1045833084
4696215
81002926
895295427
966369122
385120169
828691914
628469259
1350587710
721646921
1611886577
1861562018
1484908554
1505317326
1191140594
305728693
948788306
1062352291
1863169770
570336290
2034763891
52664492
689883262
1622199406
177822429
1687884677
275387677
725349008
1132290984
1181992745
1855642061
30640420
1186688961
1936644987
925935847
5574435
174281508
1754627761
634043694
1524869219
328791034
98446623
1238947589
1813699589
1603763950
282604536
2119428282
405068608
1344956827
1835114405
975404898
1232237070
1887778897
1665288160
706952828
2065601326
1205689189
982340505
643466686
190496526
16849603
351625100
221136946
1203538564
140786439
1147072794
1209112999
315067948
754216907
1843156693
1839937167
1083007942
1941603317
931401108
749223883
1397883619
1214005644
721168517
1802952227
411478824
408799274
630873477
1643715894
149094523
148677990
203185075
67212202
1354367179
1185525580
710678888
1544863705
1202375183
1062303988
1766000652
258430099
1203090428
765589798
1467543098
1518158376
1519806705
1163216144
1210611895
455330999
957335813
2142013003
1204554882
207735784
1208535000
1925723400
2010688011
1620013824
187039026
494077840
1116246070
336133550
642755830
1319431145
403345752
1997123010
357473078
1114024640
1394503067
1559848261
28844981
1013020071
1818278361
1231935409
1778609869
1138337811
602610137
1150932927
154070307
1813222032
1606263926
1111406120
1807751387
663335161
1319141904
868802739
441574913
1182346267
341332915
628613939
1676424108
1457578986
964747489
171696290
629526483
1368093241
21335652
986999561
334634234
1415838720
399364175
363479215
281375143
70158888
1595414624
2059985013
1208496699
50541113
1063434292
1362567007
1863763145
522214570
326489479
1524030884
1185549731
1645631384
245349976
1627124644
680494003
586682891
108254936
209434463
2044261877
1073002425
381130754
526304713
293612019
402466406
1513304274
628246253
1818305126
1912668449
991725468
2099680270
1982827337
439656444
2012181635
1043840389
490197557
928132279
258923748
206477054
1450346849
585413227
1730507938
488412933
83560963
1975857914
2115537577
764054967
415057158
76308865
973489430
311835387
1149311291
1354620184
838140100
1442923310
1757086591
203960727
2071169563
1427908069
2116629176
915411383
1380104691
1951972866
1355067827
1244802678
848329607
1845265384
25451309
1107253355
2051742438
1475798159
1692666582
1634766728
1964211092
1776227546
1463140995
1932265021
392798865
1878198153
2008573887
1366288295
42549892
1010401530
573424832
880689993
305841192
183027775
1084650720
229527107
1610935844
1053796248
1144938490
843556888
858285466
352522669
2088359566
1706615073
50304405
2113810876
666384780
2102046843
1442125387
211567715
1589329923
1258852831
1987795261
904987270
1043634204
233110478
635701775
904724443
1599398773
678251668
1915125973
25339957
1558941661
73483517
208367732
496108733
303010624
1819303577
1549904981
1447949114
515376817
260706800
1800471783
456252735
1967321873
1850776188
422579963
486223006
1805339383
1864705350
697790721
1247185659
976074533
538102334
4689281
2019708738
771212812
640391057
776949533
223127937
1318642725
544591859
248467895
730100738
618075376
456835627
1226209471
921086001
128655556
628630804
221551467
644032373
889337604
2022023251
1100285109
709175830
1725315791
1522865072
1195398836
1383171527
1240086775
1893189557
482873538
68677660
283808243
487562819
2088386398
1055021055
1127953876
717852284
1278148992
299112953
1262444143
1526616887
1029213691
1880519519
1983452515
107939514
654121872
2112108071
736570319
875673340
608656797
1625907923
750212943
1708941906
187600105
328045086
1084323330
1382998941
1711216613
176926457
1128704850
46606503
245604118
1412513093
534169323
186506868
320050500
1662123199
904359152
1598199493
1961236153
19319647
977332732
842966196
1899839167
813301599
950905711
406477391
777926023
1687476030
1282150731
1386582820
1165900305
2032363674
948041078
1353500411
212925113
2032364408
589015704
1924141726
61807218
1717720555
1970748230
307411336
982750000
357433905
493918204
1302800501
2019557104
1398277357
753516346
1833309609
1417597004
1730849078
528792158
1169952523
396667030
1479697869
1576429915
1174593053
1019690251
711096998
413692225
38106908
595977025
1361733303
1391607319
808902138
1246614063
1980623024
585560216
1308421281
1550859931
408824798
1615832617
386126283
766258703
2109750822
1688926784
638332160
1360544531
294959482
324158121
630657887
2025808561
852950279
1800610411
274991943
185164500
1229556678
1449584996
1204854751
1940653676
1863277221
1242961660
389147053
1077526876
487085331
1198049191
176657291
320224707
1783609408
1485078573
1871084638
44950558
953427542
109727274
811209262
915694716
1798654058
1449541422
128755599
2093613541
1773699543
759413487
1971938454
479166175
412540250
99446749
664330675
1642096928
1549031745
1869185427
1435266956
1264825318
964663439
1824414010
194868546
1451748770
874979553
371525837
1771973478
511105313
1856604410
1495574468
556055872
662548305
1605301742
1367265134
1578243021
1256472153
669322908
1706998621
1202602046
295538803
318928460
1027056852
774704978
731468710
1126503601
1439035654
226081990
528051698
1160737433
1661348946
1792877016
2125400872
1338279308
1987745562
1429665994
65775214
211787751
1054155824
576880527
2068392162
402246645
1132936399
583456819
2007548387
352717885
14216192
1116536892
1022040793
1721214813
171655290
1317579597
2040143273
1198712142
2092284575
624128335
177732095
1383836581
850210325
705783793
397090366
364075624
351177161
375007590
1702354932
191439075
1804673585
1768130146
403226827
711345761
197527026
324135341
1113592406
1330463425
907592160
973657146
1683181311
921808352
2090194038
557738456
495539518
114365681
1875318053
388199143
1313077823
1820118981
1012327479
1490809919
1056471914
1862537804
49110064
1453562281
79129780
400287226
1828569871
1781484713
591726301
1485759808
1402131211
994953128
49621922
1599658237
1319088469
1163214328
782638015
79196981
2136871474
318335678
1001005334
2079581865
876074134
1496544852
46463898
603908540
1884743995
1359541721
276543873
749587826
702867992
1333015787
464641983
751978057
639094420
543771763
1152265283
320180644
177772828
1743991584
1805940452
1579904040
591461065
1855562374
1032078629
1910549534
871293055
1814716644
1989746516
860680881
2133052322
843268202
792779098
861642809
192329406
839242996
1465551349
2077073401
51301070
1742095222
679177580
754169062
927627361
1143819563
1506147119
1566721782
1687591326
510928754
1886902426
1865364155
107436691
1545359230
1297784547
698897756
1253437957
182379528
461963642
2124731012
1997096173
304226510
837928245
1982664847
1147494712
1630707344
696824008
1339824118
322466692
14891709
1269413872
373767762
1756986931
1948591452
1127936825
537130645
944927367
486600296
2103852427
485035045
997529051
1843271205
202915552
1104965742
1241146787
1500700099
1803863498
347101096
1683079628
118343492
324348460
1532692153
422570003
1162276706
1367873352
1570064715
645500402
2064697361
762405186
967967094
2079589070
2031819058
1341734857
1689092354
1832926862
322188034
78739351
630370581
808788330
35108130
1115405626
1806317381
1878379335
1318321179
763799475
972042474
671537630
420179325
1319143571
207133610
538522818
1643492031
1739825763
961092821
658285089
960215468
383673888
1303785491
877429181
1146079074
124268938
809534603
1030414484
1466003795
351143309
715857698
1788191829
429882660
1346228279
449496511
464990790
314150258
108330245
195886477
1632471437
872129720
1167928952
156525419
1292309046
339588875
363659030
1830831864
1983080906
2103484793
644441037
493882348
916216613
1028114925
1797667839
1793645794
26710352
1921936777
455696750
1057124836
1240456924
806840059
1772982535
881165105
1236722720
971727166
1330661617
1701713510
1285877424
1438991862
1897599988
770865213
163637934
918045292
927390633
1455946980
1257634167
1291049663
1139295196
1093231425
1247050808
1783736233
1587113773
15783774
664367511
1237297965
1809429568
691077863
1011751094
117642670
1748202699
104724371
924482730
1373701586
985889476
13721802
197945105
169067445
1715435312
1483822529
1608059307
1465551652
107204095
1771697242
236113296
1034594728
1080160574
1493747463
178160743
71972123
439495241
1425211551
1855708356
2026609014
1440995325
372592219
1116423331
1102941246
1063670082
2128174426
1220583916
664389134
85415149
2145066646
2038090720
1071304625
11304800
88552177
1240372071
1726740113
1572374707
700947730
1044808117
1679578802
325161324
1280921414
566689882
1405321899
627185229
744850625
1477294022
1066680470
22578528
1185518730
945805837
1463573854
1558110950
2062229168
419031452
474297384
2042919946
1639615368
1138686518
2128335095
1637198367
1029293591
1052156073
1648503167
1117845768
145044496
1227759632
542736827
845992226
125084102
74831981
1171153551
1406005516
641521863
428991802
2033190745
1386372488
1906285824
952387568
1408951017
944320906
1898193405
725041223
354948208
1812938925
1144072675
829245593
1708375224
636204395
1967932111
1689226671
125919114
849742054
593899096
1774422282
1967587823
738943592
854698266
362841002
1584935819
979782368
437672984
608605722
238304236
1079194847
1037597524
124011334
318083688
796399700
1076398902
1727034705
1740720606
827108659
304592280
2095668815
492563936
1448664955
777430760
53455512
2084869350
597879223
1742682184
63304817
1447621278
189097632
1837727099
1267725453
928041225
544941717
1630566455
365493396
1524724086
2068239439
974099118
1763028322
999950639
2011696642
1887039656
1318034327
660612694
815954910
897585384
253849652
1643063569
1202177664
202034819
2135627506
503358971
979465579
41599370
440744673
1577344803
1784281554
504049490
877482433
1973379187
194292941
2145207886
753936764
739234659
1628290693
1119430160
116475097
1549046485
2093529278
1879503419
401513476
1957742272
1619059428
1719547803
470871318
287530690
469649539
724720970
1930594260
1671827203
926755790
1918738118
27702526
1906221369
1960337488
468447199
1336082524
1597135395
972496690
66081309
1423030934
1166789631
63805547
29484050
1906024290
1692096241
1148914210
2022499387
1093659078
1094959840
1754519159
1495172554
905218464
1226094939
1067236709
1376089782
1513625629
1536886248
2100810752
1296736241
1061229803
880082894
1067990711
1088932329
638820616
880844552
1557379528
1974903140
330496299
382392570
2040984450
1753527233
1549182202
2104789997
1783011283
1307722844
1649402590
784441845
1182738584
595578020
1879401685
789774095
2090750574
637136501
2015869034
1010503635
2013226283
1382011015
399906235
1966553387
531263609
1461136038
699152634
1599254320
402584719
1337973250
332615224
1959964248
1165392742
663111523
194873170
1058893544
269155108
1744055372
1016199894
2052166391
904294569
518118836
689124588
2087033153
1113696857
421042625
729323600
1056963783
1058179126
597708986
2067467419
923921761
1979720001
319890006
742991501
363499962
1781026045
1442144135
1962754283
36127116
632633737
147885859
1996091364
1798026479
810997383
43480887
709436376
1080152491
1787536259
1725636270
984835235
544347180
96271458
1673959823
483896685
1209968315
2095002449
1213220285
119448451
1005697927
1810929271
39432222
1929619689
1643165625
359322228
525127542
2006665587
2140348273
1967271677
1821936222
28991742
452421766
1969822082
2025083106
102964597
633335817
2068563993
812400973
1713488308
1708616605
390553595
550839895
105480137
486825054
77316071
589376823
1696793369
24834872
1802597108
1816241820
1030532799
1466042732
1855674042
812668840
961724709
67512623
1337796382
820906648
60377248
1157584411
495359223
89368990
1610006177
317697657
2114452097
1712970775
951033474
2035532442
377888100
517038134
1596665399
768441696
1067878030
1702145537
1255266750
1145194101
144038712
804576471
1170028973
1946635820
473334644
53078124
1265194904
181525038
865746965
79435965
249037661
56059699
900342614
309414910
1213644111
1395701837
398783900
676166640
1713399494
365752349
241653767
516949320
253801144
619541868
1033987454
1850466543
1387983564
2101865484
1405128432
495766666
1099575937
1549167144
1300343137
122121262
1348319317
1773677781
175199387
466030573
1955202820
1040946352
545466539
56756833
1097006051
1445809153
366171743
163166514
694027342
764955644
839333155
259943188
1130707993
1080986922
776892508
1384509137
1700528790
1810879962
1087492033
941028706
1765261799
345136817
1436795372
717354088
1894303962
589654862
839475351
1095139631
215848995
1014674738
1561170204
23568167
2055621090
2106636743
80325001
1005143493
1404962248
446496744
1168310008
2098989590
1211452388
2007643163
211449130
194676734
941146437
988341638
1579185871
494191580
651737953
519194256
1435220286
269516104
864331074
724532011
986870192
611151388
1314186873
1826345543
1706291019
1530035868
693536633
1119977575
1553604036
601674075
1079130671
1633929037
1606817569
336609271
2080425781
627643929
288115214
1144394522
487803444
499564344
1339071256
1428949881
1487905983
770773479
1923141461
2139643936
1289967736
1210878100
261676392
6815162
1935410111
1248546584
617966550
1102113336
927408480
176773921
484665556
1620945113
1296751496
2038269592
75135541
228398519
1524714981
1681953110
565007791
1457657115
162113391
853123005
454567989
649916835
1352687349
1793639245
2078866716
693109684
416929076
1854524530
685269972
1706896812
917918982
946946364
1713711974
705845445
48009301
184194876
1807958781
975417781
360968797
145140689
448879246
1657720294
35926634
524014787
1886118813
1560641615
58484249
303642956
870815082
220597640
1156765961
1325383071
870514475
361969663
971538668
801897544
1055079347
1388467745
508938426
1740349320
947880909
1426857408
539812036
514109236
2132702853
587821337
698304112
1793177986
1563239118
1059272910
1938318675
2012118365
569509556
1974245309
388649504
308144721
1387403277
447133754
611787678
110734711
667731394
1768553639
1436117783
1538245870
2130523302
260172803
192659766
1038119002
1648640548
701598192
630984674
449037810
2128455600
1170796710
963147046
2113674805
1758618048
1661451158
1759369143
1174373518
573240420
1550204170
1039008235
1142749976
1376965832
1427657740
1450894698
616885461
1874791494
2062682376
727620172
395039240
1683752367
16254307
1933285110
1666792022
276427111
2125944876
557427376
1925067659
680059420
1188412050
226621821
661031372
211725112
1189768867
627222529
1970343160
703736378
239108024
997233031
1276976798
1789312195
2036241266
272243127
1018794379
1316415358
1723137825
1635679840
1043723204
1638336553
215816364
1438762445
1174605272
232070672
1224563907
693913646
508497783
1203025136
1251341022
286081794
1883084556
292269424
512703616
396632281
503994537
1702472483
1023854810
326854049
258725213
1262962835
1324087080
1535702012
904791382
1212844699
1807945139
1923585761
381776409
1383599316
1411781953
1425499614
874452221
1627598317
716778411
2049057493
1859668989
1941342318
595487492
220683124
996883806
1846828514
506764919
732484715
2139097939
1019468535
1129116996
495608828
574457370
5488158
822462877
833182584
1268450993
2146549958
221400948
25758727
1211911009
2029346087
1949344488
1593687418
1265461755
1213642793
871703384
2139913976
693757463
1588481795
2041487821
405942804
1382340466
489491665
626625929
231740624
188836532
1133390848
964225339
180450823
5375735
2093342335
676059651
579833105
2098830494
1498522528
1413015689
1219797839
1497588838
1634416637
1245556567
562016199
1516279076
1047417407
8219970
634257183
113576553
879923354
626687511
807334016
320921502
520691685
1213276820
1703261968
1010183350
1839902749
1935002592
1199019882
825809949
751744284
1379470705
831185684
697602971
2055530356
1411018790
648949817
1406569237
676550831
1868747657
756674427
163483821
966820576
1318690627
1679762897
2014237983
1326910597
166536433
2127814536
59350303
793223944
787664904
380271805
1313915629
2000941725
2083533773
176615332
1693360826
1871052718
1375635214
371687128
475313354
607622272
1202872812
1172916325
515668980
466407954
1821866143
1922238217
1142958786
1543130152
531428997
1306442607
362467080
1850119624
838721856
229221415
1029546573
1005258289
209552304
1088896876
1798482234
997217208
1469168682
964914215
850675285
1405218807
1141529547
396552464
1128787877
369681114
768239592
1604101231
977303386
1971112404
629533909
1492972366
290036711
303916404
1267726936
1432995497
1847046556
1799155933
591954456
62029988
1501791909
1430676312
291251403
383854834
288450954
500803707
1472751710
2086933188
1498020916
794436744
904363755
201212553
52171904
2045893303
597765017
1180959781
268090769
1366004609
637577365
1245394155
1189633366
1267111274
590882873
1479670077
1571027678
1858609809
765181926
1270590586
1510282094
1357136382
1332620574
864590355
640329046
1623871977
1248445189
928780000
2124675685
573713252
868229540
1475212953
1368149996
1772593296
1676425506
1420321900
1671002951
126706876
453798034
1939093720
1492711485
1091375399
1037004227
534861203
211003025
1627887100
2014531280
1782030703
1339013262
632229558
905137641
701811708
1989365940
90274567
1566402064
482211339
1714146544
667363605
1410991339
1691338581
1241076857
131737232
1019067886
461743206
1904330528
548009745
1882065106
1427849831
674716621
188379492
1219459903
19944458
1279754891
108980482
554805662
1490757916
1736867582
421853294
1125304971
928397196
1054082853
2030442612
1630208905
895965145
2120717179
1049127321
1378176484
1687380076
1716490926
641684176
1231235009
810084136
773421408
102819248
1271827342
530268288
650828993
1006408800
1958118119
1325545614
1194788293
1030094374
1345490072
327059536
1139074856
1900295734
1817817453
728458790
174665381
795638776
1656855987
1228748234
678597741
1139581244
2124713379
651831272
41224917
1355406216
191727700
1757715843
1997090392
1422962710
420316331
623028152
1525781958
1692143673
1153296440
29127303
551068826
963930911
1354672917
1745857119
1994025285
552679341
2072916655
985616493
305491428
1743250460
1714075283
480156809
391405589
1223447622
1708905043
1070003330
215545218
1686134774
1721834602
256770135
894057342
1913562303
2014485979
743664086
1189041365
287318662
1366692238
567339675
1979462336
372505030
596466978
383047514
1336435941
1951139895
2128904633
1182977578
356335588
2054337640
21110423
661827016
1650104453
1735185707
1141983825
2041510042
811149681
703405220
964029724
1026694900
242056347
538380678
1283465035
1136113689
304459333
1150467366
1879777776
1493500698
1437786029
1098986366
2060840373
1269764717
1471491397
509823703
1652812231
660443690
313479950
1634233216
1843421269
669815539
1541087208
1864531692
1331642555
1043708013
1452233751
326142733
937734407
115899785
1029547953
1901764131
1142594685
1271604300
292661162
278576072
260234342
597120495
1429043439
2140012118
2090621194
719345820
1091514836
2003977919
1989110537
415522585
366317975
1494439120
1075966276
679797925
981188688
771903897
1349613464
374792248
488951941
533772372
1418500262
1941185693
859915105
208751021
2057085478
1889463058
2110515153
1052196515
1013583711
255692667
1330772587
1273818053
852813162
612332378
1266346523
795950708
1331678198
210377711
652444980
1173305087
625900297
1018762955
520260559
1701866573
1698560880
1501449247
326286822
900690697
1876241496
815238763
1434463069
1147258110
608940808
146894526
1356009131
518542638
2036357584
1319040636
1570739153
902457647
1574733303
754028093
28792052
280062818
1366360471
1295138575
1076013526
550555022
1505516287
1728458506
1723860109
2131416584
599737813
96637021
1685799509
150815046
1598086268
2012086331
1051505743
1326844116
679841446
338485164
326618578
1288782255
485379690
1682627710
1807324893
374253626
854184698
1230580399
1276711274
281434354
1984608492
1305503326
561497172
1203485315
453158254
1637510698
1754040337
1958674541
1218485557
1330416799
1942607477
1818223370
1427053820
1480923338
1969038416
877656440
1345526021
873060511
57016909
2025367467
1211545675
383635487
1166666074
1696925365
2066263197
826507320
2071178992
772964248
2057087719
1200406618
1054398602
1894212563
358426296
1615895774
950214230
811584550
1105922824
556770920
622775443
176924733
1887187719
417899272
1995148104
1166757891
1898822610
1816702872
2044414331
1096864983
542279736
2101431240
974748803
1753825411
337583080
2141414877
1303267129
256362629
820438549
1226962473
1029326877
730042620
279885443
2083725479
476771535
638311739
1552137605
1426985766
1449896290
510576782
1983756686
2072671733
687501515
1723460757
343087358
535165971
742735000
94426320
204385196
639665683
1191291304
746664932
593613276
18556459
353006695
931196356
12487688
1656273824
1187558985
832926238
735752649
69402215
1562968858
1015638092
5644046
2039740394
1653949832
1557781652
1319242512
956362474
2068358434
1155515550
881550559
608376301
731492659
1224637917
1143542273
1474227659
1319064238
1347927469
2113893342
362871894
2094592401
560022970
381428353
300115448
1491219326
393916041
1956389273
531294664
1226842279
544658274
600696879
642327490
1560296367
606340925
534584236
1066762551
16638929
1853826748
2023125025
2084997363
861858650
757191936
545890017
1593351309
1981829854
1689432290
920095320
1153410444
889876111
886505014
1516282338
836984864
1446527985
1897710691
1137100312
790263663
144143084
946005937
1321558327
1370985364
1490664212
1922255206
2013312854
903476931
381112484
400413442
1970239482
397751413
106756542
1845880859
335265129
968615192
455589147
881155146
414482853
289935353
423103788
1334578173
1443345797
1312979899
73599539
812144487
2481115
1520127524
562371530
1139581427
162907540
706514615
2085587365
1484465867
2077499979
1428767929
1259237426
1943329185
184761212
1640349910
196258979
7517046
2038101323
303015521
1853397905
225882804
1271630713
161503404
1107037950
1686113566
451438758
1530141738
873208091
1894784555
695637989
946807630
559445395
698119104
319451507
1121816925
1837700532
482359047
1828331540
1775804249
1966824914
1758347871
1057088530
1078578692
1554193408
1241849742
571444954
1750452387
1249366788
462062630
2053467908
955281045
687945434
1177614973
1116784449
1794983385
716244891
1568223207
1177641475
1589452982
1315524115
1873279465
388776965
1874969510
423914921
708228472
849302787
114131805
1190587519
530150680
1889936054
1009928785
141014903
799540936
2088507478
1695208312
2041390678
512468784
1298177051
1143273818
974531414
1204161312
2098554863
1662476849
234292637
1067855665
1309976586
950537529
488595224
340134413
392506863
1804119339
65930230
781283828
1531605201
489845152
1489512300
233424341
603976957
532616171
763575021
346429364
1542544957
904589924
1145970300
1483568787
452314588
1039877331
1996037571
1750491640
35667501
823085338
807169304
2134222365
338078539
1041461941
1054594382
1648055125
1991999470
1543189606
1988189538
237022686
1199825298
2054119769
1018306514
583946851
396481273
360335167
817371192
1000458230
892951338
1580946213
1346887594
288012647
338052490
345374247
1771581434
790367078
1385251578
1620135358
393375070
1420919079
295737048
1200544374
1407657796
633815587
94522668
314768530
134387064
2086522138
1857958137
2122576602
176061176
910299787
2029212723
1194367691
1494246638
278210348
1554702858
164134183
1278668579
300170548
1745080396
478072525
588183196
2083132886
823446772
212280982
726016317
61214702
1832416340
1119391387
1482133782
2128153388
172452114
742307930
614485327
266974782
1057076461
748872391
206013272
767550950
723965346
382074449
1677850737
605694421
1576442140
1024613727
883904770
983661350
1188747910
15089701
1283831898
786344659
493162226
1872015094
721993897
1316608999
2084296077
1448010214
1377823701
1769228769
419917954
712473835
1749898510
592370068
1454781766
216900189
859344850
364374579
965772581
1065358122
1131925529
1689737927
1447432571
662292618
147948700
876391063
1686906345
1031853470
1860052413
728170608
1046943171
996400664
1514515267
1540105398
720932110
89025516
709230749
657744539
1537035731
2087054450
279489661
1956953685
652044638
2029388171
401840105
2106826404
98804712
1261184955
323717335
1064577293
179059429
1455642864
606831572
1626492001
2117935482
754780273
355399416
1657358179
1786633743
67968182
238045139
686093267
1064368846
1752560406
78715017
1785300956
1841585923
787945766
295561848
1231138006
727516568
575051509
1040608043
1379561206
456956032
1442448148
1338903962
555760744
556149455
1662621297
1620338038
735208884
970780513
79685962
214217237
941232347
834466235
569616654
451106879
473616331
637584836
689152018
1159709598
1701953682
294228777
1238424615
1339770990
2135814700
2026370381
1635332838
1219469058
606403301
62900699
112593453
1985964508
519856731
1555041601
1177384822
1075617476
2111191056
692522472
548471866
698916292
1663302985
628157828
913133530
457051685
1462624064
1482750184
908158564
1936240395
2120335020
1597310582
948466345
1674805054
1891539359
39407312
867092396
1879870411
2065777693
354941587
951855821
524697346
417842286
1064449274
363178206
937699018
472007227
1540563029
2013316494
435714635
85601853
414304712
1134630928
1748904838
1042462540
2047764458
58472875
357602956
1383030994
966631439
146359703
1355882366
416458374
1094826048
883203772
160514085
1134233360
1750296168
2040384497
1052527405
2105237755
844756670
1577224752
375596394
1909205945
1940402958
1313295412
233729524
1333482339
1179128258
669444160
1419084192
1593432970
1804075088
1020505383
488411862
1704355898
1078978258
846014819
939903244
2045609698
992374522
148301962
314584424
2087200571
1031505734
475098509
1073950283
634318254
367999358
2126477689
592072362
1212756029
1556218793
967668756
974478326
1349138103
133480520
1208207850
535136795
1312608778
1877652010
1954220987
758558100
1534243450
827242722
1246969962
1091115700
1906220981
2092984781
2031018944
1804347031
937875656
31837258
2118931455
877592579
1063342992
446546316
1951542862
1697661247
814545675
1930536903
142249961
2027301704
1339272048
1109918717
854296382
540926504
1243399237
2062504232
1076063299
408524367
1792672595
882800638
1167082467
1179432397
1710043361
266568781
123064450
1468780694
212069915
6599746
1125644077
1149945571
38437005
1097091884
2027538150
1101779997
1543638200
1831597364
651957596
210700227
1614650620
794207557
90518283
806439020
1904126274
944814665
1347365524
1000041863
859835250
275945175
1408566230
505024197
1158745814
428165049
1684456594
721305527
694733831
1807521044
42602573
906803746
1814120791
1168246650
2056749317
1852557796
117854886
1936803819
806854145
1661493086
1620917535
1458811742
1872193314
1088084507
105535651
1962711597
1894523528
2009661926
760042615
1094405404
862220141
1619877865
1370350580
123302724
2124902062
381612746
551467773
1661875008
1102918273
1246201604
1321912405
1145520846
5521702
988549548
166283848
2062271019
693623696
284138734
1851591190
1500477841
1945631820
1325025078
811805935
1670341486
265625937
917341587
1485569436
12665817
779519865
98128403
1107071222
1641740006
1718006268
329938154
1765042730
1695424682
711550900
169026856
1209816042
1814469173
1415228460
384244799
812506371
1420750163
1372794347
978790219
1335537534
2066418043
1262928953
1039645077
1419412237
1061077125
217186507
83734524
583934964
482812444
1001076111
2069504400
495478262
1780595976
20149155
1602549484
1274852335
1738155423
1932487638
892411417
1286096457
496554890
1061438273
348428851
163540415
329183086
732673651
976046786
1749933249
2105467998
1954837005
937987135
2024402394
1070282310
1977632212
1296330983
2131359435
47335071
1380065507
567810751
530147516
233657971
489831503
1025625778
2014253947
509980658
480691614
1141622634
100652433
265695604
2034034052
1386748890
762250494
947988677
1735177742
925790909
1277171763
320367745
1901837695
879621364
278352095
1709191052
1817608500
155270841
631989714
1647757064
1451601824
615865501
1695092136
684183684
1183676253
77756004
917841655
1673507756
1103381782
784611954
36004767
1584073396
1926234589
136657200
1849769000
1812784993
1523406091
464535846
613290022
1111100185
1390326755
1890461786
1431467930
1144680802
622599502
1709820025
706388206
292724354
1865090867
1338377920
1940481419
1169209043
1954243421
1488089907
1853392727
990436026
1565845911
623750734
516460135
521744045
1408362689
552464902
2105817441
1187113630
689122102
1808102793
852414975
65044545
125154991
1465704997
1176144730
1515481746
1208683135
460129012
512678900
1831282638
22465390
1219067106
2124006992
1887556257
409961378
1917004763
909281652
216721151
1257611022
615190732
1207157178
675973285
1238941466
1723617313
1197717330
499820507
128598567
1156051123
1686934137
817720669
816670268
391865464
882765215
941825259
1857570462
2058909945
309823357
918769949
371555310
822502257
602568939
394020700
2041569363
579092284
134093309
304047093
348613399
1043374961
520768245
1606224422
1658565693
1727925423
134714059
750023512
1304059088
1332431390
1249844019
1432657655
340998865
789294509
102894676
1157669134
1181159973
985659891
2099494393
891246787
897086189
261834103
1810016737
1268641499
1084336360
265102028
1662662199
978422076
844194312
1796755508
1282469169
1192807712
692646821
1803237414
651548486
203728867
1383679189
786262545
953752379
540254629
2118693935
56112750
1972912284
312209153
845407259
2075806961
1469878287
2026567233
913983204
1421889032
770330372
1811069393
1683723135
432863461
932227244
620575848
697965490
447405795
1598997924
1542159802
96677655
733983445
587483866
789324477
389737212
1239032352
993053344
1773416401
2025294898
1946805723
166187383
1996505185
2002918473
2139099667
161230690
700842085
2067422980
1631108977
579925670
833922537
905514362
1350256042
497508282
441753849
1783119504
1429735527
1062329697
333601346
1877141322
513843973
1875761148
1973818978
1247827419
315761367
615659807
1637564631
1554793719
1608713151
1263497384
1432604969
1408035226
1429684767
1281626507
1263470051
1421300787
1442857197
1964312136
1341240119
926482527
396754158
27679008
1831996889
1747010201
525187291
126267090
1382646057
1954922818
1188596788
1716247403
1684580492
1702440761
1444524903
1510915822
802784532
1760286270
2126575629
292865515
1167596342
1587805132
1556362900
452717663
848356710
838564019
1734344170
2111826762
112381158
1029717720
1928655250
1453621278
1956200247
177925761
1481300286
1640713488
1924935962
2006487577
1766980578
1160098371
1813926747
808093718
728862126
1351023592
363050832
25903381
714455766
1165835364
1786189652
693547748
1458700880
806302346
133869232
867580132
1259020009
982225943
1706144151
845880532
946569057
1818525310
1875598252
727740659
1124662940
1684314851
905666420
458479578
1177544691
683118734
317483508
797041621
1843217105
2131410255
1605135340
424595583
1334950199
1968186172
450498965
2049405966
986537888
89204969
595470066
297755120
895507315
729339298
1165335252
7043676
1711565241
723995756
852924208
510650650
395037418
581038812
1238391310
1519700358
117870015
2144057730
1978179936
1295414706
679692817
148179796
2092456328
375426274
132106404
1550108020
800021858
1467056603
1370810544
1250520823
1368978921
209864784
1339725792
1964448987
507619905
87749459
546304638
1672955157
94793135
110386231
249467265
947717344
621036882
644504683
1528756156
1859428192
16721393
1646626172
1856002274
1994901330
794557230
388211443
2143081126
739529910
763637718
127703882
142154282
1563659576
1594760486
1512964826
666696751
816255759
1722829611
2006422543
633221099
82965868
2094172002
1179525737
1755921025
41481489
1289911968
2005388291
989198833
1910948850
502409326
370471342
1622893394
519130720
2017097514
1331412021
366548402
664171096
1719623464
362145880
1403701007
335777534
489849763
1545855289
1899437110
2084610249
911336468
418650213
753382360
486682431
277589108
1386603459
569648299
224277462
418645548
178085676
265758952
1708557517
35990319
1254957785
1472022719
538399646
1625429127
947432466
1057530366
1495042993
131360839
1424078768
11730442
1850984303
1786224648
1415431449
39278190
128590763
813803090
1938715300
65717364
1725139558
209881866
819099725
64338341
487470974
58219536
633986640
711748437
476865085
812072317
977507389
37938954
848062636
84981526
1509961673
1386462282
1710410654
309910491
296509000
1057969999
441271330
1720587768
1069700441
144771986
1359328769
337648242
184050176
1487919532
1151451333
2122765476
1553636897
729107243
185163694
225252974
793445585
672634669
283472510
1427432225
1384383106
760337595
92020894
214406847
798276549
940083531
299388373
160754575
179062165
2009799027
470665066
475571166
920285379
911936397
48675286
1989985820
1056708383
1408004055
180150415
1240758559
748439940
1331601748
1216040387
154593189
2060708991
1401204082
379846163
706670928
2073838751
663318673
2134103154
1310738209
1423656269
78640400
1525145056
74449170
1018723931
1824533429
235203745
1197786097
1686848809
705868812
1673357263
459650540
1617805209
1722032549
302152712
527029944
982552957
482303127
1767788503
1730992897
1813904875
836345242
1885586086
1727130219
90065676
117948601
286317499
16420779
781267274
272937005
1327158988
57439895
351577406
704820396
131889066
1370301337
381870178
367092811
420603786
2068718987
1072961623
2093961049
380885879
543283184
1668509951
683038591
1070313128
503579260
1165341719
690617983
87088509
831762946
1526963226
1972674595
411409517
1617028902
2090623196
697727017
1633449682
724406822
970664022
813125022
781846718
1322241428
1517945419
913735784
545059118
1899815597
1280828595
965662904
1821050936
206306571
912140306
54453167
749589755
433166609
737491758
1819902884
936745869
1902833477
363037219
1023834378
587112776
1890000445
849025325
998522293
1359545700
792164873
1696249310
845511734
1516571695
519429685
1658636756
150934765
1841671113
1029098527
1064670549
239246583
781430476
198015497
1204909488
454997764
404322068
2117049794
509450931
1153911823
402732755
1246942690
826331059
1339478624
1002292519
1189368279
215829354
1589405295
931885076
1064854679
440443941
143947128
1857019552
2136693251
989458862
1226107599
508639288
500611971
1377042365
202826754
1529710498
294229266
442073337
163657327
492244763
1646982825
618655091
896566831
1616548971
1128106023
2050478655
2019281726
227565065
729326066
1211276702
1229857584
1918694345
1427106056
671779232
703095774
344477087
1112223173
847042902
54012991
1101432776
1836501765
1280120591
1610072065
189630088
509679308
1812898819
1719340586
803908574
107488508
1882997913
1296153338
1754471334
354169357
45236521
1223536657
1482275380
2095715176
1095334736
1709840445
677557595
159127790
792214381
448768292
1586233847
1463993613
1151864066
1930710934
428733138
1998906969
1984723926
1530165915
1687925086
1117360869
992754332
1877555174
1627040177
658169503
1449412112
283465103
765658011
1184926378
1579618441
372645697
1539095735
1624854963
1596182355
873887467
1573086491
544033443
436244264
103160438
703161233
1228458645
551928731
141911432
544968611
1703792797
2072622367
973701749
1555216118
1909862645
356384016
1095657556
879739866
1349138348
825729082
359296395
2007307851
127657547
642761498
625482215
1312583925
74896292
998127912
704196012
1699751255
446826619
1578083479
1125354098
990860062
2014327743
1228514537
1694021296
1095302740
1780443268
1835932728
1640271351
1336752417
1761071447
466489453
744484888
1523450444
822873469
1840142444
255706662
24528170
518387879
615003057
2031836021
646045426
1257764556
509834588
1958629351
1332660848
1507962501
515341715
884928455
1954789120
2093425194
2010282553
798165535
1960269289
1091313442
344703183
908088381
724273062
33152263
400876085
2061025480
1794223711
867365538
658026720
1170190507
1690239007
350685516
1425897170
1714767177
869073395
2040900227
1599119551
1515118821
1151181135
2108954139
1326264524
336358335
1469432992
1841606239
1221286790
1276738465
1787547785
1084085696
2074904000
1600333426
27915490
272123535
360938160
752188553
305275798
761814245
665730385
2099499509
1629179783
1323757105
1122206369
1171935142
1674442621
400619891
739218672
396032369
294036470
190854575
1911151190
1445217606
152325066
1089932067
1781575941
1621758059
784054658
855379084
751012876
424118796
1939464780
678433228
2024452222
1967380270
950556763
237906734
572085175
1255832561
999720979
1237815560
1207848423
481417114
414089017
182571144
1653352257
2088531639
583191035
245087281
337080360
877227505
435941856
100747902
174961463
588266922
1190679969
1956537405
62541333
1974734628
664432841
813554209
251369776
456413973
1491987437
128338350
276310595
295060552
366245085
848395771
1550893114
1365966064
2086211331
611257889
1847383179
352816701
793829033
1353251788
293864692
1377020068
1598339069
630945052
106763925
2034280925
731692954
281725389
475064199
1922372924
90779146
537605533
1749623904
755211987
1351159742
2000993680
1211625960
695663532
2129332030
1487936555
990724084
348093467
188848678
394133550
1714059532
127576362
1005391439
1413959063
480393063
1799220472
619727203
774257755
1028756892
70582624
1405202807
1135520818
2104863549
2136895761
1417246207
432444100
1911785037
1508025353
970049633
1513925293
115753692
173725728
1367435325
1327379652
869389260
1349283708
667832559
1860113344
1697377175
856681238
106763247
1263953059
984257600
1112154686
530428474
1464650663
763891511
1150155677
91424770
1792648403
1220738301
1496627577
780685573
1178118202
1486039690
50448132
1610562303
1250341080
1558473485
433128288
616782725
1674227177
606854016
1984218051
854123181
1476243276
1186018111
1521955741
1188872973
735911638
231153331
1295636220
1999864698
1215410931
260307258
382809524
532577946
1024198769
1532965202
624002716
669363525
606219855
2120630293
1450049098
1784338058
1459186335
1500497231
1247416713
562043767
911487068
1680545001
1178826493
438230598
139915370
1015560896
1292353779
1616158646
54095359
666825872
657547971
790006997
897979203
1953184191
642388047
2113390134
66007802
1025197572
498484432
1090206571
410679126
1122487148
1759570096
1016898981
1095633793
1062135547
653753391
407336481
415149130
1901170104
969380248
1326636198
1434231458
723093
1764866796
1574146828
1016283989
909736928
1042821826
1070379348
1576562800
1700369798
1860386346
327058356
1506070341
355290745
292964842
1572078143
1380488317
791449275
514801067
1791167443
1913936423
126887515
660582777
862086569
1189023062
1314336168
1269423050
1604172192
1068022625
91319650
783324743
354770435
92042744
400707891
1928917263
1108326733
1310444819
824255441
31222434
739523972
377141591
1891608780
1066582328
1883211933
99415877
1359547170
1307806428
1479904195
3512797
1822607495
1123587990
1917449221
1949495011
1784170767
632052142
991034425
951023288
1901475192
447722970
2019045913
1992794842
1231047713
226332700
2084837586
1631755604
7766315
1045680672
794716776
832021756
1076903106
1534240748
1209163348
821028238
453339428
944891633
920444115
1812886598
105214413
252864662
1816399396
1927821909
1376452653
1586364969
1729833272
1013139772
70933463
573384049
1964163060
1972408655
1021107019
1835725325
1817719849
104671084
2062058025
1755073788
1736426689
2069824340
653270812
383659817
754362449
1730173918
1917900565
1963525797
403718508
223756345
760933782
1324162623
2036642943
866148195
1577027286
1705558691
646486456
805996291
1144440012
228836080
1819136063
1215373475
802220130
1635815476
1040298482
1823327149
1324057153
710534684
1927998234
1238631531
318124824
1516941275
1160972223
971395636
1900601092
1915334672
554085906
1671018009
1731376821
957804414
1894774354
344826955
134483389
1783933649
1210975151
1711510675
1342008693
1857461607
370023318
338965057
2086297688
41675734
1554338533
741034170
1677491210
447153367
416877671
854064715
1157688051
197392257
2092696246
1475812875
1714333532
1106184822
299724863
1467450976
874035846
853810769
990985337
457929020
1811615183
738276043
802755975
1946098573
374726045
2013731126
1510125600
1716734738
1723709086
1880148919
2055699795
1662523126
1921824653
1462554680
256073648
1451832215
1909708048
672951319
158413282
919912451
870343577
103625881
248241679
437193461
1209810703
547966542
1904644438
2083846549
1401777312
748146127
394291921
1065908847
1486422171
1197047897
864523772
1861148216
1063295375
227165725
1430399306
639520813
2107314644
1338615453
154560291
1881655649
653686486
410633939
1186004216
415910886
1083585259
1344417498
1335823337
1953928836
1448043379
1584065016
243638649
510370434
2132031559
799439
446733336
1386325223
748945567
841025257
304750422
87884090
2038073154
1169274195
1949032306
953884882
1396439920
1231947964
1593405695
1356270916
423079769
1747965987
1090442917
1076766255
11116278
128963485
1492677141
1094701537
1473380983
681016831
901146725
773940715
117598199
1144785375
1284311149
102146110
1145584814
1731044485
1488471333
1894530381
424586095
1793221756
1982414471
315175601
815012303
1783963129
1269060483
63968575
868427445
714982531
1420239491
1291507215
315464870
363198760
220789822
326581148
492162245
1713466964
1421282686
1965543228
247000147
174945763
592000295
364598346
1319731138
1876311445
466744457
317832305
1459872282
1955215790
64879038
1884458377
1600953898
2047293510
52150331
268482553
1683772991
1321210814
332451128
404716789
2036193345
1752690619
1696224004
204174567
2115889379
1917013826
530755716
460567976
1482997142
1952038402
278627557
1729997289
2126984165
870627852
2094595636
1299231656
599455649
413856445
1617063961
2059327932
221588587
1681942999
1796302661
1822542486
1581752861
1848452992
2091025039
1118042205
1022180159
275992520
1522758994
910889856
2028683139
1071499350
1115064424
1997088871
841029528
1645820140
310173199
176543023
1450374894
588800756
1906540312
1429875411
1459428609
1853652300
581623419
2058884258
120025097
51203732
1970728542
341613685
1733146732
1619547556
16672523
1167415945
1320516900
2107697562
137974502
195213411
236206434
1660733496
1106103268
117405926
584749198
73684044
2114494797
1425778727
1719504184
277184348
1602321750
1022395430
865985105
1361378414
304787193
177930066
1067547067
886410613
89330676
1187572164
937614345
2060059219
1529185849
523277429
1532123127
1545858372
1690693375
705156379
1506072287
1828667877
900369791
1742278721
1341917726
2006473059
1859684647
