10000
1429808532
10791944
15763989
132232309
1786763915
1761222206
1074275047
502515432
344738965
2025526733
959954616
1920209441
84153621
824996158
796133796
895143744
1136326409
1091796606
1019486905
133045758
362159870
232051529
1500986141
54553900
669422932
1752175487
1302933332
464917628
1975924632
1573954548
438117647
1258249516
1584746492
453881636
1390481825
1224026759
67620195
317273224
1726542191
412359160
195316309
539013160
185084953
279469930
1364009318
981218749
1174613674
352852079
2073015355
46616931
485897837
287691577
278668460
1986883978
342245477
948091392
1591575818
1645178810
1413009021
1420016802
1071649710
1851126668
530782670
508912554
157524656
1921264495
1732939314
225144851
91054071
1311997857
637504011
286370380
1851011017
822588964
565840310
1067536687
1803807713
1740453984
1420388766
1729339420
1787070915
1906286603
2017030998
2065739375
1745686934
211792827
866347120
1189779104
1856971637
131872493
462312258
781137699
1982999161
993094928
1290050254
2140523817
766875775
875505920
218185021
857929846
40020129
855689032
1144300226
1891031147
1678277997
1710140536
811084186
1334602062
1303110872
83989305
916457835
942698139
1990275908
786005185
860953866
1588479194
997798012
1727300986
630774650
707286002
1859173479
1093086908
1488423701
1694688992
2086181836
630990307
1687729162
705573963
1506496227
1905914183
1563503809
1546516357
614119567
560320387
1290063856
144913916
122977275
2101148042
1479515979
1426088147
37653699
248490166
221302638
2027929608
1034495351
1082256505
1468925154
2032293363
662073843
2099699805
592095717
373763675
1045303065
2080519419
2068452667
984001254
564026078
1608698181
1689575217
2070522306
1367128716
1105595379
1469555015
1981248284
1665915766
612135223
2126162200
1788893042
565799617
1458194531
1067497541
603453317
1706684697
1288800180
483899277
593696400
223573037
1952824431
478506116
885646880
1905040588
1070601833
1259410555
802860006
1003637604
1180379575
1786861260
1567663683
641594108
1328952829
1490702341
2008722825
287064560
812773708
1842487461
1952980327
1424908931
1821166013
1594389721
1990708548
1131876897
514403614
446678217
691077946
1803203794
930577494
1284774347
2026776831
735918278
1763280463
764940064
493475218
686398648
2024350619
1296335224
1690036253
1057246546
935712836
1110216288
1698840655
117182018
453434981
1560079832
404246578
1266208689
1255083645
209743257
543633972
928766010
1804132978
386858872
2060642907
171052945
833537090
604237206
1974256739
1764114584
1889011553
1853549923
352549214
1504808368
471006339
846024433
43723368
347873310
2142359657
1733759621
1405119857
930588846
696492261
956476864
1047770864
1149927242
369073048
1452017442
268652283
1624156693
1661760700
812286255
405439055
1318410030
1199145128
318598315
1489462975
2032682218
922835521
1316236067
1649313154
664363426
1022302342
2001862369
21688146
1493308681
700403154
65411514
1841181991
695279163
1799171136
1098818200
1625868009
348179749
2055295064
526155225
1498106992
276884464
1978172668
1766759275
1901041157
1492449720
431561883
158996565
663376102
1630707011
477594880
5355430
1515905581
1400430401
1321591497
1017735087
2064793827
196410191
872113808
2086481973
1689718872
1572516962
4409839
1383417215
120312478
1803580975
334751768
1746180487
4277077
242563184
124852065
1502384069
519447649
2103024733
1121659696
273005158
1447990805
1553221579
432001723
2111366907
1036444942
909596603
2116722337
404866875
162543356
1290830186
1422601963
79853535
1487240377
147232123
18851860
1029475601
1719749086
23261700
265409169
1840061564
1826842675
600160937
1438758403
1831119752
842724121
1563610468
1186020173
1362171770
1519151553
160196222
1635176929
819658710
1713417801
2067178652
783541970
602379096
829291608
752780659
1007245971
991834964
2043610846
282364286
1071688500
1383367575
429596410
1090540360
265359529
1861848
1113802060
530768698
1841923412
793161088
1130929635
1133198167
476797192
1973653756
549324988
1662817366
1188341879
2068476541
1823013588
676035160
740651604
1388947741
595730164
1524193574
1991326837
1425021772
129490585
851089161
269373089
25617783
1133453447
1341061589
1408985359
1563049857
284118301
1674344888
1564911705
1397920362
57629938
1259351469
43597802
1188559573
245065989
520394994
1014729681
794390977
35728712
55587912
715383870
1858742300
731623072
1456035474
1100206394
1327353237
832745400
944049583
604891361
962235986
1795138744
874264450
987853769
781108544
67842391
249355480
196674753
351960693
1923700368
1761586459
1749881055
1981330306
873454280
1793478857
1022406231
1118520269
166390203
2037135913
1912911246
202118916
2092723825
480811469
2060861216
676863250
1936846943
1013583962
2004216487
622108696
1957633546
461624200
1584344682
1605288642
1335888651
424714803
238913538
1403731042
674070284
435588292
1755691735
450287004
49691103
1358089142
284133663
923145383
1004084351
1306539894
2041665653
1170474555
1196192159
1807093251
1372593471
1141432337
140421072
1285971039
1818295587
2077268016
152071354
1675028426
551893064
2109704900
2136652626
2136237746
1567509894
1325057629
413468901
1806423433
581305024
1087539185
94528077
189513111
1537826190
144219180
1547602254
1821959853
1067364563
404202957
981016099
961546568
1574677512
29724611
621156172
799787335
1171156948
761577244
2085758375
841968887
691361612
90346081
369513665
1243254676
52567333
358682643
1232008774
1620077227
1683740273
1645477676
1279017012
117561649
585533213
1373545089
307074760
2123359403
1517764269
1854677014
1797835608
437645185
111396324
631368060
1399191753
1686073836
661092671
2020347925
338377524
1832249619
634441522
276652251
526734858
1325803134
366998332
896248523
421574163
419565665
1254931166
1653582937
2039642892
791187791
1151576965
1171176257
908749440
1737110179
397237698
1215824201
1712985934
1915001968
923017567
1363337895
205163505
1034413891
1994705955
1604355258
573004080
508314978
1477219536
911381604
193080949
2111661058
1188033855
719815807
1289980544
1555032187
1616064330
1711554707
1974597852
723511848
1217653997
1866757096
1514699640
221747314
890449705
275965432
1958857493
1287687404
1491789633
1524359780
1055205724
267323553
740214027
1260369229
1301737444
587436334
717240839
1874741524
1095751312
46976727
638639480
1288832261
11154137
1826673335
2008648068
1301134682
1234221874
1477228750
865205741
1061336078
53256950
2082859738
780609527
1567956590
157123405
1671059232
1843922023
2115980898
811262988
1188228008
1492857030
1866468712
1455551561
85587409
979354293
609805358
673023743
1696595133
337063234
1768775055
1743571860
975702715
910123668
1754725998
654892402
771288088
908377032
1889114277
101033190
1773582773
802966707
154290141
1708958864
1583576234
1722246731
1866082269
1107151819
1418685106
1834579519
1918414807
459429467
1179952902
1637399872
1914981028
1265540311
469270517
377302738
1938564055
18382002
714365973
1559855462
1761953863
1690068688
322495483
1369196213
197477442
1093783571
130089597
2086591719
1194816762
1903672370
742074779
1349106903
1465147586
178167365
923869986
1183746207
1285319184
195071445
870842079
1056250344
654500912
2050794981
546166568
421998292
1168851644
1015437085
799301031
959932051
1033819088
1513667004
372303866
648289303
1056252044
694799349
2017485516
1253729486
1788582920
91465
1192837558
835916034
1903763835
1934912337
37539289
1221427774
2113079702
961409276
257690333
1250915239
1156480721
1128532412
159681935
1810981633
1031843745
705848503
85496277
53211742
1721285588
884797308
1013143793
607621028
250980664
1385447659
1255910331
1307232708
2080247008
1125912199
413478547
1721346281
1126003664
1606316105
409778667
882283852
1393744794
447317957
2103711626
1359340848
1408727233
213918311
462772439
417724306
1342450724
622454374
81222291
226810821
1328302877
166718568
280022563
902104818
1051515877
1293166357
1509725846
1302496541
531130368
618152530
462245602
463893729
1744064729
875724149
37756362
722584746
334556606
447535029
1604868598
1728301400
894852986
1561096576
940158600
156096571
1775014887
1402931040
573820877
969981963
2025385414
655043168
1196792785
1206204644
821761737
1476815348
2108309462
1873277614
622498057
1470551660
1028290507
1153628426
2088704190
1490536109
1617522155
1685285272
218776610
1655278517
260386370
553333216
2102813546
1865254968
134150968
850182885
1278867896
1074309569
1006279456
906399135
329756961
1580100334
1876381099
207658727
87659854
925690236
1413863371
909421591
255021936
1374689185
635215557
877519994
697757198
1663506065
2031148420
638977740
1006558526
1501186927
176779364
1225335137
1008981796
437165734
1778668353
964311694
154937054
1912819322
1814494579
1433804950
839645243
673290388
192720438
1169402204
105907074
2069101537
1377060931
193566928
847308125
643440655
1102988520
1102330061
2018129840
1738204077
1979850055
568403390
1254226494
1863514827
1207381131
113301373
1217218106
1384160495
1338636510
78716254
1821326230
969821215
1043027949
1976263284
735156889
710038880
1262584587
1574802132
1383329268
1455305025
596720688
1489236342
1376922914
1973781620
1682803271
76747391
469738627
638308143
1179077452
340384819
229028572
1011443860
908788210
1483255067
727475039
2116169341
1596556440
1944693146
1352846188
787709302
2023409400
1026688770
1757530517
918953701
855468407
345203759
1628992582
2118052994
1920005891
864838202
1425874371
369242932
206590897
655313637
195540904
1889394168
732061028
665279531
380218663
1911138480
1005664350
609247235
775098692
1914452560
2092502302
1502573732
1883138253
1541575094
1299783230
1088500794
181800748
1175708982
2115189564
1939331266
2094662684
823174323
137051377
1576171618
793743669
2057057268
293526172
72134392
278816552
500117069
727448029
474357456
242027589
1459509057
1139636987
622246252
1223163890
2145301338
1231493488
1998262582
1912270250
1176512142
1353352666
1647924856
570603589
505652248
588942002
752404337
1681361231
556647918
544251955
1628540267
1379822242
681303332
1057228237
26082263
590876953
1350754409
98216656
869693505
1850871479
825664685
1344050962
2092899068
137690095
336204301
567661673
1360853985
334021991
1799155161
1211632919
98808594
828183655
417501938
1746733450
1398787244
923154186
188191804
3707934
457031769
744839722
547959889
2085572036
2124661964
1229263222
995316625
3260580
1820140175
198587387
101477236
542350032
2049458866
927141921
1886400994
1994874286
1064832016
75121648
415052311
278202353
409143639
66723824
1489835273
507952233
894907480
1907337211
107202035
146211076
683007749
295393839
149919010
1140039519
1040233562
697878900
1078127907
1017411878
1927142122
2073444533
1020672458
1599798649
124548272
1122149694
2142148681
26523490
2049291616
1881066028
2021397776
966639984
1956187676
288966440
1244842338
217847667
355690264
587193963
725799901
1250597744
347047526
833001936
1396808821
1030055275
1128395776
1546727831
22611146
21145690
97123083
1100739054
1038557568
2024265205
1026699939
2059230027
1476580206
1151248211
1033896073
1471245240
1177771701
935704041
1204827620
1051685829
1902344026
1013531648
1340652269
999702716
1231379315
1696342534
1586896679
1957179216
799456630
1933944205
642697505
48781803
816515832
1771093281
1595509635
839126979
1792238971
1692632718
1939866033
683312891
1569414276
819082324
595059270
898510834
1970330535
1628955344
222272426
1000618588
417175737
1427100046
2052304417
172036115
293148046
1245473039
1171738831
1524527362
794331925
611151862
1334222930
1593788555
397612419
1976920435
1642570359
1214128252
1600530068
1090596346
2053255231
1245285391
635745416
1845637616
1928598283
57676044
517236292
376173905
956186879
340083179
2005129249
1178459305
1340701767
274821339
458075704
1245522536
446857454
751223750
343511927
1618596286
128267464
1137843852
82264500
1462490395
584148760
479876920
1291927182
79235471
1694005172
744973603
1169831817
1599776755
1990258994
1805577233
1297930723
1771373629
1863253278
1815167015
63887
671956509
7766546
2005193136
1850415814
1348468313
132530827
161007870
446507201
579388282
912231621
790019129
50500920
1040499085
1927862981
132765420
355505832
364528093
612642340
1647433015
443763564
159163864
244922970
1613595381
1758940619
87698316
1271688967
909387694
1859071946
987458597
577071061
1859135833
1659415106
584837607
1716845321
1362347272
1933305920
1849376149
1523355143
232329474
281280783
288103116
1022348603
331781703
1328602201
802727936
464547123
1684108034
1167256030
1077189464
1184057401
1611019594
1236353328
1428980371
1077131328
847810300
1516678687
201336647
1757197994
1228266985
1188795244
186785408
939919170
700726702
771623015
509280844
2063073974
557445288
211173345
1438945469
789774762
492454128
1727048585
1812123365
824235831
908167139
467367653
1288782954
444791525
1634623683
218488770
1628848926
1098159630
1454842099
910345649
27807310
155168751
279540688
229143957
1912366745
1507807674
1417939201
2099152153
300243196
2118665903
723291521
809524040
2034256229
1280736809
1020697385
1325718051
2070511571
1513151513
905282988
1735151288
189903696
1813450127
55035293
1478686651
110758004
1689658977
1697175421
1739606930
640334959
1004533872
502468931
668142269
1159702623
782009620
897286226
924585721
142333646
167741779
876254226
442576842
138924034
1599545747
1252100883
25696615
732798908
125314620
1351414666
655826831
1638466134
109214007
243494471
1828369830
1922664134
298529765
1159572833
2033422139
1988188742
709264607
1625545421
481040053
1713798479
2128014353
1149182322
726017455
762540325
2046468548
1650603176
904873971
66726679
379373754
1347450813
205650713
1978919502
452068048
231347328
564234762
577382669
1582761995
1220061594
68365155
1691976002
1463556065
1896734985
1467156488
1762085830
908824171
1353094979
1602790924
1618088778
831156753
2083830977
1184403609
811687458
1085529651
1910421064
1574227783
984514551
1413540592
331618106
1051241230
1792914347
1679068919
1256891943
1624350201
2131136968
1488239272
41101315
561035989
923517619
1261162909
629401144
468009973
577235327
378652481
1935166461
191837509
1287476652
1140777793
1794628434
758081782
1971934546
1730975763
1942485392
636138356
669021767
1705422808
62882491
1653536318
971479753
394500597
557293901
616910452
2073569516
1814185844
93777005
2057222836
1154941468
134878320
470775177
2078459087
1396041230
1100176321
398985412
1973276557
1478828803
186668226
17630418
618821807
1327446019
1812258852
1376903590
1151896917
1395750968
1171905334
1788035273
2064772735
729844494
1850917764
1570825405
1701324247
97934713
2128119306
170751051
24020581
1794821503
264528056
2081243418
802279323
399406377
404534947
733254763
1795447607
1504711269
1132240175
1621240516
836056424
1318908401
1638870934
1454878231
498870772
1303646139
684298173
1650767689
551913459
1856203507
1291319314
469202546
438564354
994753430
2040027951
2139888601
1092688143
2020663610
163156005
1116708725
1668001465
427684061
1050468495
322797140
827090438
1455003442
1056051903
475054397
812231063
40808431
2096294913
1648287487
1359716832
1587682200
955682071
1858587605
743844691
1639980244
1361871646
1295758150
1348700104
505707313
1764960696
1787264458
1500460743
1657504999
1779669411
445665239
1530684961
1942825416
1562373964
1051202778
223025830
465358811
1373999919
1050116268
1920362253
282568174
1525170666
585109669
323376605
1473981931
85913508
1683093438
914180483
1041595579
1394197395
1658025174
534092176
608585393
806299676
1882792280
1114292706
423776724
1522573090
467269802
2081281724
1154758853
912935041
1464483037
950100622
327825357
368202168
1173126452
793184168
1742202087
75759072
566062773
2024770261
1600929738
1151172442
200663219
927428022
1237085951
1883756657
1841608505
131197882
1130470404
1352150032
665290058
1739055797
10966060
400598690
705864856
434742785
1923171780
1173134658
368540861
930446986
2086069699
1833023898
1880547608
266411408
53742418
906190412
1059595576
1795944505
981949484
1625658349
1673231119
435395575
629347144
1873894338
1362823597
1866433095
1610167347
1056948454
1997630977
593154103
261614838
515437388
184726252
272580899
916036078
890591108
707323684
691724211
2063725766
1075864545
1622171197
2002311817
761404795
1355235157
121239577
815147214
113941921
1180835153
463608071
1095891405
659009855
2136839190
1531286980
1288356999
1863249880
746626929
1007306446
1325933579
1803575384
857453775
1919087682
2065190222
1372891163
2103813935
190287473
141443594
846921395
897611157
833167805
763163514
1973475702
307855354
617991683
587396850
1663090511
739231261
1402544064
1777032432
1920066414
1866152135
725440189
431592621
1855507678
109243522
1719949620
1571273910
855870451
579772418
749723842
511962187
1437226194
521327876
429668762
662633709
477658163
619956235
804077303
1324579559
1517567393
1637245108
2087743073
1343559447
1945100462
558251108
1930956297
1460707325
1297482369
1186016713
1090256109
1070065136
904685201
1815696299
1501657757
612709231
1924939821
1074123730
36499493
633326624
1653896148
786223335
1145288812
943638694
1307551212
1574957574
1606272404
1785209375
47430161
262866059
962305286
1564997554
1900111168
902564711
761073354
1697727982
1460815820
544546003
1010951660
610814541
1730562717
2101207769
1680879677
487764270
1769420420
1035053787
1100473501
1546876593
2109177517
1136972994
32719570
1615590017
1923196330
1178008382
411745064
1083263894
605482308
2018017468
720989621
652912469
133399879
1683294908
70426376
2033511047
438375971
831499730
1583755382
1899191791
1376045733
447223394
362522685
959124802
400947515
2043402362
1446889072
22884288
930972501
399878925
1569760881
892666370
1536851920
1602480451
360772740
1312564602
633005185
772517804
248344848
1238487493
643051624
969334469
1891399963
776451503
505145729
1961826339
662478903
943521701
645842421
98750637
695229844
2021888154
545974031
1057752529
833529309
946921546
953671244
132934733
969805834
1884643745
532813659
392083068
629826468
2069665579
1994563519
990599208
1234746533
480085057
1763117012
1483091381
1718572550
258684988
304942202
1462488865
1035136491
810087932
1276831556
1697615394
1753609633
1922673977
1796366031
301355829
1797078484
194856414
1359108359
483124145
1141777961
165295955
616058878
2111583795
2049939700
1148872537
356183215
532282520
1071054468
203263087
1522881728
158317353
683348144
1138515092
1641408734
254437046
1397200080
1946350937
1716925912
284852924
608955221
846273820
1982468318
215081206
621464150
1631350702
516437035
271058986
1826207116
1875545394
754183131
820501429
2040841349
1370242009
784601577
1943297402
371630899
1140784792
328096274
1442685367
1344047879
1850978003
1601002721
2027396023
842009447
1094927807
134349422
91725880
893795096
1851275334
376578804
1502750317
550065506
211563474
1717831523
1171529656
1842914176
86784911
1442588642
1521637645
1962330305
49288125
194655426
1855688007
1419530135
979257003
1651501761
1791161034
2120041796
1979598035
1086362753
1316606027
1683092390
539881826
1196518403
377618190
1634809634
1330867825
469344070
381121082
1034659511
845922874
1883871400
1584725017
1057486348
1454219275
608771026
752916877
1541004186
2051359668
127070874
1355850844
2100647794
321726300
1064055203
1372694281
1300983304
568073316
1016371667
1273541452
400187703
2102734420
442663831
2083280094
495132599
1639182234
313414636
2129942233
822566411
782758706
363579667
1857225922
1628681580
99967419
1294467292
538684280
1554186695
1903238318
1291601157
947707233
1807114338
1418672031
156074429
1760278484
1740398332
1220129632
985489117
893897988
1788202948
2001860784
19955792
40907004
1957111557
462619623
2124187098
304760508
2101801858
290118086
287219093
776884621
1072876792
650798760
486626896
554074724
750766180
1781094188
1092759004
157469227
1536848858
236876514
1105176460
1196479548
1655548545
1261250890
809274385
1248463229
333896874
1794763502
2142361217
2122099823
1649140639
14833361
15523179
1458768548
477452985
2139710277
1763529056
431771195
282344715
2050748149
1208655816
1355221507
554063261
1695282712
1909296231
1304829441
1328893252
854571587
1462298668
718258462
1091448101
419991481
1914738011
599512999
1681242371
576528748
1847976228
2015139245
223808602
1842853798
1989755420
1872949241
1857687159
2005278599
1184234141
187656496
1997505228
800279549
619427691
132366295
703544050
1828083508
1487587802
1257607312
1375882572
1249400385
414953105
557292177
2103971973
1877251774
1275550639
1047936426
149759607
1042805002
1647449425
1831001978
1619333750
1347942006
1698657575
1843142353
1043312156
1540929348
1568607946
753515667
1398724299
605358440
941172164
1248745880
1405637989
1560599855
1381112175
2109182040
1241199715
721216330
1219305704
469598640
1970616715
1634258809
1026890817
1927105040
1364026935
154957808
827557819
1513786542
1197762811
327523596
1197304872
669612913
1675465602
748478800
365271618
571294110
141924500
1933879565
1324809778
1540648799
391754357
118498294
641911031
1797392346
1679098149
2023023207
1759090738
772814217
596755889
830912794
1242412857
419888956
317687956
121820026
199510349
1681714891
276777834
1027068168
1048017786
1474540645
1354591764
97839010
2144153559
882573719
846317810
361941529
1453867829
988242310
148337446
631193959
381407462
540091803
749692253
1023318493
190000502
281306755
898858052
1949091240
1054120972
1495613941
632520387
149050181
1915502898
950208343
270870207
2115013247
484439586
547648041
994597767
1532457372
2022188687
201705883
1630296383
2018858598
1084279602
329130545
233316479
390663784
1317372856
381653926
1021857743
1698780318
921745729
1771549997
574615163
1111746231
2052856752
1473473216
913353824
959494076
821603509
1545874211
1108544257
589622759
348598906
1379414464
557152358
833038492
1927062505
1551750125
218012217
1801767544
1753456009
1848308600
1673142494
690251963
29955497
1906458974
1080915747
1347328353
140629252
2102773491
898625023
1062374981
1726839840
1473240187
26637565
1632212944
799229755
939991389
444223372
1620833264
338381952
1552767629
62972376
686980858
784698445
620124734
1520019350
564277302
24391212
1738031567
218561199
1777847221
1438856519
1891703693
320615536
1468812017
1650679019
1401531284
668656722
1791308271
1356821127
1567281746
706199605
936177319
893038285
732837170
420906615
1692268040
1672828559
865129987
1165617656
2011210511
270413968
1228590032
550707721
1055112413
1848714767
2070727071
1619389715
1873105979
1661274991
1837950914
1503469552
952647862
1582170960
1824085088
273976231
1085366331
1078132724
942632954
729190955
287470203
362431052
1435390560
1223647522
1255469337
20744082
1644554137
800253729
1693572641
362200476
1965871385
1557299504
632614444
1046977770
2108007225
1687726857
748208889
2031250648
1159632925
473831220
1545041991
850100191
1977300772
350206206
284787503
1653902212
624182437
1370153835
584551289
1566815391
2099344790
872021492
1929246443
1387251702
2095669015
1037232132
1407995784
1592739504
1837485861
954084777
1954939981
1655873599
363900633
440070777
555367721
324424210
2127797635
1303576610
208191210
1139946912
1777407830
1753233202
1990047103
1607224954
2103439408
127350959
1113643518
580138197
1497504794
1698194807
2146953589
1449365936
422732652
1928716384
689133990
370918019
818464869
2097129774
1963657523
508467082
903730903
1771113856
16857033
1267631536
63700986
572224754
1592055746
44014973
1875801364
1800246956
1183961885
1505725546
1405996510
1026525340
965466852
1361952270
1153876299
2079110371
1942090468
503897445
1629821530
1941560409
1953263381
2052554182
1722793145
494913723
275988553
393774366
444559849
92162429
902241449
1348290752
1863276285
919098482
468438640
1926977271
1491323237
2060494386
1970992244
1219640953
1713257695
1007470481
577882852
971770557
2033995822
1543349704
186239180
1040388473
1474976427
2128329648
1544285919
957314310
1922406409
1350065652
862384844
1497715906
1844979376
1138373398
1891490273
142055577
1230535827
646248074
1490346330
946328464
1565346556
1958784970
725822088
909186145
1871795709
549330684
2128827099
1437569756
1556801166
559226303
261856665
1443313340
2102576007
448095845
336218165
1430068787
428941845
1880504084
239899449
203864606
1083086089
1102284293
1701580513
780581817
93174043
1445587138
922637394
1323709870
2091835212
265500076
122554687
1509698120
76801399
848376775
271400618
1948597108
1397707459
252744069
1238683216
807024977
811970372
1500539881
102854669
767062731
1948635727
439072835
49647870
230093924
172093271
289547319
433958531
1255179360
1391831613
2135539044
2035761177
1485005656
1433642534
810914924
661231879
1377994098
1076415000
783786566
740208570
1153216399
1632163341
1011609188
954329859
882387152
1264353257
45529427
1689412130
2076323629
1546069309
1792266799
695902713
1347221388
83855986
745550583
1577315312
255949258
1035097903
2011273843
1511128618
279445868
1999329239
1399406148
1764451524
1285488125
62837424
278199755
515998575
1139252424
1061986321
1256207146
144985176
546666014
120332686
1099315035
1429053167
1384685944
1144844463
970981649
1313525925
543430124
615764800
2009428638
1890651512
699620787
607495574
1320483176
955570045
1642593477
1184273372
319215015
1922039345
1036118963
1718621163
1539007221
174123441
1781458587
1817206977
690122016
773227364
731709650
1946329162
918212540
1278375665
2066661849
2017527575
559945184
1303864145
1014888390
1530926833
469906422
1558318514
2146691633
331851413
1301486378
698828772
939346987
474485907
1654398817
434456816
1658759279
1973613833
209012513
547394594
1544751348
1748019734
721518035
1178726288
1417743063
1411640052
1951953652
1969066
1210485566
722682544
1280344731
1129663767
592726471
1840289915
286044264
1607614862
1223733100
755950687
1018449728
1222941085
1087802100
172452459
1921769858
2027149087
646938366
1428685027
314122255
158213997
1254815212
523134768
705608591
652082913
123670854
1427126627
1830809201
1541413918
691283031
1635279205
1543382984
1901768597
210478101
676244067
883948717
803204572
369050334
1169992981
263335786
1592783434
1925943668
1281785515
668240871
866262120
1454237974
442527081
745927559
2101176340
1871212109
1060049814
111906689
978543673
1583184582
817515280
1630626586
1706855437
97158259
1313952139
1100785707
788441290
801747696
496685043
542726240
1012225797
1172929110
1426674957
1815430370
1541979444
449184290
2078766156
987279230
227644311
1213068023
1655520101
1093906431
519822349
2098047183
1839833991
473515041
1821775644
752400157
585421730
652835669
188101092
1402937011
135978608
1894956529
1500095270
1449930747
848258588
141052913
104194796
1344943631
683779153
1116420593
370389093
2110454110
784367315
1912368537
412154752
715649824
752164119
639799063
1928717847
260200572
1733705495
301056549
210764107
1426055838
774571590
2032539751
30972347
1359993321
537891773
219073439
615446684
673870381
2114029968
2115541954
2123801128
814804908
109111219
80512276
12264891
792890372
1196932870
382653984
755860834
1981300185
147538873
1168015587
549466361
899702992
1807814650
330700561
1159903565
1394036497
631757110
1370667672
672608687
1406328700
1255723776
703581035
618838373
1793615549
922654474
1234285057
320002282
889200795
1202343364
296319762
1704005703
1311454583
376832039
1716270595
2104344956
1573764909
2098924579
712722142
1407581446
98979805
1880737729
1957047808
998682797
1541068732
140264721
11102714
787621581
772021831
1381770387
1460230269
30866883
490010515
16327656
649705257
136142416
938982130
1883990314
456144698
1828182925
938850030
752464460
1384704981
102820966
1129296499
953491928
59682274
555577760
904932859
772404416
1963159207
1003912664
505658498
1772723367
2002595462
2046727230
1912988088
2013698176
686865163
537526271
1247984915
2147095432
568393154
1737995430
15939440
1218098411
1874137846
954921571
954605078
182798896
635620848
1893455108
935263357
2020325829
1996276074
2064559856
826334109
2055958348
472653969
1731266969
680879117
288329528
587695985
1186537615
2061052895
442807799
1085781197
1826557335
309022328
1772646360
216599958
1557007243
1772258145
784993112
1147519026
1788197585
2003091524
874173224
595635508
810212954
1056972121
1231256357
556184414
1992235478
1104098538
404976841
1909311686
1930432648
313451541
234482007
1514215969
994330658
522811535
2101911954
33384625
436380782
397236106
1119165822
115454469
706258434
744328535
332054427
115782029
369103032
1117047540
1263301055
9816969
972655416
2137474280
605452478
1782868370
1046962753
1836708835
191569136
891714583
793323725
596545977
653542621
576272725
909997519
888024629
2090488694
1904328177
1410836164
2044917001
1937712803
1847216947
294669459
909394977
1962671416
1000927893
1653723512
147242196
1116709922
2022826544
1264289736
232527330
2032643514
89461504
222517962
490612344
1872329874
1269480715
179837531
2063899010
13711650
973161256
512961340
667254271
1549433982
1422958859
1555278900
1492439028
1179803388
818631417
1389872381
970032543
518364716
1684541840
1879427521
333552484
537986085
1385667385
480794680
1654696008
1261010282
1745084416
1887223338
1146170148
1834545920
2109741300
1636782492
1559392146
1231738367
1816620023
1475807509
1245450017
642297631
1988768849
1912704288
44247965
1264244060
1320499541
1536686994
296563800
2139130958
779075727
1266596344
510012026
316133920
998540217
843564510
854120005
236723954
1324359191
361332365
1497734236
921959959
101072055
496420736
609022232
63329707
2133203228
20930730
1295068074
1802339603
1496738239
393034443
297153587
1338023440
158255084
341401552
454783852
1478754625
1878088546
751347653
1470401935
509680626
2017943997
1980413961
825814546
869000566
676494823
1679934551
1105724520
2000854014
2041266917
455975109
775330326
2142338972
952395845
1384352558
58185032
938115426
1405283288
1353253106
592971381
754537880
1746287550
890124968
2092561320
1904542634
1231526521
399861525
1235813611
962131419
1151209178
558731898
1471812045
1021669527
391662211
150142943
1890670093
1068157034
1830077495
848910965
921527401
1723860764
1304886074
1696857727
1718716088
109798272
933726637
1776901120
1047913698
191526277
982670579
1640885079
946064157
581474481
383526400
891141830
338533467
1615052921
1291003355
1574347078
429700692
294728885
2133078976
1901512738
1316398412
377257539
2051655681
1059584857
1445414573
1734249528
1908495822
219458326
1310626644
1065898249
1916316053
881859085
1175696521
702559042
511276557
76126571
894085320
1493947136
1717011650
1840149477
2075421617
2100538050
583807659
266471436
1568107323
1874811014
1840818514
1997808016
22056251
1826413842
1751837106
1338454663
56187733
1656009139
250555872
1501602307
1242775020
11568047
1721060633
405918016
1077466296
1489893039
1287777101
105679169
44968433
1799053659
181805740
939053753
1145517147
1898817390
631719583
1073455117
1851871793
1215527242
1339926553
1272495468
942854609
1033261420
1122819836
964910860
712191614
727173294
155881876
768379348
235698786
406437748
122498007
1478473806
418005795
1843558640
1884391822
1495472091
1185968031
1024685276
1601151260
1230936465
676255287
1782957000
22506570
1821772434
1534290743
654226153
747743903
1238678888
1869753396
2087670457
363690708
665124357
973448229
1486510545
1630035217
1685639843
66200191
1785917093
306535543
301898977
44871194
429033550
1780372783
462876989
125108543
1517280958
1958349081
1311076574
394482586
1412016693
394529391
1070737873
1047490046
417035962
745026659
434297141
1071262115
1492770563
1672976029
793531863
1432957372
2036666737
1458656220
258921953
1375693634
941207790
1944561796
1441893826
579641235
103613692
1743792803
624512429
532647242
1376681939
1087389419
657755785
746479249
898254852
1968832360
1140961835
162787897
215878103
64216060
1210277943
632914065
809242719
1644575084
1704176181
154529634
1170067465
350224396
1587487006
1059250555
1808880617
1846408959
287460541
602604759
1643487108
1729354367
1182245994
1747100800
1325663523
1806758424
132264394
554861814
746664195
790020180
1301341063
1644919047
611368892
294819250
1807706944
827246995
359035310
870501240
1460161061
1168278029
367592676
1016853594
1322807664
1537660142
1367077990
762811022
449427049
1028474959
461736334
736887590
1631079718
2105223442
318758310
665842065
1704840594
1644421833
325116841
1837104988
51799999
1071781036
479641520
1353141062
569216435
1091010412
1647960312
229439731
1918257408
2006995622
1099940971
1230934821
1027790003
1467533648
100304767
203114019
857710142
1467382757
965925042
1307137191
348374069
1427661376
2044024781
1979453787
1385401170
215299443
497812204
942758116
1859721276
822929045
632379456
1911521275
1894710081
1112020977
1117178689
316442868
55547741
617655353
545882600
1973805149
477167327
1645823571
1057256322
1504957331
965873571
1157561089
1708071350
1823583713
477460199
526512744
983237256
825834268
1954174120
879778390
657804407
1192091642
1095077833
1155616612
2134849758
807315462
1978545657
619745567
571353089
1725772091
1731766544
1688531779
2042214959
1787314285
158703484
440613911
1613635787
635870812
2086437483
523408461
2140828143
904827406
1680969551
1701415845
580927472
10946102
80444942
1564164728
836780370
2034619062
296459470
1494584777
1079227057
1391537304
502717741
1066593167
51369118
333779751
1686338734
622722207
2059551842
1270621630
163770338
1954283153
910452268
322473823
247413417
376604407
958344635
186367252
900012868
951689130
1091194658
433498771
505621327
1672122130
444444873
586066269
1088803211
1281225243
473201684
1385262681
628326373
1552428741
629316337
1131044114
471538260
680685455
1464823865
10393347
1303407663
1376892059
1281014977
1467178001
1183691565
43983597
1789651824
1431104982
420588004
600512811
1617472234
1320600873
1552201941
561183244
1754099644
2057823269
85821727
51060870
496405890
1174624938
1332286113
969607574
412403971
1960612486
374552667
1041720309
944172953
846090928
1722405764
261513170
856484275
878329779
1638405230
2137499252
198024133
674613147
33999202
1987675957
2105718129
454587206
440705121
1575706715
1775188079
1992907062
2136889959
1381804076
1903246683
75228038
1432864946
252168926
1249852976
617667411
1221776500
1662256948
430796250
1596329168
556493609
1374969203
294936448
131415725
1636482373
1151420723
1009745505
1127403955
1141436327
1207769638
1802017102
1175435529
1047961947
1760251583
1630022736
1488667068
1188474650
1257727167
1334090483
1177880962
492047595
1089853518
1253109000
1924912541
1342022444
355478329
395096305
416315297
2017735277
825892555
2012644465
426745238
53378110
160097265
558160963
1689860483
1311517988
1567906468
669780791
305470667
628192458
324314245
1480906197
1676154406
2084565829
963445285
1017337826
1125556831
73688804
203944661
155954145
565736400
1293798180
1409063146
343165293
488336976
1764541475
738261598
904652273
1634793104
1564154153
769813090
2061538342
1617532263
929910355
472215657
1159909099
93944695
2040122126
1829689890
399415363
520830936
6520487
1880321560
49501694
2091086316
696283197
1066839521
1069159500
769972001
1270784182
1225113645
1335708401
417098714
486693143
1678873695
905435691
103750970
269651645
1810087964
1738544074
1833805799
432417407
1652598768
1303854414
1362327762
2124814426
316279865
1456272458
2017452904
2145969755
1855687821
390800192
5006595
1588525733
440301887
2096092911
137325282
1507141408
1017768763
907297283
630441942
95398761
95522037
1047540657
582091904
1774395732
1952976348
685842875
2044047377
1615580664
276903301
1730369528
2047998071
1929502070
886740295
1262842186
1906832848
1203020160
571630996
1776802104
1201506268
279835169
20118648
1206512863
1868360902
460420535
1155122126
2005686184
1967561943
25407242
765499819
450520238
120806003
861021856
1498060895
702897907
487933940
1303553595
1388740782
384497670
771650611
1665644084
2114867198
672165035
1447662506
854123845
1935007221
1207011706
2057144006
359154569
836330162
1111166626
638989738
856448810
170195841
359866992
1316869346
1325317967
218069528
1136947641
1350725209
983569347
1587467879
1471531212
1844591204
938045126
26945472
185041496
94115073
1415686254
569539166
865765685
933846690
536922717
1537930720
234025548
1391046562
1325454293
1441037254
1300706920
1684608862
129883768
264389898
176114952
986332579
434585739
535981944
155718277
1759903707
754051472
1292665918
963145268
1737620819
732650150
287192833
1434728375
1670695276
314138305
1619769872
1764810350
1729824559
41825390
483092387
516187602
578748107
2021023107
750213150
1969794670
1198993752
43766757
1123017942
736118966
173650525
1387407841
912233918
1159983104
1821993580
1448215862
1315701381
1434413639
54783686
460883652
250075260
1792404505
1193533802
537268093
1079649233
716745430
851406398
551935457
334072132
433747309
593760847
817164519
949934911
1172508955
690703978
1700148062
994819977
1889697730
1743914819
2117837919
478333048
1917565344
1357762112
1390566966
930064801
1032272045
691299180
98282534
319202036
746082866
559166186
569277296
391003724
1752699988
1106545389
1470652957
321961771
1957951787
2022588414
656033903
244215449
468865613
1473198423
1194150360
1641374568
16418753
746814774
488710897
1906116484
343245945
459065169
236965884
113327642
1816827281
1627532851
1043392443
701615678
171348383
1141674977
1020817715
917431250
1700841164
1590095011
1308434974
1306057504
549156753
631604283
1628019275
359624892
506709049
136569531
603840341
975574662
1609767954
1797990702
469465583
1626186707
397321828
958176480
1384819543
740567774
1417241649
1621785428
853895416
1086585283
1101834631
1897287859
1788200961
1273183014
891479188
661535028
43130616
444836704
104146392
1351565590
1750894209
653303145
1983169873
1231429836
1012928037
342395274
1367999367
1616768379
1317969937
830283673
1267275433
1787435520
308986733
1664597261
598128352
1693806276
257681387
2015370002
1168108056
1111576803
954471637
122459039
861381014
595188950
1395642054
1752860203
1256723979
1438772670
50213259
1360870371
642854613
1801107468
2014173516
478540838
885053657
879617905
820936113
105569376
348902636
2138906050
935853050
1616178069
1778857922
1244839783
1133291683
229502626
791162411
1390973070
97388980
1959270468
355066226
1051860617
2081729507
1216447240
1647049568
1329887913
821823795
756289899
621176936
872037055
2117160270
1264031549
525660875
1983850138
1742572387
1410714532
715984395
416024852
1516283909
1064887032
407447254
304653311
533581453
38821528
1549493094
1666873136
268324155
193171857
910362559
365713135
4958677
1265428785
1417573753
2086688185
334392377
917139673
1269092450
1156216173
1673429572
1890269386
2028253228
1643106194
1006817287
406430455
1479472684
601906027
1817144988
47973431
1017930879
1185945249
1112860463
1425378134
1490598560
1646441917
1464199662
892608006
1165831405
1732523817
1085779863
2076193964
2098236953
1090738541
1194139101
1368327058
1029943078
1528531479
137983083
151551880
537264004
1811412655
2041821267
418033584
1307035201
901154906
824464039
639024237
1503060933
494125379
686997668
373508165
1680070628
1799858132
1798886299
1023185540
1298816401
1115602313
1915793546
317164158
700642483
854089762
245874475
651395788
1944828303
1440013576
2019722846
827287733
821061407
10222281
978839613
1358325411
1821634936
873177232
1776358995
981186489
1774332139
453339387
1620210726
1129909424
947464766
159724746
1503417589
480051747
1959582878
1154820240
1503237287
1110915631
122938906
1271547186
1428079790
823581389
2125636948
1673954265
1474977177
1922981603
966484193
1347216375
602785688
1787545601
1357438656
1581625301
998387364
1031589944
307318886
627262712
2012776433
2081651025
1080602099
1485503511
1064076801
2028066865
1645228257
420010743
360634964
1457327488
1574830983
1863872252
420759471
1697769889
987935790
1848839261
373867630
966089090
1375309878
1848844807
741587045
194310424
1048577534
1344372733
1981856025
258532542
778514386
832759741
1290122486
1085833272
1460022453
1155415271
1020000649
393140904
493435134
2084077451
273724122
2138663392
356604546
634359086
1448507232
1931435529
350747690
1869266703
1481721771
1338683480
1570622317
1855589401
157288922
798448547
1556950561
898875967
992758971
458044447
95765052
827131348
716576990
874279439
1659891090
2006699476
1960112711
972429895
1014631100
832629713
1365570800
1508066234
769223516
1639294922
1499245978
1125828062
126170360
800269562
909779943
476918051
522052618
244018066
1815601531
2092674935
2099607468
1972890454
743639834
1509074381
724282773
1736398806
1967118828
820047826
416046506
536212170
1694327265
2075937596
395427999
1506956328
900883844
1410059099
192102393
118970996
770641685
961325909
1758265918
122404016
2087153971
1884436278
922673578
849450267
213870681
1444726196
1093468333
2029472213
1389917483
1045592153
1854879019
2133557318
407182886
431678144
1722472476
226818067
1251725970
2138518982
763030237
798569587
2066972931
1158458236
158042268
820373127
421033687
350144661
939344123
1191675373
1311470571
550126393
1314079389
1251140894
287079023
89269319
2100591161
500949705
1533995516
1046575847
382938270
776429351
2092168000
90333641
762503021
351867239
522011785
337491849
578685306
1773737756
328527184
1341715543
424823695
248016467
352690132
582865963
1068389594
773723819
933010625
2007733717
1965399192
96997548
410376462
1131994933
1348138442
697455485
1221264253
1301245956
1198405190
607776121
200338155
1581343460
1384205472
145022507
1671677101
2146708494
496889746
46205239
336716695
1075575052
1819942995
665243879
269806948
97283042
913260346
622497080
680149006
1981649940
1396220899
1613159631
1841900009
1214136444
1710157179
104792823
198647729
910811973
802248309
1419911982
64574281
2000653499
2027688103
264912436
1434513312
1264409928
409934944
958706765
1263634774
906824690
1004912004
1600351469
1982399743
677371351
118111701
104723043
774654394
1031372047
727220123
1454803400
865538340
2123441022
920479383
559954701
1190093818
483152914
664747525
1388741548
1393964887
1466995834
661169882
1458539169
1320165685
541374338
1723451605
607195349
1805784266
2133386549
1565902115
921935392
892727592
423330471
374803213
727643687
1100701823
492914914
832366730
1875356217
1524286962
1559586853
1182675969
242341654
1535544227
2103155352
802296355
578154398
438824618
1467043880
1966895946
1832789505
786556066
480582180
1143845026
2106721752
1021956518
719812984
566433453
680257136
705715885
2132335568
1602192528
1598443477
408182392
1976995742
178603516
1508884215
322427008
1010970246
1236756784
1846713970
423073451
271949105
2089055624
1958617679
227620809
743868332
389288429
666445427
63428564
208700727
351751284
849984631
689282907
1495596311
809222735
1711239426
67925647
1375656188
244012914
773641532
1360508109
1846205443
224601362
1768690501
1675717537
403204878
1130091068
1998144545
1414175125
219364204
1697374868
1837248576
491313309
1638946844
1648382607
718934118
235331528
2037671036
1385379545
298760093
98888115
1737130829
1148744724
788171023
1085243492
1957967459
351926801
1153169139
1186139999
595939715
1926810672
399164460
294661510
3928386
20371313
1970379047
407133264
1150462381
1821039945
1821308389
1369826585
1370931165
1511073318
1861139894
862394361
1011972277
432590364
1097725890
902159666
1817969909
1396485983
1001047781
1407617091
397747059
1789218804
345376935
208230870
2141145605
1498546075
1394370869
589601673
1277873099
1793535330
884263183
1281801485
1813906643
707158583
1688934749
816885377
380714880
1362759491
39228314
1751646045
726349161
1900368209
466556758
1738321438
185474925
1564282648
492997456
2003444835
813284983
1494045238
1263578278
1211032042
1135780394
1608955213
1419262912
1129442352
960017640
666150134
1719044025
90407091
312201816
455823560
1372208576
2126108459
1162982143
913659678
795510188
1543697023
128935521
834738503
1147859420
855284682
587623064
1614416179
446122472
773097989
1031215179
939119929
629059176
1844500163
285681519
1892637454
908048557
1421461913
1354109020
179827822
403420617
166643012
845977956
2122464642
257050104
1158179772
430804555
1629258680
1136804583
1593786698
395434710
1932314772
990000074
524370231
619569627
2137859494
1379654913
1207192691
1604792025
1825777386
1980290680
488523557
617413667
461866209
185540072
903095186
207020015
1093588629
177073451
1561129035
1273416451
580494069
1727772048
2119394407
555475063
1984822152
1130090531
986279618
1466597184
119411467
432582669
1862031895
2051726239
1422582743
238918478
523812218
1412958589
1618573392
1731004909
870266967
1296867130
1563811941
1358790524
1914280797
2025678150
1544330596
669892335
85214518
490435577
846965786
1646343553
1763852029
1427459855
1226631953
1735762788
1982934919
1063970457
718369672
821730889
383083994
837781139
1254313558
97632241
742023730
529412653
336550719
1265835948
1942371243
1955124111
849357209
665154562
1104507593
265685502
2023945086
871304742
143880005
1420792034
1541197077
229094523
1911227611
240679216
1875438076
1527595992
1668139071
954586382
1115875133
1503590342
2018556839
1834244805
177837584
254157185
524542296
1432151142
351789426
1266566026
1961563796
688340146
384918326
1756451391
495980609
1234275535
274122305
1600488203
1499961037
150583743
324309297
1643841042
1571375777
1865506375
1872935565
1335119740
2106185591
1600889994
715232085
1626841014
407992728
1831107218
982947709
279065919
1517868375
1160785293
533223105
2042410671
445452787
885012531
1161493049
259532935
1573352677
1546411375
2015984326
2069333287
633203262
142622983
1522337842
2133164299
293206726
1846647139
1629521694
1864582503
1564669866
1354973611
1052218596
1523371809
808379957
1767450681
1002729176
1216372685
1451074251
1985676885
1495438605
821458978
998978530
2028661710
716386001
1444431317
766190593
1877879050
1703964253
192059623
1276806777
1572464931
113909262
1910010039
1715087915
1636247104
1895690690
2008294641
1335410595
1377728736
1725393497
752596814
585218700
630128445
128484975
1393598657
250095478
1131214151
462487695
1701169729
969407388
1957926300
375145059
1968385918
1839104362
1091531060
1265333588
457811307
821926462
821814193
649870930
2098733239
246795476
763780192
1861259630
1961883391
252543648
1609466672
1822694385
1587954244
839711761
1400604234
193067410
1424930461
2030732679
321552385
671045470
133344509
1452766537
1133533165
1834514238
274690277
943975817
62175649
95592548
635596531
1153706709
1360926136
1093407839
1975633171
35256681
1743278769
1926882762
282052157
359575314
1640658744
96451901
612118962
1102641768
1919146286
52589558
1942353529
1172266872
245656968
1219800342
1055515903
567209354
1890845813
1188860412
2019975891
876895330
875891002
147182520
1820871148
938066651
242775068
308984031
2091773360
1603701204
1402391870
1919922883
1638957885
998186992
1699321997
1921010043
1357762306
1192497093
2017461944
1969881268
147655213
1789124582
2022470827
2090008743
813907806
120644147
1162325437
1869423709
687853501
905687602
910800473
560345744
1782582933
1786691475
707528265
1455970433
577274478
950303333
1764954464
521564190
406520890
1019862687
294003425
2045478775
2018049679
1993325422
1819005170
1228328337
1038338867
1688983466
1050725957
1185994080
1330624400
925713136
1128519175
2144532206
1046357284
143360965
1866472267
1734210785
1049048567
629789092
147072882
684147852
268996919
854601147
2140118285
846271397
1804904480
1757589102
1367835587
63941722
629968141
1661839012
2109420498
500534172
1507680786
1780942020
1728862509
398536005
1322441839
632104818
1584530086
505582591
1557817955
565565613
502631150
456691591
708926578
221619769
43418728
1757975146
851408862
190491610
294639350
1120405781
1045092757
287273988
1966677179
702513590
2044863090
1187029118
766455312
527347583
701384483
728392162
1027881755
61581621
361850535
609260616
460117627
1684292374
1241365434
2044647713
42391317
651699741
462729678
545022467
1108391332
1171656257
766642237
1151810061
782147755
1618051099
1342301671
1076787105
590973232
239910781
1364061093
410166763
942424371
1261440535
1597195882
1708879683
1788788118
151096717
289788198
669186225
212678338
651638733
1278446841
672795965
188447459
372328628
569960030
230838776
1024028369
1032689709
775861244
2132419702
56862318
1542503481
1136746115
839010073
1013070932
331564138
1915797178
1604044164
571474919
1132374624
2014210928
1513899290
246331511
1463923162
1075295326
2035119630
1615019879
1365083524
556822207
1827698217
2016722257
1835269049
353010535
57686068
60114029
922970565
288524844
1084142398
1955660274
1064386088
1069078452
2012522592
459405921
58340919
704049017
1472476853
389905058
472362548
929037370
961379977
1604737172
795764650
327795620
1851068683
112204164
1403090946
1738704665
1727224043
620690822
148043225
1407438612
489929431
1983312274
1760449147
547615499
2043426303
535936065
836140343
980085053
344112691
1900526432
2049163506
209151636
212448705
2107504425
913200653
1684925559
349925835
1385563201
466479281
1311305813
842816725
1262243931
1639101433
546401761
1374448095
894708731
137622778
954188490
1515399553
285666003
214143454
2005328984
121494629
1974592602
405460835
17437284
363045019
1241601178
997522338
707157710
994643962
899202196
916309346
1207092668
859222973
1829510000
744534579
1209148809
1067589553
1211013860
372970974
1910406279
325774143
2012072407
309324392
1700222238
759297490
446947170
506927080
127213395
732613174
721070534
2132542379
854107803
548179488
390519566
871545088
911224507
1632120744
1869067426
1618382218
479281059
620785974
387207916
1686373727
1480008947
69234268
283424658
541674108
1136823822
1494438518
914645082
899746453
1820212661
779233841
1209070845
1372951251
1538531331
1656018015
1879878331
1665744726
241147541
453465217
1650803457
1095255345
1001644706
2041323023
1966800433
1912869213
1525960120
1688384211
1383767783
2005241179
161686537
1770975700
1544131258
1641695484
1840209968
1827555916
35885945
829550142
1174510786
950531027
1729296595
847239799
1729764869
790883792
72707402
1120812552
299418160
1952585733
639073631
540565701
258567302
142393440
1635821046
1260212008
36232816
1455137831
1025597574
1562192936
996038394
261881709
1419950467
1157724931
2032857409
816598077
651936768
1725583730
496670345
687822713
407650224
1671181131
1638353740
2136946820
370937282
1220634961
780346964
443644684
193963866
1079765124
248746769
833037497
1620330826
507314071
975430937
1108668224
1767526080
1011663753
416322408
645640006
426373041
1412360802
907521715
1846323508
422602086
792895477
515437937
1074538854
370995559
1012108282
1762361567
778645783
535805765
1253231659
768108955
906743047
326382973
1548455920
1350387731
520346839
480737396
1599134500
1353384336
2101068222
2106448572
181331625
1062252799
1726491004
1192995379
1478575207
224647362
1619368420
743452361
1132169077
1318208281
1166054447
1925064554
1833646218
93109653
148576465
698270853
1855471220
927222249
1234076618
961219232
1695331204
2140819666
1287602205
1096303476
1343723749
1807949044
1577040873
795374602
1013849732
1530625447
754339526
1195181357
445394598
333346882
240693088
1923969805
557994244
1860061509
519938519
1690163321
1030786142
1685992966
1467744228
716948712
1779102620
1616320693
1415219565
1487090192
396059294
501812536
300825776
2091390499
495148554
1588427981
1040210327
1838872303
1248893377
469767552
486763257
115259461
2000393000
1241102783
1310440819
298303950
1574449665
1551133907
74790108
2132443909
1263711768
594728627
1675123583
147014262
133237945
995384163
863962975
1912340565
464221208
131698892
1251947110
860280503
633511428
1552772886
804187354
1128659982
993717220
1844397681
820048638
95126949
166681586
1306811895
210386411
19590938
400431031
1520827230
317894888
1974880696
924477489
392684996
1959840958
40705610
987413623
1487480893
187719872
1120651569
335381408
1051682847
885508486
799602616
1183381740
2137455596
1659883119
1816893168
1542744835
316586825
798069503
388978407
13500859
1618118141
484105356
180182445
777446388
694491767
199773383
1177877419
67835349
517668271
1005274468
992312839
910353268
817631778
1033018449
1897766891
157629023
1220738321
870934812
493010431
124937521
1756443299
1292613047
1308319261
1746415247
805012519
977728781
1141676434
1121599344
1775798284
1530654841
1135100203
1246432777
2014760198
1315282648
2023879166
561768317
1515056031
1054272937
629603667
2032724303
2059547405
1621916506
795593923
729695535
507451307
545877166
887324558
1728189628
1416811979
1380334989
1853127149
1025771630
525464389
1013962762
624703229
1330476908
1991691544
1766379664
304592604
1620006180
1149550857
1439692808
718955310
1016827407
607491808
595350828
1578595725
2122547840
1649623765
60715744
2007788495
1561687523
1682632250
655898770
143899410
42599909
1201775936
1031223969
1770789537
471104267
264075310
1476433039
1496875897
789539699
342912153
2121579127
2120016607
187120049
1740475143
277125564
1807126230
742542352
1716818372
378597892
1759369760
176826532
973948720
1190481837
151890724
476088837
1251197581
12195571
2037776360
786346183
668094341
34192123
828946092
1869870278
1065416092
452251981
193490897
1329491402
1928685020
1690366795
2119031102
124113526
1664462274
2091564061
311233575
1257453769
221205977
2118359805
1999996121
1938024349
349474049
1611882233
2114850882
1323422769
654880422
119257958
1799511607
1906078003
131453530
1689804319
544940538
799547871
1723996442
1373886630
521934501
641928886
1826138612
715425399
1971420289
1607339984
258308546
1942967743
1731453510
1922770820
1887048156
2042687086
1032740941
2108254134
2013563243
885253414
1898794835
215553645
349652000
1866162069
1538976414
1004532422
1985420028
1191004373
763126778
2116873558
733325045
1308067316
768937781
309837839
534470299
1290872283
951766726
213125263
2006297682
775703367
1820465247
117122580
571187462
1404435110
2039893400
310751970
1299638548
925150693
271522456
1165718143
1810404107
22833644
1381271788
12572459
1888995713
772764555
1017104882
1726932093
1963768928
1780231660
1696322003
549610325
940815328
317776137
859448165
1475285627
1608648420
1811214891
1688410890
1467462454
439434610
1361392490
1584585034
1010622072
618343952
1476994786
1321374042
1917982500
254661831
1592896499
936216995
2065065938
1615730143
170005136
2077638398
1357242208
942769691
947259632
936690654
759054971
580007644
485529009
1308665297
1520822972
803305146
20629814
848624952
264469918
1831844705
389552194
1731932372
123795667
1750944684
1169033758
1134417739
221804988
498544896
308308133
2139787488
753206727
1901204632
928520836
670789018
1369451127
1098525972
600943768
579209688
2041295663
1548203400
1515900342
652866986
2128211044
2001429351
1961532283
1501550368
657250850
1982162097
202691672
921720768
1666523154
592243867
506169493
1790318821
195704903
1675203251
777252912
417509892
26264500
1085561046
409813732
779471227
839282030
1338334568
1450260245
61249510
289376892
2051204013
640459198
183188907
1451923765
8875892
836055894
1432651161
2010305243
650104529
786717882
520072445
484782979
989409554
1441793214
3822485
1581653421
1947962707
1794141307
1777358325
1475682310
423910571
47384569
1501946810
1509471617
457198301
133934390
201270000
1795532870
1584194635
262519510
2084909762
1487915001
902978708
120615022
792355118
911854600
956670916
77522632
774676195
1606775445
864240514
1294748641
2091558424
1853650068
589058207
2095380910
1287819842
389537266
1742038569
917694519
1865219576
18465492
965079088
1219682739
1527937110
1422277389
1353617129
1729207110
1070326611
790328116
1991726620
1007752726
130759469
747221680
1128367748
923114588
1659076280
2085038664
1000637220
286268827
1544330461
1864877734
1581017468
1488405238
1571044154
22592027
1436302500
711380348
412129293
1030857421
1629074867
129865222
1049322913
446670307
1349547961
429776375
1868947697
555681442
11499837
791790660
1346009558
2003226457
1799543386
1476769028
602964489
780427486
252399968
114557121
717982502
1253037188
400825949
114829316
970431274
1981843417
1603234554
393991780
2004435445
892053406
1105372129
269081090
1922910827
586963348
398946312
824750092
1033633656
1748494273
1254526468
755097705
156692067
1266026305
1546888365
1502701626
1121769115
1198948104
831987006
1724733604
1979375590
1084386974
1839290726
549874445
189940514
92633027
664703761
1160371788
2074476444
120454667
1554363568
1931428241
1012508073
512252049
53025684
787935252
1099215398
451971996
1612685344
2132849054
52982622
719728164
740463111
209674689
1985754470
139867828
1712376315
960039937
1338815932
396879673
537289893
1170707875
1481266647
229096971
1720582320
1671207161
321729998
237802433
684095301
248722795
358257100
90975222
32667388
1370765173
603227271
85693072
11216777
1702442669
537665069
1623902121
1687808075
590647691
196146638
280787538
800322380
34417460
420655367
365215048
994457397
1759471299
762094721
1531747290
782695526
95877721
1760844262
355794198
1767084882
2082574260
593596631
303696536
183813407
951853731
394671758
216480796
175135256
997899029
302173868
186352033
552858051
839838937
1810254155
93182478
1430486628
2006400793
373970017
83325361
2040818253
794625384
448540409
887792002
406613035
1210635130
272055644
1189308562
1306512851
2032899906
1545102760
926114086
1967990519
2138699392
1229810622
4320278
943069475
1624482380
220801074
1118204732
474897761
522974943
1304556765
1027755812
1362813880
967327272
1120938291
645816861
826244417
1494908308
729142222
719579022
142050044
1177682631
1607371024
548663079
240834113
1879426669
1737971641
1547346965
1764842927
1135590754
325977403
1585349798
1126806498
1555788025
1589670077
2069875973
1032786757
1810471151
1040597057
1507684518
185962446
197670175
387956683
1548776327
1164997447
1508894974
47109540
1991241865
856319634
776251762
563337239
998369678
1953934393
23224616
1547032757
47284858
1902651285
1137520751
1594631823
1520010564
125627857
1920609226
957876715
1252434355
1328913603
400063144
1174826680
214216712
63050647
67940090
1721901231
249013094
265610265
2109857914
1797789421
1430607712
1471269240
1844898961
1274365929
180105226
473667075
1837703169
1178474904
280117820
1860927785
578024013
327402678
1616095422
1715544764
1922034502
988622338
1841172621
1695160080
1946499053
946123328
876590036
199078549
2120950009
1090806748
262129197
41406451
665224331
511142291
307016716
627598597
161448064
1737624428
2098867837
2006347025
864506710
131489415
332530452
554726231
1309964319
612648272
268170368
1887988333
940050950
1884265790
1456049449
714601804
725404480
1149738423
262278237
524419886
2095861751
1138868273
723498435
2069328112
82191373
985627632
2110734563
747415705
1496769923
270267631
1375014302
1658217987
2007892060
1326398492
1517081364
724915122
1457887907
1849611816
1279641353
620368579
314776440
1547811721
360873264
1254827391
1284593863
1816922713
1969429195
2009998343
819177488
84223784
386934581
767555592
1223092057
1110433017
689400056
1305283431
2096060649
652650972
2052699136
1445346925
922918603
1280229790
956081264
783327015
459144634
325678981
1508242137
1917032542
27807149
640399842
389917473
342583590
40727915
750790737
1597410981
1325321778
420229802
1419356528
1187836474
1239407291
1503580313
1574771055
2006962883
579188722
537720424
548879291
1884472153
486297426
1201530263
1789687641
1931644351
2124448867
922433784
740241967
760292234
1381578418
1065920948
121050724
1151127312
1093728098
761450566
1541044785
1436311688
802178482
144351874
886239021
2127500260
564581677
158111901
1167853086
1803988968
1661692214
595140494
1663468203
93397289
1132860918
64863846
1977869442
1619158344
1266394110
1620073436
1403319047
1243359329
395023572
2143561015
2003651563
1776601990
1061998315
2124702287
780245655
8242765
738669206
173806792
1444554453
1540847688
318158667
183309826
1520864300
882740344
341421728
541233739
539245664
2003113942
1136374233
55230219
2096511231
121751503
120094065
1926897026
1740909848
1386488175
1399486814
996745247
482363856
1794510386
992822614
338531772
1423628728
2054820930
315750411
56390735
2063063695
1054419617
230197528
1360134501
447783657
548356195
1543444327
1968647958
1431096539
1884866055
362398049
1970342203
1740496350
1498772282
2025572422
1689523933
1620523785
2145666487
1468937311
1213949985
1384671015
720940477
63211585
1867034871
367967215
1056034199
58082995
1791595944
963371481
373833407
1847986679
878951529
1428253024
2078184207
91602382
1876036682
479056754
1635046709
1697200992
1910153293
1372429117
2059599041
1733011848
965441819
1410887675
1611100622
507482104
883927812
1609283462
1976419416
2097877798
846470829
549876245
13605735
566022052
917843461
1069639934
624105048
561955757
2033011416
997938455
262458788
764479297
278707831
193159348
856081679
7260865
672216102
343644740
1704461857
434885748
1716073857
1616577250
20413948
534032028
879981277
1631514571
1041514133
1763909090
1093314385
870449901
1714303240
1939785214
1420326146
1727908975
358323618
190685959
650065261
982428666
752641716
535593029
1980367121
1015100505
1300072326
111591305
1208259853
8670357
118852170
1880475955
352315098
1823314028
167878055
2068388955
1292407630
188292004
454937336
24905260
1819806575
1496451469
1788814350
765637312
219417722
1355633942
557938878
1639743868
936059269
916262496
1830429828
1586124530
1898691163
435587896
2121717560
1731574636
1450688401
1274306238
1843165941
511464606
1282976596
1962018112
244456914
1635291694
1637848492
412334969
1556197001
782772474
600626973
2011134337
807677734
272949900
1360102158
449008436
1038587212
1579519880
1804642378
1596526090
1071780101
593217999
365304939
754726281
31858882
116512454
1190314177
6092794
1848087090
493518931
1280399032
1543769384
1004983537
415891980
1358303848
1249440451
2051183674
848668692
1661775421
1459897028
1631441166
114918746
1323547717
291635253
387868647
536166228
740643689
1426455859
2115686108
397802420
875498302
1039982561
991020419
1240803241
1794708842
1022879301
1357315695
837539372
1028972095
1057919137
1331058303
161887480
454204873
188558192
577779460
1812508721
1437998644
481479487
513693765
952290417
1941376515
2145134932
1067209163
1117440584
289286537
1455077810
1653606812
1029930226
734050022
1621809273
1427732646
1609548324
514308186
271269418
702867917
161533381
1294148719
2060183612
999072753
175637167
970619101
182647408
337524647
1424823975
371205600
915304107
1089849048
1809204244
1396783594
1603542814
614011013
1190676461
1601194098
1681220177
160633398
1890480635
988814339
1814240210
772927213
1722864361
1288565835
53176212
1184929037
1802874022
324445630
1887796954
1964407403
1618594349
1800496918
815996508
1794231516
623632372
998643916
2131756163
2048456347
1369849516
899576623
990821747
1031570113
148876569
446880913
1645581126
1339553031
2048075011
1179317655
1500186429
1791071998
20648347
1166942991
416515564
1743512708
308025179
469691776
780958098
2110899201
794137406
521271404
1927822956
265248107
174284675
596335816
2059479624
797917047
1594979732
2043752139
698889746
817345600
795845114
1689711493
1848915713
944721684
2136592407
1347013192
136791067
2037183770
378847199
1636977496
1680772121
399495546
656436839
2097287685
2143008255
964462018
419495813
776482705
927877571
1213633219
1297754109
708216879
1478881326
1472038784
1304552695
1390877302
122472183
752048779
1287145794
821361929
1569394380
2082990908
363589775
1270826445
880228944
352698534
470355989
1017020011
242398656
849203189
506513859
1923170777
1248698735
1162950699
1872974814
1244223342
2127412717
144986979
2020706047
907806641
1358620198
1170976509
1616023520
690017877
495531645
773092568
2080895179
618003829
1525141347
1220557325
1439365758
947052079
1156064586
1802955533
70394877
2036293530
8170419
540750866
905829894
250569076
1389954055
1412343753
26256205
491169143
427810804
1899231020
1735392485
407739874
2044217999
1608614885
1315546515
1255354550
632107746
784086387
1945372427
1127639391
1557178955
1878783958
1745643220
934836655
951857636
1037525331
1881888734
2107922222
692997216
1952283611
1996732104
701167636
345550830
755078350
951736712
1735504885
19938456
977992917
79190380
447749260
729740289
1814582866
855489134
626474641
1275714103
23552001
1881829191
1907821849
807638389
1679717970
887977592
217333696
1411018280
486137165
1152170351
215392268
1523662496
886575438
175830842
69176064
691375401
25079299
770343700
1036926231
780157649
1722080412
624947469
800096105
552589682
704137849
1247845366
1282329971
371237067
2103334500
1908804612
1646951170
2126886502
1643150155
1407289371
787041243
1175384477
147783316
1004374939
438919110
633920481
9061643
654311378
10099329
895637081
830142221
79275393
1587012482
855221520
849619094
476455066
1635379169
424215858
1101402535
287991627
976805540
1805540384
1535836993
111651864
29293804
1491687845
2020456476
1676244974
1471090699
1516122984
936050698
110648294
544023813
1083834014
1115023234
982942923
1717754495
1124084877
1637254302
1727853824
2019721958
319912875
1807129217
1459250792
1175134395
509264663
1935705858
663029916
933480522
889624745
951021543
1910286062
547681482
339374888
2021937926
576975286
1831062734
1894910755
105736612
1154669785
1263550091
1041787310
1265318080
1807573904
2125621324
232857666
643033180
1695892171
1356942543
132803834
1276262347
1229180853
452716709
935907917
540947997
1627851104
1445172580
329170208
143397372
231169454
1218794953
1094418916
2141455517
1766476435
1433793804
2015909795
195968073
1117372890
1763336902
301704686
124559028
879403345
1343491996
1389877108
539493602
1321629673
1622734774
1182526782
870038196
832193669
1315330616
2146300544
2061374522
1768047325
934724813
454838871
1248414781
232413745
784009079
1391812153
463583200
2002804033
338747421
457555069
1621796820
1772541226
325981216
1817764894
742430468
2089318119
2119469580
866989496
821237816
1315477928
109382956
1360731418
489623953
1732117730
395774552
1359662150
416827751
1711105168
1358479046
330718625
1331668845
145720211
785557497
432599978
378133956
1569566576
1824412132
841717156
1424886961
15675905
1299272225
899200134
1788217131
1625253442
569481380
383163952
1567087913
541467312
1250153448
240842081
1856945240
1359536405
1601573500
199085546
944170487
1997348052
1558747696
1360998239
1560969573
769743094
1691716864
745154770
915463305
329790713
1177754749
1293597261
1899357290
854683233
2135314418
1176760603
870359138
1287102995
2075960737
511092622
764872789
497958469
894256574
184477054
1039425781
2144410022
425319136
748887374
1356462779
2026892636
947972920
153149619
1876757040
359236968
1514147858
1290242965
1128980062
1058381074
2035397736
2044443367
1388171788
1065668837
1190556980
1140045430
1920352070
1178387750
169322385
643227560
318007098
97799475
1154320182
1082879887
595757944
2048576756
1267356942
1635183726
2045503131
1692676078
236587452
1254482262
1572085066
1184560372
1407631881
1301358458
1543797340
774296091
444117776
525293754
1832677166
332031864
422253473
1073365306
1397700701
1612810453
65927088
1170569123
643714556
235249473
1813796683
961721654
333048948
820633218
2044601541
928806893
721726326
1164474835
416506971
619745809
709667265
653094423
1874228072
134268683
1837654795
1134376305
1435627142
1233968487
1908672397
1879744918
1759262241
1593865915
64293134
34032066
519747573
1461993835
1646842519
585674661
485079310
143073427
820924134
151392345
1104795081
1153973083
972025563
1001912975
2082779976
1693751890
18904162
351803299
166014051
728571428
1004897722
2040242123
862840111
695068869
1027134781
150983605
1929037356
788323530
2030728523
1540815949
234705797
2095021657
1574848015
754453370
1409531844
1074206886
1340128031
1894611154
1217280314
13568517
2046003500
174591747
1167541600
870545415
1176504722
1102837928
416813657
1195408885
1454641227
582827709
1923980313
312055301
475586184
639336776
1007124170
1502720965
790320382
788677878
143560847
673565257
182010179
378266644
621103267
1756858194
1132720014
2030635111
683581433
325364397
1777762618
1900861747
338932915
1676282470
2075453494
1506474515
399344237
1104474569
461828796
816157895
152399806
1916470023
1398985604
2076380119
81041677
1874571788
568233247
1088165847
1229809106
1358553629
1876843726
1373369953
2032118887
2058853905
1751636598
505738506
1668228452
736872964
388889969
204326237
1062237362
19168939
2105187984
1401170277
1695451409
2033157830
760161144
2094795647
990148751
1221989940
763469894
1142548557
990976316
14971850
1071445028
1072017993
1889543638
1639678276
12700192
971869096
850748257
1889543918
197755402
735383496
1800914176
1949392000
1241122002
1321658980
538781316
1630011972
1525985217
1601018678
1649180911
1483689553
854705307
1197148673
1369363735
1614866452
1144460672
212028839
689372744
1907930566
1354577396
1680349060
1922902416
278538777
604883405
1664962406
1918217053
617583598
489347855
621481662
359643868
687103257
1356865159
13074396
489011609
450503513
1334733376
1027792925
2080515485
713234945
481327956
1582212749
49440850
1336033263
631877774
1418804586
803416067
1776338446
1630833425
1492788812
1536785364
837927173
1025654224
1312204132
1116465950
1630537630
829682890
887199355
100637580
1319030745
1508681018
460281448
2006134002
718062529
473355845
347661963
1168566042
1808089221
1375454889
1101597880
373840519
1856782845
536326981
423281369
1045332460
1168204755
1842085955
1848748528
797059553
1325435732
1194053692
186361269
15879258
72224268
1498565401
1132345208
1702761898
180764643
2019544564
1803399478
1499795389
1380741934
116197279
1358445743
2098804463
589553124
1706107707
1119886857
250158697
934078948
74001089
623999216
643378145
610328070
1047280586
1688710605
1778532825
741882893
1389975485
428108730
2067318626
436545529
614469999
2083197884
508769798
2113035400
1068059444
64048048
146316396
940120360
1867447527
1646111785
173378646
1983644806
857073880
124699461
425714282
415697939
1244586319
675872979
1349776887
1318587408
1299872196
1993155032
1928915479
199669134
1534381990
1559964656
941552027
776873827
1988073387
861387005
1213419357
455059738
797101241
1722189155
420611491
1865160686
1786237203
566927887
657797398
1506201082
65556024
831176045
1342362240
922629904
955875506
1768076522
1338327844
52978177
296465854
540621083
1371565586
1596338050
386292468
1152997417
1796007184
1920674458
565478425
590075563
550064637
406068164
1451462569
1763483994
861127903
101080162
1338189501
1281739394
1966240848
976943057
1848667281
476554599
335660491
1914223305
1307730644
1678022732
689369561
116122502
1298615606
2027697405
169100680
1595081460
420834841
1540666266
1043935862
807127309
546180035
692459398
580318119
1111658460
1282534962
1130382756
1517726625
586513883
746383103
231370880
687594045
2084572604
1513110274
506351246
914032013
1214293907
982905845
1249692505
981033564
143152841
780231589
1670403125
259275343
2078847195
1550616883
428376023
1526445008
1971451724
1969042289
422897222
631095385
367738676
1115356621
1211413504
1479397137
250407935
194312612
849640114
836921818
940695715
1081010994
1524515863
877784672
446637620
2030867109
1791816685
1660931527
866289306
894025542
494481443
1009442147
1674257131
17400920
1268717491
1605620679
1568017803
1697093514
984582039
1391985879
1518652156
1407479261
2023081264
1886390832
375352234
1087011120
1218304321
625760169
1281323733
2067944435
1462681987
74535800
1001471781
839714203
952320472
1448109401
723097664
596653510
961557280
1589386971
1490679052
1456038723
451345470
1017452536
1473439644
1720062961
475589567
893973799
1269672828
1460171606
138476031
640841336
720167219
14073647
379748520
1095519454
1101084768
1598052842
1721279623
234924853
1518513629
1036477963
309460653
372501763
1876192166
1261781126
1820611164
451806182
1858434636
634684797
2041193153
1201630040
2090723520
345054976
71598928
1416679516
2065117937
547188495
163169668
1187307117
2007360101
301645699
1828148453
580043673
315719346
60413326
1675563127
1416804114
1658466168
1249359102
1651728967
1029496149
138353417
1961189621
1401997912
2014545583
1075487099
1075125429
318868118
786438087
1709810226
212577623
1988068127
1653050098
557632599
2059667056
922245967
475266889
459371903
1085415635
1662574006
319248357
1387061334
1343238812
899292030
1702780680
1403652138
427371509
972101147
914634658
1676730611
476346466
1944130807
1815084029
290052439
1198645072
1682145964
1365539538
126286853
2001014082
4493977
1836097079
66108058
1992562105
1341663529
623740657
1904745513
116425848
1099007546
216633768
1201841483
614097905
535882125
441419169
1957336717
1435174155
2144199850
1213505207
1862545664
968817349
2128139865
1391792628
1445163815
1924787024
1059393009
1735216255
975948448
594055325
953272145
1102235301
447585760
957766123
790848732
513693818
802844580
2132512262
1137434475
560106445
101454462
88958374
776740213
1303295946
703056279
1312622339
1744715115
512909348
600312846
1741431317
1726414555
315374863
562765018
1707070772
1707167491
2007928834
1484374148
619076852
1595661441
312838949
1213132177
401449938
1415074250
1660717937
1359216061
58439335
26928107
14576993
43467949
1164362583
574683438
144922411
1253320957
1351423652
1448218357
1956377236
516562343
1045449825
321802936
1116875189
639397494
2048217491
1432250052
1202162513
1607804615
991933895
1062607699
944695115
1611010747
510785492
1257534064
676659277
912235430
525124667
189893566
123967844
583564002
216821674
138544837
627031951
1381184257
713228276
771954362
487021566
2064651928
72689072
295915154
433730623
1118138897
617718090
1550605812
1757536391
518451933
835372217
812215256
2126256548
1827306112
1874822955
923468015
1290833212
238124799
33518432
1967492489
1150360230
558643099
9902407
1274328074
1142207101
226724081
1412872911
1769239052
1607908338
2126101187
393709766
2094929904
2043269467
466398838
243361410
329516442
1584537735
861079500
1880122255
1194590479
1379531433
568010824
2006805735
1358304333
247833288
1734145043
134288701
1538666500
1972269842
167807133
1358675341
975146424
726450232
1368577749
101990850
1868657333
1595301830
1514863762
1490412737
1055726521
1493481301
1884122503
1003172777
1389267121
203037694
1246534188
1718783563
1787575429
2107613688
1451422170
834682260
1339661474
2019432994
694004348
550482159
119782635
280665743
684770860
1658449135
105451937
852577993
869640829
1080598362
1579028225
90734930
1182589212
1300201910
1686036760
549969326
643130999
594279633
2043450628
379769855
1597452411
1285234101
582807549
696502951
856534016
222899330
656632991
160472539
1057581591
1996294465
32421885
1751585939
399292977
152204520
2032251682
1084063837
1810653656
2137703619
1936641831
532810837
1070818333
1368186408
623545767
105923898
520904671
162098879
655893224
1164035670
756378513
551860204
1543805525
206347276
1837094305
2126613074
902850227
546144674
202028757
1559483218
706617213
1259610348
1408294036
739039098
863712639
1807587013
891243619
748480673
744167202
554413627
738700644
533325385
1087224464
1809518978
1901511794
1710770231
1915442876
274932817
1872869110
423852452
1438968487
481763975
975712657
835290365
688111251
665323314
814419791
1590961478
1211467988
1016448548
1002961049
1918085201
128575248
263771437
509640652
992287887
2071358450
1400884271
1740768560
668042004
1955297898
331985557
1201367390
895038714
2141504535
955395536
458325297
1909463763
1230328353
183710759
185832567
521813192
665474735
1161545224
1357103557
1353585986
1826868539
24039701
797063817
890852879
1040488249
1800024866
661454433
1169063498
2063796303
1171095085
13867737
1987671105
424495708
1754636298
508229461
232309958
2086621855
1709596851
1127348672
2080642742
517508739
1585673969
1842622857
1747837092
1769384728
2028455424
122166637
287375815
1042517001
1479270194
1640961802
721901892
1503309895
290541971
1612754771
396314497
2090566837
126725556
1565377995
2006879492
1297820641
1579245732
1847066949
1722316349
1186398382
207812762
1954626307
1125536589
1917409614
934491331
1058695683
287434705
372681652
753834892
2035271798
2142066381
634806669
9954787
281958548
1677323670
1489224981
1922920350
251741914
845051229
65978673
1864496685
1241365726
9061862
1991222242
659260073
2015941354
1141559235
91022157
1715524655
716391937
1277420540
1923337418
523534596
255473481
1693263384
1458025928
1314169165
1980698089
1830707580
2068004057
1868486239
1825290313
555327078
1878441026
2107248862
85167100
1220182360
1882685564
336909014
2065233589
1948664238
53922052
1159115667
1957726100
2045144294
1818375740
1826183807
1039219881
1909397897
1394224814
1755611818
1039334789
1170078584
131662767
1294808271
715858320
1589688695
461493788
549072762
1272912627
382014197
270075353
950719293
937341276
1032732
910484507
1022508376
1221215092
645686423
1359417391
1138965033
446867013
1413339443
150597052
257109466
1311000089
1968972792
2083293273
202736322
1730887041
1330034439
1958348141
622738183
352629376
2090010908
1917546454
1068487696
1532215955
231556594
1617560458
657644934
613570791
1887635812
1608364227
1550912067
1888668544
371365086
425936796
962399988
1017051510
1785354187
2101365021
1463918523
1051209982
104478425
1721027989
214726423
2073451217
1656837614
417462745
1656854610
839388406
228327238
132109145
1192017782
170854498
2049655599
113021830
1703070453
133728545
1730582289
213231740
747299337
1470734453
1821595967
150727756
1211919349
45477406
576664552
26835689
1062528916
214535091
2128200710
378963791
1265745073
85195487
2099991781
1480471496
11163056
1609345747
1897934242
1668017666
301250505
2126261480
1800126812
1493268287
149632331
1702298763
1606290118
1852702784
1836027309
1189388759
2065934524
435842998
512639564
1740046844
586570754
1724558913
1785524250
1163235307
1751394602
700569518
1377770398
1732111664
1079533309
496031824
1817307151
1032041442
1976503320
1828470207
493903542
1726953914
1349004225
795154047
1705731747
1001647389
140938687
1855364078
556462505
1747228805
1560583214
245006166
789133916
1479034091
680849164
1301773480
1071597287
1267419918
878848745
709637889
283171577
482759699
1410207407
1660941976
67387715
342257068
9490152
1884694866
1374298511
1985993472
1565681425
1868202053
1565463739
767202002
515872452
1123711838
1768849392
656811139
831592268
177828249
256556296
244691834
422834415
1045690212
1723725925
1103683579
199980044
647839564
223619849
1078828789
1357477453
506791427
1561588488
620201212
20249755
1628976203
962458281
29739907
1366187421
189273144
2015733379
784385198
2057475197
1433713470
1551587201
425864001
409941660
1172952945
1082675141
1241533928
1350781194
1339231437
1486225763
1773615609
237438002
1062468040
729815540
437418046
1710307605
953435389
1516246836
920301410
1460226816
930351676
1540502623
1480476571
411844232
355477256
1510216478
1778031653
544750400
1378466210
414933204
454741949
664696032
1966520405
880605950
1074637693
991989702
1963281091
168687973
195287248
1155028881
1654913736
1968902857
1392466883
569898129
551234749
1829884929
132722086
1504670138
1198648117
1053023496
817413307
2128999794
446042471
150406230
393360378
801519727
1660622709
23908383
1346270127
891605271
438841587
1801012076
1556301303
257878344
534134379
483455348
1249868046
349931822
652143322
1445155294
1504960703
159573410
1266574503
749943938
729471539
1817809252
432345220
862193625
1174995743
1630993337
1915217122
1992409050
1612509483
213775945
2142815280
2005869861
1015295673
1655954341
2029778245
214082152
400075964
321136184
2015094229
1956377268
579014529
401744960
292348968
1828882575
751676782
944492290
1126554222
109153838
1104065701
245645077
859097776
1833537240
2063454330
1291442996
548247218
1090966425
774952686
315980692
935891827
239978521
529756637
931223459
98364735
1545052310
439694153
2128142980
1759134463
839770117
301795516
1626745044
648663737
880810045
2028490004
941012706
562208973
632683138
1885504996
1688763195
741836976
842087049
1934408272
1600934753
528140642
1850378954
744894101
1076387860
793861731
1519846787
1392368552
1729753558
1759825309
1922125189
513493370
1858190044
1319693852
953187523
1838849376
931344667
1792957640
2140644892
410606063
294137730
873971290
291612419
1235150436
1436180263
924295557
973171784
977459810
1666132534
1815258834
764384434
1119583639
195915828
467279741
1864477740
1272303688
1261141472
1236840880
517188592
843411383
849182541
291830133
1356904753
559888937
1611523985
162608628
251254665
395385004
1955566268
244415909
805991067
102220350
1118387199
1097603486
1337370786
407083814
2021899044
163058923
1384543624
1540547930
1978317757
1444411
512647921
26749937
468724152
229642013
1299053625
1729865624
1466482893
1816242217
425793359
168181786
2108072350
1782698112
728070723
1572112688
1945306740
979325388
1967497692
1753389361
1223741298
626005112
1855609711
194644849
1723608598
1045496850
601728664
1598023994
1208555773
1986272288
991088276
1039389882
1987716699
1503736197
1066139819
308957203
1733378211
217709796
2038822828
1052377456
2033952013
317132539
1220559243
1994540715
2099830652
1948629966
1419169755
1897653744
780471707
1239183800
1503559457
2004213005
1865188912
1211685521
51374206
1441313862
109698723
653102870
891854209
1318254496
491891511
1882942485
210160730
332124562
1239195035
1276300549
641081766
825089598
1494010345
532420946
1877467054
1380478710
849553485
950542649
1227535777
801900489
751688968
499221885
552070586
1532160675
1738405685
2055630043
1388890032
1456110949
1119831916
1440264238
749941163
1229530639
2093367109
1641795372
400301487
437774972
1377254210
610462217
769899534
468965597
1886762766
1410981300
1294055195
1233289463
1943402246
1024038601
466284525
645472084
1974581251
1693820303
1447372573
578786571
45558540
1999443159
2110947246
1783964225
1907589555
1352353630
1092591526
879937823
645134220
1842532689
2109468463
591017681
1336844414
362286302
1028792653
566614976
972748520
1798692188
1035580573
712027638
1062189840
182152120
1945317102
858108439
1206190721
264117979
1503580523
1033288324
1957938282
803469448
1612074895
2003496822
655428960
1575538493
1639977399
415534867
780408475
585085277
1295472690
1425542696
280134319
1257457505
2016560377
1616978733
1619743808
897869383
36110061
445008680
549077923
1071690634
1157036318
1611267763
1253842754
954869772
321892554
312549827
1218987752
1825473077
1345838152
1029442386
481458878
810429399
885455561
1136887838
238484245
377949312
1552422705
1018892720
963034590
700411747
296951768
1243168909
1957869253
166028498
712663994
1430129413
1063897881
748774055
1875138093
1612975804
1820464689
884690763
1076759919
926823795
1839560536
1398652474
1239373622
911064640
1076641903
437728126
1940507026
1558100781
1248157526
678478939
547504971
1486641771
1056428252
2099927676
358050843
2019462842
652855776
655002612
1115148103
463241381
821031110
1827812097
1893370794
1884928991
429102504
1621025239
1350421147
102083545
358232354
279697418
1028907340
50309242
1678349892
120797314
961373882
607508148
558525441
754397261
18125281
1806682967
1432876200
565630253
1145841090
341820804
518074281
1503891933
213799998
1170930057
11410897
1328948101
1634171438
832442007
1009276550
1380058584
569887350
1438379054
853600175
1920308497
1540462599
1211832530
52522268
421886291
1262141772
1730872160
542683606
76032007
190896660
1101209047
830429268
209021942
760408366
115821820
774652195
1906249456
457642625
1292726476
1262657741
671442623
316172886
1274068639
2000390725
1950344324
2106510646
862183627
1182919261
528914349
153079034
2036519436
301739198
1693541633
1100868318
354261466
2115427925
215526443
2085133627
510627883
291558450
128546639
1611836930
1121987718
337568581
224761648
1237809538
1112220776
2131011104
1695452163
257463605
1246185197
219411139
573636491
372770188
72318216
376497167
331797187
934501843
1559416428
860711536
1087580877
1448452217
1162450734
633638863
401836887
1516712201
601583140
617363330
1454362180
1112211023
908921780
1582908819
576564305
2030909498
1920477401
801325953
1121235389
885214529
784853409
669203904
1142678134
2031038606
888615043
1716314625
256325147
960933259
2092811793
588122334
1895435103
1504744573
1448833870
835532332
805713142
463800956
1469171195
1207550030
1980513157
2070754335
1824913360
1287391689
1035481710
586351493
722816861
1612046015
469777343
495810614
265888320
1591012732
1381025143
1050741729
112732989
376219630
934296688
1001348032
2092534255
1190621835
1962281292
2037862400
1778744169
1710232747
1395123326
1080094391
398281431
53352820
1543895347
1867452627
1260902850
1376924857
1790723314
938332563
516832898
678721377
1524684056
1239649759
143283744
1994461399
1735460373
409172065
1437990484
969001869
1459913794
1550723473
1345221499
246726834
404587857
1290272106
1437348669
219385501
1180650859
1068609190
1929618248
428290537
1219933
180416032
481643357
1545115281
2047868659
1742546208
774556490
1691108325
533395123
1291389388
222346054
2058079179
383555500
365629799
1905056930
2119015873
774801864
1195563766
940534094
87232010
598803591
138271945
333958845
1003391449
1428544052
1771307514
1222776950
461711263
692433057
1004911551
890001800
693652990
1185327583
1371645157
91284623
1085712594
966707717
865841113
629337271
1500102840
9746854
851683326
1410698371
393302354
1217313125
1168271654
364834579
1992114989
216351772
1305368674
2079346999
815155364
1443640619
265822196
1818546813
724701023
2037129711
893840115
1186412286
582079120
1898751666
2076414086
1275732110
936595601
1300575596
1367016734
2022308195
119799665
85374199
504161819
1619902506
95121053
1355845145
883117229
488423407
425674622
2051388883
853257987
270305963
120257008
11143013
202169314
935412372
1454783632
467991511
606475537
32001008
357637574
1500315652
1218413294
939716694
1251583671
1147343733
67965156
40695624
300435681
1434981890
2063003820
420235346
1520356090
419681991
2040137852
1615477143
1775527136
775771434
2103900551
53718110
679676669
809674890
324024073
799933677
820817903
526193387
1735346049
128117887
994184898
194337938
160118895
1351822472
1694653591
1378532190
144055518
798753614
378392275
212020675
839449238
678827956
1647002565
754969410
1099063302
1019875007
1174651401
991717507
487868503
802694889
1767488941
444285406
856412999
299681962
1253960296
1180437072
1099615640
2074778199
1706630460
687478041
55412438
553331710
881815980
215531334
1905154183
428985923
1594063524
2049209701
1227739537
1972455799
113746728
2067188775
503800107
1760749294
674674538
1602863409
633140653
1849325939
447097268
1121009156
504537181
67102561
1565294562
1360950180
366784524
671771210
393903605
1466400164
599065761
2100534065
6394557
654478200
506382127
888210537
870009534
264052662
1317196460
316589410
165778716
397452349
141561561
279525444
317157477
645361668
2040274738
991832015
100741429
525931744
693674306
547838698
1646940900
1198211487
614941259
1064751815
411678020
981725783
1736523025
805581625
300642299
188105139
758632042
307036857
842583339
1265014169
1195247394
1712592873
1529066832
364960207
2029182283
1694845548
762412556
23260196
1974370992
1079570033
668621864
1867162083
2071402048
769363293
245610179
617592707
1317201991
1892551079
1815804194
1932143251
809819246
79998566
766385386
398858624
885580191
1067027686
586963763
1644212233
1374064543
1429547102
761742755
421828289
994656327
143325939
786788496
876354962
1838171487
1549201053
899615158
1665058831
481287438
1568237022
1384737266
405205839
190116667
1630347445
1022798546
1507318659
1375414877
691119092
1291978262
37750475
771117659
2058363648
436609099
1656697850
977907686
1023572862
1153426436
204488581
305636316
1915169191
626316871
1300292643
2058495130
1413105367
29163957
1749182969
814822772
928779115
1266758152
1296110211
349532489
504011771
1701316050
539649157
2134359216
576630948
2046967816
1362290445
1267750040
1191462430
1400040921
2038867699
1102342430
1836650020
1548081902
2080250117
712739235
554024690
137255050
1018375551
321710233
763571921
171184547
232721715
29193641
200348504
1981904684
844016413
1129127620
1101179188
2140126624
1478660109
1605190959
1693959026
2018309266
1592066528
123106326
1917793434
806873325
1390856367
961772216
59430598
1282240418
2064114647
1896080619
682838672
1996881116
461336206
1236863362
2134136166
1479711757
1558573595
750224440
1650896304
1791295310
779418081
1851244809
1625716346
1623434494
832888781
579411887
1616077471
164065242
37119198
1162552849
34890861
1629185726
1285659176
1952684295
288575404
529031895
766972864
348006002
1811272313
683603863
96602973
346627338
533001331
557939179
1583490700
519653849
2037650937
994580648
1269878289
1541063593
638392310
2049296370
1244824754
116625009
1525247217
2077713535
696036896
993841040
94295130
733156094
8910241
129185991
214858173
1294569417
2081870286
503433577
1823601312
701359502
851439579
1487389978
1384963365
948042553
1834017316
1917964696
1505981732
1270024368
290134898
1396149021
117121368
1560013187
789728967
755513679
1461825910
2034553721
872138688
839589479
1964783609
1568175584
1833430519
2059078739
153848030
1842340760
40781082
368706203
989426530
2122651368
872139780
665544194
676527223
1723579360
5450524
2061490588
524138265
1839467840
1831971637
2030119997
962008561
2122106535
1278785371
1079129929
1534636074
2068514338
1834643608
848978336
1955584411
559298648
1688567815
1772884372
2127474232
1374514686
1684479463
133838615
1069371799
1725260545
502544818
2058798329
1700428266
1374684599
576858875
229471841
950780311
582309400
143478781
1474918576
274293592
1975450418
1357554925
1236302153
1950073305
488856648
167948435
1337225732
409887338
2002592043
38720420
217988102
414407044
1727288236
1990872474
394397628
954319274
1527868290
528236243
2023691073
1105645187
1030781062
1935005754
658589805
257982013
364380982
888061646
1208762324
946690382
1031540428
536197252
1220983974
859507198
1893752177
309802480
662096856
235125178
477750915
1999322588
645012516
332859310
2038043008
863000618
747266354
1617847596
706389445
1141663983
424683223
86774087
1669900226
300890648
1192419274
553197640
88412755
1851009080
811179653
452793737
591587078
2019941977
1399484119
1623127506
408655581
472984445
335151057
154924111
782786925
997247913
390049289
1260537840
849086853
1035061805
1593397151
739646213
1898062424
193179857
210010162
456968221
1334843840
634693385
543742308
857260419
935584033
1736161582
1410458059
1023996788
1439687014
74154065
1476790525
2031274093
2094096042
728790996
1506917951
355267976
1201775442
1842069008
510192087
1984562367
691833273
900241376
1097616560
1540920126
1935303181
543530063
133082692
1685881957
736709920
343092854
2142850178
2071553761
977786239
539108838
781330532
1913370272
127786773
44304943
789883413
1567473787
118459008
119190290
1451264232
65071403
847981287
810698536
420339379
2049756729
505283896
930531466
1886835448
1197117170
1830772842
836968360
590553648
1618592375
1380498423
723636340
1156990685
2117208344
1066729194
1152357215
2041278457
2044515433
1691466054
675125341
1810402058
1819252827
719430284
452801823
1239242966
837889293
571992113
543023551
902960696
1419973400
1353722087
1323300075
1322246481
1859005983
106347893
1061598282
908639505
1937120735
1898566642
1499193154
1408229462
1131581418
75345846
417736499
1101306114
1142075041
1570093715
995100923
1039106826
1114076121
1670226264
702025236
785845300
242172900
1154827059
2025088266
1080062193
1726819173
420628169
1983022889
999308925
1774350256
1158839316
174071759
1485872592
1265187209
1235670041
247028449
1054824296
986753035
1746221603
315570111
2118334453
1821567450
733306610
1072156919
816158843
155916677
2067257842
1855265669
1269992798
1590000458
409807258
2055838098
1832173359
1564634317
1933442717
764751904
1143969842
206587238
600291146
2143278768
1980937495
1759130462
169866879
1319326439
876834024
1405536920
1566354888
1931658320
244806307
1165092844
99744783
215657113
839176646
833051394
1287814032
1655335489
988968071
1207588227
1363117510
111477222
650105037
1772924768
19831672
334794748
1190075438
1953274389
1099546653
186561632
12377980
1699837799
182356752
1993315475
1311484613
352223631
1165158266
40834989
1757760551
584029506
1972493310
2002566859
1749122350
2072238093
70740324
440815348
757805839
1358554356
2096150837
1746773911
418658935
1311784700
1858251133
1068763973
937225820
1878082805
1403558721
2127301258
1683873547
355621726
166379243
1696251527
2055459525
348735995
1542083354
1219460491
700959627
559757972
1260295480
311236530
1143787478
1085305142
166319741
745426181
1010059588
237060065
1186241529
1767865427
1595614422
1134908719
1367155690
2014273357
299209771
1077923175
935553682
1236435591
808522333
191628756
1216253202
344912232
547250482
1382632445
2041163759
455226360
1731368440
1435763465
1674686851
284844419
1995521437
787498683
596080950
991825267
1872803826
762400691
1737251448
735379766
999460757
776009330
355761545
447591531
1910918049
1722917236
314381240
62644172
653356763
1249934923
1299079763
1461879096
1441563679
367849317
1806791328
1988814161
1750481762
1700471439
296556873
1334366555
988751256
1971243724
1619210974
836789045
611258760
67808276
1828614313
336578938
830208968
1418382113
1071958704
1829669725
46907795
1427720249
129777608
1957825844
1003153837
444158848
2020470016
1656510601
1694093771
1172066132
970906049
988173802
1539915449
630213730
829504316
1142913564
183201521
1126061189
329796471
1171952778
949821266
1949007445
2008741823
1561080026
2016815722
1689872488
1897658964
699541042
960770954
822134020
381727119
1007678749
102370621
511504727
818020946
1105524459
955663575
691007314
614551412
502273699
1863073446
1585457461
1490447501
1255505248
68187543
172468169
250935164
251389065
1298529359
580731635
1423341843
100866977
382255432
1284600018
1661947003
251587506
826988859
1412122319
951128548
1787759813
86772691
1332855667
647954914
189143312
1844360394
1465975860
1294667771
652540322
9499527
1909219183
1154814021
1872572973
1347192997
497777874
980594573
1415380540
670246044
1231529737
1666769605
1968775403
1812261372
942627800
2069642380
47033157
79744171
1584105735
298620663
906733030
848744406
1249749212
547009195
935517097
435121231
1194964109
1124660409
131997978
513456322
271844533
784538300
522955849
33580068
1939352321
248045174
1380773065
289646547
1228639748
648669958
959892591
312685837
167955915
781184346
2124947210
1110583716
703343078
24496719
1190327887
139965165
323117382
2097060917
988709571
1572866594
496586464
1924226668
2007987826
1691550573
901403430
2139985804
57523247
1173247963
777040456
580479096
1206828031
568909129
828524271
440117449
858555676
2057164019
1088787407
1818448268
222366208
1256743322
452148966
199829770
219843390
1155492045
224326489
1410171277
1295457210
547443872
1359748546
136683134
2120310466
1856335010
2060909802
1980814644
1400401936
814829584
1973316800
1457925183
1988077547
602873608
2038404280
1047421931
1171782737
719444903
1487539380
2030338414
629125274
428843139
1701303034
851491482
1685586461
5968352
1051321253
1905429852
1161460397
1275647742
1168117481
309433960
1823091614
380382380
446117094
1795918433
89233742
359543248
1629249429
1489635678
1174372833
1455082582
800077214
1014966732
2057956190
690997846
2062388663
1082255280
1410442749
1402444395
965110046
2039568023
1831287534
518929432
743575857
1369390348
524897784
1794897110
1127336552
1686358182
923061205
147970385
1995792142
598669171
528352765
294425588
247103956
617586508
653968836
1876353386
2107222186
1828341669
1183952320
759815752
695824754
1094424862
1450813598
610729769
29196494
713772699
2013174165
994306540
605857074
1696978051
1513235972
1349432932
918884751
2038133757
996846394
2046221303
1577008291
1919907599
46708041
1425316785
371093123
575060806
1719742373
618197079
1192647314
226227561
347066817
1152385853
2054569231
1531019137
1912201605
602910337
477960352
1215531556
1213640106
507156846
1929304255
1079330623
1501463387
387677682
628825027
867215711
1737110614
1547709778
757865820
586473360
1446447434
187390463
358897312
1493155475
1612707248
729990435
2068216281
1184965973
1348187514
1113379948
1411193535
1695254332
118282153
1318279118
1078789821
2030483758
1921189455
1556750173
1098531666
987345913
2063907020
880352274
2066676537
1417886759
1268029956
548017916
137618822
857656922
2095727694
895484643
1444130282
1394691480
1082875106
1803027594
740363307
548098707
385534381
661095941
1733064680
1733721896
1774475889
996774567
1281492580
1892758042
167570037
212798753
1775758152
2088759492
1769548927
726806171
928621758
1685972299
1607158445
847814647
956375410
727704753
1395832563
1093994232
1585361675
1344076609
1989478875
882008309
591284442
924870334
537552256
1331647749
1472969041
923086637
1992743690
1058550073
509324885
1619735931
2055324641
1790817465
1365010325
75411030
2003616219
993284830
16686875
1625681498
1720091001
945308633
1164170149
1179765798
1793123280
2120545559
1907470551
1041472195
1067056143
1345348578
238065156
909051371
79873239
829349598
1833921705
617425495
13513700
1159407098
1540512133
2006257390
70473523
2049837018
1478509674
2125798164
1693170836
696036351
53725547
1549303407
1689321181
70412422
1027501257
1261928534
1015721055
44187758
294210684
661360687
17249669
54197587
1702832882
1084305812
1399546165
1940898038
1993357183
1479419405
622763989
1679795240
2096844900
636277689
691718690
1489873385
495051431
762192214
1392226756
1973561105
740506730
937913944
522113809
794232277
339733703
63951342
864644699
1367234960
1325879877
1880365754
1411422718
1620090561
394242793
1428672387
1674288149
2097075675
365494551
926350666
1890490066
211368087
258286423
365770407
1891163327
207647676
1002048096
435398370
1697521061
1497099527
1197590584
942264169
1323176985
1938097314
1880178113
1845290794
584845944
72428168
1909242136
1449490643
1439663128
1087638365
1182372750
703602198
560245279
1576615543
2132274585
87049780
1526207571
350285489
1013400446
1269213989
561653576
1271686870
1634984396
305333255
1479334546
489548844
740731625
1029371959
1986648371
1938322209
1971636129
1162341708
1728935876
1704330594
860148854
166298172
1776758763
621907343
1615788815
1068938243
1709545708
650677917
1772540442
122307339
79809813
1757331379
209357119
1606017384
2107616868
1222757566
727747725
521786796
346960788
215248473
827120052
1826295334
704797317
1567851677
708183645
543962040
1358690239
532336126
1706303749
940142467
89183073
418968955
1106440639
1865941836
1040876298
574745806
787396431
602938359
1225423724
412453225
725245698
1305233537
22300957
934602818
763767273
2129917825
9876736
1491514998
504220974
356837524
1706763471
1331341026
35649210
264077140
751709055
743832855
808039180
2110399294
1276168982
366859281
903058113
1365352055
785828237
2009498752
1083810243
1826704535
436760911
1871206674
282159246
1662184635
136176252
1007404945
819934524
158477209
1942007763
1583701797
140911386
1951884499
927733147
645132360
161238375
487012970
1976473386
196887585
751090110
580698794
940720440
1559129290
543614440
69405774
1925988572
1446672554
1434757829
564333161
1308687658
371084424
243554048
1745448569
94807451
525713295
1260149556
230983703
1533118240
2080084080
389460912
1327642355
1516302229
530372298
1132043206
296551728
1175504659
1293281581
783564698
1004494397
1490169166
1534654808
1585193191
283405958
946300451
2128807632
352811733
724805375
1427996538
1787569562
1289138536
589200548
11170339
1532692584
187165470
105977790
2058405879
1447315026
336961493
1444040471
1379915459
726422405
624199178
748734040
1256794703
1756242384
1045285769
284815714
902040317
1828850467
1289310112
244725835
1216021628
727019655
528131794
14838431
708343639
880943527
739643806
2136340177
521029441
2028782342
578057078
532199780
1413991278
765222548
638177570
1324913510
65053926
975139063
621470333
1444969385
1701561468
1245669512
46219778
810872524
854428248
1091505547
1095688238
1756468566
772872366
237514702
2001194401
1988893994
964534358
381842547
2003732425
1672877997
1262786074
595892583
1661734527
1783815516
477191277
92307957
168531648
1891182556
857530505
806709219
1068612418
922584431
1781848282
1690082751
220070169
1335926103
788268615
266289947
2146798627
1642696864
1357795494
1095003217
1251681782
2130667860
1332517920
1105392535
1972078207
149568630
1487235083
1828326984
1822446627
602537509
276735920
1336697506
238869377
753927197
1429005463
407401026
497626105
139052320
1214110245
1566238523
1061636752
848474879
1108837627
1281706921
36917334
1897106242
1547996868
36232313
1392319458
758308714
1131235531
496517592
741492926
316269803
1601910128
566087485
465838433
941661563
246930822
140801412
1544199072
523666742
1477498919
1783068450
1277593939
759020734
42985828
1775220045
898073055
1257096073
1193974920
1959709807
2105570952
155328899
1093933080
2142488287
2052435142
494446300
31236952
1297270952
1252755014
1162472483
1793788545
1994247940
1478742286
1248215025
412851778
1944580719
42392940
659782600
2085382132
1586592012
1183449342
1415397403
1222176814
313559633
26934489
1265162642
2088779678
925007544
374775067
1135270951
737233703
332862372
1290599850
1831166783
327867011
1195551344
178129435
359103963
345338649
1430884449
1521576447
2139127194
1277648742
852835085
1239858571
1690500520
649932157
1282251511
202799472
587830641
721359875
1386248814
2003228044
1943536690
1699808447
2030162533
1061215684
1641104478
807686430
1435990752
628891781
1544920133
1768853124
1919491631
1228603269
2096720135
967559328
1406732704
308340450
1312897977
690133506
1829916897
1304541523
1967782248
535268335
396916446
1510799120
1185200492
1679167957
1713598592
1773031133
253044184
952363758
1628775529
49097226
504688557
1511454414
1110312911
2145793035
171657196
398820015
627201168
1716577330
20189491
399209152
797696951
2116909626
1366768480
56946007
277766428
532182809
747079513
2107683326
1836724332
567378113
495468013
86157130
2078177233
1680668505
1765325087
1644292177
1306215990
2018369271
449172287
787507871
2067466498
953860845
151478637
1030295761
952170232
323135834
1429115776
1579371401
2039713164
1449305267
1978580553
689926467
1418731245
1197865385
746872474
1696497673
1730048194
1493951988
1656697351
1419288878
2061330101
4681716
1505446008
1992023687
1685350221
1123287447
1488832216
844082563
994173070
1938004504
1631590434
914155920
744381701
1783069072
1944451681
1696551933
2106204906
1226083809
1128439686
1998434422
527905428
959536591
540877241
1946636673
9918328
1287749715
1495650699
1739966522
634218055
1004864402
1011771752
548064509
1009546119
369734112
392604548
547412692
1493021559
1881436764
1391495256
339710982
1671957620
875602042
1253866902
268855673
511187466
1050834936
1965407607
469908724
129435097
946363645
320859498
657340526
1905900237
861736739
456493551
1915818565
2002807
1952144250
1508301440
636220862
809525005
372589544
1184285371
1819071124
742323657
1576889919
219000168
87861568
1310843036
1610495424
427572550
835317008
338613819
1681439453
1104172682
849801285
584790741
922096641
1319710010
714225838
1868460286
1640569508
1371566364
1626876875
354822600
1828059916
1395211793
356825407
1632720518
756029585
993046269
294761875
1128619129
29847993
2113832999
1870942786
1606737912
185349520
1958804355
770097300
1795844944
238893257
1605414309
2134458763
1920332710
562103343
836776401
357639803
1484199984
9002763
1071865642
1205176622
1649572271
295948358
684569850
2004394871
2124008274
2079781643
213736630
1609245145
688327580
1206782900
1904007020
1816946709
1236630893
1870356372
1540405848
695885157
2055705892
1351726555
1465982458
1704067188
1590619812
923913119
1691042304
1363468875
1486016462
380335057
1721108678
822732798
389337820
645490672
2027909420
2038910091
941439031
564995622
1895821315
917963657
497293617
2109557945
379725154
1185621197
1168857197
136248527
855084259
258004442
2006604899
248006459
953889600
1914827143
1599733014
272388410
1471410683
1042869178
1196301529
1014969339
258854405
534834343
1395304396
1979963084
1357567141
1784642216
477970108
1237992913
1676068660
1419409139
1802988536
1424406327
189889149
152798505
1386480624
569614303
1338419703
407854174
705862830
46020314
665858616
564984081
294026773
1619748216
332327576
1893759787
1892136626
1803738260
789145317
940954507
671223951
1047999723
1475788850
2066528348
880479159
685872343
1703686916
1358449267
1923865257
1232271928
630374759
1579370145
509194607
820263908
1732168650
1895675232
1389878211
923104705
156045758
2095741042
969125019
821904374
513241475
1263151792
294168943
845569052
1009427931
38821921
501823664
1798573249
979776429
1173047615
699089324
308081631
1092092315
1579568483
993953975
648295584
790534102
770335584
1880567512
1420908861
202222081
242278472
93689121
1934390731
2137953704
1483567333
710011789
146515814
1431824727
1679136808
968420188
1945066202
794804953
1262589131
643151606
1804232884
1301411053
1144975270
1455322485
133703834
170539238
6928161
441785465
1262631553
1586496644
1435739440
1910927137
229547099
58591376
1644011002
1650455960
260813457
1886289474
1744145082
47720541
1876759530
1080228767
757732330
2023275344
364569846
289385490
844211884
162152400
1084190443
2106801016
805304007
740939680
1260728421
1950279277
48778517
1394432255
2120818515
55706679
1836217720
1235966421
1642203323
1124473513
999409910
1871750422
1183064889
495937264
1374722735
1443878347
234743090
971384169
1491598888
2111502620
2051612936
101847570
1987294316
268699134
391233060
684022553
430851534
1475423504
643339921
1236155541
68879536
1904068342
1038951171
117658053
1151016949
1012286038
