10000
336798722
850296586
380200063
1505507569
737433768
1282002112
930917507
1713001471
1196783599
1232845686
847486151
253346479
1126162811
992331407
1718198350
959085074
1067669705
825639593
640609043
1443034620
1813158662
1604437592
1084862607
1514063030
1452450506
1387143431
936485144
870703026
1051377943
1579209215
311353523
1388176665
282022153
691553586
746200587
1019455921
1973555698
1677118094
584973745
1022855650
762480133
1432459896
1276202129
1888642944
277307656
846916831
700244370
1344977361
1672556424
1340853414
640528333
1338231438
797807358
1725390941
704810820
102774217
965050724
1641295964
973477243
2016428667
1073021531
1284830766
1257121685
1355043684
1976384352
2003322272
227015958
1802456402
1532956718
811989703
677828404
147953203
96965951
1954030533
2036596147
374273607
653463716
589356870
1719250969
178536492
1930210284
212295654
1516767930
580533994
1937686595
74095102
683308211
755253671
1715391066
1656785454
624198691
640928949
794132572
1881320376
1995972634
623033276
1737159000
75504944
278006031
1122632070
887494647
955834435
1270585274
984460598
762381321
1159697773
1358734206
1415845037
1749054643
930501527
1594381530
1531781279
1142797181
963665812
2112315274
933000129
1037760915
648139837
1688253800
605668333
157441644
164968843
1246597283
951574216
2046289219
1095086269
1574607493
1635964571
1170591213
1852613524
611112994
2058085860
660964311
1881698268
895062810
1423345632
893912393
106313368
691707022
495483389
1036814895
138604904
2027264668
32128429
1102270716
1992096294
965128558
2140031631
492752484
505898710
598216317
650194128
670867554
1844813600
1601768344
569673125
792416221
1028892189
58154049
1963007434
734022065
669267043
1873609646
1394986377
403481663
621188808
670848361
1297394056
727502177
1362555383
1792877445
1764317072
1501160287
1672658466
1796445501
455947356
1517271112
614090411
448495339
2010023596
1119989122
1046711656
512734076
1790856676
744041608
2114502421
213046153
1536457829
995910962
271200202
1351981615
1729933028
940467245
1078107613
977435757
1343948908
1699296422
1648284118
493859317
279314951
863355854
139253114
2043632023
217032493
1811911580
1692593877
672979849
1181699045
159200640
1121475189
1044238993
1279189762
20703197
1556973070
922562790
764744806
1523991843
1135608944
153718987
372419157
1406809146
1505700603
2102352185
199792744
436324568
932304294
1543741652
2135620990
433104765
2037600969
267452293
1296460619
29370436
163600669
1513493112
1841282016
1856194546
38989314
875497413
2015395186
1160464503
1919736407
1147101301
1181167700
1329225829
2069664091
1945912506
705734024
1057789387
2099631494
1078153181
317114886
1457848449
1033021719
516907630
1894173017
1965326013
2060649282
1882310360
250947130
1950766604
2279005
1547407749
1980137040
165879674
913417214
1673935408
2022074220
952406528
401949174
1889985759
2112871031
174201933
889603412
1146555083
1503427762
811783855
944983942
61678138
1869573243
897131788
1139831319
39204481
207496589
25369390
556112111
2101669606
1990695404
469277745
1836496318
94158886
272560701
1838775324
1641566636
105214093
2004654998
407500202
1779149502
1879245571
1359906730
33615028
1621747682
1325294113
207816961
363867446
324365548
1711244723
1175651301
1269349490
1772922861
897740896
18997630
765270532
936945377
226494219
790639923
1493057488
180680178
633851679
1962335234
2017176496
728010565
87412287
1708468172
222093553
192626381
1565639523
629593755
1971775883
1297401446
1989500485
2005390911
771665480
1167310950
65724224
1135532926
1491676499
1776968947
163700579
613542341
1402408160
1061441476
632539972
20195044
1998386853
859034191
810834967
1343960694
1039714369
1444686646
1158812280
909407218
25213564
1246224567
470391742
247307117
1438850948
2036031265
876900873
1263143183
1185949063
718917710
1121050446
1957614543
1886228661
1186774670
945663821
1230421512
816259969
1109364401
1843963853
71184481
23322229
329020177
91379526
2021709082
1188054369
902214493
1218186128
80285090
199417492
229514760
989692308
224631056
1475739328
1460084051
471938173
767106628
1348631668
1348839046
2030249812
387097084
2067756757
1003816610
197227979
1806501770
43107633
1142891801
889439634
859367602
104772554
585919839
930552084
128094783
914940017
1021931610
2320217
2102994386
1924146103
1220506346
35795828
2123563595
1450021106
1025488137
200711003
778276786
338088540
672649177
1545383415
1686720208
2021488223
1428149579
2073817292
1941761332
284482541
123561624
1600779454
327590174
1266453425
342735440
1186957777
1371225979
928655280
2117509861
1499320762
1843595297
991957823
1501640979
1799106035
768620278
574663677
1834901863
744700226
2024684784
712906352
945411229
655477922
1050994892
1618060406
53377689
590231453
1492064982
1481527268
516565097
1286342666
1766009810
640126721
739638473
2093599984
1906580146
1082373913
1133074113
1130322477
2011029193
1103100326
482159591
1707140842
2095058149
1983800571
1358763229
716194780
410980600
1046181445
1460895006
288181736
1759087797
258822587
943659659
662599042
1876882994
997037348
1252830495
1221464328
331080969
1769395592
360323346
2097090779
262038666
1099961819
2043207115
21135164
34852085
1028797581
1151457642
2045881278
2131897907
1633617233
1605538473
2079472409
1469934156
816818054
648183541
1880914757
1862999499
2109078547
21612845
1474603649
220417486
965272504
2137202691
2097300480
1962309853
1242549538
1171281160
145907174
864461482
1531604507
95514305
1126500148
484082678
2138721420
1147635313
518934763
1020035353
151609307
417332394
1004449613
1785226540
2022870867
936438374
1107677049
692205273
1584621915
841108158
407721125
1546216814
862721003
1882324774
1766634300
1827993508
1872043817
1716451133
1642819713
967109707
740248645
1788726887
1831571189
124369504
1884241192
810587690
608452183
1875478964
1958223003
1127386946
748030670
2109832310
1544719340
1752480283
1747575202
1420106559
541435009
707768603
2112311833
2126056924
1548876761
372549310
1524790090
264114117
107390436
1143940742
2092107625
1979434253
712908227
1587443690
799060312
1453156873
1228686929
483147853
1577526377
965444473
1293735543
38494912
693439789
1104474898
1165881859
1441470459
1066823560
563117551
1046467094
666915115
1983224111
1587902103
1374683718
1948052296
1566475379
776076832
173117958
943781821
1040190949
280508394
2087722564
984814926
112458999
653147143
424774968
911519311
2106304016
1653461897
1394667164
1536346746
471422722
540919060
1574841658
1164862511
1645393958
593239869
458849323
564733871
1156357421
1505316417
1231648986
992097884
945734873
458849056
792666532
364726604
1234925888
965784490
1308508426
127633189
1246292884
1248747342
1112448115
1358751883
1901894485
1537223083
122787546
1860714854
1043201332
1517454710
1249577952
1514624054
2058373770
676935962
532002918
1556284081
1270175832
990852241
2121017952
279049605
348685010
1205183290
1271147489
1294419883
1664032346
2063814021
1659146488
751474587
882114863
820171266
879107776
2128407747
2068918608
1991555892
1339675982
1823329445
1381295327
1462463528
1536560651
277013012
832434590
638654955
1791637066
743324713
1315590918
176156336
152125146
438283102
1167008577
125659450
717332707
1515693588
1330842740
1988480196
662629823
847391438
1904810569
174292663
1598866025
639441784
994463929
330490154
620365883
915898889
174562398
1960041865
591744687
1555857725
1275021745
2128305338
1832870737
2107456335
619476646
1477024156
703297400
1935067564
1653180492
855422546
225867018
672705422
981081996
943199725
40915362
164441088
784196273
703545185
1011832527
541523194
877837849
463214904
1180964978
1872301778
793705058
1801330861
640717020
968267456
1613889078
1232461707
376641534
741427175
1213283397
62028623
701399862
1832760043
1539052779
1404697263
1620343959
1044749624
112636161
1846210977
1717455046
1093718158
641927054
1758370408
1258159246
1426123327
314431945
122508125
1967646521
1192269794
585723030
1001127851
917087925
1379428088
654975064
1557804945
200211897
121380494
642783004
576853431
862807669
1856066401
638882054
1564207532
1541342797
30451186
821421147
1014203108
1075200810
934057308
712930438
645172208
2027775466
1354857492
256058968
1138451065
633497172
570490913
1260959190
453660045
1762760708
1846682220
1454787897
532364985
1078626661
2109762961
2090169930
1278838558
83659808
585469286
1855691989
946467477
294052039
347090395
363191361
1835394836
377541581
1184612508
702114297
1452742391
2118669817
1415044735
2097914599
1998961635
622418579
206489919
989929052
1255915751
776980833
103404595
1709575797
392257893
1950086815
1016880046
924622878
881229828
979159359
867309160
12584738
1062819167
1452778446
1868276727
2009286645
1746830485
67883475
224994358
1434741674
445425056
1409606867
2136855971
1898167448
1380793036
1404417058
1848598399
1232271023
2026835637
2055088319
74716428
1135267741
684585504
178121023
697359890
1076843397
2128207838
1714239936
2001466275
861954019
545915647
721291787
874538757
1608734815
26586585
595331837
1470537812
1773417070
663215312
1695532170
1060675096
1108640368
957655389
1050047419
859324168
190964777
306980829
560438920
1423235801
186332819
468043591
1497952229
1321600560
1152629095
1676073252
2018960450
81988844
1656797442
1585716738
2083455119
371267813
2131632385
657263258
1245806571
1592883552
683849843
1841138408
915937716
309783265
356870072
463986239
1370458362
1465510440
1421641628
273022133
177350961
1612606406
580002963
737789881
888358559
766335782
1205833472
238827140
2087936342
210978919
1914900392
1959413144
292967763
1424214186
1397646234
228939234
1795482000
1381794971
886202492
893804923
827194876
1570052335
587459683
1743132592
1879835600
944329755
59635183
1102810314
262356547
1481276812
1375832448
439707508
946399570
1955835411
1177497389
1834758129
574687545
235847213
2073585269
515140239
446826132
1841002013
327069735
739793895
1117732551
1724715969
968733129
765730903
959027292
1854935621
1659535826
1786222168
1277504308
99511861
1381871113
1009856261
1043841616
1441506296
2112666575
1306198164
775299460
1341015375
1745905672
1721699030
1149367138
775919414
1408973511
1724054683
1011766627
1335075132
91711274
1458592760
1028593497
418781009
50903007
2146326049
2143496978
1019636137
764573304
955040623
727088110
276625483
593779143
2004592419
376137344
1975650256
866965032
1419978961
1269672905
832147959
578693477
2044972365
25679687
177115501
1619187748
1175046825
953034915
880677611
751617861
1964801543
68269096
843329135
1275910655
1096862593
1262110145
1326813662
1095704994
1258123475
198966151
1860278299
65680450
926054262
2136903782
659459594
783163033
365557478
487626202
1650128065
1785536439
1757299107
334792376
216746268
1654787825
360472063
393861770
1126491925
1535518889
1346896685
2007169536
139653102
1164214580
2075438632
982982237
292641587
1024817578
97608734
1619455250
2120522572
1355732210
1818421401
1833317223
1421412660
596992015
1822737357
2080872254
1380155048
40811188
421014809
882799465
1826347627
30830268
1217591842
2043093896
1685618093
1578063905
289472018
664626370
966099146
1636368703
524312259
1105752248
653099636
452267243
2088734486
945741223
1477084821
38859572
417712825
1450123746
1394591782
88650579
1135957321
668520795
685642594
811211031
601909401
2065797643
852022219
1022924210
801113460
530886198
1053754479
2018705302
426496446
591888924
1449285560
715968464
1256515295
267901058
204853520
1780827554
1373653307
857953156
85611149
1314904145
1803694379
1562695971
1353763717
73923557
865336069
600871852
162574136
2001293390
1269392647
848216730
665020773
1871302048
766530725
1517042992
746742611
1567644186
2047929191
1800497090
1438865840
326941989
244902366
740667752
1042910454
1501417661
1008568811
1247763974
1134761567
234738470
2105717130
1220372717
1549642615
1761927861
635585040
755922684
1835851418
1500921109
1356794536
1998425554
1354730851
478703535
699158637
2019751625
202521936
1465689362
1389310969
949264547
885849900
1289756512
602277989
177232093
1616698502
847180355
917899845
512125308
201114369
1926468656
1759889282
1335875936
13723478
1718122764
408765005
1563366093
1332566977
1044350045
171805130
1020934748
397787506
1528599666
871876654
1752518358
2007303202
1571035291
1624786335
62341490
889241006
866613656
1011606037
1775090906
8886521
1613884026
1952322999
1625585023
313580733
722739197
2137710331
514695102
501724205
1750115965
1850571039
515447684
1320755081
111852396
2078813777
505838410
1156202442
103135259
1526773158
1553989948
1631734926
251166165
1159024658
1491554480
1822201456
636327345
1553895970
563958814
1502941002
418018359
191566073
1511827523
2031902385
2143889072
989928898
197999470
719144621
980155581
712694573
1220868827
582787898
415781964
1736316511
1903542979
527634360
1667646640
261897741
1683836802
1770781900
1788670900
1090343103
1255033178
2039837065
101884113
599104010
1714554873
738211459
5516332
131030040
93668813
423534691
322596113
1605496336
307953428
319001537
447941586
505952898
1038146159
1428097167
1218647471
111531338
2010885065
1634429435
1847847849
1766944396
14580148
1368010841
2028842137
1698416950
991309093
1670029389
641276405
98858623
1562382806
743160519
697962633
1129454032
1481371978
703478965
1260484072
1575040791
1127013656
1583080185
1033053479
1434967084
1902081722
1480995065
1940919983
792744233
761608584
1012083806
904275571
625010001
499029594
604639772
244470749
513609742
1972650614
125829238
64543044
816476059
1795858628
705819450
915334683
1210757786
1448979969
1613297316
192728170
782868299
169292634
1453212242
210425442
1296306290
888808779
1243478921
583789727
643406854
576990338
377226062
1436151087
1338598922
1389309868
192943011
1963608923
1888339462
797582783
60596024
254465556
622749749
186425262
319008601
1439225809
1982283890
1024828051
207076844
1045558029
326324372
1820374160
1238286199
1109192671
1989666794
544014794
1319618113
1138489437
1432823573
415613386
1722279164
2076230427
992603724
2099505226
1364897867
183718998
1341331446
1557840878
2147327921
1082187261
207940013
60440297
1336652817
830689763
246865559
1655661418
122431924
81665802
533005821
329508768
1127223831
859330193
2399280
218026382
1968522864
1992066075
762041176
1140657329
983071864
47381102
1556270715
557867380
2123611529
401390791
509888958
1341025748
585109789
1851220404
751382978
584954062
785924017
959322992
645394359
2122576835
1790012755
892259919
1630754605
1912444679
973925721
16276779
94469799
2101149552
875606972
96869079
171692286
696646189
2088935154
933733463
1837303518
924523370
981114565
1246090586
1482390750
957242446
1647481377
1992279708
150784547
85107519
1696016465
902167525
670061581
334456834
1861490517
1315455941
309550021
1504019624
60232212
1940304627
1268980655
1034157933
1956581406
1363450454
987823837
684704730
1460319534
1159516123
1381350919
1401771040
2093249586
1071170790
178810763
926880503
169777728
1661201513
1884122950
1817259105
1505997574
2034907497
1902366624
1054530391
789591374
424944558
1388987225
503598244
1740400499
1698537247
2007617868
1800632711
1491358226
1129114876
687306996
1300455984
345081682
1675130833
1985160714
1805401216
687163308
1219027986
1059688609
632929247
142715128
1238499372
1559809750
312492856
752217237
1296449052
2129751961
110731163
1183872901
1884634938
1165261554
1973464276
162095848
406765132
329578872
1902496347
2105302379
189713092
1555645410
1449176957
1318827968
95468758
602149293
1663909651
1770599591
439826359
1321827219
310279251
1658854345
234032180
943208498
1801569473
1472531552
355534601
2114062329
77265142
1651983653
2096330643
187996305
688372907
1833481933
1353257860
514353535
1995577781
1760022992
843932407
1750590480
1717841723
1033645499
1158752242
1019535032
204989820
1254221000
1621684325
1868899471
877336943
2061510684
1043243042
1187616194
1572881382
1277275223
2130824693
1226967207
602323127
338875646
1193545889
679588269
1990859299
1142392884
867584575
531748558
828391169
73358787
1046102093
676485302
1833381779
1890034500
279592134
1403739854
776196352
1438344376
275791238
981186172
545081728
1897475563
702601995
1422418671
1811502599
1745845037
462551217
1236900333
875636612
445892262
316383893
1477959740
784767908
1509929782
10064361
628143560
504839018
877648936
1159892118
1333230187
951007723
58510564
2009715489
636905854
1948545064
141823975
2040645708
577257768
1580168351
168953298
1558443940
2125250079
2066428861
113562287
1400185102
1730447813
1859407325
1862736319
819864498
587560289
161144934
1136248391
2065520029
945912842
498694525
2075584391
1574056402
1003533543
805749679
586464873
189280082
1756757403
644975437
51511923
246179609
446036853
193335898
139341670
1023294622
1773504249
308294968
434254914
1751270680
227240182
547817202
1003972134
1957687995
259740879
719224806
630068845
847301168
880369740
1766317237
765337550
1826282582
117528114
693438293
1252855337
1121061658
1499187972
1839320210
1310341740
1108461727
336811999
1361853664
1354641337
782848852
1555189562
1493983007
1806143474
1181210164
1802277975
92914741
784997196
2029518157
640731943
1788969331
1839722504
900472822
360710489
322307702
1747773990
1241080229
2088624939
365627892
919879163
58669405
1059066185
25250852
1179731063
410770510
1864571062
342589156
1519232237
53899413
1704442820
726389926
836748266
1112148734
72889285
495408092
145875250
1875167261
588322833
930872447
1757201770
1229054776
572358130
1449440627
2129527598
933068619
1771748329
1729817941
26665200
1712889620
2095445833
946544363
1771559025
1007028371
971795216
803806441
1417798881
688882630
1146395597
789547470
742782044
703354769
1515937397
1579530310
1815503503
1588826682
2074938402
1961378754
1316510295
515777588
744767553
926228418
1744832364
1317125683
228185397
1726876315
102710654
1999933726
1309210608
129375854
1565339698
1257172793
1075920217
1189415075
116717516
2047715433
1993221516
1534516397
589114416
992133465
176580220
1331896460
1695488234
1692517617
763943122
1363508090
1133860651
691397876
1177403196
302887299
1207175464
1922170749
1229115717
804524181
1091812784
1457301114
383916848
1194523438
1309751192
1693127456
1323899292
727607242
802816601
252335861
1917022317
919534118
152567647
1762760186
306566867
741682063
607410003
483147087
2073578523
155414590
28181056
690037997
1518922680
1162041708
1381435873
548842228
1464929007
441127690
323529329
546561076
1245651871
1415342113
2003862190
1629568719
462381903
1166129734
1175212527
1786281195
1893736976
1978029128
2038617056
1663275645
750079598
43701055
1278552183
1056646466
785383118
1885962187
1539793553
711477993
2041376777
1567974610
1401515990
1412815809
582532670
635468216
1961658037
2047461677
1076595906
137703718
446539105
174764129
1553045831
302917647
1804332848
2015427734
1469047381
832061727
1654225281
1215300709
662607207
1545358689
731092706
1412686806
1589059745
2009644890
321849624
226959215
1748123429
1861643177
938437209
1642016558
1282134139
192469551
907348719
1864666809
827937767
721523108
1764644838
1904533673
859226826
63700295
2079297802
264789009
366617942
1736147002
132733095
1835665323
420725081
1786958376
903482384
1083332289
1184833417
1634575091
348535447
626409514
1496736333
670385071
853368730
1097376114
384544600
1791805939
591909024
1666678740
1984275490
1499257743
1383861901
664729610
73297203
1001023092
421779635
932524029
1064723387
353593790
1197313038
1431341330
2089740792
1330046133
1119523005
362982226
969520861
2023005390
1446314515
6870630
1510096833
1794849962
633280145
859349518
317751385
1486648875
1956725632
702295985
1130971166
401151008
221491077
967763008
1900408751
1605352979
1632492618
1973705954
458892423
2054272254
758746335
1523615810
260382396
1956059373
807473492
202639540
1138621858
1926996498
565621766
2108142719
1802518240
2011936281
2115013349
1165131425
1659302595
600809846
2024480943
1977053980
2087458721
1833722927
531866318
1070946239
87390287
753357395
2038709248
1987799038
211226726
1523718218
1814021344
670119149
1430506824
425284031
46251312
1690889220
233859756
853724804
1893528761
1372481614
633237654
311666879
1333140685
288272246
176119513
1300670386
1453403671
1835422108
1901480233
1330400966
1664992441
1841455306
1016640245
49375111
764917898
1104030532
802732506
656143498
944345922
1013959233
32378068
610883618
1684078382
1462884893
1036167649
1730329694
1006290465
1270027405
436570851
752335578
495025371
1069808505
1064002458
1828166056
1358080752
1240121971
981352795
664000775
928060431
735349380
1994401742
445569224
429321038
863558339
494944335
1194238936
1967588872
1297676842
1850382434
764451146
164152427
1882760503
1375334765
1848230809
1198161748
264018766
1431076856
56968565
1534046172
1867647707
809304144
2029071543
789972564
1873306602
1709753952
569668
965944925
543623099
664570444
1894005356
1278972479
511488538
192090933
1708293517
1375046877
687035268
755048806
1195152101
1984712110
457947592
1959603248
1380889
193224447
1187454365
1849611699
1391386195
1451473131
1133204907
1448354761
838035655
853368966
110175257
719623551
1643341530
1983481859
281893855
1643911199
801943136
825516954
160997995
548464844
2104489433
672486533
740555777
1665299302
2047533410
1427591046
272864460
1095201864
1264819508
730812053
907321464
1266200398
924036500
2094775829
968328449
167939048
1398765312
2101533356
1616293809
89317320
807418674
1726469066
808940871
303276556
1562467277
1090834726
1947187755
216926765
1916351680
2108185750
765391609
1873357465
633188635
1505947387
1391173119
533238398
786054785
1664037580
1628440262
2050874293
247365985
388278078
1169591043
1171402485
335570259
2137919492
1339341533
1734335571
2091969200
808151694
1823652891
751904226
387137112
485110114
1055180783
1949604389
1575944840
854884890
19047506
1344812872
815586993
784439116
1070686689
1448775628
142902855
314376161
1982014026
928957640
1978413741
1462970640
832348285
78296078
1851248718
2001939329
1249698563
39335329
1992375173
441556449
1773670901
1936860726
1249708143
1449840144
541281304
1636845256
1934950259
1596462087
1438965997
1363411451
303863330
1458013504
560740676
1119450323
94968972
1631427365
420742303
237871827
1945803526
255272682
1166829467
1776733619
1718243322
1999177752
1855029697
1422008393
1853633433
957244613
1461343722
1698524959
1398801062
1087530975
1487902037
501025557
389887472
2029183341
2137870813
177354083
1478161781
1429353163
1540765534
1782025111
739883019
2101506210
753991786
834851991
1585449928
1174734089
1072723818
1383769806
1430006771
92069637
1013019778
1000766446
2091247389
720565827
275291191
1797397175
1677810440
1736634913
1348438486
929127854
676682241
688856875
1430153412
1066569713
570556568
1420540577
1243923796
2048718349
702410092
637205682
1683259812
1442293111
591228245
289767950
129661454
29194525
1464502040
1202385272
1412964331
747025163
1294454909
278500461
1747791609
1238218651
999066289
2023082800
888132178
529393081
1612234066
89087016
1458520936
141432659
777943891
741190700
1208002372
1348500459
14247629
304442520
1249735161
716657722
941648202
785511325
11467185
1532876447
1075279276
141128640
1562070972
392297668
1343513912
827551656
1139322831
490485174
1106052117
739630793
1728703825
2105118406
615229945
469352355
487027840
79980363
558439371
1945548776
221413022
1336383262
539255828
1429415394
537400073
553503457
1733857914
1787135234
1270161179
528022469
425162912
1281628365
2060898916
1500442188
1422757005
1475486241
1892739856
618787269
155554249
884579039
1109272443
1261606366
1624209832
690492620
1219241125
91956130
1159844975
1706268965
171936493
1718284346
1504334093
393349516
907183960
2043589921
1822764910
1444584034
449609730
1409139177
1084235620
1719770910
1937161646
1509398532
853915627
1850576914
862357072
129188984
1178579507
607613280
747976253
1334133756
1492192320
1857248697
448256475
968918504
400257669
1667497600
1060874634
1560102645
1226282917
1232811128
1130903343
583133362
1626160644
2038087304
479239635
1301441906
1335187690
928849365
563097435
271939662
501136627
352775433
1781338195
1355052254
55868700
496211619
1484241238
1234448207
1103824900
84733844
421098316
448533572
1941982541
869354791
1417452076
194756562
389368743
330843063
1754859207
1615651660
1563654191
738278903
51301374
1042331187
628882559
530541009
196289445
1964070249
1459390374
759386881
88526263
1960527002
1112162314
1869864458
1168095608
1168031014
218592430
504853199
254995574
1322417330
589587043
676093890
1770950902
384085936
1545448681
1040919330
578842498
1934817424
1371762393
186218058
1402985436
787932936
924496961
1454286810
1830264123
1553379520
1984827819
2026553569
1369966121
1296734545
638456802
1458492384
1109777899
1750619116
1180873195
130389860
771166483
1399465625
635243059
1026162057
574399307
1224830102
1702255947
197866561
1608916038
1100220980
1238785891
40274888
887554756
463064637
226492946
143056544
1250997573
1150989907
1597343354
933778049
556885779
1434687525
812847970
1926851900
583938422
1451304772
1237860637
1693716322
1054440240
271250184
1824106182
1825606723
1670715809
311865593
704285132
97631468
1536695695
259057431
295498029
998128085
1359278411
1534283920
1038402973
99349519
1997348557
1264895920
242406063
1100862483
268402179
1839749417
2034640532
825287959
1126953294
700004854
604656211
1710891717
3825978
1842516848
1257124391
1058266218
2113767032
933746925
736389294
1636999193
1245612518
1440674426
1734630661
634824565
1699731858
2030128690
1632952650
911526621
1416928963
523871975
1010876141
1266793872
1788767895
1253282204
220172707
2057170075
945547974
107329591
734974386
2072501268
807334445
1339630597
1635909337
811160423
1034663798
745550080
1869426642
1000947182
1679297005
458332288
490462728
777425875
1899006714
77609741
1412250440
1451254924
2107738432
897719442
215297898
1377183747
1421591418
1226174039
496493971
1062875665
331972595
716666679
972562092
1277520569
823996270
1707536478
1202538190
1631330716
899683428
690963879
295007491
1934347226
1436513960
16950485
787810760
968327317
475282773
1278273488
1745753193
226805840
1355883230
1010519985
1678060764
1316138014
1908239428
1893358662
545838113
1182347198
972049053
1042332084
97739215
1304021649
1758998763
1070301308
434058570
435511386
630354138
1636596760
2066842102
1530037566
180076992
214365945
1316901144
1616590952
231316431
2104711905
437434621
706599204
1235501745
35704166
933405044
443901327
1046224152
463982161
1760039341
806979932
209857175
158393806
1989327130
1181906229
1200725891
2087066345
338444230
812241006
1009884005
772502800
1247752392
1640238144
261615913
1167110846
1022792062
441692905
1381476792
192209559
2058283857
1612793223
149437816
348234830
171908779
1384939561
383938997
1105313824
1828840889
1430163149
1569295985
1441396582
89659433
1779153160
1599790389
2078986563
813575741
653032632
2018569260
1152019971
1465273638
880969618
1924522772
565542383
373724114
38655037
1732653229
1396516176
480347942
966646373
1588725735
391148151
431955948
1738163551
739382981
603864728
975619465
1123321978
1709178552
656976706
406001479
1130990889
2098373288
495660912
762660401
1550680029
427163827
1576236143
56229013
298249440
580772466
1521502652
1179219058
357811590
2087045035
1552943172
396466627
1672214616
801975700
876814569
491377342
243217788
1267962720
923333290
1981381339
2007345702
1527198018
809517156
983184032
1088892922
1466493862
1389185512
72400163
1417383503
1884846424
835060565
820579884
164526604
263813060
876808898
462776044
844585526
250827902
1641995102
1202397117
190389289
1047454626
1598863744
1862603905
1849430326
328194666
206497599
2092648114
1596157386
1129830890
1926545806
1456019440
509545260
588579314
291719825
1598438183
2055073177
1680905337
1670838346
1324973032
1418268113
358415263
2145552916
1582794717
622228323
874878166
2045570761
1466813850
1125706068
1540082215
521727319
1316095357
440053193
2120591063
1031215615
141999872
301302081
1237713214
87164338
1897459468
220060456
2013710144
1205995260
729605717
454805811
1497715085
180560252
362395340
1031136774
1851398598
1687368372
301921240
62330214
1685437640
1884715957
684558537
412832159
1782803071
3888739
1538538227
1175401638
525616058
707149937
1615454832
498723474
1738365552
1757454704
800025555
828595118
1844619042
550001375
1048655575
1710845539
1755996636
1778261292
18167702
1106228073
1958821544
380563042
2137364848
1662736494
2067931414
291802440
1725066708
1605885406
29034749
262141598
2018717565
1811837820
266030337
1409772145
839755811
791646396
2116922082
307726995
1290369870
1707803986
2065181699
2090395425
388915456
1762317093
492913153
1437571031
1325678984
101426141
1068348675
1343846686
1207654214
879686571
1724409728
1197535414
394939418
1644857494
1489337854
2120006126
1103259253
1518372604
234664076
974493170
1182726776
500694414
236781667
2022482587
1292340810
206220101
182725934
435227032
1914024087
100423985
378138809
155455896
1862741079
871051962
1593026927
1040936415
972478103
513891955
237299454
32648670
1393578526
1961709182
1230184084
1788517944
1459083029
572038291
1761040423
414858634
2090410895
1995704499
1389351804
1125654023
348915265
1626133472
1000652963
1641256075
1832353573
1183378897
2076483107
1598894013
1283802883
307138269
1754349909
999060314
1178190231
1199893188
2039996729
3184687
1713785143
129812535
35833357
959880022
2091521718
1266017441
600914318
1403121099
1838055732
214471093
1817979733
1780982979
62691945
1059847889
759153355
411607210
538497713
1759806318
2052863286
223367639
795701567
1981862745
1822261652
2079504450
141517366
1429127913
931081116
1319707598
481537453
823594198
1322892285
47838949
953406733
1358725642
1007718971
897444803
477259435
1608633289
153082254
167831520
1823104383
1971061987
1948814499
1885796328
883426229
560484206
149919890
1421923942
172806876
55299528
1645291581
968508444
2037162274
1320069585
900529246
31195992
601713850
1831610363
1350903590
1083251304
507720913
526312227
1131090253
1461127646
1885037869
2138809224
211088802
214813657
1599958865
364171056
382645177
1275579600
187749396
183976028
1013892280
1071175625
744460235
1163812171
345615919
917267111
1219111699
1990907501
1885775555
1108790325
1163493438
638821154
1139986318
1765207289
322947869
343406260
700974945
830668782
869718488
1832065198
144312780
607272709
1823390774
355401582
822086366
1275865991
719572639
1204731543
403961944
907322035
1388707572
1417854224
1978497660
2133167807
434182747
176629931
902951270
1653294447
20053784
641243178
614601124
1183547223
1280064332
1754587442
801270864
1603012201
2097993703
1502245809
286197335
820228543
1186827359
430510115
1427501252
862734485
785911698
102103971
2138600476
1505484337
1306835514
395078772
265322724
548059438
1812932997
96336736
533743597
99632096
272966667
1436694868
1752926543
293020452
2077938046
220044020
1476567675
1210518730
1974631462
130354891
666047283
1925141517
1632600700
952244618
597886412
671944411
1382754733
2025387665
1534678896
21182783
2127491636
1525795724
1526667120
1286843502
1920874497
1791989844
1834902941
1586323846
1888326580
221162890
1685955942
13809600
1657857758
1291398838
306830052
1588312156
1511442858
1783397727
651347238
1338590672
1913752618
1317394521
1116248542
1398869670
122155491
1714134954
2070814081
1504910225
1592038971
1458009329
1526093008
1572046959
836321405
905276481
711406814
609712254
549782677
398826107
48552452
290625610
619988997
1734508395
304435210
130363108
878423585
611265262
1718675264
242382795
247179341
222538855
1580973467
13448311
1539933376
549738361
1412317981
1662088868
116389668
1335648414
1019515445
1708428639
646174095
398124805
1132991951
1482495500
1303401286
1844398765
2092207755
1853183964
95741224
2140760207
2143809574
715730221
1727784954
300761136
846093329
458724891
912026398
417284946
701107686
1159205739
639823801
134597506
1172654050
32273529
684335867
437488383
1694362397
800725535
1773136797
566394194
361670527
271827244
964519000
1494662478
1754322744
120436638
1191577595
1699046851
1973620602
1287318819
1692323411
1969946528
2003049040
1272624717
123224016
701658722
1731349609
1035250414
1118943668
284973647
46972505
1758767469
419571153
1219626555
1791040998
1103907021
1657114938
1337919748
1904632556
1282768087
1904313942
118819435
1554595331
721349294
1613481913
1161434428
841785933
657575860
712997631
667922887
1944894679
257837394
490385768
1800460072
1530462112
613609784
354635146
1114328073
1648860199
1473578814
1399301720
1695832704
1084862635
1818872874
767975612
728419985
775296247
277606902
2066339733
532445155
1560374990
1823170028
651264591
967486673
397035674
117262856
2128921101
1238821607
774838717
694435085
1906744495
572249748
952272479
249646615
225226172
335250943
863256399
579861318
1449579016
364632950
2053440132
701397089
2060465655
990819119
372786315
680957619
1719239105
1148082562
958564521
1638095190
1680527717
371455863
1313781570
184308660
1338942537
1710817245
301571517
1320379990
802155204
1076410234
2014815075
561416051
1648659982
819603907
811062666
1873886155
1154854850
1674319066
306263825
456950219
2038952016
212220310
1158347308
1951934023
1203039429
1531133623
485407994
774794886
531732537
1443972516
265406429
64776606
1815428379
1579187999
249085267
1006887268
1142521596
550656784
179783611
1944676801
1627067018
47115038
358609204
1128243352
866718945
1169671871
854645859
2021573796
696507289
1160909685
331040367
587975657
1373129995
1489387675
392426033
428685776
873037650
877834027
1203480663
1404770187
174322895
1468887092
1469546793
1989751275
900591443
1718632060
849154895
2043113040
121805196
1028938506
1840306193
1748872214
1076053545
51431749
729631919
1942772490
1221103620
1584277778
1816862638
1917610909
597703815
419357
358102919
1970833810
1489807032
750528952
252035939
215361034
1628362979
1455516602
1620131221
1802685875
776920046
942194367
1644953502
1677511489
513342779
346624749
1573140881
635147976
1375563256
1265963426
236536542
304133153
1317395176
966168461
99421995
391015148
402962592
1916284634
161142410
1000666407
1916703991
519245329
824016570
1259027376
1269774281
1076052509
1474388410
750653612
384085463
947035984
405855839
1161005509
1889230351
2050809341
691033350
255089482
249950443
116690584
890237458
1625513699
1382654010
1126774001
1929646852
552565538
2092942462
2029068847
943580687
348421406
1797869833
1104723097
1349087814
1567090177
1623968426
25620736
678633905
746259059
1101673245
5538667
1496912671
1485758708
952574651
1902768511
499280569
694321354
1806094204
1190313919
949410837
2056044647
1307004503
1839648295
1534074698
542174866
818938648
1316237902
1094740404
764397463
1197823102
2038321091
1112818869
848209287
995560540
314423035
267815816
472045318
340043771
946449721
1218304377
1441717016
951988389
567733401
779992076
1904563040
323018264
1279272645
451400747
2129112468
322102917
1400811584
2037673468
1629107420
1092976231
1424264518
23798638
1911914880
593018773
1118539043
528828695
1790841875
1009376486
1641647564
491567514
2004937027
1956070600
759383331
329498697
148630723
1705833052
1547803075
1590347740
510337793
2115536476
222856168
267417186
291071092
1502128814
718817933
272699912
1824231731
2119629517
162889732
1305855503
1065122100
1587154251
1329654142
829553332
32689376
300709537
1358382027
1823531251
1310086023
852545944
167615117
1167539402
661132896
926998448
1497038100
809763619
485347853
897357527
252627711
995685646
865410355
475483880
1263102832
1156481447
1977612694
1981920765
1429181359
1654360777
1954066634
1592071092
812732632
871705087
1031741695
2142386774
1701258419
1064431071
295612663
912156799
740478674
1605698687
1764702743
908093791
625754441
278351991
1835092240
2122792541
1088115610
172956445
872666420
1340743322
1168642091
1738076775
1816227202
284261276
747074574
1646356248
118698393
28772286
1153233377
2072765028
1620843378
1965966009
796986467
505101425
1960869136
350761238
1569532496
108998151
1262918037
162527522
1714696838
880137132
1070621313
192967632
1158489123
758229905
168276525
99121086
931186350
1040942946
1439864408
2099828442
631536073
1108607962
236606070
1378610648
607480562
355304463
1407382934
1760713939
280585843
880742664
1579196300
1077572310
1385844089
1392581788
1428333549
807892937
1501579940
543767938
970420459
1068793130
1423905071
2041041772
1261760762
434910546
651788030
1430037288
534031632
1582974380
323496586
1973896040
1535319174
955032659
935020354
1771925244
186159659
1542500916
2127229708
1593542593
1155731207
260331903
326801609
587443860
1337904214
1712645698
1980025648
618754115
373054987
1334121940
1162522053
1343475446
255431423
438943476
1237033571
1517192185
873854023
1888821601
799745825
1407885655
1324312333
1123242411
1234298048
712147860
2078275071
21834754
336589456
116951082
1564335671
316335516
1710493676
572583230
576667420
2037295285
1160027090
1914571634
1602457336
992569091
385842101
1975512323
179207383
1548364154
1171504122
434638806
1987307631
261054045
1951830992
713678006
2391998
604093169
2121563661
1326704331
1727335581
1208378061
2038852191
1658127004
1230212816
227958000
1775078086
647064839
544293516
1338088114
1219648069
1120960936
1227899752
232191512
888048922
682873440
1224760603
1273891023
510902115
1403967986
674771530
1682406237
1838606793
514595513
1943460282
1642954137
1228273519
1945852280
99563658
1202353532
1125072964
1826899239
263247946
1016441507
1337542595
1493460762
1244399507
965137034
2140525601
1788693024
155741500
1212690022
762170312
1383641252
1444881534
1650219235
2066514692
522158489
776626610
429933160
1926126476
1451398140
2112339397
1617249621
1965993653
1908316032
1112720110
1046783524
1706684664
1212283768
101653409
684273980
891699360
364901355
1700715488
81758307
1858362117
797631347
1046895341
1851404070
438840723
1202636842
916610444
1201011036
438794446
214008331
703746623
357825491
736166820
1480373233
787758651
514809648
784287726
752614400
2132059269
602797731
513446784
1097295731
1649581256
72647801
162095852
1751234665
756921781
1053795212
2116136020
310153621
1135553519
1827014489
1107784969
34965213
1530934911
1546625692
1237602055
300061707
600153080
1676396501
514070038
1303899703
2034221992
1250236859
636789289
674496995
1765046507
1421077015
1427111396
1749622129
2023874746
1940558180
699434212
1525972354
2013205981
861530064
1129723371
622644115
1915325276
1098375743
932797736
903395148
777906584
2040582705
938360361
161357847
1439724750
28478768
461419555
2039877830
1704875269
975489593
1196293886
1591613614
78242804
1833083175
118626961
1843289312
1106676542
1545738357
1445427793
983067640
1338812890
2144862005
361556347
1204535223
858908422
1491279718
1827179338
626750050
442171814
612493427
1530145198
1220078398
505592484
321021911
1381436246
1945317234
349500679
1842855801
1837711417
2054375949
670861746
886521655
1498505915
749104551
572121182
1617132876
444910215
1678797724
1015387586
1890338008
514381716
206716828
1887716365
875938063
1411252051
599141139
219734134
1090947742
1225891190
661905948
1703441169
608552740
1881984346
61550005
929574652
1115936944
2006867240
1279075331
811309097
1697095009
1185967632
1482170844
436133016
536989899
83791747
1008254198
6639128
528701962
539568274
1022026714
271556322
1053949990
1228743542
11789039
1929888054
492511945
610930179
2138540
1583459687
1836821369
664044488
1139417208
297890461
398545186
1200967214
1227465113
1514482131
1060350806
359056797
178307580
609962167
1545024429
1660478424
1046095183
2082014329
1744270171
2054349381
2088653457
125488485
446434007
963196523
397044807
1500383997
44456417
408833847
1282788403
536968362
1019764026
1284926943
2120428050
709101747
1948971431
1112361610
1006992208
200032970
165845176
86973674
1714515101
1226195982
446030471
1892822681
1836158149
1991054900
1405817458
734769684
1925585581
1002603981
641635417
1866755390
1128092467
1088069424
682468265
1525137274
440969774
726924682
1933971121
1723758177
1263893045
806251499
861201473
1236837447
1515353246
662689256
201715409
374861807
862722226
367560586
461835481
429753679
1593756568
907865952
175092713
1282431070
751437204
1580910171
2017200754
529539138
436030504
511352524
248810880
1564122971
1599421948
931279146
941776598
2040391722
1658203828
728264071
1616666252
774613225
1534515571
330384077
2011450672
902385169
993073333
65682434
1277246976
1855795560
433243020
1739082457
138065591
2026999588
499464761
313158304
1161947010
1250901966
1894068475
1031664117
1780441104
182615332
1543016641
2029251984
1746738303
994954941
813047482
541031253
887863016
323767663
1269295325
357045620
1098380888
656327248
687429697
962347913
1558712417
1680503030
1028030347
688475746
1388814942
1461273367
280074555
1526880534
1340789307
779539317
1840038838
355252670
2030441283
1586623666
1386916787
1663398739
1769238998
782449780
1545167075
1368493653
1777404721
210730910
1909524907
517784089
534498573
1031336584
874829709
1632879461
1687663832
1562259406
447743726
1098892601
1095278789
1475774073
1787368347
336610083
789563792
2067442903
1863490617
2130353100
699498572
1556045808
338122122
582456207
995185826
1725038909
98371298
616941176
360005041
1643538373
1985434829
2137409762
1854269283
1747476088
507710204
241284208
631329024
1382539913
1874163670
171509208
797315672
174423748
1270401810
1892594461
1650197822
910286509
81720896
292277966
830245764
1945211514
275147418
1529744336
1353773674
613269540
2112200543
201475852
190824801
63088193
818417028
550829842
1706626567
656368209
540755957
1413412202
256360650
1048466161
1654696411
887689674
283522426
1381376433
1059198883
1080838098
1555800181
182117045
825948911
1058514355
1092403554
907669808
1350792322
1922649319
705397674
1625939740
1304910007
2059171348
91725633
1269626903
113163552
282550434
1332715096
931580580
833380277
891858015
1587948789
1374136234
157786570
1844309439
275118747
1812482981
584515466
558641173
1046375766
1643714349
1639479272
454692299
1825831394
317944535
1513206655
770751300
1225614343
716515329
545916971
1931012017
194971421
1850826979
1842699717
286697054
972970234
1955863269
569247489
158201682
739960201
1402627766
1050059698
180425343
629280352
1207846268
2024734782
904399099
872845601
461766600
1463040272
1919221367
2105480949
955035896
226430018
1783828695
1272980432
1739636673
407096348
351111127
308668354
953013319
134639497
503639776
656356650
1977339214
790336830
1629326884
1785718836
1359584319
1787528567
378195389
614728437
690104617
558620732
1244008789
1897950885
435871867
924240
623312838
897638467
1463964513
395050557
855635769
271516761
621480575
491980816
1544497193
213633601
899077164
1895608321
522301955
1852090484
2030247818
1025941731
360963486
1860103384
1816278562
1990290371
1498338572
1028379233
1630335290
1876533962
1643107671
172956259
287671046
739632812
2070907144
723542913
740557053
546736334
1621181381
57037918
941786891
329333502
328554679
1563267466
821314318
1873051873
1776901067
1720391483
1621176546
151719375
1424998319
1503940716
1177661106
1785961805
1216560452
846456020
1628768528
567415377
1874835254
1111620170
296465691
1370459277
1284576429
584136737
2110092089
1207999925
1307679651
703165494
1754736259
781377384
760203412
549039502
1110710886
1088758092
2112306969
1932025204
814326317
1741724388
1504933039
288019215
1893443763
782447710
1791959931
923621222
420925868
861036735
1770077242
2049694396
1428452112
1497428848
1013830919
1724917803
720404477
150923700
161570893
683012919
1358923626
1469250544
1386178413
966176237
103144280
2146381826
1515215740
1213855166
1087656270
1480039061
998396722
1901982587
1074279801
355846114
42518154
820239917
1138293824
1834478085
1743861139
1559219692
548031172
1366454733
1461430441
1976483285
716399934
327777712
1553917440
1436804411
478701412
1715488333
2119817330
1837625038
1037255229
1358512096
656317628
1140399509
1357410274
24049720
206771027
297582896
1504088781
1205167750
52081835
430884934
1561013864
94599989
1251124851
551824040
1929078074
847502342
2111043733
329625598
66473428
1424990526
158625235
782873362
1752768238
1712542676
72194125
83986002
1280547361
44527808
1921611041
170318943
1403039904
430445021
1310718452
612966530
454494741
1517489480
910549426
1958583522
575173582
962631261
241984808
2136187446
1057231250
1493109660
540527838
838825676
193128354
504087923
1168451274
259601782
1929078449
1327076510
1042475144
1534363039
892135538
1114669270
1618349042
25199251
1159197078
1392476435
195518194
414753334
1822921456
1506236647
1027719864
129932549
876242479
1938269290
2088516071
1451416061
753416903
183017231
1440119859
1810648153
1676126891
1980647697
501990181
1869255246
337251973
1670441455
2128857028
118846774
850034317
1023848525
1653209814
1742169855
2138517795
1124075208
1767369107
1150231225
369067995
1962887301
1564984559
44505803
1321640300
445220775
174438352
50399131
236006417
115470775
1501815192
989423320
298488006
794451403
652587825
1974614898
627615453
1154578006
1696386496
964867426
677535813
1677759876
1083714200
1527570131
554124753
589440366
1122256338
545158900
1713515574
742141797
1695390125
2082583569
557545451
1112891036
2127089372
1879185751
1558111811
154044076
1929584883
1794118228
269514851
1283916427
636057900
568002858
2078367831
1288645725
395134108
558499636
295740083
2091520604
1523367062
973275897
1621796832
459597614
353362380
28437938
1049037981
1475618718
573596838
615069907
70276868
121503316
550169829
627822319
1234394352
529775553
359524422
645022516
683819630
141625657
291657096
953334481
1425542085
927714997
1521337339
1356426268
68877074
1916471447
1914925904
364617158
1860508403
1290809318
1337893055
1334821588
1750406932
1691255435
1363259526
651961265
1019390505
1936856364
1267031173
1089667373
2058359680
1817201002
1717489692
1145270385
199492907
2077014115
1790292901
883312537
71156124
2081949997
1836647019
1496698209
862181346
1210500710
705640829
931058421
979488510
473083085
1295675579
692513265
1763892403
486084986
2027334853
1366815688
29856773
1243110731
2018776953
1049247278
1032483448
1138324478
2138914652
943359480
808041832
1708920696
2088629865
1007534740
1638451163
1731439118
1890847277
1709607288
1665905468
1580010648
1058821849
380603166
643027711
1764462679
1311661587
1622516221
90062116
459853518
167545838
1853954520
945938504
47397044
1073286560
975795277
1290507775
944579865
2025042556
175507575
2082904344
2016473560
1118867056
743462528
1577910608
1060013273
1750997268
1068878124
643968744
1494360898
631001764
162390564
926887898
1689823613
542993730
1569915609
1306802644
1854655318
1044948182
1396864761
167025188
1212494021
1103335633
1112963693
1259891065
29138545
2088758970
402915192
973718410
1966317878
578422768
909139106
1835307790
1697289824
1652601635
1265734751
609819449
1256115255
187129227
1253788193
602992505
818130991
1416178757
1529880404
360470956
1959172488
952312365
1667273601
1666344158
1997260548
916654714
1833369346
1062270921
2019990347
798849391
174678338
2049128892
740124714
577593530
875363654
558958944
1156016298
1784502761
246783087
705822474
1289620748
1512517838
1315641924
398252355
1699647065
421946469
1001244861
370294408
1838125227
383641617
730765364
1649814067
1335953982
250555317
1168674577
1185730882
1167210031
854560275
100518155
1039716730
1653409667
275196493
941361974
246050733
852790024
1816725629
805009677
2008806322
1453744742
1051792764
567145149
595881842
416826954
1882787073
994134197
2116474019
157249894
1995379058
339284779
1995375121
231537027
1070050144
1497705540
1567491010
1320605461
518896469
605738244
340331845
1373456745
706256400
1380048575
879382764
981452893
173926902
1125433497
1834242917
1990652531
1930443174
1695565592
1296913625
834752291
115227093
1892795467
1251579245
1998014166
739446016
1220569617
7780412
587341427
1559854396
2003155534
818878454
482420892
1353377426
238885816
1803026354
1872273896
844624061
2143358199
1098246993
1550880461
1375923126
1977629757
384849706
1549850028
955579606
71608976
1393018911
738539132
1767174568
542448888
1573291423
1882401661
287760707
677387021
1732932179
1027206724
1897956638
1740712591
1614548151
1310327386
1596384477
285942957
1792748279
802278256
524828774
1448290985
527068504
1369452835
1444165536
1625315497
772849648
672605014
1455461606
1157699354
74971395
263557564
1229308330
1467990306
1002096696
848999250
2010439195
427904472
583917263
150716254
1105291493
169365794
1177922978
855764483
1910078386
644987481
18608221
1358979215
930930439
1811356500
13773823
1455759213
1112163837
540842327
677728400
408845725
18674176
1450578048
1081450740
1474135782
460793754
1156422135
1737693346
1690102085
476928793
592306395
391617687
339884340
1020210867
975534951
490600595
2125502360
1144900745
1668523573
833783195
907495483
166027407
852391416
118991051
1096957846
516264269
132764874
405233411
1628428106
673607202
1082961811
2037273832
692281378
386056211
971240924
18933513
846849965
2127663059
1756626859
389468402
457108204
201449606
781086090
796992545
1221660473
1756621041
1287593140
1199679185
754038138
808633065
2033462380
1661533622
974660472
738370149
1780524673
2071618318
1254634418
1913289547
329368081
735578876
439413101
1412329892
625369060
1131694480
1798386103
1596609984
1150627993
497752421
1576789395
759771204
887220823
2033897600
961220811
1668306913
683406497
35397636
1277444306
1970999637
1235076822
2031482445
632149054
1121055554
1545532419
1606809527
1859425703
1178573444
1530944197
966576473
944379343
1860312279
1702155350
1383792445
1125158523
180040762
368003277
776060979
1776650747
1518631270
1273813400
1205956494
130918826
13550575
1092370446
1092139637
1681857489
1775776943
1127537274
811818147
1599292932
215130448
695816944
83958339
1336186002
93865715
1690767866
1048128058
1272439159
1074228415
2014704531
69334855
787057046
1569376233
1453127300
1912215570
1749416996
1821130577
540792901
1378584095
1192278199
1814606301
437056941
1323197025
1828156876
1529427388
267853015
1362530717
1157720683
1395390289
26865217
609529968
1610520737
722682161
693488307
799223091
816547877
236772525
1847351149
2088987036
1311000940
1714572033
10838243
2098057987
1136464618
1463965543
1862789909
738397966
1137612472
256099162
2116982061
182407023
2070705463
406555355
1505604049
1751378691
1935982743
1773457064
966425761
946219778
1021363705
993290978
1555749746
484400794
1715973139
101754405
1283623885
385037368
338526930
983491387
326540757
1649527871
550579772
337379000
1600102210
1687044390
1801344544
1315408471
277958709
791473368
1571507633
247457122
973880392
1494729448
654012477
332000793
1098624491
442511572
2105457857
2065050252
1388731351
979337914
910857582
796997449
1463738708
479347074
898751855
599878945
864384442
1237278785
1583370332
1190925199
739323008
2133950104
1528304200
191941570
1673510847
1182165096
1507350041
1951469556
1973638464
931374026
51443030
800035208
278619826
705455508
1132036001
1377244318
1147967080
1090010210
1294810922
389214783
2069348124
58184857
1186212233
1385603184
537531931
2084964088
1985482130
1401916373
1174759225
1421368814
445357925
1914082234
1407835271
1973662125
2106023804
933862470
1008343573
1465890198
737848378
834498389
249780576
789291408
1634533598
528400403
1494746916
619085951
1905644721
495230349
1709096162
1052971995
884445132
1630960638
1111156852
2070657365
869080175
1648688783
2008137805
707078657
903121509
1035413383
2128447471
1348479434
802011969
1388799094
1174657911
760552125
175177916
35517836
78958675
913026294
870016225
328739252
1702317703
357066175
857139655
1049580971
976152127
615300728
1544811320
537764641
1668272723
281772805
21241631
631945928
204946522
890321806
133151063
65600680
1597400463
1036272572
1101014063
1578364287
237268358
1903026032
819679733
1411926269
516094509
994857650
1447444105
595053185
1907883944
169976683
923792437
1462717999
527042858
1780932092
364815323
1503194985
248749172
1909626643
2040959626
1917021895
43915800
2062201258
401484175
248862323
805039416
534635239
314463003
254956232
1570907811
1415477066
1833320519
1808176170
1171019450
505516604
1072618791
1687113959
1500374254
372579249
134683496
1260774551
542555932
1058475933
576008902
1069598790
691924377
940824225
425310128
940673549
702967221
318786106
710211797
746883021
233503716
1111695972
995745344
1038543133
1646331211
1310208347
1293499365
1069755375
578201765
979336236
730447897
1749221215
1484852840
1803066688
1288851527
837743447
28162289
1423535023
2098517998
570718221
334527309
527043252
1640317012
1026451686
1467867478
2065627140
1967125236
23351051
236929598
529853385
770234072
470433315
1641549357
1765979417
1508976448
1140396921
928704116
654992165
62668648
1506905882
1634328401
793116545
1108643449
971697593
448699585
250011328
1809441040
476861875
1673546352
1760475390
1047580096
2008073661
140034995
540413460
887041699
1607902473
458556952
706683287
1631253524
695486551
1236536672
254003948
1165919866
730602382
2019983365
527412666
1870999303
801203834
1182404831
1933667951
160626068
669249584
579300848
1269269517
1640947177
1028000433
1519280846
1302904570
1504862308
1045343550
915896312
404958757
905933563
1055931307
945372217
1792975262
516350132
1403929170
352174902
120008
2099415721
1588711574
254123957
1117851939
171830308
126623674
1645264605
2042829611
927827508
680185788
1829013914
1088453576
1349435372
260831114
210239446
842898901
1288831548
1729520292
2145803471
646210208
627380194
914216136
1051168965
1533313757
1970147443
1996541183
1178805371
339013928
1252986705
1530980273
339133936
1204918778
972208200
593257893
175287069
1144038508
719881568
1820551674
1039384472
1647709076
353253814
720914738
588679005
1702689186
981745853
798918451
398104439
123093753
380955095
396424263
769303961
1008335289
1310640399
1820472927
394165398
1133304194
1669530462
1572970769
1472318122
775033519
956467395
1811452059
1979952297
1928675595
257226304
7755718
925230455
977107872
1828307392
1964614927
477333301
34077558
538046018
1066012306
1736766744
1519791871
1864930757
2134871183
1642885624
98402204
383811798
264705937
1106737493
1694452197
2085178864
1500902891
680272744
1607225678
926390012
5107218
234775549
1882857407
1816559277
67244198
1664049354
2073785582
74999916
441796162
903409806
1903307308
258927441
1380743107
1937384866
796973459
299271765
1526667962
169281682
16718874
1514055498
1812167306
115121078
1897867296
2076873244
1221858571
1444835846
2014568460
575277814
2125108590
1474310491
1501667827
2130215808
1709086040
1237041586
1799291438
1776330239
753607293
1725593372
1851330155
1195403455
481519530
1607153816
1454330896
1862262638
1397055034
103820708
14050755
776239349
273102390
30769630
142811199
2085269697
145890708
2040678495
2014659293
1367749280
1338030693
1881744105
1943027094
1315655635
1208570948
1297211273
1298387796
770173341
386769212
950195586
399019932
1140376505
528305310
102866439
188296312
1009824840
1710020255
1642627208
724603830
959591642
1746447916
738654586
1735830991
2019550307
769424216
1878642190
1957336356
915314924
1771837037
1824512001
135580556
962384083
1558772458
2078607651
130556070
619859759
1228335276
1428943866
1390033100
1615104488
231655804
1789053032
607997345
759961114
1891919471
796293657
1769785955
1454456079
291437218
346906137
266564073
2037885134
1085560723
2002395064
1909951793
1854984939
1733553606
1719804501
622816216
1357906995
1396832854
758396772
172807430
808121665
689520775
303363501
1427981424
1917856052
1732307367
670530876
1385476892
1963963172
312100260
1993474238
576440638
56536083
642284247
198742945
1510992162
933721465
545649083
1777556235
824122952
1631209806
1632467651
586591097
1338711098
1218537609
158911951
1961527314
428960957
1555744805
572440438
601768387
216382822
1261961214
905131888
1644364246
1032333618
489955608
167411474
270326862
306435132
479511734
116317452
882875770
536047818
758601700
1081618716
2047039980
1692323165
1627267799
1677112568
368962469
1110993957
1162096571
955553567
302221407
233150533
1114465518
116265073
662111490
522726675
688705512
1263879877
739109498
1950666726
21528118
235990096
835516696
511483726
403401571
1105843558
817918858
882913305
1222161011
1700794628
1418961123
1980762711
634929696
1318517456
1525602228
114713847
848146376
1894564698
1225707805
2010242947
702634617
1527929212
95909832
1817100135
1644194286
758021322
192343162
185416150
2021901200
931452660
2136082876
2043429318
1167442757
824115924
407429396
1570844328
1929959482
1225348254
306273985
1004636845
778659234
1725235109
837915908
1413588931
896268917
216034489
1528302778
1744415293
2110599187
606526935
1607174592
665750156
2134456148
1703084425
335366643
1631166786
313622099
527709805
1816582936
188039651
1459162466
1805182164
83985321
479121575
481814440
491414717
2049965903
264290274
1716762971
208756240
1268927120
347938558
1933991349
2106843028
1761527489
682776618
175393869
1142346619
279708263
138509408
1748873555
1886882856
804259564
1735846055
1442483633
1139626207
1219529193
1756105732
1667336013
888628481
1944145384
979014831
546326997
2028130705
1458136406
1028141437
372061775
1360618661
1292431711
2088824746
1569374901
413875183
289279656
1355882603
373234564
2050807145
2038659221
548628433
1045670117
170883837
687137842
647060024
2057766693
1491397406
235422431
1352766678
483539966
1454951624
961388762
3392331
196096457
758050498
982407162
742423454
638697556
293059920
1770564891
1010759331
1653678581
915512954
952100429
1075569834
1329388138
1241380086
283968789
1702622702
1144703583
175144363
103767487
42890052
346028200
790905329
689950076
256311245
134819088
925372507
1609077923
618359054
232840483
422983037
621751385
428936940
1181033536
1604158547
1171360394
1819731092
1897218467
794441637
683006775
1403413400
1709954592
1635107204
331499586
891859082
729003642
615468376
446998136
1873707226
790612739
550765623
1916597278
1136640939
1341670953
459063707
1392952184
1476490041
1384436214
854546459
2094849095
1617276698
1277529496
569116832
2046213638
311079384
25791731
1070090385
2130810476
1923010198
1864532022
666333603
1178939950
1427002966
153957160
1510439536
171378400
882960802
2125907912
618376536
609184380
769037003
1169142160
378298011
1905677942
363329465
837361718
1151146478
1839819506
74314284
2005692937
1787184953
1691590982
1135738786
208818137
1590320973
1446818170
234609868
512927710
1430144999
10136418
229976084
2096478602
1189076368
1656979051
102952114
552032256
1828357451
985912917
530456521
299250340
1595097297
1299493524
1468392500
1973395308
1057687819
1831721965
663273378
61350649
1524057823
737587663
2067043587
1163759128
281694997
1055298725
1372577265
1872015970
354633247
1607187133
237460032
1784778246
1617323551
467436117
1733773201
658916271
2124415168
1836725315
1210948527
1805288971
675154584
1741405048
2104539311
122768234
893414925
1425448163
2096163542
1951102744
1109686480
611953273
2012453393
486260655
1349540936
1932013332
1650019783
1631235933
839828409
875113400
1355768256
1194461657
334816885
1593228288
831756255
1952140436
2060664405
418045808
463573059
2037595925
107287476
1674521587
1695401249
782442060
1268442987
1652456912
905210294
14374264
930421428
853890189
1965477008
2040107908
1465843462
1830446754
378884916
667900750
1614976438
2028904699
151653035
307321200
756534452
1507421291
1501782857
1091351337
953165932
186055464
896008126
866346689
604101273
1359581185
756458967
711388749
886619124
304376568
1493830809
7578464
1956833480
251557456
21952728
739771260
1105447645
1987429737
632395521
423807459
1670392843
1011280437
1091708209
1137885633
892701488
1243361244
1445206833
1649235940
603298888
799506042
593103630
1556464820
985561507
1489111756
275327861
1589662780
701209293
1031786828
153567881
1587828418
1336163396
1647398690
1595406882
1145513229
1898956146
1617359610
1885284489
856920143
1457305699
370196362
1280727602
980214894
1381476799
224952163
2118100528
126694640
1468313408
1415823713
1775930580
2071612296
67846108
221550562
1480593468
1053407615
1710662318
1755921329
495586747
264387964
640224510
649154628
1852216382
1976387906
149069670
1300139616
974417487
2048025817
770015578
712218329
757462312
79837630
1082414691
2038189915
1060052524
316407843
115658430
1030669404
443102483
1583971838
299009470
71549415
1508100486
366855578
293099978
841210306
1420263193
2003762296
449647988
1915849940
120666612
1089872498
417520920
1972882994
918776756
566590590
1125538962
1893194244
467132759
1895554541
457928925
1224595072
1975392171
1540343616
1115301339
887961047
1856751459
1230959769
1918630452
152370294
667447960
70156274
223919710
28064798
437011852
517019688
869275105
1857275045
373298336
1318923093
1625641337
493964949
261311943
2043162257
319364295
1180088699
462269199
1444903258
925799295
929401959
1192974151
1383728220
6513383
1020882674
776588189
1121814722
1908843721
485856000
205290843
1679990525
638226295
872738803
1750146799
862146005
900803602
39675003
1379165693
1770078707
1896950048
1752464029
941518152
1375107737
98945330
1202830095
1270786346
418309626
235435146
1733055546
1863212884
1161234442
514973857
908703387
397479014
521487240
1929586061
1174067203
1643301962
1690946134
1659923204
1848592805
1223453012
150665851
573847961
826116163
1012811856
1474651563
865791167
244493901
1097246622
615257567
1996957930
2038764774
1990365305
2095903261
1094111221
1113668003
366729239
1329546367
699239901
82458475
343297161
1214213758
991161862
740776176
1735700998
773264275
1914843379
1231519312
316726761
1427282935
932628470
1540179773
1577948786
1506476431
218812289
443276994
833644346
1084603456
687770895
1930890968
1699861023
537245178
1822172094
1542742680
485664791
768799667
508927036
852394030
2098346034
1208166937
934852505
294159548
274897048
1926014367
1034935724
2010598046
551794994
802295455
1094633711
868521755
82094743
2027262181
261217881
1660043529
1386254964
480030170
2103320524
72415662
1564633626
643607771
2003306630
1117011001
1180852949
1677995076
512270034
1666517740
299311095
1021197070
371428122
250173481
81880359
1306280627
544333029
356777407
1084811346
1579268753
219891806
1636606340
234080561
1314525517
357644448
316175304
1194304050
618862329
1976218833
433075366
1098892499
1932055709
505491028
516042477
428179833
361314010
1633053478
1609032782
2039309086
2145323512
1128066875
191136533
1019036934
1499494997
441310014
1100917294
658291977
985643044
1457694701
1743103323
417428149
1677586507
1232226016
651508710
844628376
1589870464
967684014
2038932426
61249145
796419200
324524144
1160141644
580991261
830015172
1676184121
1009171094
1191329182
1161753951
470720229
1083154620
1159593816
1598787104
1274291153
31147102
950798453
1715601168
1132064396
1609090430
553760564
442275450
1204710106
971188713
2119861957
289452474
1622697424
817006686
1879322938
442897790
708455464
1940572083
1239316990
1032979609
953230079
1820308252
1862994781
481930552
681995698
906840316
1643684503
1152715927
1989994936
655794671
604019383
1116802442
686941774
1554817837
684919962
1819006170
1016424619
1238680526
113797972
73651077
62385591
86176282
363103551
1685083015
903182968
94942841
2127980806
1611638432
2035514924
1219814148
497134393
841261355
892638752
212645527
1323191907
1574634451
1119485843
819392763
579866730
961997131
1475187434
1183886114
2078799573
14645560
591220303
616235887
1833651731
1607644922
1854916413
1947449703
1681296000
1917302005
2033625985
2044399551
1454901372
789325305
2139342393
1435398530
253480090
2027373669
507729031
750614483
721151377
1400367783
963260010
2044343284
827518586
2082745853
716252399
1407385317
897259337
43956186
443787783
828575262
58601746
1035008086
1444811150
1892253477
495169360
1152243915
1692219533
28981712
922062272
1578361870
2073381264
229479997
220203528
2065240009
1664878527
473683618
1945130030
25123910
1224298101
518797759
1425491694
40074464
415657396
105526632
2122820317
1131909795
1512911949
872596006
1175865981
1956699732
1701171269
1234467728
844224170
998498771
979237557
1339393531
3259038
523973442
1368375243
925321311
2102335313
1294272859
1154801308
175055193
1212029220
672196187
648738811
1009675603
697320098
1873036912
1528473362
2122811792
1913111376
1944130758
80854776
1888448046
928556906
1593766726
613560404
2104422887
1402982810
167248025
1191406967
99723333
1165746796
23160877
1439116864
1169005835
547134319
660008459
2094327146
501985984
1954281319
1101644806
677041177
1018826891
1773840993
1325779988
2028502494
323677443
1051333253
1409492209
299005587
816960981
1206139319
379860364
557925379
2134696225
1973627090
1171485784
2091635465
1229126252
1338733809
1135558784
1328849585
356996958
1158719661
620482801
1526002793
1705853981
1280491261
1472846291
60356317
1087288932
427007449
737397495
2106115823
53364794
2063177483
1987134670
377042238
967027088
1249143231
676047825
1783988070
307798902
1055908189
194429801
295011480
882051631
1365915585
239163297
2111177884
557165747
1374722081
1292543821
914162705
385958095
1913026623
292681850
2091812076
1046034236
1765528141
4684745
2133323168
45051942
742082240
2091955343
98416736
657776076
1931606365
475458974
1624803164
1033265948
1151506800
1261307586
1341064851
59931341
1455737388
1636076331
941982973
674169325
1875239628
905677209
1231335072
1102478061
50737382
2145497777
1488436156
1963764005
290695979
1432764584
862314593
2056224120
1437449330
848154113
2101276062
32047922
792625809
52209151
689823998
576748526
527668125
167143515
1610014475
1679174925
1428451101
803595678
1739106267
736704841
292188361
533605592
1410874167
19944341
1439282801
494725591
1122422402
1490020183
492739721
463374911
1306300541
783435700
1896139495
21131486
692176173
1186105177
869285600
645968587
1218153100
1661911409
698177738
1907977098
91176287
1225845864
2075120613
1701190762
757537141
1356088067
357302792
349159760
2092792908
649491153
882765352
1356183427
669435494
174564505
1850909019
1791857897
1664584689
196165092
107749160
823401582
979600792
2003888655
844533068
1671776965
1042510185
1713818668
170261905
113179637
1228246429
868439643
2021156735
1319422717
2094285507
1948793701
873129831
704339001
1157398120
1230432624
1053498761
1102707380
1879923777
1936264114
311407160
401875624
2110828619
14832531
46249873
1627929660
210997623
153999033
303847594
1190598415
10404040
1148380663
714891733
1052914225
714715683
885153638
1166093862
1942962113
1753593281
1039766950
1114901182
1700395141
841077003
1988031013
257250494
1998475123
1070979989
1310749255
953698855
803420119
1099529721
1265106015
1205295743
1062874693
1279938546
1251545616
543320705
1490936169
1405544649
847168300
534050937
1415948689
1995548963
1248942670
321379267
562780998
2134096308
1487473129
358259463
1740205941
379756431
1473160645
1293117434
1220833434
1313708011
1550367928
1071824909
237204352
713633536
2025523765
1040624471
1813163257
1143146132
98436566
728554302
275601031
1349982182
1271875008
1766537200
608043183
2119043308
153104489
2023991873
1967108623
1402047159
197887492
382405973
1388659819
1685360621
740665437
981382113
2065117053
66342434
127015899
1138466839
1380050445
1677383828
62808101
1617254798
243533716
2088331866
510395621
2056696973
1083994350
608832188
637767628
1359595381
1958814370
1909642636
978648934
419373906
1881202296
1131753423
295882131
1700827271
386316935
493769623
2083233244
1774976754
31646596
676415033
608875219
2096763649
742757468
735891119
1087746841
2122807913
265791299
1150554942
1592579063
509325015
1091403160
2102974685
418538340
27913862
564323225
1056305968
1387509244
375653947
818464956
218674530
795027853
552183604
1350427953
1090909984
105527227
1736744888
1584679607
41276824
1364237995
1616326204
717691857
1973113214
1565606205
1460449325
561520685
505869398
1435773591
827311984
1656424340
880869006
1336636999
600343852
836360043
1755175340
628257715
1400683268
663997660
2015766959
1776337216
1482462617
86957841
423881421
2034646221
1437385794
1514791406
2140173449
1026647035
951987365
33966625
243401382
420829921
751658482
69030948
1986436127
64624160
630551634
344821877
1500397751
1457863618
2001246218
233783109
647016970
454106422
1070143153
254708662
1082364137
323342773
918706322
950647448
2099679989
253685291
1037605289
376077763
140847865
327507436
1890869169
133537666
1354154471
695372886
167504291
1597555853
1116202808
919162773
1666586801
955155287
983786933
149654787
1299977164
336701036
1607518406
1153739734
570484146
107051728
1607846157
1640627299
361760390
542726646
1963970072
1280466712
1493374095
1916166414
1534152004
383495736
144760529
1674999869
711003172
2035629698
1808537535
2065157643
583518936
1976041826
1515229848
1699721744
747720951
1034333002
507393383
1731507885
1183987789
1807370548
2068208921
644022547
813626634
491209419
751074275
273989143
2131836718
1112834665
816715790
1948323143
245817730
162606237
1717005909
1779969734
546101973
1861766438
1307485955
1257105146
1749912488
968539842
1174779141
185947776
797098020
542525342
1885669521
1544818971
1576858344
245579256
1128843208
613362485
2052949804
1049568482
1257385033
719092791
1540777901
2008459308
993081934
1525130972
973810326
1809797724
1325970467
1219628056
1972403961
895492728
852114142
371022287
609775518
12116449
1628127433
212204358
980656291
655422926
398152134
1777754311
1197948268
136338007
1175089634
627322964
381917264
156449195
1240685450
287383420
1206017677
350586835
1006476211
599311930
211562495
1999558146
2124442902
1185372821
1661872222
1302929721
257517229
1486792536
50938801
1109631371
1857814823
660714319
1121747820
1338458608
872918677
2102404111
1993881534
1271070812
1732674774
1044346155
1407408819
760280761
1671669119
1789326083
916729956
764870921
2076709504
2122747633
1115457756
935702067
574575915
1327020252
787776565
551535170
364909425
302165140
1854464891
622426655
1788957676
1905403693
1732058026
1499288851
418634364
706322199
690263811
1291553042
661242662
536661697
415140206
246433789
1581007852
1822549025
1006714550
1105193324
1464391461
1923444506
1870064245
1393617317
1898708491
838038354
181835736
325800758
17574958
969612302
877335928
382484383
1271777442
584317172
1004911038
913251470
342237217
589485417
265056673
760871581
1295807616
955320484
2052424623
1957050278
1491982181
320081181
56000419
925506386
2142630207
1062714969
2030699710
1459538020
838675827
1753280307
705671689
589900670
443835013
887507425
915701429
461409971
1857119727
1793037357
843894355
981413521
229870881
1848805393
1894664991
572108098
290807162
12238016
1332979680
1586614778
967558500
1237920655
1396181409
312057034
1558001837
1452181828
1237563420
1553148396
367413150
1120779482
865202768
1206088977
726576141
1570874457
1795989648
1170411155
310898234
564207429
1631821126
20534314
209761138
328231833
1001947835
439632020
29553579
749129179
1011740118
320360741
761367195
197236150
1906975520
1728925696
1435156806
1155673281
2040982730
845674995
460371461
1131062502
251339743
827784611
104358336
1116542511
2033873589
830934477
539933320
1682379589
2001345632
850831554
99103370
1485683111
871365868
308864508
1813914944
1873313704
748496528
1843468523
474959235
1760236647
16345617
1236326430
1957472797
1923321137
817768478
1245145955
931510770
711267560
2090820950
1391882231
1842330062
194677045
72183195
1946688398
1311219556
2106056784
630139228
1851152876
1640952725
484001212
554500783
1740056095
1969684323
1425866651
2048920603
1636115620
1151696707
649933484
1332100495
1626655942
262686483
1348446112
715498725
72675632
1124283601
1533267203
1317821588
2055794371
97051116
1261158890
1300192955
1939381178
1455835936
1372376150
1738585929
619571844
1330949286
221241509
323241073
824418363
705242721
877741856
416990810
527443397
156124859
318427765
16075369
1307821567
968361249
1348175864
786993861
1231047732
549138329
1502492586
1303723365
1673421930
888276142
474061305
1581732654
985327258
1735220195
734441961
777224788
1043572483
2106818111
368327069
1663144328
1290283749
589568578
1986385401
2114702112
1294811300
716643609
384209274
1822254697
872768468
702637039
1838330066
33106387
1670998289
1039022282
820100249
754562373
1588160611
175109187
2058285738
1114098894
1063385329
384863395
548347900
2048712587
2120083591
1282789861
678453728
1016172426
1242124324
1046780797
531833106
384924425
1636349376
370734859
352142889
783677028
1087378468
736352163
458448077
1960146937
1438989202
149294495
1993253324
962503843
1188316777
665869925
1717066217
628993741
840979113
1627868307
1743092635
1904364442
2012731703
143956887
1805593382
1985331646
1426746748
336563462
854020424
521387424
1383344259
1385853531
906311849
872209987
1756588390
1258454738
1655887015
696483211
1994806901
2114335092
509146500
1286312455
116145939
354916176
101332651
1304462717
1020786102
1818398868
1933456458
1861765215
1298783527
1529065445
1618646009
1164031582
1673022332
1276755743
1001879580
952285432
1613319205
1855900005
1473672856
849179817
1094269888
232501057
1721389804
703374630
1490955795
1229793172
1399857841
1338279048
1196644616
1909004341
477107855
1312790556
116436870
578440506
469769625
1137222972
249355726
255742435
851504539
1548139254
1784807880
322666900
564687188
1310346564
1599422644
1566566769
115148348
1065258201
1274983126
1588821204
1914438018
221769366
1821322261
1488344175
925143996
1164794408
570653699
177518190
355589808
1767298315
2086522531
832697663
932605223
55475753
1411138170
1402374848
1192698725
1660493896
1658117283
2044203264
1061149502
1295441515
219386517
1625836691
458304431
1818809161
1044919812
573452779
736583714
172419290
14790335
503538085
394188656
1836112596
1991882260
1319332652
853423356
415052311
1496850842
1209013164
34866978
1435889726
2041710828
967472202
1491365479
1305365350
222363402
536580557
818375598
1880480686
433300173
1879525101
1028438553
652686690
1357878144
1486742985
324012203
255314308
2060195764
1060595918
427733598
2074986100
1564134003
821922254
1763615048
1408532615
2141254906
469554757
1823584926
1490622101
1678567921
1858451904
779028179
1572795101
678440458
122910010
730676803
900803861
659490567
1549052402
633800899
1092790741
1281093855
1662239452
1745477431
491488351
1001498789
2069489635
746802659
914210906
982601905
1174536257
841713358
399252260
1996458511
457844758
1807784875
1990229769
927399515
1483886153
1333368222
458483789
1194854409
2112396401
2031278890
1873294868
87822764
614472046
626615081
747313331
16040800
1260415980
1840104072
1297134655
775171784
1438097856
1788623006
1776670574
1360103843
387942017
543397832
195222100
1562478274
1385111190
594474360
1411453137
1842955948
254775587
1254199258
622871816
1738661740
440083833
1081355605
786032501
404996586
965150847
511843721
492819350
1579622893
1138458802
1240132682
1595663693
251391134
932753106
745314700
1026562919
223367314
386454058
655749845
1583471157
774396075
1199147677
1778693257
189390701
436775219
225683969
1600843838
132247519
480459556
707559449
755119335
71637648
1147643282
1836474940
857670150
1552639868
654142140
1369513871
2045459219
86281385
360489026
1138108253
1681945079
611880160
2070861359
279776131
1638443079
146745026
666230190
146709276
1730216183
1440626265
1345856953
1361425793
1630016967
1782632172
1587109762
1083377157
1914879692
2067569319
1790936606
522515379
2139206967
791096240
211506672
849393469
196252461
865648812
71423693
94228032
951930197
431912719
1232336285
486391628
1043792879
1155713996
766167760
534752311
1302459022
1432397950
681461587
885191558
725540567
2027318541
99133703
208073886
1662467065
1686243465
1291451044
1429863109
1606329136
934904002
1952378489
1598052456
1726000243
16401513
299962277
1922252704
882050325
371385970
2016480736
1833980522
803298689
1101333373
172888503
1847091569
109563721
939056263
234360232
1412022744
223970565
915821819
149730654
949511132
795656712
248864357
1157585019
310640130
1935107822
301552415
1740503239
1393953311
1236456417
1545398080
844522119
814973012
1561799593
1144484396
589742068
296366270
1515870367
458739156
2130346793
171685408
1560072529
155751648
2018776977
1669636251
1094807911
105653561
934175347
1318778476
1021475381
1083906001
120805960
1817132093
1332770358
1278390979
2127772223
1120394532
1579943394
1720791815
366864195
668916164
1118706247
1211386314
1483889176
533022193
208387063
2073631245
829388463
1724257430
384886753
812251608
1895942838
1944959283
968003256
1767236168
1467111886
2062811167
1872889729
253803585
1234105995
746881462
1337709586
1354911956
416529908
522996296
485819287
396818483
1643390828
2065762682
2117610298
2010255024
587195198
1088832898
1074157690
2071084374
1621855091
1282544753
1997231971
303759906
859318535
234635077
1116011515
607777726
32110712
2084014771
227530246
1499222598
1999342291
2100419975
1753026183
1085964638
699817790
943252121
293392946
1116347698
1466248417
779212234
1513166181
962155597
697491268
1483292832
824926973
1284686466
424642082
1899084664
1208287192
2046497173
1034145769
1058035516
202773431
1893464305
1292670593
1318784946
353758383
1324781305
1255316070
581288629
676520255
1107174713
534224956
282062790
45655703
1234042746
1225314911
339048650
202906796
544079680
1118260884
1716072978
1506235277
1815752152
1051882162
183678603
952954970
1476524244
2082763267
13758514
1375537769
969425388
1071794030
1578311200
715406045
216980975
749612499
1069164428
1541762280
2004928569
1650453057
70798887
964619634
37194366
352861677
1010275337
1271237112
1578176588
1349323987
1474143909
2122256268
320101223
1042733239
1481007898
2135853375
2094615401
1664686501
941324697
1423655997
1599966120
955083212
651710118
421907860
2026877242
82537670
1137313906
96374570
832150169
58994686
1638136850
689595090
1709447744
1708935738
1654214724
1746642110
2061797415
517006414
870395574
1492490356
1866330401
197055835
1467262976
38947977
1239789074
800787226
27317704
1186920827
317990079
968642402
463093176
1917956199
1923725614
1114803294
192380412
1803119208
1197340965
1329694318
1899493778
2029491134
1388689004
1390146981
571602577
950653100
951599071
78333653
549811562
865912838
595340067
1420207137
210919546
314186821
1617262972
1678182523
353134798
709568399
331486101
380452502
1896489226
649476181
1349094904
212098755
419948732
1125336870
1326902049
612329144
780972431
376759366
1942023462
532982561
258766853
1183228819
1923129542
830369430
2133881919
727244965
908703083
536209834
1593157804
1504043151
1956416971
1804077350
1818229972
1426196295
1334776225
23881122
2135764694
1666262327
404333624
1884770273
168254860
1753428529
2096869028
588203592
731281751
1276287429
1200532737
1512254182
1653046796
995072551
2045236744
1911813649
30817722
1820882638
594699431
17215994
400643956
1503402514
553425828
1993801760
859962017
362359151
1650395462
530708341
1788555446
837688040
554589463
1776836493
356466719
958923088
1514123118
524721579
564867969
1463508498
1112925171
1296149720
592312279
165974260
660920255
97875427
1161046812
558673351
2009689076
1191864534
232072341
456904859
1209080528
632716297
1960307374
1762506356
479034409
672785743
2124865507
2129429872
1203494085
1765937306
819634264
1758083548
1395290151
1176100983
569522988
761929621
1700822562
1134390957
77954471
666264085
283057030
670266750
832238346
943977285
768142178
1993285158
1502650636
630347606
1037666044
1734722977
1087252466
99262925
219955627
900076192
1861769281
698990036
1572861935
1839151141
680936260
628872372
1457604799
1500570524
239472273
705411302
529187859
808995261
1467340923
82526773
1943386219
1545295394
748790859
78959601
68078496
1581029205
1022936886
836220674
1426830715
378103874
1466568281
317013111
2112826851
406337099
416276036
185298830
1306413291
130561670
884288867
731791578
1969712811
1565225127
1360663951
1279833962
918312004
1600136224
1985245264
1447499863
261647837
1305102539
1530026637
57550408
702914285
131333848
136510009
770992781
1712363053
1159446895
1607213456
991710120
1537550769
926298089
1308723231
1502893973
1332635188
1724999268
1688192803
491564831
1855560938
424998022
1223356409
1677790101
1990223150
436536712
810140415
761051506
2036672936
647902031
61067721
150837126
1953004570
1591094358
208387534
508435207
1722428206
344897544
1279427988
1287307611
1504344439
739157796
131534083
894411561
1665455885
1440257315
249821886
850607425
1017772935
1938014689
1342172256
725850225
215529064
418045018
256156678
58268566
854581730
1066297093
819320072
743771019
1714199124
880387793
894608145
1519720046
323998504
1102995679
2028155253
2046426710
1447893223
1160099593
1186250674
804754015
1899257390
1317784757
1699165576
1417229627
610558424
1948987462
120353405
1628331359
1739518503
1462525661
206697936
1955047567
1880570679
462854614
2013316133
587668762
1529151707
685152557
1331439781
1095867183
1565540351
78564278
468103581
1889538855
1181559957
348775186
1788481917
481969533
1508874780
827248943
1286723548
1260648522
2145033701
838405476
530394501
608108477
639909290
650747906
88956189
231944145
2113273568
295654125
39508065
1846360599
758508740
2052824198
286545713
140176799
590493108
1617985494
1236043983
8549811
1696549772
1704147564
1898088666
730626082
2052922751
1539086935
1212595615
1414313883
218852231
351835515
527478757
216402284
1190240991
1057873258
824510761
1830150281
1708621165
913466950
2062094426
1674411085
1209121076
2101602491
1373288036
1967629816
2006943042
1659833750
2107806615
449952502
1130335596
1196366950
458502313
679401721
753030867
209107331
1410027803
658469970
1748194266
475139770
2072783853
1967046497
826975285
452778962
35965133
2017216276
1510652220
860475895
1699882909
1071789737
1773942845
1614493687
598717174
835580273
1568612531
1972005211
655726441
1428071925
1484355313
616049409
1878024427
467207261
1812416359
189043092
1146608982
417963578
398150423
409153137
1076433548
2146344689
884292907
1001733753
1965907539
1711268192
1454512715
2001872672
1581000820
817681288
714864919
1133400081
1889471025
341324117
600410121
340704552
1176904390
21539004
165226115
1832630832
1449610929
1649581428
301196593
1180151708
2116788689
2113612952
1369194800
1115914024
384092883
1767345223
1525067161
1460526431
1766206264
261876421
314776537
1584630155
1973144613
1769289252
1439019180
1406661786
439486892
6400451
392578219
181474270
347724568
992988340
522178822
1524628959
1014527344
687404937
1209776143
316654625
189502717
1510972736
1496806333
158807758
1477102040
718517485
1274721782
1861194923
338379060
652305296
1174237707
2104585325
914181717
1489014244
1541731832
739842682
1110819848
833267364
2146504468
1550306741
839667816
391599040
1731781011
1187392384
1384587380
106476185
564537695
251631077
793881122
1774313838
568285702
983383839
1137802926
2065092036
1142191597
467421319
636125873
269429732
181132594
974504934
921735028
1355370301
931606611
1835916745
696900897
325854795
428275779
1807720746
1159122160
427296600
1210543839
1998789976
818895640
794841202
1038698712
55999372
901317387
1603236408
307630449
1695198509
1230066598
875916152
531098700
220385877
793524540
1673290297
687807196
1429650413
1942720029
868939790
256671699
716971409
76826444
1188278310
405404506
773727341
1514133106
833680286
433964439
525771618
1260976886
1644508278
377077946
2079872526
291865832
1415776658
2135871898
1193183219
871529418
296018700
740898080
2101596017
1171934852
1271996780
174498246
1965459392
797803430
862305442
1247626157
593039811
1731245232
1504297857
1310011221
1808071676
545092519
1715415727
434315370
2059225625
401612365
868279809
437513595
1662589251
365304440
814591541
1594978129
657170272
82884552
1583366380
1850353492
954413970
1879385080
443767924
908526339
903836284
1715764705
1083024585
721812028
366084487
1945330027
1969438185
959124298
1529091612
1326252394
121651871
1189679640
1871344914
1837067599
1623995010
1783086891
91196316
344791172
73116839
1753785568
710095612
887708380
1201280049
1367265884
970592932
637162781
1070135728
1925006903
369064213
1513903653
686049594
1272900497
1082184710
1769074180
1994712525
1448269197
1566920559
1816667063
259909847
948528523
995435809
381561719
2138208164
719297075
71145670
1614719526
354900319
162341986
1959510698
428017158
1916127554
522122662
1315725538
969923956
1889388547
138834823
1607086737
812040627
2063841726
1976150951
178460632
602407672
1101567800
1260645342
223998204
948796678
561430891
1790918764
617980093
821340739
591963639
1613415902
1202902458
582688155
185229330
1274048128
49924034
540129649
1436390114
2009434732
968146807
1205034021
384073747
136388697
27474329
125978646
275223520
1634561066
938019273
191581598
1463228369
1116479906
793989271
417312522
229641600
1017987475
1366109200
791072492
661422591
1984089293
1612413231
1253386231
1450021547
667832041
1836074386
1635250877
1941880169
1885998420
27896878
1230786635
1747949505
996043685
288337008
2132023252
1132432383
315811337
110518250
1407655903
1950372404
1048537523
1599237502
1266117125
17533781
245743125
1683429647
247175382
1263730600
902055199
1038247874
1925153192
738660844
503177457
1031055775
41198744
1171009498
719646513
1676449621
965406019
458161286
1704346500
48709006
58627143
552906537
337046015
43166747
1685338920
652857352
153684997
945511176
455746108
1202222520
397265030
1721863234
1219756302
643008155
1257809233
1466931684
1906738755
12380785
357695910
1684408299
751041629
860873367
567980426
792240373
2031882865
1287626940
321206347
849805236
1745788226
2025552847
898514242
1804415369
430975736
1235560257
1847582116
2116314657
1888417610
2001267113
914342185
196680070
1056005985
1311607215
1918543304
128278639
1954615370
1028868890
1595210323
1713870477
1041249675
1952906233
1250795129
1792291304
666295952
1818775555
437048030
550695169
958918847
758254377
1400500405
557223425
636323576
151531000
214155146
1067299312
1387091257
2061737262
1036130321
1128025219
1915520727
1950472506
1324705290
824043065
1114596073
1095764946
952321704
921727795
2124633836
400048380
488114625
1018399863
205470965
1738909754
663207520
871766918
1410201661
1100255550
1422462087
221636861
1858509927
675478845
778860286
347349855
827009845
993015433
1414649167
66617454
907269047
303295841
1194642674
675306127
106284699
371864316
1499349192
1220880773
1467629262
304187248
2142608568
1444779451
704235628
483239545
315695666
909706594
74665651
978903186
1781473512
1484867313
2079158736
1056451951
1706504174
1790185015
1731930796
337880812
2137534870
411456993
1330896245
1404700390
478074448
90681645
1707996231
1672717122
765987772
1814280930
2044581438
117853316
887678055
1364727052
422040564
882802976
662022855
1126276193
1366042521
977718522
2035982787
1440708173
1956621708
1669972651
778091838
1888296797
578940954
337112364
1530998164
163388103
674993176
1521049387
574845096
2005889422
778266129
1052919544
2096571067
338778712
578153018
715075191
5575994
475250808
832928507
893254050
1839977861
1254969071
1776057026
354517068
233761616
994615899
1332235590
122260755
287840424
1141373651
1792233406
1065932262
882186800
223690713
1403044626
265701316
387078816
2078037803
1786750703
961923912
1936443577
417533184
2014843457
1885530996
756311896
445512827
453122539
761887891
920763636
1286051046
1655141941
613257849
393536469
1283715319
967774917
627298086
130847570
152526860
749558841
418687995
1293900511
394308600
1484620257
28603663
617999313
740181236
294304979
1005078129
670735391
2081055683
1967002041
459695320
351105219
1834361850
197742668
1107417116
132391030
650865207
1869305007
1053154666
1936916253
1376963300
1666412515
182969074
513194971
486703784
810267160
644042541
639230644
1559826002
1062730536
1933131155
1954134602
399867146
1961734818
424650267
1140048382
108556150
1429728396
1810783773
42128185
1249246789
122995445
393233404
936124992
320738113
1500650520
1068516022
971603320
1222471879
2121670688
761035925
451951531
1640599555
944004999
965146502
2127303339
1754272160
1609189044
619050336
1166614514
524435932
404697843
973265468
924303078
218949014
1397915735
2064351460
327505164
680160483
1727651585
369633349
1929407272
1850647030
762866753
718048616
23901495
116033626
1786564638
995504815
1338505505
1760751678
1756540740
1790457037
1253867585
553062092
608119891
1233687277
159850604
69825287
1852737613
1326465118
594261220
109951808
152246938
1518564298
328900822
1550162673
1435432111
656405986
82839508
1015600048
1026039335
2012246780
718763431
1788906089
582811749
742664926
1904939715
221892739
1738169742
1095961572
1982644418
1347226834
738934961
1089028355
1900288926
1347054853
175231984
2060139530
1416880140
2027969597
1239121000
2011141360
2137921406
1391367938
1382222011
319338580
794046963
670170474
975744567
876886471
1685770522
2001783902
741649604
257050305
1643206343
1324461353
999715232
1400662410
1546354092
590401326
349140335
1381514862
1937628160
1088075296
323059570
1690433439
287646501
498291554
1603089321
1704526642
378777504
694726674
1568184354
369215262
2086094612
802922717
688553842
732657928
1473093191
1664298409
1609544399
1011380066
1518598664
203710355
1268430371
1014321359
1528171708
120661955
267500122
927042153
711063281
616640457
161073367
501207794
1704715753
484132937
44157585
1992362255
982424492
1647246906
1549405249
1361201996
194489932
970105955
1730417258
133100897
1773028673
271487452
865758825
1098638216
1935785862
327819576
2110018282
1306900878
531529932
1230965006
173738589
2059701640
1351626961
441238711
839260145
2062690243
1057879168
1000333513
416414389
615111274
1484466450
460571974
459989881
319407294
2107818880
2009395130
1680609290
154825165
832017437
1263542900
287926062
457562462
1535030353
1153684887
1556200679
1323332567
1481504463
1518735313
482749797
2013034395
602216671
656488386
1925252388
1953843633
1097727098
617028885
1869050228
8122618
1617362398
137980969
623233892
954345201
598552943
1083223773
1273752495
558888175
945135255
806878138
713713340
1777152693
2070421038
1001639402
87231507
1457967743
7840641
1643432186
633816662
1489345105
1014683852
1116566459
1354895852
1616900523
1773054846
1132664592
1423260508
723298296
1749693478
1144827088
731420914
1219572228
1282808057
1354654807
26433781
1881361000
290394932
1300186277
292765528
1235530188
2107064415
1006478868
865199233
2030001805
2008118271
952430740
1340485901
2015958912
448379279
1974302563
1357820369
1463063131
943385375
565232574
932480006
568956573
1697897166
208256867
1292254869
1300106996
1353083955
2023675783
372195577
488408365
1230846942
398629358
222285717
1521241875
1698815635
515051245
609288415
1658396402
1521530114
1474487648
1540914560
1382164737
279434740
733916813
1250640001
727814019
560735728
460976723
43393502
1504121103
1026209297
975873509
2073077676
576622815
1184130376
1217848897
1876729812
389730683
1094041033
101441741
878139048
177404327
500071099
1100424766
1698646202
51403087
1615476011
160450969
1709799489
989522477
1634938617
1103230401
224203566
1914373358
1837147214
1474843568
494703729
250399295
1935820291
538097232
1754520398
814545940
1513970741
1680114427
1391168755
550617469
750479676
1120414919
940348152
1844520709
1221856660
1818487201
2021925037
1721927760
771428319
1573087591
1773330847
239420682
1733538561
1335646688
1228943160
1220993530
291393442
1453146726
987883240
2128540656
780506646
1482586970
231456303
568843289
2020684202
1985976702
1383389229
1387171295
1518607481
627074337
1937788764
121603509
1747489256
730653268
1966124219
821862269
401656821
1840565608
396306381
1173085140
1266169551
22153580
1412505823
852224464
1357800268
493965335
2073217995
1649193710
1947112061
913617587
1630250719
580135060
248720909
1861707022
1148978349
121921463
1700200076
384883931
1509092758
1071323909
1011958268
1299397874
1192927419
611963876
2030051143
1011567990
1433826145
284224316
704649950
1830132526
1457309457
1970819501
1852286106
722331632
675560318
1062602727
1216296967
601294665
564312789
1015925380
1514912252
47079860
1596060440
1763633162
1908786883
597555142
1885554625
1461503311
982439073
1247163736
385343573
1994397341
399077962
1578270992
458877569
281645457
442355334
1892703715
565869774
1147005284
1575352593
2023179231
970341137
1280155052
598027215
1645901455
195274131
1814324182
99712472
759586920
682765914
1614624725
806666781
131342707
1230774239
567970016
728897849
968845216
2029473327
1711336922
68525304
267333252
1558250615
467603267
1845604244
2017128184
749248724
140475930
1762348251
1315118498
1287481214
1190217197
1190814081
110338704
322888601
1788841296
1756240159
518162732
1455681830
1855952632
1277749652
2138447745
1323093709
2084416433
122306804
406384300
504902801
851204653
1375229516
386892481
415057927
1443754821
654225733
1973308542
1911358088
352346330
1842953078
513123164
492822260
1457817682
1828241663
1780303475
500551231
871572096
1890642179
823439832
512929745
1499398690
1341602564
1968611575
1207867674
471868568
1959575672
383477735
408801354
2081882476
789862035
913704155
785603481
17607904
1300596636
1200661408
1461362725
1954822370
1026486302
1225237165
159685052
721955733
1738360329
652507312
32289767
1419118344
285327139
532840998
143206793
28485670
1356280830
656136538
1527884361
550399746
477264465
588268387
1022268314
289356490
971746123
1431069668
223755318
1761608158
197290176
1009358800
1779216062
1497886812
62536560
1093095139
1305225534
1089022863
170848656
1464910586
1810978596
1909208986
2117417899
1843268363
1180843682
255261390
228625713
1324050475
283747061
1584906543
1980187013
1811631422
2135306289
309967831
252416161
1010090955
599324321
1224162284
293676976
823079639
838286795
490967152
1832438439
470019209
1988853964
1894975000
1563114349
1146595851
836514215
1733963005
464022789
500009163
1495688343
433957040
195793878
529048378
689218431
424419591
1853098853
972965492
2009326134
1685802219
637113266
1997148775
1995770050
889529427
859756082
447610723
2113691712
1153433058
1270690362
804494859
1644400210
955645154
1274514068
1485770527
703136506
690144769
484882730
1539650721
276624127
948905519
2039659884
1772312470
1382862560
87970114
153877200
2072080991
512389705
2006976054
897562835
374232191
1545294625
1534676101
223897318
1393581027
276721880
1083653400
1841191750
242929944
89602811
964398464
1047424803
1734003021
1920043618
174455224
1072289900
475696476
864599993
1557172630
2015347197
1141224120
358594502
1907523433
766052943
1741457062
1995493547
919930143
1666054405
360399604
779422549
416133592
734631795
177233526
1950809693
958529113
1570814553
80047925
2042182514
1264522655
322977870
2131785325
81437472
1370402673
1718304698
2001481090
1544857897
643110951
329693919
261974243
52799933
197557468
1403198363
411394435
2105080902
21767658
5367849
1953090801
941697802
1671422254
166006758
1721120351
2087555846
900638553
1898353878
1890881891
1859167667
1321684783
1970929817
1753866533
438723791
146424039
1738168210
520161263
1516826712
1308989260
374158705
914200962
1952100211
703852624
1176175205
2004900145
901410093
431889920
268810932
859007347
453657579
274178782
664614500
1395355381
1945601036
830621258
968992084
1885673235
1731259812
719862314
1629071478
1442943831
2041547098
1452517647
1049326716
332787241
1598941686
640011278
852948504
968284751
1949000538
1227107209
1882485713
1753617102
1930959834
911177270
1611033599
684886279
1343067190
1879844531
1543893626
1796724769
6539665
61024478
1044596502
1952140702
891645737
2013588587
1690330289
475421901
585967253
1171918119
1918365732
480030703
476952119
820208800
812817944
2075893805
1460220078
1665766448
896694908
1261736968
745390010
631696973
867870422
528866196
1542874243
331420373
1213752475
738457786
63781257
610162453
387698907
70320922
671186931
1432295410
2022461624
1562832668
1298400349
1565308265
2038254569
1884367602
589742737
1809136653
216914658
1066694856
481861805
1029732602
995105013
1942081883
548015403
1891799922
1056335204
1293405413
376013247
1924205626
1822271609
1918887491
108142352
888540436
509861629
171923609
1498702889
897560536
242244531
22406172
182372298
117222508
1585238841
1480772647
1682530773
1476009762
1217656602
124789862
1137662768
1434571260
1191484718
1619524573
316820214
39106084
1414122809
864835617
1930906006
322974365
10757382
159435605
99696343
1833028991
2078323096
207838695
574085779
440701077
379762304
2072788668
1338261614
622006836
2095194841
1520633912
739229344
1532950034
853922912
274276469
861476148
2071579514
399066332
1999138916
1358667126
1590551050
1471179842
1675487340
1629657134
737819003
392839310
1413079492
1060793368
403596692
1572515098
1160489711
89142036
1503354546
1368328407
663227815
1944055624
1748090711
588532836
1134833590
222613899
536244029
507983854
961843243
2069194063
1361906766
1236119713
783186563
1286002632
1635186045
634841832
497186110
1078253447
2106021674
25189803
560426934
696357029
418029113
1973506426
1757150397
821625805
1398537876
770156460
910767841
754408775
2138484867
1573995657
550980751
1739091931
15044845
1685814341
1961705830
551288874
46314547
776065426
472999289
1408221314
2012185139
1256185852
546740298
1499887536
1891027684
1043926409
430657335
1849565710
1069116212
991084269
398439091
1487145325
817107048
8105840
161287482
68161276
778262301
1072055324
822570051
769263520
498567333
1373550802
360871803
513612178
911881495
175093986
1064901052
958196043
951159412
1537900341
218933709
815860903
646602545
765674007
168264791
390146582
1809600416
598922126
92228644
731232980
1590006396
490667736
70894657
259629796
498773576
232182140
327791072
1277035877
1304237464
1150361124
2046299398
1802804797
376428278
259687553
168933327
1288309774
434781539
1233834379
99022169
1385940951
624251072
317955878
54318206
1270853617
1083629885
222582997
1661000199
745746654
821505124
1753228844
1476979634
264027872
96412932
1547874292
523657668
595186508
1780056432
851448740
1872222386
936810248
2001809864
1771038136
592131397
230754495
2030725689
761064724
1519064269
318023581
1994899103
1618086438
1703964532
471666527
1936042316
1758282739
1742520144
872188553
1980865736
1256036696
1617935207
654887212
861781892
947431194
918915084
958194824
347821838
1442572752
1553381332
2127878270
146537845
1278120070
917204870
864061
901674558
1509336267
231618556
784916600
122917343
1750682825
1102940181
2117816446
1221285615
659421065
441999325
1009844283
270220156
37035821
1882032837
103602245
1293072517
1352484396
758489457
7370761
152431942
1677404542
965565585
500253780
972493646
371463270
480648402
1119031491
1649583340
1397853272
1119895553
403774251
759705891
1351514109
1188690851
882623234
954713287
144147384
852956032
28515254
803568449
1294955357
1038359538
1073788606
1331991179
772908727
1177390851
477580048
2125393123
1935880308
484950810
130341418
1465801202
1450516395
630595198
290811201
1821979665
1111243601
1409842692
1324079358
361613225
382254597
1727853609
1121319117
1733768707
769060812
2003942351
540998346
913208196
709414736
569513600
1716776645
2004370093
1607873138
643081603
1188877624
233298217
1820472454
1666457673
211207693
1608869115
3924835
341549111
927186669
1454441230
972144309
1217997870
1128937248
2083387910
480356915
305532958
297517488
862611512
2033386567
1418836605
448896571
654963731
1275295308
989894917
1568171927
1984710044
1559408518
1137464924
1841596490
1019798008
1780546528
882990466
1253096226
1453535334
401964491
1464303919
914920801
405889326
1805853030
1842107471
1860330557
630513691
912621693
841784157
566417954
1392978608
1147317115
863935442
108106473
1033220034
135288399
557003044
1688183765
1410583707
1546897962
1108872044
1247810104
958822832
98853320
941922946
1978620840
1879399848
1824913412
1084233418
1185451535
79394256
401053689
2100372336
485283582
59423071
1794996159
198130491
689936763
560134205
1039914648
1256354717
1953112813
39748115
2120290159
2061219286
1072968149
108094910
470738683
613668266
1518678617
2017636645
1722540310
619005073
828975829
1821393631
1560928019
660113021
1553309831
1238357784
1744346440
591277718
1317752040
2145400129
544166407
1803035622
57339553
191678918
2001166114
747276316
751813123
893597114
2003631033
557442289
933345230
1976437544
471177927
2006313379
2084532454
941916610
472497998
1455727423
812069607
47554660
2074732497
1641045436
1868948291
1488176868
153674810
1274774475
579051004
1898021250
1866052193
1896803044
1895937731
262734952
1552355019
1953277284
454413871
1406037485
553069952
1206226994
152150951
409217337
1763669283
1085496181
238171233
87363563
944325913
175220039
1029280173
1416823911
1630947463
1841349781
1464378571
1558196312
1334911569
1185843215
898889532
1488586379
313134042
1477940537
1239123981
31702587
1227259933
987578065
294437540
632131304
793371701
748851411
2038168789
1346441654
1955078405
42836093
1755658991
1571264041
1128332274
1993830225
1658627604
2072658187
21566616
540424129
1341998450
1652514079
234290262
658893374
1063226743
1569201832
1844736589
1962116276
910304563
10386983
1292573165
1944897
42089570
372349450
989522962
336527110
1004480755
1782894663
1085378521
895165896
981852669
892973279
938001989
590028013
316753672
2066334264
436374590
1975381276
1991508803
457941206
368321757
1186023606
2110455286
602612020
1844916980
1026198381
24330204
1542169921
840831009
934634767
1552556904
2133404174
936579664
1594646474
358269977
1926102626
1931173585
1362750732
1561513642
869068458
110432980
395882663
1762041737
1048434970
985910676
2078795409
967285586
1422285266
1906693037
811310741
1880226473
127531147
1997334347
1843198111
730143167
1694767679
721912844
754473371
1089453952
1562743854
1689108138
494527208
1548664380
478204155
2089173683
1906934357
256823133
1872863620
1122201441
1818336775
594448430
1232634422
66735791
209006520
133585744
1052646467
140318281
1100871330
327448086
2047011319
1912182071
60190911
27058818
1762032771
1903389022
757201985
1309316802
477818218
1511675356
251287107
2040562072
1053299846
745814315
1441742805
1531504001
687504350
1201193514
1788327135
412884322
175911308
1459180262
1007332753
1408545730
1525916053
1216339273
1542131474
431078873
1356657554
495519156
758526959
1256185225
260217579
818717870
1283244043
2022250350
574623244
2040446028
1184083505
1052441462
1404637736
1435370612
945519887
310453935
33701279
239779044
1841957936
721205630
1440972558
1482801423
1134089952
1616883866
794498038
2141422705
877945948
172930443
1210278330
272593774
604009316
419452237
768112930
1362536275
1675637462
1028330510
33770497
811397858
903097212
608393741
704360238
2087180717
1660835204
2108997975
1375067681
458871443
271968262
1408768961
698650487
2113926198
2129974591
2139623045
1449243974
1116580895
1609023264
96258364
1110519953
339485564
269188807
173314635
612079339
873198124
592766872
1380192269
88250751
120920687
261039131
122021249
932318545
1164136344
730414990
1636678783
1103833413
243766546
1598193110
331417447
702637989
1870161372
1740186408
1401288476
1836603923
1722677351
1393427874
1138364249
691774598
854967490
1234622613
1802294551
1194453054
1503811420
1975609187
1806532393
229525896
420892411
1039241015
317776648
541813098
1300280146
439797897
1474131643
316932842
1170212887
963326779
1420766256
1413979434
414036241
1752183703
2116617423
136713966
1344886463
1370422252
1973317889
920080166
616366478
964198490
1611854764
1471333968
51337455
1266665668
518303374
1555148875
1094791207
177352120
1784674772
1515683618
1216593135
2102451420
2057496717
369389633
394765669
1384144712
686322476
1564978556
199987843
2107088732
831474342
614024085
1711788787
800608118
750738051
909191602
23546722
576572292
1829271768
639913200
1540770782
1293642884
2111247168
1592108237
412824904
482066894
999773464
1507616111
659419014
636964588
875816082
1876012149
591932360
785829151
97918135
986698029
22490215
784240611
404192938
222478059
743845695
1235667280
836502144
308150834
2036275398
1587240195
1217342436
2059822120
16328839
899130556
552251672
1557099621
45289792
516015192
1001724210
458114697
998082087
2001497674
1965730808
1657501101
490978615
694063242
1386029603
1082910975
1479892393
1483947738
2069609005
1502382609
120704701
326318295
1724860668
864550396
1561985575
413879164
1172701230
1450777326
2001119359
242560018
1363115798
2017448198
1141690574
1915367471
1427064171
1186980366
283899015
281304733
1645095063
1281981102
135318759
1463342224
791998556
626297374
9921818
30544511
1709208350
1489814212
1514492249
1631333707
844713173
1635196950
1957652002
422090193
352263698
1372153929
835969357
1524964928
675447607
689605068
1767524946
2038563406
559569618
761731872
1806447229
1986633789
1948712238
2090346244
120454874
1446323654
1224843699
255773633
762182230
2016842255
882071008
772104048
2047386766
443795710
114434612
1414395367
2075129417
959147785
902108669
1885297771
1381237978
1254372367
1109968052
69723687
631853647
1785415660
759328755
251894945
1676495418
1318898373
1013626817
1335458999
1158048514
814855407
1278321595
1278503388
113695413
355681646
1534277022
875877643
225040253
268864382
1647981692
124943371
712660092
1762416304
1539338738
640305861
574080442
293963759
378119984
1955318420
1548336126
1488088036
2025042108
32706125
1126020048
636887215
284601070
655031818
1955785589
1298227887
1990490817
966350455
2113083295
1121328765
97370196
79295060
1477010411
1631647218
955172704
1702050665
1900511600
455670748
1826994036
465688044
70603404
