10000
258825
694935
723093
799439
811145
978101
1610795
2008965
2035952
2119603
2428447
2481115
2625622
2763735
2971437
3512797
3557131
3828762
4575800
4689281
4696215
4700579
5318226
5375735
5488158
5521702
5574435
5644046
5778952
6093780
6599746
6775114
6815162
6957460
7043676
7273894
7517046
7702336
7766315
8219970
8681453
8820396
8922718
9183635
9344918
9430727
9664475
10172360
10369100
10818156
11116278
11188614
11304800
11730442
12417250
12487688
12665817
12866868
13055477
13253891
13260109
13721802
14216192
14421971
14630779
14816512
14891709
15089701
15608261
15690795
15783774
16186196
16254307
16310530
16420779
16638929
16672523
16721393
16849603
17478566
18154243
18163842
18352778
18490561
18556459
18582651
18924700
19092737
19319647
19397140
19750319
19944458
20149155
20413513
21110423
21261504
21335652
21349053
21502980
22450273
22465390
22578528
23176217
23568167
23766918
24280363
24409896
24528170
24741404
24834872
24931364
25131928
25339957
25378698
25451309
25456818
25758727
25903381
26073633
26657392
26710352
26775868
27679008
27702526
27915490
27996865
28260176
28647642
28775052
28792052
28844981
28989571
28991742
29127303
29484050
29545296
29551279
29774481
29997818
30640420
30727331
30740035
30982515
31222434
31346406
31400673
31746030
31803666
31837258
32066172
32596776
32843812
32847774
33152263
33288772
34400984
34707483
35108130
35232337
35667501
35926634
35990319
36004767
36127116
36769520
36810314
37124881
37150320
37222985
37279219
37938954
38013359
38106908
38164204
38214924
38267362
38437005
38499968
39074588
39253890
39278190
39407312
39432222
41063848
41067885
41202556
41224917
41481489
41599370
41675734
41771178
41939351
42549892
42602573
42952662
43218999
43480887
43769130
44145873
44465237
44920480
44950558
44990038
45060886
45236521
45237300
45327829
46463898
46604383
46606503
47335071
48009301
48206428
48662269
48675286
48929978
48940864
49110064
49296979
49621922
50065725
50304405
50448132
50541113
50656442
50785293
51049852
51203732
51301070
51311388
52150331
52171904
52541444
52664492
53078124
53186607
53371881
53455512
53741599
54012991
54095359
54108229
54213588
54453167
55163092
55247170
55840126
56059699
56112750
56324160
56756833
57016909
57073463
57076394
57250368
57439895
58005808
58219536
58314828
58472875
58484249
58521585
58813524
58882894
59028982
59350303
59635092
59869983
60377248
60443169
60533474
60758356
60966028
61214702
61426677
61636889
61807218
61859796
61970508
62029988
62127433
62229786
62290390
62360426
62541333
62567092
62723100
62851426
62900699
63304817
63805547
63968575
64013786
64338341
64879038
65044545
65468847
65523312
65717364
65775214
65930230
66007802
66081309
66861163
67111970
67144471
67172737
67212202
67232161
67360317
67512623
67540594
67654526
67968182
68055823
68148674
68677660
68793898
68970840
69133643
69386004
69402215
70028007
70158888
70429083
70582624
70620849
70820775
70868688
70927546
70933463
71008016
71285035
71294255
71295924
71493582
71972123
72454048
72853517
73050409
73339491
73483517
73599539
73684044
73851369
74305053
74449170
74598987
74702176
74771326
74831981
74896292
75135541
75530363
75979034
76308865
76699935
77280099
77316071
77383604
77722236
77756004
77854968
78010524
78406985
78640400
78715017
78739351
79091726
79129780
79196981
79394776
79435965
79685962
79743697
79978393
80325001
80396908
80451965
81002926
81172647
81975886
82224397
82842458
82912647
82965868
83030520
83560963
83681081
83734524
83934144
84735118
84981526
85415149
85601853
85713522
85864225
85876574
87083990
87088509
87508109
87749459
87884090
87898337
88003349
88182250
88228923
88392855
88552177
88993184
89025516
89204969
89330676
89368990
89709574
90065676
90274567
90364220
90441422
90495367
90518283
90779146
90791062
91137148
91319650
91336610
91424770
91471708
91483786
92020894
92042744
92222163
92490851
92528868
93102804
93179240
93308289
93913949
94071807
94127583
94426320
94522668
94525450
94793135
95418910
95570732
95816457
96115596
96158564
96271458
96274920
96637021
96677655
97029892
97103920
97442636
97537281
97573088
97625640
97987364
98128403
98415189
98446623
98804712
99215822
99415877
99446749
99461252
99562442
100352644
100652433
100747902
101539799
101647327
101654225
102048072
102127380
102146110
102792289
102819248
102894676
102964597
103039627
103127274
103160438
103177811
103448804
103610499
103625881
103688575
103816677
104671084
104724371
105214413
105480137
105535651
105551955
105624501
105658340
105933149
106082846
106756542
106763247
106763925
107204095
107313332
107436691
107488508
107553256
107939514
108009743
108152445
108254936
108330245
108637029
108980482
109135767
109199937
109306284
109412455
109461072
109727274
110386231
110734711
111012590
111598948
111939726
112216216
112252998
112341984
112381158
112593453
113253540
113389625
113552975
113576553
114049864
114131805
114261172
114299151
114365681
114431961
114446125
114448448
114826369
114945478
114964405
114982194
115565254
115753692
115899785
115969039
116475097
116634935
116718035
116737880
117297235
117405926
117598199
117642670
117712040
117854886
117870015
117948601
118343492
118592732
118780716
119250507
119448451
119546971
119581497
120025097
120137933
120688918
120940717
120975950
121417655
121789382
121893339
122121262
123064450
123209060
123302724
123557736
123915784
123968903
124011334
124117897
124203017
124268938
125084102
125154991
125157937
125158760
125165873
125477692
125501758
125554363
125796946
125919114
126267090
126706876
126887515
127032583
127440155
127469069
127576362
127657547
127703882
127783380
128218940
128338350
128590763
128598567
128654546
128655556
128755599
128963485
129043786
129366667
129442658
129505888
129931973
130758117
131148111
131360839
131737232
131889066
132106404
132513522
133321145
133480520
133869232
134093309
134285490
134387064
134483389
134495137
134533206
134714059
134724156
135680845
135837418
136240607
136401546
136414213
136657200
136960948
136987925
137162039
137456705
137597786
137974502
138221790
138253173
138270792
138283389
138323223
138501333
138700639
138880994
139121746
139326550
139429350
139496733
139915370
140646303
140786439
141014903
141114030
141170842
141210115
141683845
141859553
141911432
141981685
142031764
142154282
142249961
143358608
143524364
143635365
143947128
144038712
144143084
144771986
145044496
145140689
146359703
146635588
146699262
146776567
146894526
147093393
147482364
147500834
147885859
147948700
148179796
148217941
148301962
148368468
148465921
148677990
148821434
149029064
149094523
149837541
150172034
150441959
150611690
150815046
150934765
151361265
152325066
152430931
152604301
152790941
153034313
153720031
154070307
154116977
154560291
154593189
154978644
155270841
155524521
156525419
157041690
157100609
157602535
157639541
157881985
158349974
158413282
158862863
159127790
159413834
160107122
160143372
160232487
160397834
160404914
160514085
160610249
160754575
160890906
161230690
161287095
161400803
161503404
161752687
161779092
162113391
162163474
162752976
162907540
162969039
163166514
163201280
163483821
163540415
163586268
163637934
163657327
163879147
163918997
163960457
164134183
164230456
164340363
164454663
164835157
165149034
165286125
165344301
165475660
166157133
166187383
166283848
166536433
166896451
167031713
167799087
168067579
168775203
169026856
169067445
169284236
169337539
170079688
170209726
171260175
171291795
171655290
171696290
172452114
172507201
172638174
173210761
173725728
173747836
174082424
174281508
174665381
174945763
174961463
175199387
175709066
176061176
176512304
176543023
176573706
176615332
176657291
176773921
176835834
176924733
176926457
177115598
177203873
177341335
177449281
177732095
177772828
177822429
177925761
177930066
178077005
178085676
178160743
178181974
178779985
178813229
179039961
179059429
179062165
180150415
180450823
181456013
181525038
182379528
182571144
182638903
182823023
183027775
184050176
184194876
184219418
184225781
184489785
184761212
185163694
185164500
185297004
185315545
185756719
185792176
186115620
186138035
186321134
186506868
187039026
187170019
187209446
187513261
187600105
187661094
187992912
188331461
188379492
188483734
188780925
188788881
188836532
188848678
189097632
189630088
190388195
190496526
190854575
191439075
191727700
191776101
191810702
191970503
192039400
192064064
192329406
192659766
193070374
193126224
193415021
193959506
193961826
194292941
194676734
194868546
194873170
195213411
195886477
196258979
197392257
197527026
197945105
198015497
198657743
198913877
198965221
199469004
199497107
199498333
199696271
200049693
200764190
201212553
201358800
201417297
201670221
202034819
202040440
202607328
202705963
202826754
202915552
203185075
203438459
203728867
203960727
204174567
204385196
204609834
204798086
204801270
205042153
205121961
205251232
205278910
205555013
205578663
205602987
206013272
206306571
206347205
206430565
206477054
207036947
207133610
207314237
207373429
207735784
208016267
208367732
208494242
208680318
208751021
209053762
209434463
209541550
209552304
209727093
209864784
209877969
209881866
209925826
210088124
210377711
210700227
210716732
210826628
210851463
211003025
211449130
211567715
211725112
211787751
211844900
211963740
212069915
212126291
212222647
212280982
212508203
212536893
212806756
212828353
212925113
213028331
213406371
213828750
213894139
214217237
214406847
214709894
214753820
215018888
215545218
215816364
215829354
215848995
215859171
215945337
216025513
216721151
216900189
217152165
217186507
217854888
218320708
218701661
219304322
219628229
220126218
220594366
220597640
220633003
220683124
220789822
220811738
221136946
221400948
221551467
221588587
221807878
222157265
222302567
222984151
222987406
223127937
223221508
223756345
224277462
224770272
225252974
225261178
225523302
225818811
225882804
226081990
226332700
226472723
226621821
226653235
226696940
226835589
227165725
227207638
227565065
228398519
228477941
228836080
229068335
229221415
229231826
229311561
229466694
229527107
229733981
230150227
230572806
230846587
231153331
231740624
231808511
231899193
232070672
232194249
232796242
232954631
233002343
233110478
233262845
233268531
233424341
233592676
233657971
233729524
233976228
234292637
234752030
234788947
235203745
235604703
236032077
236113296
236136593
236206434
236819976
237022686
237906734
238045139
238304236
238471664
239108024
239142167
239246583
240351623
241018751
241588442
241653767
242056347
243360487
243638649
243940970
244036846
244225216
244236472
244292005
244696032
245087281
245184789
245349976
245513989
245604118
245783825
246387186
246815547
247000147
247292017
247627741
247651366
247961715
248184643
248220527
248241679
248257121
248467895
248492308
248553748
249037661
249144022
249369238
249399736
249414447
249467265
249532023
249586716
249808215
249813601
250237547
250464100
250521991
250943431
250987591
251369776
251796365
251872087
252425058
252455093
252864662
252948773
253190087
253583985
253801144
253828738
253847031
253849652
254049953
254832963
255120782
255213705
255280330
255397894
255414738
255692667
255706662
255852591
256073648
256362629
256637840
256706146
256770135
257565781
258052885
258159053
258430099
258717569
258725213
258797246
258866530
258894808
258923748
259184721
259276896
259286025
259681851
259693725
259789262
259833721
259855288
259943188
260172803
260234342
260307258
260441796
260706800
261676392
261739435
261834103
262006410
262305865
262855727
263522570
263881787
264241447
264348102
264972515
265102028
265202951
265625937
265695604
265758952
266470158
266568781
266569768
266813188
266974782
267341226
267587021
268090769
268482553
268768783
268861060
269142924
269155108
269516104
269630516
269798223
269933801
270137487
270474034
271015702
272123535
272243127
272315773
272524180
272587912
272937005
272976190
273358757
273375161
273621035
273729382
273838124
274320056
274989167
274991943
275387677
275945175
275971334
275992520
276310595
276427111
276543873
276563899
276566050
277006686
277064520
277184348
277209525
277281491
277589108
277655310
278099782
278210348
278352095
278576072
278627557
278887700
279440094
279489661
279777500
279885443
280062818
280549525
280561462
281251352
281375143
281434354
281725389
281891728
282604536
283352197
283465103
283472510
283493536
283808243
283856693
284138734
284228490
284403238
284808307
285379649
285548095
285862441
286081794
286245616
286317499
286490694
287226798
287318662
287530690
287861661
288012647
288115214
288450954
288941268
289629769
289935353
290000120
290036711
290359212
290535950
290661052
291251403
291530890
291618400
292248634
292269424
292459528
292616627
292661162
292724354
292812180
292865515
292964842
293026217
293276986
293470916
293612019
293842357
293864692
294036470
294228777
294229266
294931599
294959482
295060552
295109697
295154518
295454461
295495055
295538803
295561848
295737048
295821131
295893442
295940780
296304609
296396820
296509000
296945090
297755120
297777754
298137725
298532929
298561041
298976124
299112953
299388373
299724863
299909011
300115448
300170548
300176023
300433951
300468422
300612035
300671031
301346518
302152712
302445034
302447703
302891634
303010624
303015521
303096560
303508160
303642956
303838078
303916404
304047093
304064535
304117243
304226510
304459333
304592280
304750422
304787193
304949052
304995885
305275798
305491428
305590334
305728693
305841192
306165432
306226335
307059352
307080758
307411336
307533976
308144721
309289922
309414910
309823357
309910491
310173199
310177493
310685173
311672450
311835387
312070646
312209153
312389313
312614264
313264544
313479950
313519020
313666495
313698560
314150258
314420482
314451657
314511115
314584424
314768530
314833093
315067948
315175601
315464870
315673976
315761367
315932660
316315151
316381241
316519886
316744017
316789085
316911466
317069085
317483508
317570861
317680658
317697657
317832305
318083688
318110471
318124824
318299634
318335678
318401315
318612773
318928460
319451507
319890006
319911142
319921982
320050500
320180644
320224707
320367745
320425041
320548202
320675115
320706038
320781579
320921502
321788336
322188034
322237813
322466692
322923897
322988889
323717335
323848968
323862684
324013595
324135341
324158121
324348460
324842499
324883768
325161324
325188289
325860426
325906622
326092567
326142733
326270440
326286822
326350668
326489479
326581148
326618578
326640051
326695480
326752409
326854049
326924704
327058356
327059536
327372229
328032821
328045086
328408687
328791034
328967307
329183086
329798428
329938154
330496299
330833982
331221839
332234292
332350729
332451128
332615224
333425570
333588039
333601346
334064532
334590814
334607002
334634234
334711527
334990923
335100351
335171510
335265129
335424757
335596455
335777534
335846096
335901805
336133550
336263218
336358335
336609271
336978369
337022876
337080360
337168405
337583080
337648242
337883650
338052490
338078539
338113764
338485164
338500321
338822541
338965057
339250611
339588875
339970788
340134413
340998865
341326251
341332915
341333258
341613685
342274391
343087358
343414406
343446622
344477087
344703183
344826955
344889476
344948156
345136817
345154138
345374247
346292803
346429364
346470254
346801514
347101096
348093467
348134693
348428851
348613399
348924914
348976500
349126482
349160959
349293631
349761198
350017043
350565747
350588375
350685516
351143309
351162306
351177161
351227375
351233631
351577406
351625100
351864851
352522669
352717885
352816701
352891855
353006695
353915010
353974448
354152616
354169357
354770435
354941587
354948208
355029211
355241355
355290745
355366110
355399416
355473251
356018483
356335588
356384016
356487943
357433905
357473078
357602956
357769232
358289881
358308949
358426296
358598527
358600974
358706020
359070027
359296395
359322228
359777234
360123620
360335167
360436835
360938160
360968797
361418816
361460445
361815081
361969663
362145880
362233001
362467080
362841002
362871894
362955658
362966684
363037219
363050832
363178206
363198760
363330536
363479215
363499962
363659030
363716964
363854916
364075624
364374579
364451776
364598346
365493396
365628216
365671578
365730958
365752349
366171743
366245085
366317975
366380666
366548402
366979347
367092811
367616001
367999358
368648267
369004813
369635683
369681114
369696195
369730086
369785780
369851415
369927459
370000491
370023318
370338064
370471342
371253458
371418905
371525837
371555310
371631739
371687128
372246822
372505030
372592219
372645697
373496165
373525595
373616344
373767762
373915586
374253626
374726045
374733248
374781082
374792248
374962392
375007590
375071394
375426274
375504300
375596394
376015988
376686023
376810165
376969269
376997845
377105739
377141591
377727223
377888100
378124072
378319903
378542024
379154651
379164218
379693190
379846163
380078574
380271805
380275250
380455456
380522252
380674033
380822214
380885879
381066727
381112484
381130754
381137169
381179282
381428353
381612746
381776409
381870178
382074449
382392570
382548392
382571026
382587383
382809524
383047514
383229243
383242161
383250776
383635487
383659817
383673888
383854834
384095136
384142028
384244799
385041635
385120169
385301709
385611315
385614325
385756211
386126283
386170601
386571589
386726308
386922723
386980245
387262911
387357797
387888817
387965635
388107677
388199143
388211443
388507509
388578686
388649504
388776965
388941033
389147053
389678729
389737212
389983818
390001911
390147148
390317362
390427843
390553595
390813080
391366360
391405589
391865464
392506863
392798865
393062728
393375070
393430126
393611460
393916041
394020700
394118035
394133550
394281809
394291921
394375518
394490619
394740749
395037418
395039240
395519214
395657839
395855657
396032369
396481273
396552464
396632281
396640487
396667030
396752714
396754158
396797472
397090366
397195390
397751413
397805827
397916638
398108066
398350675
398782712
398783900
399364175
399558833
399718861
399894481
399906235
399981747
399989625
400096152
400287226
400413442
400493074
400619891
400707891
400876085
400896263
401309860
401513476
401840105
402246645
402466406
402584719
402656212
402695222
402732755
402754657
403226827
403262112
403302302
403345752
403408997
403551093
403718508
404322068
404607631
404716789
404834979
404900352
405022795
405068608
405631770
405790687
405850864
405942804
406034687
406338287
406477391
406510307
406536571
406752939
407328800
407336481
407872653
407937033
408315339
408524367
408799274
408824798
409139525
409423415
409439218
409961378
410305290
410633939
410679126
410759385
410986499
411286674
411409517
411478824
411838488
412540250
412580144
413668504
413692225
413699286
413856445
413857116
414005510
414089017
414304712
414482853
414559028
415057158
415149130
415522585
415619330
415910886
416458374
416605814
416877671
416929076
417080193
417148565
417672649
417842286
417899272
418039017
418347827
418645548
418650213
418713644
418726690
419031452
419179632
419231274
419851923
419917954
420179325
420316331
420423368
420603786
420609430
420844620
421042625
421731515
421853294
421965291
422279082
422368641
422570003
422579963
423079769
423103788
423755086
423914921
424064686
424118796
424171549
424259929
424266319
424586095
424595583
425727960
425751531
426331758
426709189
426756370
427127676
427214804
428165049
428255045
428673324
428733138
428801413
428991802
429184522
429591790
429734418
429779033
429882660
430818568
430911886
431083191
431419052
431457424
431962265
432271736
432444100
432863461
433128288
433166609
433385348
433618541
433718637
434932736
435171166
435320464
435658840
435714635
435875216
435941856
436008905
436137465
436244264
436921060
437193461
437296641
437672984
437719405
437942887
438002862
438230598
438282634
438407906
438953909
439434042
439495241
439603678
439656444
439730787
439891940
440443941
440705487
440739608
440744673
440820047
441271330
441463713
441559106
441574913
441753849
441896518
442039980
442073337
442291441
442796108
443409068
443497688
443575219
444967525
445164733
445485710
445730649
445762253
445908185
446080322
446496744
446546316
446553376
446733336
446826619
447093388
447133754
447153367
447291385
447405795
447566489
447722970
447726113
448117054
448125040
448469620
448545287
448768292
448879246
449037810
449112523
449496511
450350970
450498965
450586456
450728840
451106879
451150027
451438758
451560284
451668877
451820569
452055448
452177047
452314588
452421766
452717663
452803174
453158254
453339428
453750033
453798034
454485993
454567989
454686480
454777377
454784822
454851604
454905212
454997764
455330999
455426728
455567854
455589147
455696750
455794136
456252735
456397611
456413973
456434114
456665372
456835627
456956032
457051685
457079524
457143777
457502725
457677250
457928354
457929020
458149952
458479578
458651062
459053164
459133522
459451280
459650540
460051585
460129012
460146873
460409833
460567976
460742000
461258828
461719577
461743206
461963642
462062630
462701882
462878812
463292034
463384443
463447486
463881292
464263100
464439795
464535846
464599183
464611818
464641983
464696075
464990790
465434385
465660669
466030573
466407954
466489453
466744457
467060309
468197514
468447199
468547424
468551679
469577601
469649539
470665066
470871318
470922157
471038254
472007227
472985514
473168213
473229164
473334644
473406301
473616331
473630286
474050375
474195966
474297384
474345076
475031712
475064199
475098509
475313354
475571166
475660304
475662111
476279619
476439556
476771535
476865085
477425002
477481488
477888541
478072525
478276671
478873013
479108471
479166175
479168584
479464843
479617921
479975036
480061159
480156809
480180168
480311986
480364474
480393063
480691614
480805048
481023795
481044150
481402460
481417114
481514331
482211339
482282488
482290768
482303127
482359047
482617412
482812444
482873538
482882852
482951113
483181720
483896685
484665556
484676520
485035045
485379690
485712539
485722670
485801864
486223006
486600296
486682431
486825054
487023383
487085331
487470974
487562819
487803444
487908877
487959581
488268502
488278321
488382480
488411862
488412933
488595224
488951941
489109680
489491665
489831503
489845152
489849763
489968023
490194359
490197557
490717376
490743417
491391325
491671407
492037501
492162245
492200273
492244763
492406879
492563936
492773460
492951347
492992065
493119296
493162226
493370524
493482076
493577856
493660522
493760472
493882348
493918204
493971089
494077840
494191580
494544418
494808339
494858780
494961501
495047762
495234794
495328500
495359223
495478262
495539518
495608828
495766666
496011067
496108733
496279153
496387762
496554890
496707302
497508282
497998987
498484432
498682977
498823041
499382921
499428697
499508392
499564344
499634832
499762155
499820507
499834991
499880102
500026574
500224156
500319963
500611971
500651436
500803707
500925939
501363331
501684462
501939692
502143537
502409326
503210518
503358971
503579260
503598585
503994537
504049490
504515372
504649836
505024197
505125204
505242375
506593894
506700843
506702912
506764919
506797640
506840508
506936250
506949067
507064678
507184730
507418024
507619905
508497783
508639288
508657861
508938426
509296453
509450931
509461355
509649871
509679308
509823703
509834588
509980658
510343084
510370434
510576782
510650650
510928754
510974308
511105313
511300459
512015469
512468784
512678900
512703616
512933033
513004040
513356119
513843973
514109236
514277213
514335175
514801067
514923218
515341715
515376817
515427045
515668980
515995947
516460135
516824899
516937631
516949320
517038134
517192182
517210688
517806472
517813564
518118836
518217484
518387879
518542638
518591704
519130720
519194256
519376136
519429685
519856731
520077642
520260559
520374333
520516330
520691685
520768245
521673547
521744045
522214570
522495474
522989024
523277429
523858895
523966391
524014787
524428896
524697346
525127542
525187291
525362730
525614711
525701833
526304713
527029944
528051698
528148468
528204131
528792158
529609189
530147516
530150680
530255977
530268288
530428474
530457522
530755716
531263609
531272961
531294664
531342946
531374704
531428997
531531227
532077151
532171965
532455739
532522069
532577946
532616171
532956115
533154518
533772372
533788552
534169323
534439700
534584236
534861203
535136795
535165971
535185996
535196684
535273478
535393134
535853602
536064912
536080018
536228979
536929099
537130645
537605533
537742709
537877473
538063360
538102334
538380678
538399646
538522818
539812036
540072295
540254629
540710645
540715830
540926504
541217955
541562534
541633121
542217939
542279736
542311315
542736827
543283184
543312135
543771763
543912631
544033443
544347180
544591859
544658274
544941717
544968611
545059118
545466539
545890017
546267623
546304638
546660889
546838301
547189872
547526578
547842652
547949693
547966542
548009745
548171044
548371198
548419128
548471866
549039675
549556942
549775028
550039363
550496114
550555022
550839895
550873893
550915655
551068826
551467773
551478696
551565886
551928731
552154478
552399234
552464902
552504241
552526580
552679341
553111544
553372034
553458216
553620592
554085906
554093690
554323056
554333924
554805662
554908934
555507854
555694334
555760744
556055872
556149455
556770920
556886628
556890392
557331368
557427376
557738456
557904506
557970023
558215490
558260862
559094039
559375111
559445395
559566781
559941549
559991511
560022970
560493986
560560396
560572081
560791963
560977551
561497172
561589502
561744787
562016199
562043767
562371530
562401156
563498099
563905608
563934660
563952245
563993586
564137033
565007791
565189275
566689882
566806051
567339675
567380528
567553801
567810751
567955432
568106887
568478119
568827371
568886452
569416222
569509556
569616654
569648299
569685177
570075277
570250196
570336290
570409142
570797957
570897550
570927940
571278258
571427554
571444954
571471068
571514964
571886682
572085175
572555000
572723910
573070736
573148073
573240420
573384049
573385097
573424832
573476523
573589357
573713252
573741597
574024011
574298346
574457370
574669493
574769344
574875789
575051509
575290470
575413599
576097508
576329680
576379491
576518873
576880527
577079036
578259030
578710720
578749301
578990897
579092284
579655730
579833105
579925670
579966974
580067604
580088107
580845578
580952896
581038812
581623419
581703409
582147891
582196383
582717381
582766475
583191035
583238808
583456819
583532633
583760856
583934964
583946851
584106254
584575575
584749198
585152175
585158559
585413227
585560216
586233779
586236400
586624530
586682891
587064579
587112776
587483866
587821337
588083189
588183196
588266922
588398008
588601126
588800756
588834712
589015704
589137290
589376823
589451553
589654862
589950518
590448444
590882873
591461065
591496634
591570508
591726301
591782053
591954456
591971530
592000295
592038343
592072362
592109352
592370068
592417272
592476724
592632056
593105774
593613276
593888540
593899096
594091062
594605105
594712078
594763102
594850713
595131317
595470066
595487492
595563231
595578020
595816589
595921130
595977025
596209614
596368196
596404229
596436368
596466978
596534606
596930011
597120495
597708986
597765017
597879223
597880164
597981701
598022022
598329218
598624997
598891703
598976675
599145177
599455649
599737813
600424035
600638881
600696879
600860655
600894248
601674075
601831128
601967036
602195432
602377197
602568939
602610137
603188362
603908540
603976957
604681247
604909404
604959624
605143368
605694421
605778312
606219855
606241896
606340925
606351523
606403301
606639451
606831572
606854016
607053272
607059352
607251848
607299112
607316865
607622272
608081363
608171316
608316002
608340345
608376301
608605722
608656797
608730889
608940808
608951670
609011707
609205613
610725757
611120572
611151388
611257889
611787678
612214589
612332378
612387445
612649574
612789231
613188385
613199596
613290022
613683025
614485327
614553417
614568320
614718940
615003057
615103686
615190732
615408326
615485763
615659807
615706012
615865501
615889097
616210646
616269900
616288382
616450573
616529271
616782725
616876328
616885461
616903560
617446251
617738546
617966550
618075376
618422089
618438507
618655091
618940326
619067760
619402675
619541868
619551351
619623352
619712151
619727203
619916188
620161440
620165897
620575848
620823243
620896954
621036882
621413028
622145626
622236550
622381682
622417244
622546239
622599502
622677021
622775443
622872949
623028152
623555664
623750734
624002716
624128335
624216749
624352378
624478862
625274876
625482215
625900297
626396598
626625929
626687511
626863216
627185229
627222529
627498847
627627418
627643929
627741514
628036775
628157828
628246253
628469259
628613939
628630804
628732235
629377033
629409507
629472531
629526483
629533909
629808507
630230084
630370581
630657887
630708912
630873477
630945052
630984674
631387288
631420149
631427038
631444871
631445361
631589336
631741368
631860774
631989714
632052142
632229558
632633737
632995513
633208958
633221099
633335817
633462835
633770988
633815587
633986640
634043694
634154807
634189073
634257183
634318254
634441765
635085491
635680711
635701775
636204395
636281032
636475200
636490093
636921318
637090890
637136501
637367734
637439994
637563969
637577365
637584836
637603996
637788752
638066710
638311739
638332160
638676421
638820616
638838819
638901585
639094420
639458100
639520813
639665683
640026798
640077231
640115560
640169412
640329046
640391057
640952099
641439220
641521863
641530508
641680390
641684176
641929038
642327490
642388047
642755830
642761498
642830757
642834933
642849094
643237337
643466686
644026305
644032373
644182484
644360503
644441037
644473045
644504683
645226671
645500402
645766265
645868902
646045426
646486456
647099188
647106253
647276505
647881988
648949817
649243967
649288723
649492783
649594653
649916835
650400837
650828993
650948306
650951969
651218224
651471949
651514600
651532664
651548486
651737953
651831272
651957596
652044638
652444980
652773843
653270812
653370169
653394880
653686486
653753391
654121872
654367728
654915596
655145250
655354444
655497728
656231230
656629562
657547971
657744539
657913500
658024459
658026720
658169503
658178670
658285089
658583052
658766860
659205586
659581863
659974225
660182134
660193037
660443690
660582777
660612694
661031372
661350298
661827016
661993560
662234471
662292618
662424394
662548305
662747219
662918157
662999810
663111523
663127469
663318673
663335161
664080032
664171096
664313763
664330675
664367511
664389134
664397733
664432841
664495492
664526078
664709676
664773037
664955309
665730385
666384780
666696751
666761659
666825872
666978647
667363605
667731394
667832559
668138427
668518078
668828622
669092096
669322908
669363525
669444160
669815539
669980421
670431948
670521368
670525541
670664347
670674028
670738102
670758625
670891411
671123945
671410175
671537630
671589939
671592325
671779232
671779915
671896745
672436385
672634669
672698938
672951319
672990497
673010353
673514683
673677039
674036956
674147970
674175193
674209876
674627880
674716621
675164043
675181369
675336345
675456864
675973285
676059651
676066948
676143984
676166640
676261797
676278304
676550831
677029554
677169191
677176055
677281935
677506001
677542416
677557595
678046051
678121015
678220812
678251668
678433228
678597741
679054996
679177580
679304565
679690773
679692817
679797925
679841446
680026931
680059420
680179722
680256574
680299612
680439465
680494003
680563321
680662639
680789855
680898605
680910729
680930178
681016831
681095906
681545790
681573873
682172212
682610030
682983701
683038591
683118734
683354011
684183684
684352692
684509327
684848087
684896283
684907324
684908123
684989123
685269972
686093267
686158274
686345403
686773554
687501515
687512388
687945434
688741760
689122102
689124588
689152018
689178631
689883262
690250837
690617983
690946540
691077863
691291203
691900596
691971925
692353666
692522472
692646821
692717322
692976196
693109684
693281537
693536633
693547748
693623696
693757463
693799267
693913646
694027342
694138321
694243522
694733831
695637989
695663532
695701600
696146459
696380428
696433854
696516682
696558120
696824008
697331516
697428685
697602971
697715625
697727017
697790721
697965490
698119104
698170482
698185851
698304112
698560364
698602531
698897756
698916292
699013849
699152634
699163148
699521898
699607976
699646475
700017746
700041777
700065730
700425117
700593840
700801280
700842085
700947730
701598192
701811708
702565224
702867992
703095774
703161233
703245252
703371881
703405220
703736378
703972625
704196012
704698582
704776186
704820396
705156379
705592737
705707542
705783793
705845445
705868812
705978699
706360662
706388206
706514615
706670928
706952828
707116299
707213199
707401936
708228472
708367385
709057551
709175830
709230749
709436376
709745984
709895337
710197509
710222664
710534684
710655644
710678888
710720648
711096998
711294928
711345761
711550900
711748437
711959398
712473835
712572803
712908615
713079710
713406463
714398891
714455766
714982531
715041985
715436743
715857698
715868784
716244891
716738200
716778411
716970111
717158436
717269054
717354088
717473230
717852284
718073047
718082818
718285383
718805570
718934113
719113697
719345820
719611938
719754984
720176802
720244151
720407601
720514640
720932110
721167461
721168517
721305527
721550402
721646921
721993897
722123414
722157514
722206770
722432395
722805180
723570638
723814302
723935539
723940114
723965346
723995756
724273062
724320196
724406822
724507537
724532011
724720970
724733307
724767467
725032211
725041223
725349008
725482499
726016317
726661381
726735654
727125194
727516568
727620172
727740565
727740659
728170608
728458790
728710096
728799144
728837454
728862126
728898491
729107243
729323600
729326066
729339298
729576915
729774319
729875215
730026906
730042620
730100738
730610927
730973478
731007648
731105767
731468710
731492659
731692954
731837450
732142061
732434048
732484715
732618357
732640044
732644588
732673651
733482877
733579364
733679010
733803774
733983445
734019394
734108427
734383392
734406889
734407728
734895240
735208884
735402138
735752649
735781160
735911638
736287384
736528387
736565162
736570319
736987363
737110951
737491758
737676143
738176592
738232704
738256635
738276043
738574494
738885919
738902019
738936901
738943592
738970721
739116192
739218672
739234659
739354527
739415955
739523972
739529910
739755514
741034170
741106047
741382839
742053934
742307930
742735000
742991501
743219605
743586753
743664086
743828669
743863333
744005886
744469226
744484888
744850625
745052162
745353312
745463803
745607472
745670922
745800282
746246519
746664932
746818258
747217178
747295445
748146127
748180028
748263399
748320390
748439940
748872391
748945567
749093082
749223883
749551201
749587826
749589755
750023512
750093343
750159094
750212943
750260865
750298872
750337641
750509136
751012876
751302684
751744284
751978057
752188553
752796835
752797777
752995286
753353116
753382360
753450415
753516346
753936764
754028093
754169062
754216907
754223185
754264194
754362449
754635148
754683531
754780273
755038864
755068755
755211987
755307425
755798834
755890537
756272044
756305700
756442312
756479050
756674427
756819118
757191936
757341314
757501685
757891857
757918823
758558100
759198247
759413487
759603947
759647062
759969711
760042615
760100339
760105602
760331847
760337595
760593845
760732202
760933782
760953752
761549803
761814245
762068130
762248034
762250494
762405186
762438377
762507563
762703055
763261633
763575021
763637718
763692797
763799475
763891511
764054967
764064003
764539152
764742141
764955644
765181926
765589798
765658011
765667042
765669288
765943720
766258703
766322614
766391432
766818129
766947279
767146211
767333675
767372954
767550950
768067203
768239592
768441696
768984603
769489673
769815216
770330372
770773479
770865213
771061585
771195636
771209037
771212812
771324152
771852998
771903897
771908977
772157849
772535508
772630264
772633012
772757316
772964248
773242819
773370311
773421408
773617040
773860586
773884942
773940715
773952342
774149200
774257755
774704978
774823029
775060702
775197903
775389143
775931600
776431054
776504847
776544196
776892508
776949533
777430760
777926023
778509123
778525499
778774735
779065242
779222280
779519865
779526626
779831500
779909699
780092743
780685573
781064992
781267274
781283828
781358224
781430476
781579645
781658775
781846718
782638015
783106350
783125804
783324743
783535689
783575422
783621492
783858497
784054658
784258260
784441845
784611954
785081145
785131498
785458482
785468621
786099508
786262545
786327635
786344659
787261063
787617826
787664904
787945766
788083138
788137895
788144033
788439848
788447238
788650274
789294509
789303429
789324477
789389645
789421179
789654163
789774095
790006997
790263663
790282547
790367078
790391445
790590613
790695703
790720730
790901630
791449275
791950987
792164873
792214381
792679461
792779098
792896840
793195087
793223944
793445585
793661368
793829033
794207557
794436744
794445313
794507001
794557230
794698911
794716776
795521913
795622283
795638776
795662615
795950708
796154913
796399700
797041621
797781014
797837512
797856970
798165535
798276549
798518315
798642124
798776560
798997977
799013650
799019088
799412910
799540936
799600471
800021858
800262356
800370744
800518966
800671919
800800329
801029606
801493743
801553745
801841094
801897544
802048239
802220130
802289668
802755975
802784532
802858918
803659690
803908574
804031310
804576471
805238462
805259385
805358217
805371183
805493156
805499571
805791444
805982411
805996291
806075973
806302346
806401104
806439020
806649502
806840059
806854145
806884126
807169304
807325418
807334016
807575637
808093718
808239441
808493219
808788330
808902138
809088493
809534603
809810463
810084136
810209265
810352517
810519759
810566479
810997383
811001573
811149681
811209262
811584550
811614795
811805935
812072317
812144487
812153606
812392991
812400973
812506371
812668840
812727493
812775874
812898389
813125022
813301599
813349103
813554209
813803090
814006492
814487327
814545675
815012303
815238763
815527055
815942807
815954910
816093573
816255759
816408276
816441167
816535424
816670268
816861209
816950699
817124748
817139441
817371192
817479820
817720669
818426891
818484677
818561494
818708600
819099725
819109973
819714052
819818919
819893066
820156962
820305209
820438549
820796231
820906648
821028238
821306140
821327357
821474141
821626687
821645049
821776670
822356578
822462877
822502257
822873469
823050499
823085338
823446772
824255441
825608585
825620101
825729082
825809949
826331059
826507320
826555015
827108659
827242722
827488716
828691914
828748036
828820450
828924735
829128111
829187627
829245593
830592365
831006160
831185684
831484832
831762946
831888155
832021756
832035831
832926238
833182584
833200152
833922537
834074620
834466235
835117392
835231788
835916702
836345242
836524319
836651295
836782154
836984864
837382828
837592567
837928245
837980325
838140100
838517095
838564019
838669327
838721856
839047920
839242996
839333155
839475351
839505798
839545889
839667172
839671816
839744770
840012919
840044917
840109929
840289229
840370894
840490931
841025257
841029528
841727094
842342122
842966196
843037064
843268202
843556888
843837522
843917376
844018035
844060847
844194312
844408229
844756670
844786230
844852662
845407259
845511734
845880532
845992226
845997149
846014819
846073781
846237431
847042902
847325147
847486319
847540301
847910879
847914284
848062636
848099994
848329607
848356710
848395771
849025325
849059191
849066602
849302787
849742054
850142036
850210325
850675285
851404265
851859013
852174161
852359247
852414975
852625041
852692714
852813162
852878257
852924208
852950279
853123005
853190484
853810769
853879990
853982728
854064715
854123181
854184698
854296382
854348542
854407120
854698266
854873279
854900963
855280875
855379084
855817387
855830335
856124127
856306194
856553002
856584943
856681238
858285466
858471729
858535495
859344850
859345813
859835250
859899437
859915105
859955724
860319144
860647951
860680881
860689954
860709975
861238181
861284646
861642809
861644446
861739795
861858650
862086569
862220141
862612309
862870389
862992317
863215603
863221170
864277547
864331074
864348223
864523772
864590355
864993506
865562321
865746965
865985105
866148195
866243693
866378962
866522856
866698604
867092396
867365538
867580132
868229540
868427445
868697008
868802739
869073395
869389260
869471265
869670176
869726697
869811169
870301563
870306626
870343577
870514475
870517795
870542735
870627852
870815082
871281522
871293055
871662514
871703384
871766183
871946681
872129720
872784670
873060511
873106618
873195530
873208091
873455824
873867005
873887467
874035846
874073066
874452221
874939032
874970701
874979553
875673340
875802748
876074134
876147808
876169767
876391063
876734672
876811405
876972350
877051340
877085699
877227505
877415592
877429181
877482433
877592579
877656440
877749431
877791767
878416781
878454443
878487364
879164867
879264729
879398325
879621364
879727897
879739866
879923354
880082894
880680695
880689993
880844552
880862857
881155146
881165105
881407365
881550559
881730130
881783701
882174624
882204405
882670055
882765215
882800638
883023417
883203772
883632958
883854185
883904770
884146973
884260061
884482674
884878107
884928455
885013417
885982549
886410613
886505014
887348871
887856836
888146308
888570814
888747889
889006000
889337604
889454661
889620461
889710952
889876111
890177581
890392705
890824805
891171128
891246787
891386521
892019953
892253661
892411417
892667309
892951338
893497926
893969424
894057342
894170310
894878160
895295427
895386207
895457360
895507315
895636394
895813706
895965145
896123009
896212098
896418054
896566831
897086189
897445654
897585384
897599696
897611267
897713010
897780825
897979203
897983487
898997697
899200868
899407286
900270779
900342614
900369791
900672322
900690697
901146725
902072910
902457647
902458869
902608908
902824897
903476931
903493066
903846898
904294569
904359152
904363755
904589924
904724443
904791382
904987270
905105247
905137641
905218464
905514362
905666420
905702568
905771955
906097647
906605068
906803746
906808896
906825008
906928995
907098207
907592160
908088381
908158564
908368521
908386529
909078239
909102549
909281652
909736928
909819096
910187643
910299787
910748106
910889856
911075454
911174988
911336468
911343558
911487068
911661904
911790563
911936397
912140306
912409673
912553776
912555671
912954016
912973848
913133530
913154605
913735784
913762793
913983204
914560052
914748229
915295832
915411383
915694716
916053403
916103482
916216613
916308734
916860292
917004831
917341587
917357800
917682631
917841655
917918982
918045292
918467471
918769949
919004501
919695915
919742801
919776164
919912451
920095320
920285379
920325417
920444115
921053981
921086001
921296643
921808352
922235330
922309032
922517057
922681153
923004861
923503432
923595950
923806157
923921761
924482730
924639553
925089551
925117859
925790909
925935847
926482527
926663419
926755790
927020940
927127008
927143225
927390633
927396210
927408480
927627361
927986248
928041225
928102232
928132279
928158487
928397196
928780000
929502910
929694010
929910894
930521023
931196356
931204228
931347750
931401108
931423081
931501549
931885076
932227244
932305501
932459005
932473469
932692361
932707185
933144143
933541291
934501162
934720382
934943708
935092505
935566195
936338985
936369958
936374779
936438130
936745869
936849863
936901643
937159150
937223888
937614345
937635184
937699018
937734407
937875656
937987135
938246963
938374817
938406339
938413799
938714901
939126500
939349244
939903244
940083531
940462878
941028706
941146437
941225993
941232347
941541203
941794281
941825259
941981317
943452088
943466305
944108768
944320906
944612714
944814665
944891633
944927367
945805837
945873791
946005937
946443362
946463911
946569057
946725599
946807630
946946364
947432466
947590764
947717344
947880909
947988677
948041078
948196794
948466345
948788306
949089213
949707567
949711962
950214230
950537529
950556763
950605801
950808335
950905711
950928780
951023288
951033474
951591641
951855821
951971286
952387568
952677695
952800237
953092400
953427542
953752379
953884882
954098044
954924606
954936220
955070378
955281045
955432164
955730385
956362474
956446826
956965157
957173343
957335813
957804414
959336984
959453257
959646969
959920610
960109195
960208070
960215468
960339890
960440103
960632001
961092821
961138788
961176811
961529536
961672906
961724709
961771272
962094985
962961136
962971737
963045523
963147046
963345193
963656654
963683030
963907866
963930911
964029724
964174630
964179561
964225339
964663439
964747489
964914215
965467541
965510644
965662904
965772581
965813764
965920235
966087916
966132989
966369122
966440849
966631439
966725896
966820576
967137590
967486296
967668756
967843756
967967094
968235573
968303787
968471284
968615192
968673678
968913415
969303096
969380248
969479364
970049633
970077426
970428613
970664022
970780513
971395636
971538668
971727166
971755799
971947372
971982957
972042474
972152811
972389836
972411599
972496690
972534060
972806687
973116335
973168341
973437418
973489430
973657146
973701749
973876693
974099118
974101162
974326371
974478326
974531414
974654075
974678977
974748803
974803933
974816406
974976209
975168267
975404898
975417781
975525643
975579551
976046786
976074533
976145289
976372471
977101193
977303386
977332732
977507389
977547138
977841970
978422076
978726283
978790219
979392569
979465579
979782368
980652926
981188688
981395931
981654830
981703491
981857174
982008935
982225943
982340505
982487820
982552957
982750000
982902387
983006472
983369203
983417317
983661350
983778137
984021576
984257600
984281939
984835235
984840020
985111046
985616493
985659891
985889476
986272274
986537888
986870192
986999561
987198124
987387067
987459185
988106518
988145328
988341638
988351357
988549548
988565808
988810995
988893882
988926459
989198833
989340785
989404257
989458862
990436026
990724084
990860062
990958729
990984373
990985337
991034425
991239765
991725468
991733212
991764751
992374522
992637075
992754332
993020325
993053344
993412953
994255973
994284129
994606316
994696631
994737256
994793093
994953128
995431570
996088686
996400664
996680576
996883806
996906127
997217208
997233031
997459480
997529051
998001415
998019191
998075021
998102934
998127912
998415303
998522293
998900860
999243024
999720979
999950639
1000041863
1000227554
1000458230
1000567941
1000797678
1000923685
1001005334
1001076111
1001250354
1001648173
1001748115
1002292519
1002364114
1002828789
1003083405
1003090317
1003137169
1003475808
1003977474
1004671994
1005053702
1005143493
1005210450
1005258289
1005391439
1005575508
1005697927
1006078990
1006239352
1006408800
1007292730
1007538236
1007796991
1008428524
1008622849
1008642275
1008792339
1008829044
1008886252
1009102466
1009111972
1009387357
1009796332
1009928785
1010014383
1010183350
1010401530
1010503635
1010597738
1010773733
1010831597
1010974880
1011023807
1011517554
1011751094
1011764160
1011810452
1012327479
1012573124
1013020071
1013139772
1013175324
1013187158
1013262532
1013341387
1013583711
1013625095
1013883349
1014120865
1014239854
1014624023
1014674738
1014842410
1014882773
1015560896
1015573302
1015638092
1016098505
1016199894
1016227916
1016283989
1016561557
1016898981
1018164486
1018306514
1018721620
1018723931
1018762955
1018794379
1019063120
1019067886
1019468535
1019543389
1019690251
1020505383
1020988780
1021045314
1021107019
1021443095
1021574559
1022040793
1022180159
1022395430
1022396762
1022899079
1022977511
1023252986
1023290376
1023696077
1023834378
1023854810
1024036832
1024198769
1024466711
1024485333
1024595540
1024613727
1025029156
1025197572
1025625778
1025732491
1025999306
1026257521
1026269859
1026279697
1026694900
1026828859
1027056852
1028019974
1028114925
1028756892
1029098527
1029138723
1029213691
1029293591
1029326877
1029546573
1029547953
1029717720
1030094374
1030414484
1030532799
1030993802
1031505734
1031640116
1031853470
1031941699
1032078629
1032172865
1032474204
1032482313
1033235316
1033270155
1033426554
1033520035
1033613480
1033987454
1034594728
1034842600
1034912023
1035123730
1035309290
1036068507
1036075010
1036563284
1036695993
1037004227
1037092309
1037334251
1037497860
1037516979
1037589157
1037597524
1037794297
1038119002
1038390169
1038952281
1039008235
1039102635
1039165157
1039645077
1039877331
1039943381
1040048276
1040152755
1040180393
1040274221
1040298482
1040608043
1040735320
1040773750
1040946352
1040975658
1040982025
1041214777
1041290340
1041461941
1041575368
1041580064
1041882498
1042179646
1042231371
1042403934
1042462540
1042785599
1042821826
1043012313
1043374961
1043574224
1043634204
1043708013
1043723204
1043840389
1043854838
1044199010
1044251462
1044294801
1044726467
1044808117
1045416369
1045440855
1045680672
1045749625
1045833084
1046917360
1046943171
1046995788
1047417407
1047583514
1047585146
1048229129
1048577911
1048820971
1049124832
1049127321
1049131502
1049211645
1049359609
1049373912
1049395507
1049598808
1050852492
1051324371
1051505743
1051671785
1051733310
1051912552
1052080057
1052156073
1052196515
1052250151
1052527405
1052538330
1052609676
1052781615
1052893618
1053280546
1053321250
1053439668
1053712819
1053796248
1053989378
1054082853
1054155824
1054389614
1054398602
1054497424
1054594382
1054907020
1054915890
1055021055
1055079347
1055101546
1055514538
1055745853
1055887153
1056471914
1056708383
1056860683
1056963783
1057076461
1057088530
1057124836
1057497080
1057530366
1057588806
1057633904
1057969999
1058179126
1058587121
1058692134
1058697438
1058893544
1059074544
1059237230
1059272910
1059623381
1060166167
1060249539
1060353238
1060536525
1060546475
1060759302
1060773270
1060930826
1061004195
1061077125
1061226031
1061229803
1061238116
1061282408
1061438273
1061929142
1061988812
1062135547
1062254083
1062303988
1062329697
1062352291
1062957308
1063295375
1063342992
1063434292
1063508231
1063670082
1063960782
1064177104
1064368846
1064395689
1064449274
1064577293
1064670549
1064708685
1064854679
1065231516
1065358122
1065708658
1065908847
1066381198
1066582328
1066630633
1066680470
1066713153
1066762551
1067203855
1067236709
1067348415
1067356144
1067547067
1067735429
1067817476
1067855665
1067878030
1067990711
1068022625
1069066580
1069420264
1069484021
1069600790
1069700441
1069818528
1070003330
1070197941
1070250764
1070282310
1070313128
1070379348
1070392113
1070574181
1070626546
1070791621
1071304625
1071487927
1071499350
1071591842
1071862491
1072009864
1072254336
1072961623
1073002425
1073950283
1074013024
1074395229
1074409564
1075345773
1075438673
1075617476
1075888605
1075966276
1076013526
1076063299
1076398902
1076606188
1076766255
1076865013
1076903106
1077131297
1077319314
1077526876
1077931207
1078347651
1078349808
1078504491
1078578692
1078918481
1078978258
1079130671
1079194847
1079739476
1080071085
1080152491
1080160574
1080928129
1080986922
1081090840
1081204528
1081380789
1081609168
1082109730
1082368116
1082624427
1083007942
1083243940
1083455058
1083585259
1084062815
1084085696
1084141687
1084158963
1084323330
1084336360
1084650720
1085385950
1086474851
1087020170
1087467513
1087492033
1087717309
1087950514
1087996905
1088084507
1088295786
1088356216
1088522035
1088896876
1088932329
1089390460
1089578514
1089832344
1089932067
1090047427
1090206571
1090335141
1090442917
1090630594
1091115700
1091313442
1091375399
1091470037
1091514836
1092155874
1092598339
1093231425
1093659078
1093921928
1094405404
1094701537
1094826048
1094959840
1095010894
1095024114
1095139631
1095262716
1095302740
1095334736
1095633793
1095657556
1095968436
1096834001
1096841166
1096864983
1096937990
1096981955
1097006051
1097091884
1097500707
1098068150
1098193520
1098986366
1099288430
1099575937
1099663567
1099829133
1100285109
1100779357
1100914010
1101199902
1101408944
1101432776
1101588840
1101779997
1102113336
1102271820
1102299491
1102660609
1102918273
1102941246
1103381782
1104465607
1104788128
1104965742
1105396858
1105426457
1105694350
1105901908
1105922824
1106103268
1106184822
1106250937
1107037950
1107071222
1107102888
1107180749
1107253355
1107614214
1107926446
1107943869
1108326733
1108472497
1108569529
1108986231
1109070277
1109918717
1111026274
1111028033
1111100185
1111406120
1111416655
1111871041
1112154686
1112223173
1112760026
1112765420
1112872108
1113301425
1113592406
1113680805
1113696857
1114024640
1114469163
1114579032
1114874229
1114991534
1115064424
1115337558
1115405626
1115535760
1115603837
1115887718
1116166165
1116196594
1116246070
1116423331
1116536892
1116565770
1116784449
1117360869
1117845768
1118042205
1118421793
1118987233
1119391387
1119413072
1119430160
1119498364
1119630609
1119977575
1120047259
1120860661
1120922037
1120982137
1121104653
1121395827
1121512248
1121531395
1121816925
1122206369
1122487148
1122896756
1123123188
1123227289
1123587990
1123707741
1124056129
1124289775
1124662940
1125092293
1125224099
1125304971
1125329656
1125354098
1125644077
1125712318
1126299377
1126503601
1126538382
1126731908
1127800312
1127819458
1127936825
1127953876
1128106023
1128139804
1128156547
1128178047
1128202237
1128704850
1128787877
1128857786
1129094684
1129116996
1129322508
1129476139
1129558258
1130023364
1130112895
1130293053
1130476482
1130707993
1130973857
1131436756
1131812767
1131925529
1132016906
1132290984
1132416372
1132936399
1133016957
1133017056
1133314758
1133390848
1134233360
1134411909
1134593084
1134619189
1134630928
1135063242
1135095114
1135520818
1135533963
1136113689
1137046601
1137100312
1137325743
1137690068
1137922466
1138337811
1138686518
1139054495
1139074856
1139295196
1139581244
1139581427
1139641645
1139881978
1140124935
1141011218
1141323723
1141327676
1141529547
1141622634
1141669908
1141784221
1141983825
1142594685
1142749976
1142958786
1143273818
1143324313
1143542273
1143665212
1143708758
1143819563
1143854929
1143947479
1144072675
1144394522
1144440012
1144680802
1144733518
1144777900
1144785375
1144938490
1144957015
1145194101
1145520846
1145584814
1145623027
1145970300
1146079074
1146093778
1146124490
1147072794
1147198037
1147258110
1147494712
1147672060
1147778155
1148348600
1148554829
1148914210
1149311291
1149364928
1149639493
1149945571
1149993105
1150155677
1150467366
1150583670
1150770015
1150932927
1151178399
1151181135
1151261534
1151418283
1151451333
1151717250
1151864066
1151899234
1151940270
1152154297
1152265283
1152782739
1152807946
1152916194
1153296440
1153410444
1153675113
1153703114
1153814623
1153911823
1154483610
1154599455
1154897808
1154961860
1155005302
1155515550
1155939501
1156051123
1156309416
1156375385
1156394160
1156477667
1156765961
1157584411
1157669134
1157688051
1157755272
1158090329
1158211470
1158653651
1158683054
1158745814
1158980641
1159709598
1160098371
1160345854
1160737433
1160972223
1161200841
1161279995
1161447588
1161490026
1161826652
1162276706
1162484299
1163214328
1163216144
1163405811
1164626189
1165190686
1165266251
1165335252
1165341719
1165385306
1165392742
1165653751
1165835364
1165900305
1166055302
1166666074
1166704820
1166757891
1166789631
1166818433
1166958789
1167073349
1167082467
1167356011
1167415945
1167596342
1167928952
1167931670
1168241183
1168246650
1168310008
1169209043
1169274195
1169615385
1169805580
1169952523
1170028973
1170190507
1170494397
1170796710
1170876309
1170926284
1171153551
1171713086
1171935142
1172006576
1172250810
1172342462
1172515283
1172854205
1172916325
1173287272
1173305087
1173918427
1174036696
1174373518
1174415450
1174455479
1174489907
1174593053
1174605272
1174823062
1175093528
1175170089
1175194994
1175640044
1175933715
1175937866
1176144730
1176465026
1176638223
1176870106
1177384822
1177533992
1177544691
1177614973
1177637162
1177641475
1177928154
1178068762
1178118202
1178694982
1178798942
1178826493
1179128258
1179241399
1179432397
1179525737
1179968448
1179994781
1180239981
1180574552
1180754809
1180805466
1180959781
1181159973
1181344056
1181565701
1181647773
1181676374
1181713262
1181992745
1182346267
1182608935
1182737794
1182738584
1182977578
1183221394
1183676253
1183678068
1183813382
1183828815
1184114927
1184775488
1184791488
1184860801
1184926378
1184992304
1185312002
1185454196
1185518730
1185525580
1185549731
1185745419
1186004216
1186018111
1186237291
1186248862
1186417007
1186688961
1186865381
1187113630
1187558985
1187572164
1187594279
1187896102
1188104043
1188412050
1188525270
1188596788
1188718482
1188747910
1188872973
1188875251
1188984531
1189023062
1189041365
1189130812
1189161434
1189368279
1189633366
1189768867
1190469734
1190504816
1190587519
1190611309
1190679969
1190833650
1190920457
1191140594
1191180531
1191287081
1191287631
1191291304
1191750365
1192807712
1193303480
1193513282
1193788015
1194170343
1194367691
1194583681
1194788293
1195236575
1195398836
1195412831
1195878448
1196763560
1197047897
1197717330
1197753744
1197786097
1197874265
1198049191
1198256939
1198280207
1198712142
1198715637
1198811125
1199019882
1199745345
1199799083
1199825298
1200045210
1200189068
1200406618
1200544374
1200764277
1201000498
1201071586
1201165127
1201530327
1201601498
1201730685
1201957171
1202133447
1202177664
1202375183
1202442416
1202446027
1202458418
1202584279
1202602046
1202872812
1203025136
1203090428
1203329948
1203485315
1203538564
1203669203
1204090652
1204161312
1204173107
1204329605
1204391462
1204488474
1204554882
1204661438
1204854751
1204909488
1204981477
1205349517
1205579430
1205689189
1205791134
1205797362
1207157178
1207184452
1207848423
1207948330
1208207850
1208496699
1208535000
1208576190
1208683135
1209112999
1209163348
1209177182
1209415168
1209487941
1209807232
1209810703
1209816042
1209930672
1209968315
1210087048
1210611895
1210878100
1210954693
1210975151
1211276702
1211452388
1211545675
1211625960
1211911009
1212744964
1212755458
1212756029
1212800061
1212841164
1212844699
1213220285
1213236404
1213276820
1213279393
1213384421
1213642793
1213644111
1213657463
1214005644
1214922532
1214928124
1215373475
1215410931
1215583837
1216040387
1216061677
1216158217
1216562636
1216838657
1218485557
1218672656
1219067106
1219117433
1219231561
1219298167
1219459903
1219469058
1219797839
1220552422
1220583916
1220738301
1220924052
1221286790
1221441325
1221554313
1222145756
1222603965
1223447622
1223536657
1223545660
1224111772
1224283172
1224486999
1224563907
1224630124
1224637917
1224668162
1224760644
1225376550
1225394297
1226094939
1226107599
1226209471
1226218345
1226251290
1226842279
1226962473
1226984641
1227759632
1227828327
1228458645
1228514537
1228627348
1228669719
1228748234
1229239325
1229540275
1229556678
1229584960
1229616224
1229857584
1230107417
1230226117
1230580104
1230580399
1231047713
1231138006
1231235009
1231646727
1231889490
1231935409
1231947964
1232023395
1232237070
1232670630
1233621903
1233928946
1234046489
1234481415
1234563006
1235066591
1236158992
1236161022
1236722720
1236929276
1237035773
1237138018
1237297965
1237430563
1237591564
1237815560
1238103271
1238391310
1238424615
1238517195
1238631531
1238941466
1238947589
1239032352
1239090039
1239386033
1240086775
1240372071
1240456924
1240520032
1240750391
1240758559
1240892277
1241076857
1241084726
1241146787
1241793643
1241849742
1242043463
1242194316
1242961660
1243126076
1243399237
1244396073
1244424023
1244802678
1245139349
1245371172
1245390617
1245394155
1245556567
1245574795
1245998830
1246201604
1246614063
1246752298
1246942690
1246969962
1247050808
1247072342
1247108366
1247185659
1247247352
1247354130
1247416713
1247438622
1247540278
1247827419
1248262824
1248445189
1248546584
1248699831
1248931830
1249224527
1249366788
1249379842
1249469292
1249827592
1249844019
1250229911
1250341080
1250520823
1250594968
1250654236
1250803527
1251059614
1251152354
1251189526
1251277536
1251341022
1251862770
1251913005
1251949807
1252236878
1252348303
1252472015
1252727640
1252751769
1253066785
1253195122
1253278190
1253437957
1254957785
1255141091
1255266750
1255748432
1255759967
1255832561
1255996998
1256206498
1256251282
1256388489
1256472153
1257143563
1257475204
1257611022
1257634167
1257716915
1257764556
1258007318
1258185307
1258459474
1258504490
1258626122
1258837814
1258852831
1259020009
1259237426
1259295948
1259314679
1259329580
1260033492
1261184955
1261387012
1261616637
1262444143
1262658454
1262838244
1262928953
1262962835
1263470051
1263497384
1263655701
1263659580
1263808757
1263885322
1263953059
1264145394
1264474729
1264481042
1264640157
1264825318
1265194904
1265461755
1265480120
1265562681
1266346523
1266406051
1267111274
1267452480
1267725453
1267726936
1267956875
1268450993
1268641499
1268957469
1269060483
1269413872
1269423050
1269641149
1269764717
1269901779
1270590586
1271527075
1271604300
1271630713
1271821554
1271827342
1272809831
1273194683
1273555172
1273665235
1273818053
1274216752
1274431316
1274852335
1274891244
1275404039
1275436787
1275499902
1275570253
1275742473
1276252704
1276711274
1276720476
1276738465
1276976798
1277171763
1277268204
1277279533
1277369476
1277735443
1277788546
1277986800
1278035639
1278148992
1278171217
1278668579
1279754891
1279758340
1280015265
1280120591
1280255237
1280828595
1280921414
1281045154
1281263173
1281419794
1281626507
1282150731
1282469169
1282615634
1282849651
1283278991
1283354820
1283465035
1283831898
1283839551
1284311149
1284901063
1285496387
1285793223
1285877424
1286096457
1286248238
1286394199
1287239465
1287297478
1288624150
1288681058
1288782255
1288963565
1289911968
1289967736
1290084510
1290298357
1290531689
1291049663
1291507215
1292010912
1292104139
1292131663
1292166938
1292309046
1292353779
1292393796
1292776931
1292794615
1293004597
1293475397
1293563056
1293574130
1293818402
1293972091
1294516179
1294641138
1295096465
1295138575
1295371146
1295414706
1295636220
1295771923
1295802998
1295938876
1296141707
1296153338
1296330983
1296709365
1296736241
1296751496
1296909906
1297041763
1297300126
1297477240
1297784547
1297810736
1298021540
1298131640
1298177051
1298345216
1298848815
1299231656
1299451360
1299455326
1299585290
1299644152
1300214863
1300343137
1301475593
1301965624
1302561535
1302800501
1302854184
1303026405
1303267129
1303366550
1303596749
1303745671
1303785491
1304059088
1304459344
1305169835
1305423194
1305503326
1305648266
1306442607
1306809610
1306893968
1307648927
1307722844
1307806428
1308296213
1308351169
1308421281
1308657427
1309976586
1310444819
1310738209
1310939096
1311325058
1311562812
1312127691
1312583925
1312608778
1312732472
1312850638
1312979899
1313077823
1313152705
1313183115
1313221279
1313295412
1313385912
1313743465
1313915629
1314186873
1314336168
1314468751
1315162160
1315196238
1315395538
1315476876
1315524115
1315612236
1315685076
1316019527
1316415358
1316522289
1316608999
1317579597
1317739386
1317809364
1318007670
1318034327
1318305700
1318321179
1318642725
1318690627
1319040636
1319064238
1319088469
1319141904
1319143571
1319164775
1319242512
1319431145
1319601369
1319619278
1319731138
1320071285
1320516900
1320851088
1321210814
1321317180
1321558327
1321744565
1321912405
1321937451
1322241428
1323197185
1323387673
1323459305
1323660083
1323757105
1323857096
1323925887
1324057153
1324087080
1324162623
1324790896
1325025078
1325158183
1325383071
1325531094
1325545614
1326264524
1326636198
1326776606
1326844116
1326897471
1326910597
1327158988
1327379652
1327524459
1328072408
1328197108
1328347241
1328840791
1328871784
1328980757
1329480574
1329964380
1330416799
1330463425
1330661617
1330772587
1331148989
1331291876
1331412021
1331601748
1331642555
1331678198
1331797694
1331815232
1331827227
1332308598
1332420500
1332431390
1332587405
1332620574
1332660848
1332749936
1332836255
1333015787
1333482339
1333653353
1333831365
1334011759
1334021433
1334578173
1334681753
1334773790
1334817242
1334871024
1334950199
1335224577
1335537534
1335819184
1335823337
1336033607
1336082524
1336435941
1336601680
1336752417
1337551171
1337749142
1337796382
1337973250
1338040587
1338128064
1338279308
1338377920
1338615453
1338903962
1339013262
1339071256
1339137950
1339272048
1339343017
1339478624
1339523958
1339698412
1339725792
1339770990
1339824118
1340927976
1341240119
1341555002
1341734857
1341871807
1341917726
1342008693
1342617044
1343119964
1343247464
1343351818
1343780191
1344062350
1344417498
1344634760
1344956827
1345303637
1345490072
1345526021
1345941439
1345987161
1346228279
1346825816
1346887594
1347315284
1347365524
1347698377
1347868658
1347927469
1348068409
1348178542
1348319317
1348760336
1349138103
1349138348
1349283708
1349613464
1349987571
1350191324
1350256042
1350374412
1350587710
1351023592
1351159742
1351424223
1352155305
1352340824
1352687349
1353251788
1353407370
1353471631
1353500411
1353539321
1353836197
1354074987
1354367179
1354620184
1354672917
1355007519
1355067827
1355406216
1355729637
1355882366
1356009131
1356270916
1356520624
1356792668
1357136382
1357329014
1357502366
1357603813
1358740025
1358790890
1358830328
1359328769
1359541721
1359545700
1359547170
1360083897
1360224742
1360530066
1360544531
1360571784
1360902352
1360903457
1361026925
1361051449
1361110476
1361378414
1361733303
1361936039
1362508393
1362567007
1362842091
1363019832
1363841093
1365245364
1365966064
1366004609
1366111055
1366227850
1366238902
1366288295
1366360471
1366692238
1366833593
1367107882
1367265134
1367333796
1367435325
1367873352
1368093241
1368149996
1368476017
1368702670
1368705696
1368722747
1368848496
1368978921
1369010907
1369380225
1369558541
1369725518
1369809202
1370069559
1370127623
1370251121
1370267357
1370301337
1370350580
1370479846
1370589123
1370630291
1370707943
1370810544
1370833011
1370985364
1371324762
1371564758
1371869585
1372514693
1372794347
1373701586
1373878550
1374041771
1374125944
1374356536
1374454861
1374759491
1375161148
1375219669
1375548928
1375635214
1376088364
1376089782
1376113436
1376452653
1376855160
1376965832
1377020068
1377042365
1377339300
1377358251
1377766340
1377820605
1377823701
1378176484
1378228938
1378291460
1378434667
1379108567
1379194365
1379470705
1379561206
1380065507
1380082948
1380104691
1380488317
1380919939
1381083448
1382011015
1382250912
1382340466
1382578420
1382646057
1382998941
1383015765
1383030994
1383171527
1383402832
1383539776
1383599316
1383679189
1383836581
1383983557
1383997340
1384383106
1384396908
1384468704
1384509137
1384663427
1384999892
1385251578
1385594222
1385869362
1386325223
1386372488
1386462282
1386582820
1386603459
1386726679
1386748890
1386776456
1386810857
1387018223
1387335898
1387403277
1387983564
1388467745
1388911905
1389173048
1389436007
1389480074
1389531168
1390244781
1390326755
1390378476
1390559997
1390657658
1390858051
1390963594
1391201217
1391533763
1391607319
1392004021
1392141115
1392894519
1394151778
1394201014
1394277347
1394503067
1394822765
1395373064
1395701837
1396046000
1396227095
1396439920
1396755786
1396885075
1397871003
1397883619
1398123127
1398277357
1398405213
1398609507
1398732901
1399026173
1399343028
1400148350
1400562013
1400859385
1401204082
1401307552
1401510662
1401777312
1402131211
1402255472
1402317304
1402395686
1402717468
1402960382
1403058321
1403187635
1403701007
1403942342
1404030171
1404141831
1404195269
1404210272
1404449635
1404489837
1404962248
1405128432
1405202807
1405218807
1405321899
1405381681
1405941527
1406005516
1406115397
1406236593
1406569237
1406792721
1407028610
1407451520
1407606969
1407657796
1407721955
1407724198
1407827076
1408004055
1408035226
1408313837
1408362689
1408566230
1408951017
1410257247
1410482949
1410991339
1411018790
1411440280
1411781953
1411827902
1412021730
1412513093
1412563754
1413015689
1413162759
1413286668
1413461292
1413959063
1413975062
1414303520
1414558107
1414974491
1415019156
1415228460
1415431449
1415838720
1417225864
1417246207
1417388665
1417394594
1417597004
1417771595
1417997694
1418057716
1418213638
1418239274
1418500262
1418555409
1419064411
1419084192
1419412237
1419586197
1420027706
1420239491
1420321900
1420581149
1420585831
1420750163
1420910164
1420919079
1420993196
1421282686
1421300787
1421526623
1421889032
1421928814
1422040546
1422465666
1422477349
1422831843
1422962710
1423030934
1423281235
1423469346
1423656269
1423833101
1424078768
1424190837
1424836672
1425211551
1425499614
1425778727
1425897170
1426029252
1426415063
1426857408
1426985766
1427006712
1427053820
1427106056
1427205787
1427432225
1427657740
1427849831
1427908069
1428118999
1428333668
1428376134
1428767929
1428898125
1428949881
1429043439
1429462140
1429521851
1429622143
1429665994
1429684767
1429724410
1429735527
1429875411
1429934718
1430065662
1430241141
1430399306
1430499550
1430676312
1431467930
1432061894
1432411522
1432604969
1432640080
1432657655
1432995497
1433213442
1433441242
1433497910
1433642323
1433749044
1433777680
1433906699
1434231458
1434391793
1434463069
1434857320
1435220286
1435266956
1435411521
1435488850
1436117783
1436206277
1436256807
1436389225
1436418212
1436551766
1436661489
1436751402
1436795372
1437166821
1437203103
1437267252
1437356283
1437463006
1437716751
1437786029
1438562913
1438694677
1438762445
1438951693
1438991862
1439035654
1439351956
1440995325
1441361243
1442125387
1442144135
1442448148
1442840514
1442857197
1442923310
1443241144
1443345797
1443495368
1443498650
1443718826
1444524903
1444662388
1444715868
1444718827
1444794380
1445217606
1445240578
1445389935
1445464191
1445503882
1445809153
1446489549
1446527985
1446711974
1447432571
1447621278
1447949114
1448010214
1448043379
1448212016
1448333979
1448664955
1448764711
1448903773
1449093658
1449412112
1449469722
1449541422
1449584996
1449896290
1450049098
1450346849
1450374894
1450434184
1450627439
1450680504
1450760313
1450894698
1451166364
1451377409
1451381856
1451517763
1451560895
1451581900
1451601824
1451748770
1451832215
1451996482
1452220397
1452233751
1452287284
1452310555
1453221136
1453379005
1453562281
1453618934
1453621278
1453760615
1454751735
1454781766
1454834243
1455426576
1455548809
1455578675
1455642864
1455710707
1455946980
1456259410
1456734456
1457198136
1457578986
1457657115
1457772336
1457796941
1457943132
1458174883
1458700880
1458811742
1459186335
1459200251
1459428609
1459652857
1459869387
1459872282
1460075489
1460728161
1461136038
1461398042
1461813094
1461891140
1461896568
1461963855
1462554680
1462589332
1462624064
1463041367
1463140995
1463492861
1463573854
1463636962
1463993613
1464426167
1464650663
1464934304
1465093389
1465551349
1465551652
1465594522
1465704997
1466003795
1466042732
1466556653
1466679151
1466797482
1466859355
1467056603
1467450976
1467543098
1467859450
1467989626
1468140309
1468348299
1468480871
1468654063
1468780694
1468900184
1469168682
1469232570
1469432992
1469458513
1469459560
1469878287
1470715832
1471491397
1471760521
1472022719
1472266170
1472665520
1472714191
1472751710
1472924204
1473380983
1474097894
1474227659
1475212953
1475510234
1475556227
1475795373
1475798159
1475812875
1475924886
1476243276
1476367473
1476545080
1476742878
1477021081
1477062224
1477169568
1477294022
1477946495
1478178375
1478410264
1478703154
1479670077
1479697869
1479904195
1480213874
1480923338
1481300286
1481489582
1482130120
1482133782
1482177314
1482219175
1482275380
1482462288
1482750184
1482997142
1483131615
1483138762
1483401626
1483467893
1483568787
1483576167
1483822529
1483902175
1483959302
1484114684
1484320580
1484465867
1484753406
1484908554
1484919276
1485078573
1485460286
1485569436
1485759808
1486034280
1486039690
1486076321
1486314810
1486422171
1486448848
1486471165
1486600295
1486968672
1487009745
1487031232
1487199835
1487296299
1487420958
1487505430
1487551256
1487628106
1487813423
1487905983
1487919532
1487936555
1488089907
1488471333
1488692254
1488695147
1488706633
1488825186
1489077181
1489260710
1489512300
1490179212
1490664212
1490757916
1490762300
1490809919
1491219326
1491987437
1492371003
1492677141
1492711485
1492972366
1493333201
1493500698
1493501165
1493690704
1493747463
1493778097
1493872643
1494129866
1494246638
1494278146
1494439120
1494922337
1495042993
1495141196
1495172554
1495239849
1495574468
1496012552
1496103035
1496217659
1496301192
1496544852
1496598623
1496627577
1497281177
1497550178
1497588838
1498020916
1498097639
1498112750
1498521404
1498522528
1498905809
1499450276
1500477841
1500497231
1500678836
1500700099
1500918715
1501172485
1501436951
1501449247
1501469482
1501603024
1501718969
1501791909
1502116031
1502230244
1503491322
1503891759
1504060672
1505317326
1505478369
1505516287
1506070341
1506072287
1506147119
1506899891
1507296266
1507585043
1507682850
1507962501
1508025353
1508148849
1508308626
1508368256
1509776206
1509961673
1510091505
1510125600
1510282094
1510284201
1510616188
1510915822
1511046638
1511164854
1511187845
1511214944
1512412597
1512536904
1512964826
1513083378
1513113158
1513304274
1513625629
1513826760
1513925293
1514117520
1514157297
1514171166
1514197258
1514197894
1514515267
1514948878
1515118821
1515306475
1515481746
1515494882
1515783474
1515814741
1515894097
1516015743
1516258851
1516279076
1516282338
1516360061
1516571695
1516941275
1517671207
1517945419
1518158376
1518371209
1518876783
1519700358
1519806705
1519862159
1520120978
1520127524
1520914731
1520929443
1521731530
1521770176
1521955741
1522161280
1522571561
1522722980
1522758994
1522865072
1523406091
1523450444
1523716674
1524030884
1524714981
1524724086
1524869219
1524987311
1525145056
1525386469
1525781958
1525879379
1526483900
1526616887
1526963226
1527522997
1528733503
1528756156
1529185849
1529276357
1529291868
1529428845
1529515017
1529710498
1530035868
1530141738
1530165915
1530489104
1530834241
1530894362
1531021290
1531605201
1531645364
1532123127
1532484403
1532692153
1532812952
1532965202
1533079733
1534240748
1534243450
1534489556
1535068598
1535437291
1535464626
1535702012
1536365736
1536368136
1536595907
1536750626
1536886248
1537035731
1537457955
1538155941
1538245870
1538456125
1538722193
1539095735
1539702213
1539716931
1540005374
1540105398
1540563029
1541000753
1541006929
1541087208
1541246305
1541262470
1541786268
1541827216
1542075013
1542159802
1542210106
1542494676
1542544957
1542571496
1543130152
1543189606
1543230033
1543280675
1543625674
1543638200
1544660104
1544863705
1545359230
1545855289
1545858372
1545936593
1546067136
1546136388
1546224400
1546626327
1546721549
1547107800
1547114411
1547189002
1547963295
1548293994
1549031745
1549046485
1549167144
1549182202
1549504422
1549740958
1549904981
1550108020
1550181260
1550196696
1550204170
1550207315
1550264874
1550334683
1550359699
1550521445
1550776118
1550859931
1550870453
1550893114
1551052085
1552137605
1552152816
1552328075
1552662971
1552678666
1552947040
1553328803
1553433051
1553498294
1553604036
1553618950
1553636897
1554048031
1554193408
1554325957
1554338533
1554696219
1554702858
1554793719
1555041601
1555216118
1556133932
1556218793
1556362900
1556364796
1557070231
1557379528
1557403917
1557441077
1557781652
1558066826
1558110950
1558278557
1558473485
1558533190
1558896956
1558941661
1558952068
1559402087
1559524527
1559832432
1559848261
1559853173
1560296367
1560641615
1560938408
1561170204
1561185302
1561521492
1562249883
1562418252
1562906407
1562921363
1562968858
1563239118
1563659576
1563708528
1564117663
1564341480
1565008900
1565211516
1565221795
1565701794
1565801526
1565845911
1566402064
1566721782
1567212473
1567864892
1567893943
1568163991
1568177282
1568223207
1568365270
1568533489
1569196262
1570064715
1570339598
1570389812
1570433023
1570699890
1570739153
1571027678
1571247385
1571494842
1571744897
1571790407
1572078143
1572256994
1572374707
1572481019
1572605789
1572625568
1572700573
1573086491
1574040022
1574146828
1574733303
1576429915
1576442140
1576562800
1576755466
1576897749
1577027286
1577224752
1577344803
1577533679
1577543543
1577815659
1577823408
1577910323
1577956749
1578056773
1578083479
1578243021
1578399969
1578570988
1578790950
1579051854
1579185871
1579199978
1579314978
1579618441
1579624763
1579680621
1579904040
1580045251
1580374102
1580437057
1580590931
1580946213
1581435733
1581752861
1583521407
1583635795
1583704866
1584052606
1584065016
1584073396
1584540206
1584898576
1584935819
1585022618
1585155358
1585188352
1585708791
1586068650
1586233847
1586364969
1586614421
1587113773
1587313021
1587356165
1587436237
1587650306
1587665009
1587805132
1587844167
1588014211
1588435521
1588481795
1588523465
1588760254
1589195875
1589329923
1589371240
1589405295
1589448395
1589452982
1589523201
1589803086
1589919970
1590005183
1590234946
1590791190
1590954627
1591129272
1591889955
1592305869
1592524703
1593027274
1593187903
1593351309
1593405695
1593432970
1593520518
1593687418
1594344728
1594760486
1594838273
1595414624
1595662373
1596182355
1596273248
1596314319
1596350866
1596461683
1596523062
1596665399
1597111817
1597135395
1597310582
1597449566
1597542870
1597629252
1597803367
1597925618
1598086268
1598099794
1598199493
1598284426
1598339069
1598531653
1598871085
1598997924
1599015922
1599119551
1599254320
1599398773
1599510363
1599658237
1600136318
1600141410
1600333426
1600412752
1600800519
1600852721
1600953898
1601108471
1601426776
1601650524
1601939050
1602321750
1602549484
1603286723
1603333864
1603561551
1603588568
1603763950
1604023460
1604101231
1604172192
1604333372
1604573988
1604985832
1605135340
1605301742
1605611649
1606034386
1606224422
1606263926
1606588471
1606817569
1607072323
1607388789
1607591476
1607722152
1607896660
1607963475
1608059307
1608077248
1608362848
1608669564
1608686037
1608713151
1608772639
1609778481
1610006177
1610072065
1610173461
1610188838
1610336271
1610562303
1610935844
1611056578
1611068922
1611348253
1611886577
1611890070
1612284530
1612470846
1612602752
1612716071
1612827357
1613212664
1613392593
1613403543
1613832003
1614024124
1614650620
1614718955
1615264594
1615444114
1615832617
1615895774
1616158646
1616548971
1617028902
1617063961
1617419159
1617505474
1617805209
1618139042
1618210035
1618603796
1618867342
1619059428
1619258634
1619416847
1619547556
1619877865
1620013824
1620135358
1620338038
1620447582
1620917535
1620939958
1620945113
1620974981
1620993343
1621116857
1621758059
1622038955
1622199406
1622370822
1622567945
1622666599
1622866471
1622893394
1623444259
1623570591
1623768402
1623780659
1623871977
1624054728
1624076923
1624603918
1624619871
1624708354
1624854963
1625327057
1625369524
1625429127
1625680670
1625787170
1625907923
1626325912
1626492001
1627040177
1627124644
1627216199
1627355988
1627598317
1627847885
1627887100
1628290693
1629179783
1629210604
1629377921
1629399786
1630208905
1630447519
1630491935
1630566455
1630707344
1630796080
1630808564
1630839789
1631108977
1631548678
1631755604
1632209655
1632422401
1632471437
1632500535
1632552549
1633449682
1633929037
1634233216
1634416637
1634766728
1635103172
1635237622
1635332838
1635645150
1635679840
1635815476
1636058323
1636277736
1636763450
1636799415
1636877011
1637198367
1637510698
1637564631
1638025493
1638336553
1638822251
1639615368
1639650306
1639855560
1640271351
1640349910
1640577003
1640656869
1640713488
1640836913
1641073299
1641200387
1641542730
1641740006
1641746207
1641861065
1641943557
1642096928
1642215351
1643063569
1643165625
1643383752
1643428354
1643492031
1643715894
1644424310
1644945752
1644957725
1645631384
1645770932
1645820140
1645845309
1646305211
1646328854
1646626172
1646976556
1646982825
1647212039
1647372779
1647556450
1647728095
1647757064
1648055125
1648503167
1648640548
1649402590
1650104453
1651483965
1651872005
1652117422
1652812231
1652812549
1653119154
1653352257
1653373176
1653748055
1653814053
1653949832
1654684932
1654769236
1655122033
1655355272
1655780019
1656273824
1656680432
1656855987
1657141451
1657358179
1657484476
1657493347
1657543841
1657720294
1658565693
1658636756
1659149249
1659313050
1659314591
1660358925
1660733496
1660904292
1661088880
1661348946
1661451158
1661493086
1661875008
1662123199
1662476849
1662523126
1662621297
1662662199
1663302985
1663657677
1663969208
1663974668
1664105088
1664333121
1665158867
1665229280
1665288160
1665444026
1665516965
1666198346
1666330084
1666696272
1666792022
1666872490
1666988200
1667288026
1667315933
1667318039
1667713825
1667913188
1668402010
1668509951
1668520662
1668925356
1669569453
1669628399
1669643682
1669799838
1670341486
1670510792
1671002951
1671018009
1671248749
1671591586
1671827203
1671870811
1671950739
1671957989
1672212524
1672955157
1673092154
1673279003
1673357263
1673463463
1673507756
1673553936
1673692409
1673959823
1674227177
1674318566
1674341955
1674442621
1674805054
1675322878
1675428898
1676424108
1676425506
1676623091
1676910117
1677075982
1677491210
1677534633
1677663238
1677850737
1678441734
1679273824
1679578802
1679762897
1680545001
1681942999
1681953110
1682152816
1682313312
1682420228
1682627710
1682710395
1682752037
1683028518
1683079628
1683120730
1683181311
1683241330
1683469174
1683723135
1683752367
1683772991
1683814831
1683830986
1684081404
1684314851
1684456594
1684472076
1684580492
1684754423
1685786740
1685799509
1685917674
1686113566
1686134774
1686848809
1686906345
1686934137
1686975581
1687038091
1687098702
1687253166
1687380076
1687476030
1687591326
1687680300
1687884677
1687925086
1687967587
1688926784
1689092354
1689226671
1689432290
1689737927
1690000793
1690239007
1690263239
1690264512
1690352058
1690362211
1690510172
1690550139
1690595344
1690693375
1691076559
1691088171
1691338581
1691489622
1692058829
1692096241
1692143673
1692194881
1692344065
1692344530
1692436232
1692666582
1692849008
1692923721
1692990414
1693000967
1693093488
1693240112
1693360826
1693576369
1693675601
1693743689
1694021296
1694813527
1695092136
1695208312
1695424682
1695492078
1695666534
1695837531
1695901769
1695933219
1696224004
1696249310
1696302757
1696793369
1696925365
1696963455
1697028006
1697139937
1697377175
1697523878
1697661247
1698053658
1698087175
1698222566
1698560880
1698564823
1699233264
1699367771
1699751255
1700177389
1700302049
1700369798
1700389016
1700528790
1700533411
1700839787
1701068722
1701094089
1701291462
1701320085
1701327547
1701399503
1701713510
1701866573
1701953682
1702145537
1702146885
1702354932
1702440761
1702472483
1703083019
1703261968
1703565150
1703792797
1703805339
1704316758
1704355898
1704653200
1704817381
1704869385
1704963952
1705327044
1705422632
1705558691
1706003694
1706121861
1706144151
1706162507
1706264417
1706291019
1706615073
1706896812
1706998621
1707069552
1707539442
1707698992
1707952666
1708375224
1708557517
1708616605
1708905043
1708941906
1709028312
1709191052
1709447165
1709820025
1709840445
1710030825
1710043361
1710208425
1710410654
1710596292
1711216613
1711332534
1711510675
1711565241
1712970775
1713399494
1713466964
1713488308
1713711974
1714059532
1714075283
1714146544
1714333532
1714478433
1714767177
1714940302
1715384804
1715435312
1715717542
1716247403
1716442554
1716490926
1716662801
1716734738
1716817812
1717059626
1717335374
1717404843
1717720555
1717791184
1718006268
1718048089
1718972911
1719026554
1719340586
1719504184
1719547803
1719623464
1719893233
1719894814
1719996271
1720533132
1720587768
1720916180
1720982566
1721006002
1721147994
1721214813
1721482504
1721577254
1721834602
1722017372
1722032549
1722243098
1722269438
1722287148
1722353568
1722477842
1722740748
1722829611
1722967709
1723009798
1723027346
1723028853
1723077841
1723137825
1723460757
1723471742
1723617313
1723697188
1723709086
1723860109
1724328177
1725028025
1725139558
1725245086
1725306193
1725315791
1725391262
1725566824
1725636270
1725981737
1726052709
1726488188
1726740113
1726747871
1726786755
1727034705
1727130219
1727925423
1728458506
1728691410
1728739402
1728868332
1729067299
1729147903
1729156814
1729169844
1729338007
1729444947
1729685057
1729686592
1729833272
1729997289
1730173918
1730507938
1730766504
1730849078
1730870695
1730992897
1731044485
1731112726
1731376821
1731587423
1731759674
1733146732
1733877612
1734344170
1734481975
1734490777
1734535301
1734616668
1734919163
1735177742
1735185707
1735413433
1735458725
1735979272
1736401349
1736426689
1736867582
1737004964
1737405080
1737543273
1738057076
1738155423
1738312062
1738599431
1738763872
1738781548
1739113193
1739555111
1739825763
1740053395
1740084611
1740349320
1740451877
1740720606
1740926120
1741075979
1741426389
1741968027
1742095222
1742278721
1742682184
1743250460
1743991584
1744055372
1744070988
1744215785
1744257583
1744758337
1744922924
1745080396
1745263741
1745289522
1745412779
1745472825
1745689004
1745857119
1745967495
1745992766
1746010690
1746755582
1746806869
1747010201
1747481790
1747738055
1747965987
1748166846
1748202699
1748904838
1749623904
1749645456
1749898510
1749933249
1750296168
1750452387
1750474536
1750491640
1750707306
1751422957
1751584247
1751673704
1751801737
1751831843
1752419050
1752541501
1752560406
1752690619
1752795854
1753064997
1753453832
1753507829
1753527233
1753778549
1753825411
1753992855
1754040337
1754235675
1754392298
1754471334
1754519159
1754627761
1755073788
1755083145
1755921025
1756163971
1756552357
1756986931
1757086591
1757574528
1757715843
1758144841
1758347871
1758373507
1758618048
1758638722
1758793759
1758867425
1759087870
1759203300
1759366927
1759369143
1759546897
1759570096
1760170677
1760249518
1760286270
1760581502
1760659108
1761071447
1761685285
1762559115
1763028322
1763092567
1763096328
1763404194
1764866796
1765042730
1765210399
1765261799
1765436908
1765599153
1766000652
1766361511
1766496155
1766909013
1766980578
1767788503
1768010760
1768130146
1768553639
1768737187
1769031632
1769077462
1769228769
1769505009
1770239718
1770580328
1770838474
1771046078
1771441661
1771581434
1771655140
1771697242
1771818517
1771902920
1771973478
1772108398
1772593296
1772771774
1772982535
1773030445
1773416401
1773677781
1773699543
1773886607
1774049669
1774146739
1774422282
1775236790
1775371958
1775548734
1775642196
1775804249
1776207470
1776227546
1777074886
1777976859
1778439193
1778609869
1778755333
1779017869
1779299838
1779544828
1779917743
1779966456
1780121794
1780443268
1780521147
1780595976
1780732247
1781026045
1781173250
1781410813
1781484713
1781575941
1781830793
1782030703
1782568978
1782633295
1783011283
1783090501
1783119504
1783509839
1783560906
1783609408
1783683191
1783736233
1783830625
1783907550
1783933649
1783963129
1783999883
1784142261
1784170767
1784281554
1784309875
1784338058
1784387357
1784567050
1784837976
1785300956
1785502685
1786123033
1786189652
1786224648
1786566977
1786633743
1787536259
1787547785
1787583104
1787646442
1787953377
1788109170
1788136161
1788191829
1788251435
1788961430
1789063774
1789134390
1789312195
1789386758
1789616047
1790225281
1790316243
1791167443
1791176747
1791817539
1792152345
1792248027
1792648403
1792672595
1792828277
1792877016
1793014677
1793057612
1793177986
1793221756
1793639245
1793645794
1794223711
1794481948
1794983385
1796211040
1796302661
1796316295
1796518118
1796606134
1796755508
1797667839
1798026479
1798183820
1798482234
1798548069
1798654058
1799155933
1799220472
1799235342
1799525119
1799575101
1799885780
1799996035
1800177149
1800199857
1800471783
1800610411
1800656123
1800686867
1800942800
1801411025
1801614311
1801628032
1802038793
1802597108
1802630934
1802763183
1802764774
1802952227
1803150021
1803222550
1803237414
1803863498
1803888101
1803972615
1803979432
1804075088
1804119339
1804191129
1804347031
1804673585
1804929602
1805020316
1805339383
1805935979
1805940452
1806275912
1806317381
1806736822
1807324893
1807521044
1807751387
1807909980
1807945139
1807958781
1808048627
1808102793
1808689043
1808791309
1808852524
1809124383
1809429568
1809583785
1810016737
1810253725
1810346828
1810489991
1810879962
1810928469
1810929271
1811069393
1811615183
1811666144
1811735190
1811910784
1812541206
1812685344
1812784993
1812813308
1812886598
1812898819
1812938925
1813222032
1813404503
1813580378
1813699589
1813904875
1813918935
1813926747
1814120791
1814256687
1814422310
1814469173
1814716644
1814842056
1814857194
1814923287
1815559798
1816104184
1816241820
1816399396
1816702872
1817305035
1817608500
1817719849
1817730228
1817817453
1817978834
1818208619
1818223370
1818278361
1818284310
1818305126
1818525310
1818862641
1819136063
1819303281
1819303577
1819481420
1819902884
1819931228
1820020816
1820027093
1820118981
1820183553
1820300903
1820434023
1820439558
1820456802
1820763394
1821050936
1821702279
1821834372
1821866143
1821936222
1822106084
1822525233
1822542486
1822607495
1823210254
1823252925
1823327149
1823540185
1823607126
1823619210
1823633801
1823814474
1823979371
1824414010
1824533429
1824571815
1824857149
1825031877
1825213456
1826308336
1826345543
1826409639
1826570609
1828286362
1828331540
1828552357
1828569871
1828603221
1828667877
1829270868
1829281353
1829563833
1830732472
1830831864
1830895846
1830951518
1831282638
1831597364
1831718070
1831926097
1831996889
1832416340
1832926862
1833309609
1833833721
1833877605
1834209340
1834539610
1834577811
1834908301
1835114405
1835425847
1835725325
1835898577
1835932728
1836086384
1836501765
1836527442
1836929393
1837061622
1837132097
1837389304
1837426748
1837438433
1837700532
1837727099
1837793593
1838067332
1838380229
1838825685
1838848271
1838960368
1839031171
1839368855
1839484102
1839902749
1839937167
1839944331
1840076117
1840094053
1840142444
1840669763
1840708184
1840984736
1841063688
1841241450
1841349113
1841375796
1841585923
1841606239
1841671113
1841882153
1843156693
1843217105
1843271205
1843300992
1843421269
1843668067
1843940427
1844032526
1844208766
1844298735
1844741631
1845265384
1845880859
1845914912
1845964755
1846331046
1846757464
1846828514
1846933155
1847046556
1847053022
1847203128
1847370447
1847383179
1847485751
1847504384
1847856264
1848242422
1848452992
1849194361
1849769000
1849929455
1850119624
1850466543
1850556473
1850640219
1850776188
1850905629
1850984303
1851358878
1851591190
1851819490
1851937800
1852108487
1852557796
1853392727
1853397905
1853652300
1853680185
1853826748
1853960204
1854104082
1854165783
1854245639
1854524530
1855562374
1855642061
1855674042
1855708356
1855710427
1856002274
1856148118
1856604410
1856840403
1857019552
1857461607
1857462973
1857570462
1857958137
1858163299
1858609809
1859026651
1859084297
1859370813
1859428192
1859668989
1859684647
1859772953
1859853043
1860010475
1860052413
1860113344
1860386346
1860572027
1860841021
1860934531
1861007380
1861148216
1861562018
1861870245
1861922131
1862083204
1862129695
1862537804
1862560896
1862600072
1862677110
1862917745
1863027354
1863169770
1863211369
1863277221
1863309485
1863374628
1863581759
1863763145
1863904350
1864037413
1864531692
1864705350
1865090867
1865251919
1865258351
1865364155
1865744883
1866291063
1866315450
1866429756
1866479245
1866647707
1866690303
1866737479
1866901859
1868122242
1868418871
1868747657
1869185427
1870031151
1870707106
1871052718
1871084638
1871456806
1872015094
1872127193
1872193314
1872316522
1872863813
1873279465
1874518630
1874791494
1874799093
1874969510
1875187771
1875217232
1875318053
1875598252
1875679676
1875761148
1876139716
1876241496
1876311445
1876380132
1876702519
1877141322
1877542451
1877555174
1877641101
1877652010
1877699119
1878198153
1878341024
1878379335
1878947526
1879011865
1879215493
1879401685
1879503419
1879520277
1879724603
1879734699
1879777776
1879833624
1879870411
1880148919
1880302971
1880519519
1880753676
1881054851
1881156243
1881396072
1881400052
1881655649
1881888529
1882065106
1882105334
1882428932
1882590262
1882667566
1882997913
1883084556
1883211933
1883554324
1883660112
1883663548
1884171657
1884233771
1884367087
1884455584
1884458377
1884477916
1884743995
1884754391
1885586086
1885818558
1885955288
1886056256
1886118813
1886167043
1886195821
1886295688
1886503166
1886902426
1887039656
1887187719
1887271271
1887556257
1887778897
1888073829
1888200133
1888903731
1889009035
1889397573
1889463058
1889575307
1889936054
1890000445
1890461786
1890685962
1890908729
1891325540
1891539359
1891608780
1892277441
1892474023
1892591287
1892979683
1893189557
1894212563
1894303962
1894336229
1894523528
1894530381
1894657790
1894774354
1894784555
1895313104
1895799865
1895884589
1896385226
1896556809
1896748163
1897221186
1897599988
1897710691
1898193405
1898327794
1898392289
1898822610
1898907244
1899054879
1899082145
1899152301
1899408726
1899437110
1899660890
1899815597
1899839167
1900123254
1900125396
1900233897
1900295734
1900404338
1900601092
1901058774
1901115743
1901170104
1901376349
1901475192
1901521747
1901535751
1901764131
1901837695
1902663628
1902702196
1902833477
1903124492
1903328236
1903586465
1903651208
1904126274
1904205431
1904330528
1904644438
1904659667
1905078519
1905295148
1905390172
1906024290
1906220981
1906221369
1906285824
1906540312
1906667754
1907540389
1907696424
1908509301
1908641645
1909152447
1909205945
1909708048
1909862645
1910438358
1910549534
1910715672
1910948850
1911151190
1911575385
1911785037
1911953349
1912495241
1912668449
1913093716
1913402239
1913486413
1913560678
1913562303
1913936423
1914177390
1914732459
1914743246
1914808266
1915125973
1915308822
1915334672
1915842505
1915950361
1916917710
1917004763
1917013826
1917114802
1917193286
1917396979
1917449221
1917463195
1917900565
1918658076
1918694345
1918708807
1918738118
1919185081
1919764889
1921355753
1921488865
1921824653
1921863726
1921936777
1922238217
1922255206
1922372924
1922475981
1923141461
1923585761
1923612660
1923882620
1924141726
1924379665
1924394919
1924491714
1924494000
1924935962
1925067659
1925723400
1926234589
1926716493
1926834274
1927160496
1927821909
1927998234
1928379431
1928533330
1928576902
1928628819
1928655250
1928671842
1928917263
1929413235
1929441548
1929478350
1929578681
1929619689
1929760396
1929996460
1930431163
1930536903
1930594260
1930710934
1930877439
1931241141
1931261081
1932220760
1932265021
1932487638
1933038887
1933285110
1934369389
1934939714
1935002592
1935367882
1935410111
1935542166
1935663216
1935842885
1935996350
1936240395
1936644987
1936673143
1936803819
1937412979
1937516422
1938158476
1938209960
1938221659
1938318675
1938715300
1939093720
1939464780
1939675262
1940159837
1940402958
1940481419
1940514478
1940653676
1940706739
1941185693
1941342318
1941603317
1941705462
1942100813
1942306258
1942594505
1942607477
1942855904
1942897017
1943308154
1943329185
1944516410
1944607055
1944659465
1945080216
1945573805
1945631820
1946043954
1946098573
1946310143
1946635820
1946805723
1946834392
1947514021
1948032259
1948399790
1948591452
1948989740
1949032306
1949032665
1949251193
1949344488
1949495011
1949658240
1950533068
1950620783
1951139895
1951542862
1951951039
1951972866
1952038402
1952282447
1952451164
1953092076
1953184191
1953249141
1953665328
1953928836
1953936396
1954142009
1954220987
1954243421
1954344233
1954603390
1954789120
1954837005
1954922818
1955202820
1955215790
1955354704
1955700225
1955812340
1955824031
1956177896
1956200247
1956249908
1956389273
1956537405
1956674189
1956953685
1957125498
1957265465
1957359562
1957619671
1957742272
1958118119
1958629351
1958674541
1958702890
1959431593
1959467373
1959667723
1959964248
1960176085
1960269289
1960337488
1961094068
1961236153
1961419677
1961657298
1961744018
1962257947
1962711597
1962754283
1963146209
1963207178
1963525797
1964132939
1964163060
1964211092
1964312136
1964448987
1964746131
1965543228
1965552803
1965702797
1966005408
1966305266
1966316312
1966553387
1966730347
1966741743
1966824914
1966983377
1967143616
1967193562
1967271677
1967321873
1967380270
1967586998
1967587823
1967595336
1967756179
1967932111
1968154201
1968186172
1968305937
1968916689
1969006109
1969038416
1969624645
1969822082
1970239482
1970343160
1970583127
1970728542
1970748230
1970934113
1971112404
1971438026
1971561635
1971625389
1971685882
1971797271
1971938454
1972198430
1972408655
1972674595
1972912284
1973209085
1973379187
1973484053
1973621224
1973818978
1974093395
1974108209
1974245309
1974252571
1974625314
1974734628
1974903140
1975071050
1975395822
1975857914
1976348145
1976761375
1977185680
1977459757
1977533118
1977632212
1977696406
1977782236
1978092355
1978179936
1978469258
1978518082
1978933819
1978938944
1979462336
1979720001
1980168126
1980256036
1980623024
1980651064
1980935490
1981421896
1981829854
1981860230
1982414471
1982664847
1982728793
1982827337
1982934526
1982976347
1983080906
1983373458
1983452515
1983756686
1984218051
1984322020
1984386640
1984462456
1984608492
1984723926
1984840877
1985159945
1985392775
1985918882
1985964508
1986553768
1986705939
1987300545
1987745562
1987795261
1987811578
1987943771
1988145485
1988189243
1988189538
1988519935
1989064692
1989110537
1989213992
1989365940
1989569444
1989746516
1989904793
1989985820
1990012996
1990503204
1991733130
1991977384
1991999470
1992412249
1992794842
1993389258
1993452296
1993841087
1993951757
1994025285
1994088993
1994848757
1994901330
1995148104
1995212381
1995808164
1995956369
1996037571
1996091364
1996271600
1996390179
1996498245
1996505185
1996851325
1996945991
1996994928
1997088871
1997090392
1997096173
1997123010
1997720538
1998135246
1998406651
1998897726
1998906969
1999122188
1999440270
1999529138
1999610142
1999864698
1999899770
2000194427
2000774858
2000941725
2000959913
2000993680
2002696709
2002759357
2002918473
2003089686
2003121509
2003179528
2003185454
2003214652
2003294379
2003543302
2003977919
2004160111
2004309590
2004536475
2005309570
2005388291
2006422543
2006473059
2006487577
2006506134
2006665587
2007307851
2007548387
2007643163
2008214667
2008334345
2008350857
2008573887
2008733177
2009181560
2009502404
2009661926
2009799027
2010282553
2010363722
2010688011
2010859456
2011696642
2011759681
2012025593
2012086331
2012118365
2012181635
2012584499
2013040666
2013226283
2013312854
2013316494
2013558567
2013731126
2013834145
2013955633
2013960249
2014237983
2014253947
2014327743
2014441153
2014485979
2014531280
2014723441
2015132802
2015572279
2015834074
2015869034
2016220975
2016290393
2016593787
2017097514
2017581754
2018687693
2018695345
2019045913
2019281726
2019557104
2019623870
2019708738
2019999431
2020038672
2020533943
2020628393
2020763190
2020792382
2021105844
2021264982
2021329626
2021478801
2022023251
2022241168
2022261561
2022357889
2022403779
2022499387
2022897118
2023108024
2023125025
2023366329
2023751240
2024402394
2024452222
2024572644
2025050990
2025083106
2025128539
2025294898
2025367467
2025474373
2025479811
2025808561
2025855248
2026370381
2026473983
2026567233
2026609014
2026695619
2026780039
2027301704
2027312752
2027428005
2027538150
2028007590
2028158123
2028188630
2028473017
2028683139
2028779540
2029111741
2029167040
2029212723
2029346087
2029388171
2029416102
2029547582
2029718749
2030355334
2030442612
2030551698
2031018944
2031819058
2031836021
2032066239
2032327427
2032363674
2032364408
2033046566
2033125469
2033190745
2033591428
2033680725
2034034052
2034259143
2034280925
2034763891
2035295486
2035475534
2035532442
2035686862
2035831041
2036063903
2036193345
2036241266
2036357584
2036642943
2036768857
2037758818
2038073154
2038090720
2038101323
2038269592
2038295072
2038296638
2038488519
2038843650
2039054655
2039599256
2039740394
2040106934
2040143273
2040368204
2040384497
2040438655
2040764552
2040900227
2040914397
2040984450
2041390678
2041445258
2041487821
2041510042
2041569363
2042243420
2042422557
2042919946
2042945204
2043292219
2043804662
2044008237
2044048428
2044261877
2044289143
2044414331
2044550350
2045147508
2045181350
2045296920
2045609698
2045893303
2046005600
2046974673
2047293510
2047764458
2048145611
2048499729
2049057493
2049190188
2049405966
2049717867
2049736988
2049821479
2050478655
2050649199
2051727691
2051742438
2052080014
2052166391
2052319750
2052702475
2053156408
2053467908
2053679424
2053841896
2054119769
2054337640
2054714703
2054765859
2054913724
2055036216
2055530356
2055621090
2055632543
2055699795
2055854207
2055912289
2055991798
2056345179
2056616895
2056749317
2056946164
2057085478
2057087719
2057557705
2057890976
2057929902
2058027068
2058167343
2058635252
2058884258
2058909945
2059032800
2059196182
2059201640
2059327932
2059330727
2059865464
2059985013
2060059219
2060708991
2060840373
2060990318
2061023068
2061025480
2062058025
2062214278
2062229168
2062271019
2062416149
2062504232
2062617803
2062682376
2062757035
2062965853
2063245963
2063347076
2063605043
2064051321
2064052724
2064627634
2064697361
2064740875
2064767159
2065601326
2065647080
2065730163
2065777693
2066016354
2066263197
2066418043
2066532161
2066716098
2066850715
2067422765
2067422980
2067467419
2067792090
2067885330
2068239439
2068358434
2068392162
2068563993
2068663713
2068718987
2068866921
2069239896
2069504400
2069824340
2070025009
2070700193
2070775599
2071090525
2071169563
2071178992
2071509076
2071765284
2072471995
2072622367
2072671733
2072678576
2072916655
2073838751
2073864564
2073989583
2074328534
2074436562
2074565737
2074904000
2075229304
2075325065
2075614358
2075663086
2075806961
2075883052
2076185189
2076683883
2076745760
2076864227
2077073401
2077104429
2077110106
2077499979
2077607743
2077612853
2077662193
2077990108
2078356232
2078547612
2078866716
2079119097
2079176079
2079183071
2079581865
2079589070
2079868188
2079936233
2080425781
2080625543
2080822213
2080880135
2081532809
2083132886
2083533773
2083725479
2083763571
2083846549
2083877373
2084296077
2084522097
2084610249
2084703508
2084837586
2084869350
2084919443
2084997363
2085345228
2085405411
2085587365
2085742874
2086211331
2086297688
2086455024
2086522138
2086601901
2086784365
2086880596
2086933188
2087033153
2087054450
2087058583
2087194528
2087200571
2087384360
2087733967
2087997299
2088359566
2088386398
2088438824
2088507478
2088516636
2088531639
2088554244
2089037592
2089060949
2089370928
2089410761
2089473711
2089646646
2090194038
2090621194
2090623196
2090750574
2091025039
2091489335
2092070092
2092195762
2092284575
2092456328
2092474466
2092534597
2092696246
2092722081
2092982727
2092984781
2092998644
2093342335
2093425194
2093516873
2093529278
2093613541
2093906270
2093961049
2094172002
2094592401
2094595636
2094614397
2094966223
2095002449
2095668815
2095715176
2095743374
2096067258
2096716952
2096727201
2096768685
2097683144
2098094449
2098392284
2098394691
2098554863
2098830494
2098989590
2099220757
2099347241
2099494393
2099499509
2099680270
2099822578
2099852641
2099963017
2100267990
2100494284
2100810752
2100903600
2101133872
2101272162
2101337499
2101431240
2101865484
2102046843
2102225956
2102263741
2102515757
2102543089
2102816987
2103149685
2103473585
2103484793
2103852427
2104220923
2104597136
2104789997
2104863549
2105164550
2105237755
2105467998
2105817441
2106096384
2106165194
2106441743
2106636743
2106729194
2106826404
2106868159
2107022427
2107042168
2107314644
2107642597
2107697562
2108024789
2108093286
2108219170
2108613367
2108717104
2108954139
2109043662
2109750822
2110043934
2110116954
2110515153
2111132189
2111191056
2111263585
2111299774
2111568638
2111826762
2111891118
2111908942
2112008500
2112108071
2112857527
2113106528
2113175844
2113218902
2113390134
2113411528
2113674805
2113810876
2113875709
2113893342
2114452097
2114494797
2114763937
2115240195
2115537577
2115889379
2116194884
2116217145
2116445358
2116537838
2116629176
2117049794
2117935482
2117981358
2118693935
2118931455
2118951098
2119118676
2119428282
2120311592
2120335020
2120630293
2120717179
2120858327
2121356865
2122254020
2122576602
2122765476
2122774172
2122951464
2123344807
2123456987
2123846322
2124006992
2124498524
2124612694
2124675685
2124713379
2124731012
2124902062
2125356671
2125400872
2125753185
2125944876
2126163336
2126477689
2126575629
2126984165
2127814536
2128153388
2128174426
2128335095
2128455600
2128904633
2129332030
2129339858
2129729122
2129768344
2130319901
2130361577
2130523302
2130670817
2131359435
2131410255
2131416584
2131491713
2131656218
2132031559
2132113101
2132123707
2132276133
2132502999
2132534545
2132702853
2132722959
2133052322
2133059348
2133110068
2134086107
2134103154
2134222365
2134515521
2134870197
2134904669
2135493625
2135627506
2135736566
2135814700
2135820231
2135975783
2136594417
2136693251
2136871474
2136895761
2137321266
2137368907
2137375176
2137453851
2137775080
2137872715
2138334450
2138549464
2138788152
2138841492
2139091706
2139097939
2139099667
2139567582
2139643936
2139881992
2139913976
2140012118
2140119803
2140348273
2140893850
2140956501
2141093251
2141184062
2141332758
2141414877
2141560986
2141659727
2142013003
2142052257
2142658038
2143081126
2143245902
2143813644
2144015490
2144057730
2144187153
2144379567
2145066646
2145093965
2145207886
2145529621
2146549958
2146630054
2146650984
