10000
378195
903650
1003026
1162202
1607992
1713783
2138280
2189482
2208476
2286068
2436609
2458411
2517508
2542715
2671248
2775845
2781798
2877477
3209460
3292622
3657356
3759698
4076682
4151486
4321878
5295336
5623549
5829460
6170106
6233521
6243403
6272332
6765547
6867096
6880574
6907700
6949334
7128638
7244863
7401012
7493774
7766743
7851877
7924900
8235685
8245225
9247253
9308933
9389760
9407206
9408745
10254189
10274812
10396170
10828699
10973752
11165892
11203832
11557182
12040091
12459099
12571735
12627326
12707772
13128837
13253258
13595505
14401577
14920793
15294693
15698815
15776861
15925583
16022960
16611199
16945383
17195998
17369806
17385370
17474033
17664928
17812501
17902136
18108994
18149167
18901945
19033031
19068066
19295068
19387260
19830286
19883411
20217245
20668934
20839128
21045342
21071524
21078505
21533977
21646509
22073730
22157428
22182173
22348884
22450536
22634864
22798731
23092301
23200676
23364819
23547360
23852517
23948190
23960052
24141209
24252161
24347948
24583580
24584354
24886534
25167345
25288784
25494952
25540307
25663159
26302616
26460718
26591170
26666997
26830743
26891337
27223907
27311721
27880934
28068929
28480773
29062499
29220527
29267053
29554945
29562989
29743514
29910280
30050118
30174672
30276072
30417779
30700917
30760832
31400817
31467449
31755838
32021233
32466033
32810250
33769777
33982115
34167815
34191803
34223539
34462356
34716592
35136081
35221932
35321470
35537133
35786098
35928730
35979347
36061546
36283875
36462157
37029715
37298486
37418388
37482704
37774148
37795023
38008017
38012388
38085420
38328308
38685325
38832318
38981816
39360105
39429800
39931282
39980721
40018564
40204036
40273220
40378175
40505799
40998605
41091539
41180065
41396855
41663440
41860472
42242060
42254418
42284886
42410792
43308906
43477397
43498706
43559013
43715979
43951919
43967290
44717846
45355306
45563595
45652678
45698264
45788667
45843767
46019990
46349150
46579657
47158089
47239149
47384322
48119081
48222777
48386516
48413134
48438368
48589531
49012469
49148414
49716683
49869871
49982032
50076125
50180246
50333166
50337278
50459846
51079405
51359121
51617589
51751826
51846085
52165183
52448104
52568548
52579699
52827152
52921746
53241979
53245524
53400570
53405241
53473659
53490631
54347126
54535804
54785703
54841436
54917772
54935927
55502112
55705408
56028432
56057747
56125328
56442768
56784080
56926503
56968734
57009952
57662807
57689458
57757644
58356873
59187719
59364546
59554043
60613806
60765203
60805822
61141887
61241193
61545226
61564791
61601127
61657331
61666202
61841823
61879226
61980654
61999259
62189007
62522375
62546035
62632288
62823029
63012699
63444334
63583644
63991943
64154329
64495717
64527443
64662796
65515852
65995900
66083307
66365948
66411882
66468454
67119045
67429939
67436792
67829348
68003932
68340870
68771530
68790392
68804164
68972272
69314305
69319914
69465133
69686016
69798480
70013185
70248505
70304423
70325534
70453963
70543705
70718406
71217784
71455408
71504272
71613979
71781190
71899183
71998330
72788817
72791367
73041423
73132368
73165640
73422894
74266987
74348660
74407254
74661291
75139165
75154352
75429775
75569591
75652953
75707669
76350171
76396295
76497250
76537489
76886240
77372787
77402696
77407124
77633862
77763761
77956385
78060581
78456295
78468730
78511238
78712294
78839230
79184873
79541736
79551551
79848212
79915600
80077491
80127151
80259266
80545952
80561260
80582247
80809433
80895388
81455183
81684010
81692050
81799601
81955364
81966726
82428253
82732534
82796043
82930930
83154309
83319865
83369468
83419215
83483642
84392773
84644207
84770119
85179654
85510882
85884129
85974100
86047051
86573451
86611415
87302456
87644762
88414018
88577866
88717086
89178139
89352104
89378249
89926001
90050817
90141487
90379083
90796554
90828660
90928924
90965412
91410737
91843477
92180117
92306164
92383547
92402087
92868572
93472157
93504327
93512104
93887396
93991949
94080768
94686281
95024365
95116837
95385889
95551277
96452639
96617697
97585580
97622950
97667780
97708595
98096464
98477873
98674182
98707225
99595682
100335566
100342461
100395369
100503424
100532262
100565111
100666161
100988036
101355350
101730404
101753580
101812289
101996374
102052809
102155016
102478712
102669974
103061444
104054201
104072722
104303077
104789284
104800091
105239655
105397959
105706278
105981182
106151787
106190133
106380435
106398561
106559045
107185550
107767593
107834707
107952390
107970557
108201289
108505358
108639536
108744334
108900484
109023004
109167639
109322948
109916287
109977840
110051838
110306656
110424381
110783327
111482289
111530598
111536121
111996778
112522170
112627272
112643884
112698822
112918967
112965741
113582340
113626170
113884002
114090922
114092669
114115645
114371386
114577648
114585627
114962192
115441701
115779847
116474546
116626426
116883255
117076630
117557846
117662271
117688745
117761425
117779500
118705617
119506568
119596794
119607484
119996125
120473349
120745817
120767158
121001128
121381850
121429843
121523842
121562679
121607922
122101337
122207593
122330240
122368194
122464750
122498128
122506617
122522218
122618993
122628698
122769728
122876953
123138657
123319616
123342388
123423672
123752283
124044684
124068364
124083729
124459090
124574376
124607019
124775745
124976660
125450937
125482501
125493433
125804016
125846683
125928346
126354387
126358604
126367025
126500524
126726930
126852302
127081910
127540507
127764052
128034663
128185799
128192552
128755157
129041120
129368813
129395202
129415465
129693258
130193875
130311767
130316352
130325773
130866318
130960832
131722879
131723398
131922889
132192164
132848412
133578555
133654164
133740178
134449085
134611555
134650575
135194498
135221456
135763324
135998913
136100384
136235671
136278448
136365407
136396079
136498632
136705709
136826284
136831967
136933486
136946838
137001653
137077403
137331723
137425960
137554771
137934294
138097488
138412461
138729083
138740481
139292575
139541444
139806855
140134650
140273736
141106253
141330096
141603003
141637467
141655106
142137583
142142697
142256500
142419186
143048097
143317486
143523969
143586571
143900708
144641242
145120271
145287918
145341736
145555513
145983502
146039861
146125602
147342475
147401221
147555734
147586121
147613907
147782080
147812392
147853633
148068259
148153615
148403507
148485100
148717899
148743493
148822314
148964349
149314330
149597514
149779054
149809502
150103035
150140604
150271886
150939833
151231330
151682684
152034386
152290087
152325065
152402933
152479713
152502344
152510015
152583934
152602719
152901387
153123593
153175954
153351798
153547711
153753730
153760167
154008577
154099317
154404559
154467311
154609222
154625121
154756122
154899207
155266829
155327859
155397109
155671013
155738273
156472577
156557986
156563480
156725639
157410746
157554920
158014954
158287032
158300618
158343179
158384424
159077201
159170954
159214196
159297719
159316386
159466972
159578033
159975550
160425807
161128595
161157689
161198325
161239851
161546782
161672402
161686590
161802668
161834364
162103216
162272078
163179983
163180333
163653717
163712721
163747443
164050040
164075896
164392107
164478258
164550162
165067359
165548163
165612467
166024579
166049773
166147826
166361848
166376251
166392626
166535572
166612175
166637363
166770284
166906365
166942797
167008149
167042480
167147911
167308758
167449971
167671013
167739912
167825429
168124855
168209555
168249427
168366916
169308203
169319898
169446982
169572298
170221612
170686562
171042637
171741963
171864373
172261051
172415898
172606742
172767957
173053048
173185311
173432870
173625469
174148716
174237464
174295274
174398955
175216344
175330642
175537026
175563076
176730195
177155137
177295774
178110261
178161331
178195139
178253171
178776817
178848679
178983148
179182517
179213232
179908384
180708495
181156786
181177268
181730243
181945106
182005964
182017784
182171112
182217477
182267449
182696368
182791918
183140081
183754738
184326066
184421770
184875312
185036214
185238861
185319859
185893885
186175382
186378640
186489171
186615527
186639611
186824082
187244690
187357770
187363690
187446279
187462379
187515494
187522696
187733235
187962434
188070019
188084046
188215673
188501383
188700052
188882159
189082449
189267254
189597374
189705708
190218172
190519112
190857188
191197326
191304400
192003896
192248423
192404225
192693902
192955291
192987836
193216034
193243779
193306956
193312497
193346125
193427029
193433756
193435532
193472739
193500465
193983694
194065806
194921550
194938040
195040032
195186349
195380968
195594871
195612554
195712617
195968043
196334104
196417336
196477602
197059543
197296068
197356640
197499550
197758956
197829094
198076931
198111344
198182670
198307177
198572579
198837905
198841291
198850923
199016139
199112130
199246409
199283854
199350598
199438319
199601806
199645386
200024809
200215388
201095955
201657831
201969955
202251671
202530403
202600194
202734112
202897279
203098123
203196777
203443233
203846755
204281129
204524044
204611475
204739728
204991775
205183805
205386227
205527688
205585840
205602602
206183657
206570604
206723075
206751728
207173939
207422486
207734367
207801040
207945851
208079476
208089954
208473806
208520227
209215399
209273073
209627531
209898532
210070587
210185236
210504601
211014336
211104536
211233358
211619108
212011522
212189416
212732582
212734113
213094250
213136837
213581612
213836967
213842691
214400806
214540106
214549552
214577020
214637146
214757910
214870370
214918752
215164309
215247859
215361992
215397103
215511501
215976491
215994113
216173099
216178889
216538824
217028312
217102174
217189880
217428232
217509045
217601246
217626113
217849542
218221628
218237718
218350758
218605251
218636029
218996015
219184613
219199661
219438243
220302275
220460228
220835474
220905493
220914897
221076218
221167139
221221255
221279560
222056258
222144737
222247412
222429484
222818618
223161058
223388276
224394710
224586089
224592818
224635634
224815266
224990578
225518552
225968247
226152306
226324491
227296365
227839633
228008944
228299211
228437102
228633500
228807834
228901354
229156046
229854272
230336659
230499486
230606018
230664000
231452281
231825457
231825618
232039009
232124609
232258670
232510474
232839994
232991844
233141730
233491163
233682058
234085531
234242703
234465588
234635279
235009525
235057275
235293800
235387150
235394474
235413525
235716693
235734668
236495265
236522073
236583413
236932013
237135371
237413376
237441880
237845947
237977048
238178111
238520967
238687547
238947925
239234987
239874623
240260411
240286117
240525867
240812052
240843721
241336221
241367537
241566007
241646645
241836705
242257817
242578554
242595633
242606062
242678583
242799193
243158022
243368694
243446436
243509461
243592819
243960215
243985454
244176497
244240583
244410300
244642186
245052949
245145496
245199787
245278152
245431615
245878545
245965662
246101038
246119532
246162806
246492155
246948565
246984130
247371537
247767923
247868118
247941733
248065850
248065998
248266425
248274503
248328393
249010608
249409850
249713358
249733315
249888737
250147176
250179203
250356088
250357359
250612248
250637925
250652208
250903734
250937485
251034735
251102868
251464800
251784707
252069439
252446270
252962074
253371819
253546577
253586852
253604171
253829393
253854162
253878679
254175231
254397950
254575908
254584548
254627813
254978650
255140417
255471780
255648250
255948633
255956624
255987067
256356867
256365058
256962807
257074846
257449240
257471764
257541840
258121158
258423111
258540154
258609144
258719702
258827057
259280094
259402373
259535660
259552534
260107685
260267015
260364634
260392412
260499973
260533348
260771985
260978132
261302252
261425607
261736411
261889352
262158988
262376992
262405417
262522275
263015433
263417459
263814528
263851864
264022144
264276250
264388070
264822127
265365620
265382258
265541303
265569182
265769298
266694929
266761525
266796079
266872827
266876962
267586263
267664405
268424444
268867458
268919851
268960074
269231009
269739964
270570285
270716962
271279362
271449380
271873465
271949495
272020753
272072671
272144461
272155443
272256662
272726225
272744433
272939571
273228619
273432394
273456664
273588812
273650283
273705881
273799681
274068718
274279050
274541531
274738056
275266017
275456364
275653451
275812331
275817500
276262999
276661619
277072317
277131774
277280938
277368284
277666014
277736822
277887584
278165130
278210886
279411067
279425681
279429656
279559826
279659234
280436904
280468332
280504032
280780215
280833563
280945265
281148985
281279601
281410092
281519297
281554182
281624090
282107681
282201897
282477187
282553631
282991347
283098074
283436354
283907556
284490577
284738479
284875212
284960964
284973120
284978322
285173149
285264442
285388188
285580942
285681870
285835560
286244788
286996842
287362977
287556697
287729906
287918966
288140079
288267708
288349845
288453029
288777746
288976756
289408945
289492529
289958123
290311946
290403774
290695678
290775140
291255161
291291415
291292971
292309612
292598559
292751476
293050880
293257055
293565222
293720695
293720791
293825155
294614147
294777221
295010872
295066736
295159452
295475228
295602539
295635577
295845440
296023387
296152181
296602469
296782464
296836572
296844299
297021016
297061791
297091276
297261906
297414762
297429712
297713270
298294122
299654237
299832119
300054719
300327059
300609256
300794477
300837251
300895932
301117993
301139673
301165504
301532758
301562785
301660229
302911196
303899814
304270711
304343751
304344575
304366141
304382008
304566120
304669258
304670056
304876631
305014128
305471748
306236950
306244940
306439098
306516145
306595150
306605510
306668019
306678022
306681314
306901039
307182377
307190021
307490959
308118964
308183778
308248397
308581004
308589573
309003258
309197565
309301013
309422090
309448193
309555078
310179583
310404192
310486326
310618707
310803876
311185495
311324917
311364730
311770078
311791508
311856234
311941422
311958767
312413081
312568197
312745999
312773906
312967723
312985392
313091782
313266221
314327087
314360347
314680553
314970121
315069786
315111368
315247640
315457609
315481768
315527101
315546724
315552280
315574321
315714350
316651723
316654768
316718210
316934720
316952875
316973983
317455873
318477126
318688529
319020680
319315600
319416061
319717773
319909320
319993556
320058755
320176256
320272173
320768843
321005318
321025011
321096267
321099741
321645618
321703844
322290769
322463399
322777245
322793505
322990424
322992779
323055047
323205565
323397515
324017909
324364252
324379993
324517343
324547815
324652086
324838470
324866749
325320880
325371270
325453771
325602094
325789875
326190019
326453142
326645389
326990652
327002329
327107747
327220350
327388245
327389114
327480684
327785547
328128113
328301744
328477923
328541386
328629023
328710106
328844605
328858124
329141594
329503273
329576855
330546117
330716262
331193198
331432954
331547333
331824090
331865267
332077391
332630490
332783980
332795668
332918710
333227344
333233140
333430455
333440901
333538052
333640397
333651054
333723977
333775431
333938983
333974008
334029942
334244538
334264530
334309851
334321274
334490139
334714791
334755040
334904529
335028010
335172654
335224915
335398641
335513097
335622901
335890384
336494860
336510153
336582355
336765237
336798028
336985094
337095903
337109741
337422107
337465628
337664002
337673762
338057018
338246437
338280899
338305481
338650049
338832014
338863814
339293143
339365045
339942260
340081396
340350730
340377113
340455980
340569327
340821887
340970656
341398716
341698007
341740919
341812473
341861504
342002806
342111081
342347114
342649139
342999637
343139837
343518851
343792241
343844953
344155758
344492135
344747625
344888293
345536407
345571250
345785004
345809231
345954087
346115231
346402564
346676460
346751305
346998413
347350268
348133329
348293603
348330673
348627195
349424152
350589556
350609944
350911265
351153833
351470194
351600434
352020440
352379925
352538619
352650239
352717931
352808105
353045565
353345530
353457446
353514781
353538408
353604098
353732495
354056388
354121062
354217133
354331108
354408579
354476291
354642942
354644572
354685452
354896251
354944178
354966929
355368947
355737329
356130353
356480478
356516258
356591025
356718983
356834864
356936817
357021533
357126148
358048896
358472675
358504740
359093254
359125639
359129697
359811126
360032726
360453144
360471416
360865882
361191362
361192980
362073517
362212584
362708670
363011451
363071802
363348741
363472430
363692917
363939185
364338233
364358305
364431397
364593082
364928849
364931617
364977302
365145949
365301900
365853277
365888067
365957060
366013576
366664059
366671459
367176793
367258284
367345926
367361448
367700869
367860533
368447262
368534619
369079255
369221057
370145986
370203903
370442214
370599510
370976815
371574124
371738530
371818006
372028339
372828180
372909203
373781198
374318888
374463743
374920971
374925174
374973648
375280886
375513509
375935260
376214251
376513498
376600706
377095162
377214927
377756196
377813830
378875237
379262028
379742263
379825459
380372465
380383249
380640221
380897049
381289924
381369607
381533088
382043424
382108672
382165213
382222562
382226738
382595060
382693222
383351194
383377442
384164277
384274465
384729395
385253351
385458378
385699534
385908122
386095269
386182011
386292413
386345237
386394061
386437651
386864692
387217829
387226343
387390629
387474241
387740260
388551258
388600855
388725900
388798549
388841577
388902111
389148332
389606419
389861107
390031375
390472495
390584893
391135271
391506999
391656951
391788076
391869789
392131194
392214323
392604467
392945587
393915054
393922398
394197083
394238165
394711053
394985922
395133256
395140003
395140339
395258081
395557584
395587944
395705030
395992658
396405522
396437296
396599719
396766359
397273435
397632702
397795165
397848478
398190143
398212643
398445499
398842923
399136314
399330204
399362470
399507597
399764873
399906820
400736865
400926527
400928512
400938573
400977660
401043815
401297601
401303257
401362011
401380454
401431432
402176851
402355331
402938848
403372495
403449348
403483653
403718740
404375116
404639819
404654674
405000190
405128840
405528855
406319678
406417623
407012652
407113091
407212076
407334614
407350276
407653858
407759412
408159085
408722235
408724021
408732909
408915176
408943460
409008952
409169309
409198069
409216593
409248935
409544736
409704342
409758067
409849976
410181377
410548574
410551853
411168804
411540014
411769615
412072524
412104221
412128487
412341165
412648892
412928359
413170928
413477915
413627505
413779079
413966649
414029817
414040114
414069610
414319587
414378078
414527640
414537141
414908989
414977146
415152908
415294788
415791259
415887078
415980183
416109304
416262567
416640862
416642610
416705951
416999263
417188016
417400438
417530819
417851524
418042556
418043000
418093943
418170519
418404601
418485267
418909118
418952730
419182018
419225701
419463778
420022681
420234601
420623835
420716346
420929764
420973059
421108171
421127063
421181209
421469182
421659976
421676183
421709798
421749185
422044627
422353616
422497880
422518056
422780043
423779359
423842097
423987814
424225265
424228254
424346160
424582267
424792632
424902891
424935797
425133281
425200611
425228476
425256837
425568721
425643087
425854390
426026757
426708486
426811383
427320024
427880257
428165086
428187753
428246289
428405980
428431452
428483829
428745487
429080482
429179959
429312163
430607022
430628751
430938423
430952234
430990268
431022107
431224306
431445426
431617217
431787850
432096780
432726342
432936312
432969325
433413882
433521192
433703109
433883021
434645178
434781920
434798961
434879295
434882000
434905854
435266129
435960083
436851454
437990556
438299276
438400704
438718719
439693078
439731436
439873045
439963494
439995217
440061849
440354335
440751616
441022799
441296579
441347575
441443665
441446631
441460663
441807746
441975106
442005779
442324311
442493403
442560519
442603034
442867082
442907017
442989829
442992105
443522158
443564954
443717456
443805419
444020271
444027993
444283334
444624234
444678051
444691102
444843358
445205925
445239027
445555479
445678609
445747345
445794261
446137400
446344849
446592826
446913797
446939750
446996874
447648221
447798936
447935617
447944474
448259241
448895892
448912743
449126296
449292948
449317895
449361167
450339706
450408461
450890697
451184398
451287800
451694583
452055060
452164196
452202036
452231787
452598348
452678100
453134806
453243713
453329673
453565526
453716191
453794286
453985652
454165259
454306486
454532414
454742105
455063856
455110243
455128568
455181632
455304009
455477250
456297973
456349385
456485670
456557628
456970427
457048763
457060079
457129219
457450976
457459418
457727797
457897510
457902642
457934512
458067118
458259680
458633838
458836147
458894314
458917382
459137554
459295139
459402172
459571423
459630166
459631959
459793594
459895337
459996779
460220617
460281387
460711288
460735299
460802833
460804954
461589419
461705846
461795554
461898354
462122079
462285593
462427622
462484835
462623771
462623826
462750992
462958314
463075303
463106404
463235802
463368253
463448752
463768415
463778175
463837524
464285318
464337609
464599195
464888570
464922916
465528964
465867796
466142959
466343577
466474975
466479518
466662140
466991203
467088401
467204247
467266576
467527195
467558108
467703916
467844409
467981520
468081445
468154265
468343393
468428908
468907416
468933978
469069541
469249751
469262555
469791424
470320195
470352953
470591257
470916916
471042948
471397078
471615203
471966719
472086863
472755656
473147065
473624112
473653756
473949310
474032768
474086321
474281695
474372282
474614153
475033857
475372793
475544775
475744857
475806906
475831880
475944698
475987388
475990823
476121664
476301038
476857425
477297476
477943859
478010814
478048914
478628711
478811206
479020022
479288263
479338821
479394387
479421231
479700080
479771651
479862970
479946360
479978407
480070310
480359433
481092612
481850527
482047051
482076910
482456445
482460353
482562910
482682318
482962748
483061235
483283075
483469631
483571023
483589464
483809718
484241714
484576167
484623623
484780569
484957363
485079077
485187787
485717137
486235540
486249241
486346945
486424723
486613512
486650394
487211958
487529184
487905992
487923398
487935222
488211969
488313792
488372165
488417786
488657716
489062430
489253886
489437406
489503283
489782115
489793368
489833907
489975050
490186526
490465863
490525758
491058699
491279899
491827520
492520660
492606661
492698668
492793760
492998774
493019108
493144446
493334989
493500429
493818886
493941992
494011731
494067648
494790866
494894876
494971458
495137654
495336606
495714597
495980992
496087339
496341120
496415339
496465298
496558691
496655432
496675477
496704315
496796615
496830680
497120216
497198298
497431087
497579122
497864653
498034358
498238531
498249395
498315265
498439930
498571052
498588476
498635508
498665038
498905507
498948580
499116686
499124999
499331748
499444345
499792172
500013221
500846675
501186223
501315065
501378248
501746101
502001246
502130531
502388535
503064642
503115136
503181031
503213438
503330713
503570733
503578349
503586328
504395509
504531469
504575144
504965268
504981052
505257822
505269056
505305028
505442901
505503872
505691688
506634003
506891792
507007244
507068186
507113416
507609490
507682708
508066997
508285860
508337580
508962850
508997007
509013048
509041158
509086928
509218080
509296249
509452883
509623593
510012058
510310913
510325212
510747019
511112921
511269402
511270306
511576656
511755254
512109786
512343934
512413468
512723365
512884714
513149772
513340891
513528798
513923458
514039316
514053035
514150958
514210280
514789374
514834280
514940008
515061833
515399798
515878560
516110530
516521512
516614032
517156305
517368695
517413825
517552259
517584398
517607755
517700416
517797382
517990412
518177966
518365132
518447729
519155632
519189544
519553415
519635181
520575794
520595981
520599513
520650795
520656846
521049490
521453038
521587994
521674951
521738179
521760441
522067888
522326293
522447078
522501105
522582377
523619431
523690578
523692586
523996144
524246519
524448087
524513757
524575464
524618585
524734823
525012328
525357748
525599768
525644327
525763026
525855943
526549589
526584714
526620726
526633500
526682054
526723518
526868313
526985674
527243512
527320185
527539807
527552663
527751657
527893446
528153331
528183726
528223299
528578562
528717093
528967107
529096069
529396702
529839311
529991226
530330049
530587846
530596852
531152813
531403783
531688243
531716706
531781935
531785343
531885905
532239856
533244683
533417550
533505647
533875610
534036567
534113198
534390952
534626958
534899757
535324184
535392214
535392275
535392937
535721180
535960320
537491415
537606229
537645982
537659708
537808802
538016146
538033159
538163885
538503519
538868186
539210874
539284610
539800682
539849475
540347383
540480017
540515824
540769423
541169001
541241773
541299540
541306685
541332933
541530993
541686707
541739132
541862806
542492276
543683919
543773778
543801850
543992809
544971449
545628308
545637125
545810547
545838114
546030847
546124648
546139887
546157515
546301682
546336674
547217566
548106470
548552170
548565046
548713992
548716070
549232565
549335304
550158307
550312360
550807291
550875905
550884537
551387039
551650079
552215202
552348087
552783468
552813032
553745658
553748473
553792320
553887945
554140518
554174493
554708307
555200792
555423298
555494201
555766128
555932782
556155505
556184033
556568259
556742124
556972781
557256414
557493939
557609196
558038727
558189198
558217865
558273185
558384068
558455946
558700215
558775732
559655041
559859405
559868690
560186304
560235341
560239125
560302770
560388515
560435359
560780573
561399254
562184857
562298041
562344251
562580008
562744196
562816051
562836289
563029946
563048704
563543105
563891095
563928570
564176860
564335588
564456444
564602300
565341769
565616999
565833842
566397472
566519389
566716904
566906781
566943642
567348199
567517217
567853020
568200378
568209874
568214999
568340848
569097472
569225023
569339885
569704032
569911628
570167333
570198266
570228712
570399346
570522283
570861695
571043656
571428027
571844567
572132670
572178875
572181499
572713084
572776434
573119767
573858501
573873192
574252484
574348647
574931603
575885050
576091773
576335218
576420229
576586490
576734201
576738598
577639598
577705846
577810375
577863969
577919625
578305336
578522259
578899412
579624579
580066740
580079177
580255793
580323495
580332978
580342586
580608989
580637274
580822889
581214175
581335852
581391371
581410002
581474269
581481255
581553406
581603773
582150419
582183497
582295827
582326472
582454646
582602807
582944054
583087550
583703670
584179437
584325967
584664153
584790987
584982873
585305303
585430633
585740774
586265003
586381715
586440816
586657318
586685085
587188815
587239057
587287414
587311937
587389163
587793213
587887800
588013964
588014922
588198389
588416755
588581533
589078552
589347129
589485706
589641848
589754926
590259243
590462186
590483225
591442976
591562447
591794332
592002706
592114424
592300748
592615237
592703402
592923755
593034065
593069233
593407771
593622002
593650815
594311470
595397795
595493718
595500208
595540756
596082682
596682293
596760564
596788522
597305905
597440622
597569815
597802308
597832213
597907633
598016136
598019695
598315123
598644429
598934245
599106654
599177992
599337580
599459073
599733589
599771588
599870494
599952394
600060207
600149143
600208966
600328131
600520179
601126982
601192973
601335237
601441992
601495178
601618347
601704356
602369066
602388860
602543516
602785995
602919075
603296224
603569117
603715555
603856169
604131956
604277256
604302930
604468451
604707832
604779146
604865348
605204036
605287951
605386356
605529416
605591260
605621443
605851339
605878823
606338390
607073882
607364091
607468191
607719915
607912791
607937610
608132452
608398525
608444490
608457373
608698554
609140298
609217773
609840219
609926406
610172785
610214072
610596740
610855958
611160276
611292623
611320734
611420755
611674002
611869832
611888396
611916578
612098134
612470369
612652299
613078469
613195556
614054043
614598730
614746699
614766796
614906259
615168734
615287956
615437796
615511860
615579483
615581499
615920802
616015137
616775389
616911087
616925243
616983150
617045585
617121983
617156119
617379657
617476373
617503096
617628387
618351805
618669138
618719862
618828655
619113881
619560326
619667317
619939706
620102914
620406316
620541539
620675278
621113703
621518265
621925868
622080155
622289142
622385929
622484261
622722440
622743093
622956575
623102641
623165888
623202411
623218583
623227344
623510879
623552762
623686455
623799882
624164477
624212462
624445159
624518799
625294908
625753005
625951515
626038512
626090478
626197342
626278546
626545432
626608399
626750110
626788158
626818050
627261775
627749844
628183705
628298979
628430063
628776738
628873550
629178891
629237180
629572981
629715107
629757419
629757646
630413002
630670753
630680792
630743507
630780641
631136590
631261007
631309523
631405182
631652479
631656529
631663143
631676037
631850915
632403167
632560179
632617802
632687616
632763023
633067265
633170122
633855153
634449257
634520470
634676647
634679674
634935588
635357365
635503053
635537334
635761372
635889369
636003079
636163714
636399712
636715493
636971325
636989843
637056542
637130367
637316381
638068715
638123312
638126505
638181263
638589194
639249365
639254460
639485152
639922422
640293611
640504219
640559652
640985240
641058740
641389370
641635691
641820645
642125417
642273196
642460186
642566523
642832628
642905037
642924713
643189245
643520871
643688545
643864918
644184957
644327255
644757410
645026651
645173299
645329170
645757458
646043067
646046359
646081340
646084341
646084576
646433490
646650778
646866256
646898641
646946165
647043884
647107048
647862896
648199521
648472825
648588568
648857325
648879829
649039886
649210932
649308738
649653569
649721316
649800170
649840558
650146083
650422194
650566395
650570000
650611607
650825992
651186754
651212585
651827288
652123721
652155115
652206201
652301843
652833891
653213159
653398801
653475067
653584282
653597661
653820703
654027671
654279897
654299403
654570822
654599034
654646703
654654331
654730494
654965741
655100274
655282302
655499073
655718261
655815279
655816946
656262906
656735343
657014186
657073068
657700578
657896780
658244855
658389725
658599850
658723734
658924825
658925668
658974985
659019518
659170354
659530380
659561582
659837640
659865232
660021482
660451426
660593472
660695763
660830418
661016038
661485564
661727103
661949089
662095560
662109874
662961548
662965191
663275710
663900863
664276787
664401734
664749680
664812270
664885092
665156234
665440965
665495021
665501557
665522425
665755147
666778250
666847414
666889732
667269543
667422638
667700932
667704512
667789858
667794453
667934971
668098727
668262132
668374990
668740586
668801740
668965726
668992412
669849705
670009281
670804818
670839779
670953363
671137856
671211267
671257159
671560033
671688884
671757434
672610293
672696688
672855227
672905991
672922320
673055741
673226889
673300363
673701943
673784444
673874978
674365736
674640989
674791057
674841746
674856535
674993764
675039718
675057397
675115113
675204991
675205004
675248456
675426727
675430880
675807988
675935668
676199715
676562347
676593851
676617576
676712633
676752544
677069910
677203263
677328949
677608824
678176382
678237233
678314948
678573330
678748922
679053808
679768232
679913374
680117954
680553512
680657922
680987717
681017816
681191862
681809507
682096700
682180653
682240153
682487684
682542023
683008251
683148867
683278717
683280080
683457024
684063489
684405752
684616227
684799597
684983972
685280736
685424105
685490136
685590261
685746635
686063812
686104846
686334149
686403789
686523414
686899061
687068980
687433710
687661669
687815849
687836115
688268159
688486079
688993175
689086686
689144413
689149129
689529711
690333297
691610433
691635217
691665463
691864120
691956846
692644582
692934543
693113850
693220228
693346412
693424102
693456275
693714919
693776214
694132936
694158633
694756030
694914540
695230153
695231384
695840855
695909718
696179923
696759849
696974241
697094661
697132883
697203644
697520283
697791562
697938204
698098998
698180699
698371839
698374969
698394693
698551239
698967629
698994559
699068679
699432493
699894586
700165929
700579411
700615536
700644009
700930828
701343006
701398938
701594930
701863369
702079700
702122270
702130910
702402387
702513958
703209376
703338136
703365846
703483568
703563653
703614344
703930439
704371647
704395650
704703768
705056986
705212841
705365138
705709026
706045969
706058982
706177366
706319593
706430519
706605590
707078829
707139212
707269650
707331080
707340472
707506839
707707975
707981271
708144303
708340490
708434832
708541376
709319214
709501456
709580092
709594529
710163781
710264975
711071009
711404034
712027903
712365153
712845811
713359141
713434079
713568294
713754146
713834070
714052008
714529296
714674176
715214036
715326150
715489449
715863952
715889841
716321405
716479798
716703856
716774087
717153142
717295394
717455974
717501593
717740603
717857310
717932277
718327573
718391764
718969517
718997136
719207164
719325866
719337836
719574242
719703836
720284146
720353673
720453879
721009805
721146930
721302454
721390624
721406674
721778016
722038964
722072776
722280500
722591742
722614581
722711418
723057360
723081832
723239737
723406333
723595729
723628815
723944718
723988184
724245468
724716536
724783342
725015129
725020359
725224617
725326357
725689687
725858756
725996035
726416047
726552582
726636014
726709665
726743222
726860188
727000282
727100774
727344859
727588319
727939979
728037744
728174831
728445850
728921828
729028368
729038845
729142047
729879712
730035052
730266528
730486865
730978124
731024552
731024601
731125862
731381858
731972205
732244296
732398900
732609417
733019801
733823137
733827968
734316959
734390235
734497239
734506458
734518976
734581743
734765175
735037190
735259828
735425201
735948792
736083188
736441610
736945596
737150578
737336436
737468620
737575193
737830188
738325007
738789642
738963284
739391527
739451786
739497096
739602881
739890867
740038573
740247784
740259585
740389750
740724650
740749662
740810489
740858077
741293941
741573197
741893048
742087921
742220548
742249159
742414091
742468539
742474129
742784942
742938781
742968197
743384865
743546225
744085244
744356826
744480679
744541344
744547580
744707105
745396157
745702584
746242440
746838696
747105589
747321349
747442990
747581990
747869219
748125583
748441974
749104914
749108968
749416977
749939003
750115112
750206365
750524125
750597696
750656144
751104673
751403065
751632340
751835695
752116510
752555922
752690805
753284284
753372859
753380091
753474027
753613911
753706836
753870885
754411348
754493383
754785295
755030358
755150281
755823710
755974619
755981753
755985489
755996926
756297316
756375529
756405983
756534766
756579891
756850353
757649191
757776616
757825312
757840508
758185666
758204056
758381781
758508670
758558401
758598106
758630972
758752758
759076092
759127702
759238288
759931138
760018055
760373064
760418274
760623296
761223255
761380953
761440939
761497990
761636346
761661785
761826806
762286013
762464665
762575718
762814903
762866309
763010385
763144911
763534698
763608107
763830976
764264337
765169101
765431216
765586505
765812251
765996470
766116547
766138541
766451502
767131175
767472569
767788642
768143316
768167695
768231974
768239960
768429761
768505437
768511788
768531830
769162505
769326502
769496526
769556678
769687463
769793383
770074436
770243652
770333947
770425918
770603726
771193656
771488815
771547158
771593043
771716711
771769480
771986151
772156202
772191580
772233806
772243811
773334648
773337992
773526792
773533626
773686400
773694144
774172396
774237754
774323048
774401287
774427081
774467473
774544258
774753103
775026146
775516333
776026369
776532542
777008237
777160506
777350099
777438467
778062258
778499111
778571921
778676211
778690459
778730274
778739465
778988990
779075219
779238468
779303553
780311212
780854070
781089383
781102464
781207314
781319736
781679314
781706834
782138578
782763374
782816099
783371294
783397097
783838393
784055226
784056293
784450260
785233006
785240627
785241495
785390711
786028021
786128785
786378938
786456017
787365404
787367984
787780485
788707653
788866132
788914441
789035658
789096676
789164467
789391628
789705185
790282749
790322106
790377423
790839227
791073585
791282803
791287161
791437181
791486654
791624742
791811029
792082879
792494713
792609212
792753492
792875450
793496204
793847398
794192436
794219314
794497712
794504683
794632014
794644308
794940444
795123892
795587414
795734131
795841256
795903295
796077368
796093359
796473079
796648703
796761460
797070498
797109228
797160516
797316989
797339833
797400660
797415158
797809814
798330206
798333483
798336153
798545531
798982967
799706638
799870302
800312726
800658754
800899625
801367884
801521513
801542049
801582692
801780001
801875836
802164197
802243895
802250705
802298838
802438102
803148158
803183446
803437248
803490781
803627820
803798687
803998780
804107018
804351293
804573798
805006152
805024107
805054134
805155960
805178139
805460529
805588473
805608687
805682621
805738722
805808618
805919981
805972685
807020027
807156071
807373028
807512191
807527973
807829100
807890129
808146283
808169559
808187194
808242178
808344398
808449191
808541517
809063435
809739144
810377222
810493725
810987777
811083471
811790050
812070242
812148221
812436533
812499934
812843172
812964802
813461176
813474829
813484792
813634865
813968459
814051098
814817602
814890090
814994245
815127695
815131065
815178115
815269328
815686405
815688931
815883499
815970472
816296962
816436227
816507029
816559038
817487811
817731798
817866007
818690713
818729405
818866951
819177709
819247302
819267211
819827546
820063165
820067189
820652890
820754173
820801219
821294462
821487211
821539120
821570672
821988079
823032957
823437963
823668425
824238029
824298267
824915592
825003132
825577767
825634713
826038591
826126362
826403393
826513829
827104302
827224349
828122568
828415864
828593177
828972190
828987542
829179457
829718716
830269861
831022975
831137917
831190955
831194590
831710721
831838514
832023044
832176992
832518111
832609338
832717917
832831956
832935729
833209262
833224350
833678450
833739758
833783365
833835312
833940444
834045956
834098481
834129226
834384784
834987922
834995899
835218581
835351475
835436000
835887595
836496065
836819878
836834953
837349481
838085981
838219526
838908911
839002546
839169162
839187280
839589880
839868510
839876672
840148300
840338737
840892808
841050474
841058068
841131837
842068725
842230375
842263483
842518457
842897060
843162163
843566898
843598360
843842701
844087219
844430710
844704335
844711296
845117726
845123853
845260671
845357808
845661684
845720370
845814779
845969294
846088651
846115215
846512955
846614510
846729240
846772134
846884152
847190554
847927877
847932033
848763067
849439969
849457558
849649510
849776107
849945110
850338649
850936966
851105092
851300955
851391174
851492331
851591122
851703217
851911346
851961621
852371944
852402516
852497298
852957309
852978537
852982425
853406111
853530097
854080450
854129378
854191422
854579988
854703466
854818480
854957640
854976469
855166532
855515032
855882365
856223638
856561137
856835507
857055963
857243472
857297488
858072769
858239013
858256070
858329234
858607280
858609680
858686305
858859588
858941652
859053406
859133623
859163494
859326058
859348844
859645258
860419281
860597108
860665833
860810710
861162628
861327174
861367590
861420763
861621743
861670366
861803356
861991126
862103405
862127328
862191410
862201611
862537474
862556236
862653365
862838728
862934221
863090115
863495200
863627487
863839706
863855558
864203272
864269228
864350048
864550011
864569100
864610081
865231099
865263405
865387062
866020848
866787822
866975303
867034958
867091360
867285569
867361005
867692681
867773814
868028356
868529452
868560998
868671631
868884173
868898432
869288740
869297476
869789524
869894135
869906862
870325924
870394695
870692580
871295148
871295614
871442434
871566418
871618668
871657018
871897230
872470772
872675812
872835003
873114719
873464461
873672649
873691574
873967248
874486837
874735470
874875722
874931947
875238928
875646196
875910770
876012974
876147648
876474303
876822566
877129398
877816025
878119203
878709409
878785416
878883863
878917537
879419441
879478692
879505115
879733493
879939798
880190399
880201829
880334281
880686645
880890128
880941451
881265433
881289483
881641035
881734889
881945528
882097460
882723399
882728979
883326688
883407694
883866039
883997815
884287802
884586333
884879076
885133521
885174365
885448865
885752431
885896260
885906286
886032171
886127098
886228848
886753273
886838264
887224202
887388527
887452333
887475128
887525082
887548511
887926320
888080119
888090775
888164291
888168330
888383415
888523033
888685705
889003094
889018280
889376786
889397569
889438946
890061531
890080311
890136998
890143789
890708203
890743653
890793682
890878041
891229434
891347579
891384316
891390505
891823152
891938530
892066887
892151438
892205849
892332834
892643952
892840646
892924255
893308042
893387577
893722117
893732901
893745183
894173200
894502907
894557399
894685536
894710162
894994115
895023747
895568024
895612332
895631664
895944106
895989352
896092772
896127386
896491451
896725898
897003344
897087386
897349700
897384724
897714876
897789028
898093050
898206172
898357610
898482534
898614472
899243433
899359715
899374610
899647958
899914961
899924977
899991759
900346828
900388539
900478734
900968990
901204714
901395846
901613369
901981017
902149873
902183535
902187331
902373246
902790303
902813925
903083119
903252811
903591116
903994660
904335214
904451343
904530706
904638965
904751304
904961226
905147156
905406448
905689208
905895528
905948966
906448621
906544095
906588314
906940657
906991754
907402655
907597169
907863277
908191713
908201641
908398907
908664829
908779457
908834265
908953107
909845284
909899033
910392286
910406047
910432209
910887461
911636678
911684537
911769413
912327428
912623979
912797663
912972884
913771785
913882062
914196382
914888402
915030586
915040707
915106134
915109629
916104434
916962105
917372906
917455987
917602027
917763867
918111276
918179405
918256888
918572862
918819362
918956357
919321679
919322773
919496191
919752187
919839038
919869166
920225540
920251555
920977411
921120066
921512082
921914372
922013203
922712267
922811268
923422155
923827925
924059447
924466468
924610058
924669062
925358094
925373523
925799535
925837838
926104384
926172082
926193652
926611046
927628756
928055469
928799230
928916788
929318884
929359664
930373414
930538314
930590995
931166874
931502941
931599785
931678041
931758696
932281561
932353123
932550250
932828475
932894038
932970484
932982609
933197833
933416623
933417841
933510545
933669857
933747811
933895792
934047888
934484882
934507756
934803736
935086114
935583889
935837785
935910090
936009463
936519892
936554933
936734485
936943875
937113889
937168408
937245965
937291944
937936872
937992551
938361562
938411839
938447796
938543559
938585798
938620833
938657217
938667738
938760698
939078007
939327147
939485818
939514283
939599336
939711739
939909022
940139567
940256680
940288672
940334208
940618662
941372467
941542766
941574086
941633054
941701617
941726601
941779568
941835008
941965999
942343160
942391410
942477415
942938252
942962252
943007311
943050269
943365058
943456367
943570058
943861647
943883618
944681787
944972022
945080880
945483887
945683649
945753910
945765848
945858224
946274231
946985237
947104248
947302254
947389754
947721913
947761752
947773244
947921852
948089583
949302663
949563076
949672677
950109187
950301674
950428570
950689961
951512901
951539239
951586186
951777192
952096320
952304112
952336973
952366625
952804300
952847235
953012930
953956713
954206708
954601089
954621790
954817095
955053196
955530128
955542345
955581531
955894775
955992038
956438290
956597321
957140886
957281742
957546854
957659054
957979013
958396610
958575081
958736957
958805767
958806214
959153436
959245241
959387486
959686608
959738136
959825077
960039952
960101286
960540522
960852812
961052688
961085005
961481607
961927610
961971553
962295703
962350235
962482501
962684810
962754345
962791384
962970346
962973947
963055870
963204682
964113414
964328519
964410035
964448619
964511544
964546076
964856349
965061678
965062405
966066846
966149229
966400314
966669638
967399874
967645486
967674315
967892014
967919650
968215042
968222344
968653815
969131519
969294313
969400887
969493229
969708286
969852136
970301669
970635176
970891035
971127985
971188112
971540724
971702598
971716059
971846826
972130687
972287118
972303123
973058740
973092743
973276067
973543858
973962296
974111414
974167203
974405445
974459650
974604625
974715299
974784999
974936003
975344942
975639215
975712202
975713968
976379138
976706153
976991519
977700623
977742131
977789327
977901592
977963957
978310023
978426990
978452891
978494388
978502784
978824580
979071283
979544229
979677378
979797058
980155258
980222251
980877590
980943345
981153917
981693185
982041321
982351238
982528701
982802283
983132732
983331202
983724996
983764411
983848426
984216044
984250885
984596056
984597242
984635463
984694488
984733865
985013563
985112060
985120649
985762012
985973830
986045347
986330555
986562005
986676126
986729858
986768267
986774868
986777313
987115836
987336416
987471757
987649284
987683870
987752875
988114298
988764233
988828850
988886851
989044550
989152037
989214207
989247366
989249260
989406347
989929294
989938752
990222592
990224361
990380803
990600078
990613591
990703761
991576329
991678787
991929347
992098461
992209330
992380862
992423458
992462979
992813923
993463488
993629293
993796435
993828278
994353769
994687512
994779579
994948436
995102223
995288643
995389717
995611864
995716119
995759345
996014536
996202956
996814491
996995145
997159221
997169443
997242332
997246063
997264943
997271426
997331320
997351753
997431139
997599670
997731889
998076934
998116401
998408191
998507108
998523141
998927187
998960263
999741303
1000045713
1000059702
1000377605
1000706545
1000885388
1001178598
1001332052
1001616245
1001815879
1001851837
1001981816
1002750371
1002856122
1002985054
1003004686
1003448144
1003788240
1004232045
1004305568
1004357996
1004394411
1004705922
1004933096
1005088891
1005152078
1005389285
1005543533
1005820475
1005988134
1006101042
1006799702
1006871503
1006981201
1007008453
1007029901
1007198718
1007203975
1007356251
1007368431
1007394042
1007424621
1007687727
1007737557
1008202929
1008304632
1008318085
1008416678
1008666323
1009080878
1009411311
1009545774
1009648876
1010264970
1010981797
1011008307
1011077001
1011877057
1011928764
1011990566
1012551444
1012739491
1012878770
1012940651
1013108070
1013372189
1013490460
1013657250
1013753410
1013843234
1014203880
1014283085
1014419872
1014977700
1015049619
1015364205
1015417575
1015567086
1015765651
1016009720
1016180375
1016370185
1016400423
1016816308
1016949456
1017058644
1017233476
1017261000
1017790381
1018067957
1018433894
1018473003
1018618050
1018839712
1018909913
1019290235
1019291396
1019360023
1019624005
1019962125
1020657891
1021072499
1021993173
1022059728
1022805749
1023372070
1024164883
1024347346
1024441817
1024763648
1024908711
1024941030
1025224821
1025234525
1025275753
1025494800
1025658641
1025671595
1025732766
1025907095
1025939488
1026036671
1026147668
1026162557
1026207592
1026253283
1026972722
1026979371
1027262360
1027496078
1027651186
1027982854
1028701735
1029235091
1029267939
1029368977
1029651068
1030091858
1030184536
1030862367
1031089936
1031622033
1031637430
1031892636
1031910286
1032084788
1032438893
1032516153
1032535777
1032541662
1032685329
1032773284
1033150807
1033172008
1033772944
1033900972
1033957186
1034109527
1034263055
1034358726
1034567678
1034686899
1034850112
1035040755
1035383685
1035936120
1036077027
1036083004
1036266360
1036313256
1036554809
1036743278
1036988557
1037004495
1037154065
1037258697
1037380471
1037471716
1037475088
1037670638
1038370425
1038434353
1038795720
1038807290
1038823804
1039348426
1039401258
1039598584
1039661141
1039810962
1039911698
1040007232
1040543763
1040998051
1041066909
1041161361
1041347225
1041655741
1041921683
1042182854
1042323294
1042428722
1042429792
1042669919
1042731374
1042896368
1042977668
1043306247
1043736135
1043818469
1043853921
1044207937
1044415881
1044528860
1044734325
1044829285
1045140584
1045336582
1045404831
1045654890
1045859172
1046139968
1046140564
1046444072
1046476785
1046683509
1046702598
1046708638
1046909872
1046921296
1046921823
1047005692
1047347762
1047513279
1047565311
1047572236
1047579558
1047740879
1047760748
1048056115
1048415301
1048974367
1049582929
1049615205
1049779660
1049812927
1050316231
1050403570
1050524376
1050602736
1050608746
1050735341
1050854424
1051223817
1051559359
1051601227
1051711024
1051767528
1051938789
1052205672
1052268203
1052275643
1052444527
1052656895
1052943078
1053121909
1053248978
1053306265
1053611007
1053634062
1053822674
1054031385
1054501297
1054779142
1054806786
1055261919
1055332426
1055769570
1056083137
1056424317
1056780754
1057120809
1057194617
1057240309
1057595737
1058068384
1058663074
1059166659
1059166837
1060022238
1060695705
1060967213
1060987820
1061090381
1062296559
1062331259
1062349685
1062380431
1062421198
1062579587
1062971730
1063263619
1063292379
1063444215
1063600511
1063909033
1063914768
1063953757
1064754513
1064827885
1064927477
1065092401
1065456186
1065797859
1066076777
1066287760
1066307254
1066900970
1067259954
1067483821
1067635970
1067661069
1067963973
1068227058
1068277742
1068339119
1068507569
1068687596
1068691110
1068820380
1068869332
1068973699
1069415851
1069520851
1069578851
1069947811
1070074230
1070871174
1070970568
1071062255
1071400586
1071480559
1071537580
1071556843
1071719036
1072257429
1072447663
1072451181
1072661054
1072792646
1073359818
1073460226
1074239743
1074361558
1074459537
1074545975
1074562762
1074880400
1074933860
1075263279
1075308049
1075959320
1075974494
1077408876
1077680800
1077881289
1079066653
1079071279
1079130695
1079200360
1079359143
1079402239
1079442754
1079563179
1080197051
1080639166
1081259631
1081733938
1081888150
1081892260
1082190176
1082192366
1082688345
1082979965
1083057260
1083186900
1083268821
1083329691
1083588183
1083738311
1083816506
1083825157
1083969221
1084178804
1084358841
1084367862
1084883782
1084907589
1085198204
1085349129
1085641235
1085801771
1086142253
1086880568
1087634094
1088286214
1088733814
1088793609
1089073434
1089117475
1089225791
1089309834
1089331747
1089669654
1089772821
1089841299
1089878259
1089881278
1089924079
1090947365
1091996730
1092011673
1092373902
1092642767
1093043728
1093245209
1093543678
1093701224
1093830658
1093871627
1094350118
1094437058
1094586936
1095043418
1095176894
1095377469
1095532249
1095590338
1095824195
1095880884
1096058037
1096548437
1096616953
1096636707
1096752874
1096820406
1097006139
1097015647
1097147021
1097187477
1097363555
1097636018
1097937158
1098161157
1098487914
1098551000
1098558360
1098745585
1099099460
1099551381
1099854687
1099893631
1099895187
1099955360
1099976360
1100485050
1100576218
1101202624
1101208615
1101651469
1102507010
1102839121
1102868333
1103224065
1103544813
1103579642
1103862077
1103916862
1104117857
1104417491
1105161903
1105263867
1105583291
1105698907
1106041498
1106103917
1106259629
1106339437
1106636263
1107167189
1107448689
1107785075
1108070178
1108742883
1109170290
1109332710
1109443851
1109681469
1110201583
1110463013
1110888471
1111835304
1111842028
1111870202
1112123049
1112652675
1112902042
1113189669
1113206273
1113661594
1113679755
1113694847
1113746175
1113774276
1113872269
1113906927
1114665774
1114705173
1114930708
1115355529
1115499136
1116541317
1116666629
1116987296
1116995643
1117164894
1117254233
1117598077
1117974698
1118242355
1118290391
1118514023
1118549940
1118673966
1119309772
1119311954
1119314577
1119504768
1119529382
1119540583
1119574365
1119670471
1119888283
1120092007
1120572239
1120602910
1120723073
1120765865
1120851642
1121456675
1121587877
1121742702
1121775499
1121825965
1121925516
1121965647
1122094877
1122124306
1122183503
1122521959
1122936339
1123046727
1123422296
1123455795
1123492172
1123585268
1123677549
1124672793
1125248299
1125293508
1125860106
1126056165
1126157981
1126158005
1126265299
1126294035
1126335299
1126336868
1126424184
1126507506
1127236831
1127369764
1127564591
1127824769
1127991103
1128111617
1128326928
1128500782
1128804004
1128849181
1128943748
1129046887
1129195156
1129351234
1129583940
1129773472
1129871803
1130151328
1130354260
1130561772
1130821225
1130949253
1131018153
1131056849
1131063897
1131708058
1131834135
1132061312
1132119049
1132350359
1132575232
1132665970
1132944096
1132971848
1132983806
1133344914
1133506937
1133597151
1133613384
1133700969
1133791799
1134129989
1134141727
1134595033
1134625361
1134651319
1134700748
1134839351
1135023882
1135190825
1135347326
1135648887
1136189976
1136320985
1136865038
1136953876
1136958389
1137004302
1137227688
1137286122
1137295325
1137639996
1137663186
1137755205
1137947488
1138366507
1138582010
1138617504
1139704769
1139903766
1140000935
1140131125
1140193351
1140240432
1140388277
1140652711
1140675260
1140696471
1140830656
1141007516
1141099518
1141267758
1141301592
1141496038
1141591049
1141649919
1142244878
1142868165
1142977534
1143439084
1143489285
1144260615
1144543436
1145467919
1145469856
1145565903
1145579635
1145788553
1145807247
1146128981
1146729319
1146991140
1147862565
1148082411
1148406924
1148467547
1148546221
1148556255
1148705538
1148880374
1149043901
1149166221
1149192476
1149207024
1149277600
1149329429
1149613605
1150661766
1150789812
1150827600
1151290396
1151481189
1151556024
1151672914
1151935140
1152046754
1152128262
1152211321
1152390600
1152462416
1152706183
1152998708
1153335182
1154916871
1155021256
1155106438
1155811348
1156020365
1156448749
1156597298
1156922035
1157085769
1157123092
1157822466
1158450994
1158682424
1158772522
1158795074
1158895214
1159078860
1159456950
1159461121
1159547649
1159607010
1159907447
1160099418
1160387617
1160696655
1160806810
1161072982
1161178533
1161331019
1161444390
1161457384
1162404086
1162420484
1162565604
1162809514
1163013703
1163528761
1163841079
1164232807
1164720481
1164798623
1164948977
1164978050
1165009942
1165083904
1165189111
1165234630
1165282246
1165436661
1165787305
1166408785
1166616422
1167488722
1167813333
1167819242
1167906648
1168347536
1168381043
1168514717
1168571091
1168647790
1168723401
1168979621
1169362667
1169606634
1169718709
1169794153
1169995751
1170105586
1170294110
1170342387
1170488525
1170554243
1170819649
1170893977
1171027573
1171143734
1171270881
1171433099
1171489274
1171555354
1171561540
1171602447
1172001180
1172005523
1172023007
1172079875
1172256933
1172257732
1172418946
1172481912
1172483099
1172708172
1173089927
1173777501
1174061225
1174211794
1174348921
1174465608
1174740980
1174796421
1174880940
1174958452
1175809250
1175850818
1175994989
1176126298
1176288903
1176677667
1176838402
1176848501
1177081043
1177253092
1177379047
1177415880
1177476582
1178124068
1178164330
1178205628
1178668004
1178840017
1178866522
1179106520
1179820260
1179954305
1180965014
1181163661
1181203034
1181237144
1181394465
1181557883
1182199427
1182627698
1182675165
1182736804
1183520477
1183571180
1183596002
1183676371
1183944673
1183955423
1184067942
1184074341
1184238483
1184530239
1184691907
1184778235
1185092574
1185174038
1185217214
1185356719
1185420828
1185908664
1186065262
1186099122
1186206903
1186314388
1186353161
1186359814
1186552674
1186818360
1186969071
1187131900
1187292604
1187301234
1187821695
1189065110
1189391971
1189401782
1189418373
1189566210
1189960725
1190097999
1190268564
1190333107
1190816496
1191438633
1192234590
1192547001
1192565352
1192786007
1192865293
1193610491
1193800455
1194100764
1194182155
1194770822
1194859415
1194943035
1195461437
1195597202
1195878538
1196126634
1196173531
1196714467
1196747570
1197859690
1197972916
1197990235
1198366022
1198366799
1198425627
1198468881
1198774508
1199115729
1199215606
1199342789
1199483180
1199496092
1199619963
1199637133
1200131149
1200154611
1200212946
1200452963
1200492557
1200792000
1201056878
1201378125
1201746171
1201943545
1202020111
1202022935
1202459687
1202568157
1202705571
1203518518
1203566710
1203826151
1203929700
1203981077
1204440204
1204568941
1204778389
1205015945
1205681718
1205947435
1206182782
1206703390
1206823911
1207719819
1208122363
1208303872
1208356295
1208544598
1208875458
1209145133
1209175523
1209198718
1209210658
1209618930
1209650643
1209669657
1209785653
1209952068
1210003594
1210158326
1210237728
1210343762
1210441368
1210492447
1210539163
1210768764
1210814706
1210821913
1210999115
1211477234
1211502441
1211521909
1211797854
1212683053
1212757208
1213080799
1213147378
1213292107
1213560242
1213978493
1214117101
1214185089
1214231657
1214324453
1214524778
1214612447
1214620128
1214710494
1215411694
1215711463
1215978545
1216379838
1216432736
1216439626
1216700808
1216795221
1216825498
1217044724
1217407630
1217592558
1217864223
1217909244
1217987527
1218467514
1218764961
1218783201
1218843395
1219250295
1219471031
1219795531
1219850492
1219925500
1219987908
1220311803
1220340084
1220523743
1220642748
1220692119
1220966574
1221541679
1221554681
1221741443
1221762185
1222046859
1222062036
1222568840
1222714876
1223141607
1223245642
1223320048
1223508156
1223674354
1224315086
1224328747
1224746927
1224887594
1225013859
1225207517
1225422449
1225594963
1225620346
1225705590
1226196236
1226438292
1226642521
1226879724
1226887388
1226974623
1227524730
1227966283
1227972286
1228551794
1228984679
1229398115
1229421831
1229499198
1229554225
1229775936
1229785592
1229916715
1229969154
1230176749
1230180010
1230404551
1231301652
1231751119
1231766273
1231996008
1232132061
1232200357
1232255374
1232265708
1232569677
1233211863
1233318592
1233427057
1233450879
1233780349
1233837056
1233873038
1234025201
1234153760
1234825100
1235204471
1235324383
1235731172
1235754411
1235779367
1235780667
1236630243
1236800369
1237023482
1237075920
1237214658
1237319592
1237325652
1237886121
1238015533
1238100921
1238177481
1238235221
1238356380
1238387143
1238710759
1238882241
1239383966
1239434222
1239986686
1240071911
1240838567
1241026746
1241582842
1241588601
1241601234
1241745930
1242115981
1242511496
1242587128
1242977382
1242979062
1243044858
1243502780
1243806399
1244218447
1244551679
1244598356
1244605601
1244897248
1245439920
1245768059
1245870300
1246264888
1246500848
1246657326
1247061092
1247213000
1247629276
1247800331
1248115883
1248192750
1248228159
1249007978
1249035839
1249087977
1249397288
1249488378
1250148102
1250188370
1250232395
1250311967
1250333500
1250507054
1250687795
1250836734
1251164407
1251238773
1251248626
1251825758
1251939904
1252390913
1252455799
1252481344
1252594583
1252831500
1252903643
1253111853
1253492529
1253735371
1253846148
1254038434
1254306447
1255136598
1255146742
1255309332
1255743788
1255889482
1255976339
1255988236
1255995544
1256108340
1256447856
1256645229
1256704114
1256856659
1257962165
1258917397
1259134409
1259347998
1259351631
1259398524
1260006989
1260376587
1260646996
1260672569
1260810323
1261321698
1261940275
1262177386
1262564032
1262635937
1262699669
1262847568
1263097645
1263109114
1263297993
1263526724
1263679052
1263913021
1263966303
1264060910
1264110121
1264113849
1264176884
1264355294
1264382382
1264916220
1265104027
1265197304
1265491779
1265551246
1265928580
1266073614
1266634743
1267064664
1267080738
1267491669
1267706971
1268450644
1268456895
1268785756
1269421368
1269429305
1269579764
1269583742
1269709498
1270017125
1270047417
1270207586
1270212319
1270420010
1270512466
1271128985
1271196774
1271445524
1271486836
1271680807
1271768999
1271882445
1272026699
1272168812
1272195945
1272237370
1272321718
1272467321
1272919524
1273305495
1273426927
1273430377
1273495992
1273508014
1273524423
1273738583
1273839401
1274568740
1274707531
1274780414
1274948013
1275103010
1275350618
1275741292
1276573676
1276883080
1277328915
1277778832
1278010200
1278025405
1278116348
1278229688
1278263823
1278643790
1278825583
1279292223
1279451055
1279928450
1280025995
1280030830
1280529027
1280664430
1280937319
1280965029
1280971268
1281042040
1281067851
1281727984
1281767438
1281947350
1281983445
1282181608
1282871440
1282884122
1283036157
1283390668
1283434210
1283667304
1283706108
1283758179
1283790585
1283906024
1283928010
1284279689
1284423653
1284681962
1284798095
1284807842
1284978742
1285092599
1285170840
1286323646
1286369378
1286491980
1286498599
1286712279
1287469142
1287582084
1287701872
1287771727
1288146420
1288235377
1288270469
1288472764
1289063116
1289110974
1289497063
1289497449
1289707883
1289725863
1289726913
1289964103
1290850908
1291054150
1291081313
1291172768
1291349259
1291358435
1291752212
1291871995
1292089426
1292604928
1292615775
1292741834
1293000117
1293506902
1293865966
1293872432
1293882050
1294004825
1294013700
1294023738
1294124443
1294389050
1294429922
1295074716
1295223714
1295705410
1295803663
1295868101
1297018300
1297038329
1297139258
1297177365
1297488949
1297514020
1297600647
1297631202
1298013608
1298066904
1298181767
1298315308
1298406509
1298516016
1298579508
1298617103
1298685235
1299131443
1299196904
1299511042
1299627234
1299732424
1299819015
1299851993
1299869292
1300350559
1300371956
1300537018
1301861962
1301899433
1302182212
1302213765
1302405302
1302862028
1303018655
1303269525
1303519568
1303761421
1304103786
1304531022
1305011731
1305401127
1306051346
1306293603
1306322115
1306456938
1306708605
1306868684
1307183482
1307275051
1307358445
1307492085
1307702228
1308362363
1308407878
1308685026
1308745886
1308828769
1309088840
1309166526
1309839675
1309962966
1310020126
1310603894
1310894503
1310926423
1311215369
1311294520
1311336540
1311515813
1311760266
1312215682
1312339631
1312370248
1312626109
1312626111
1312676732
1313009665
1313592858
1314178525
1314334478
1314397034
1314436530
1314991063
1315110888
1315115135
1315128900
1315834135
1315884296
1315997847
1316088619
1316851382
1316868411
1317069526
1317106279
1317208821
1317272285
1317420457
1317513681
1317629337
1317853008
1318229713
1318435675
1318528220
1318782511
1318796753
1318841029
1319238682
1319498260
1319572689
1319573208
1319792427
1319823296
1319901002
1320219200
1320428065
1320536932
1321214581
1321529115
1321554331
1321720348
1321794410
1321845583
1322037216
1322184460
1322649696
1322724528
1322802570
1323154345
1323532449
1324141422
1324233337
1324379134
1324675593
1324709531
1324726678
1324924091
1325003655
1325311300
1325593495
1325604218
1326359232
1326363373
1326364764
1326532572
1326813871
1326970274
1327259301
1327500179
1327521878
1327597603
1327610151
1327622917
1328168239
1328179140
1328191403
1328305646
1328315642
1328357223
1328741262
1329500868
1329730415
1330097852
1330194734
1331179897
1332014789
1332176742
1332197906
1333058908
1333207485
1333290499
1333296647
1333853029
1333853430
1333902415
1333963578
1334049188
1334306945
1334345969
1334416602
1334718611
1334946890
1334974388
1335039259
1335315168
1335404048
1336936618
1337270681
1337273217
1337315808
1337518763
1337530566
1337975739
1338989153
1339060783
1339101828
1339254549
1339420143
1339436460
1339666739
1340492491
1340500159
1340654718
1340772736
1340846554
1341151929
1341253008
1341551808
1341633938
1341981787
1342127937
1342143029
1342488250
1342522102
1343128979
1343205475
1343730792
1344095395
1344280582
1344311407
1344847995
1344985411
1345381427
1345465282
1345713441
1345786520
1345791802
1347102196
1347161671
1347355578
1347486388
1347646674
1347983278
1348364698
1348387231
1348527004
1348983708
1348986608
1349035227
1349143064
1349215962
1349469896
1349750986
1350624582
1351208232
1351993729
1352794609
1352979031
1353218271
1353241391
1353280720
1353379857
1353792481
1354286027
1354319821
1354360667
1354689665
1355229263
1356187973
1356529173
1356566495
1356775572
1357099483
1357222973
1357459395
1357665742
1357741598
1357917612
1358307672
1358538556
1358591861
1359075422
1359388134
1359488975
1359551613
1360566287
1360913808
1361248023
1361815302
1361830212
1362386612
1362449642
1362558705
1362605364
1363012639
1363237535
1363486068
1363723300
1363848247
1363899386
1363965711
1364143604
1364263016
1364319986
1364553155
1364659537
1364867677
1364956438
1365014593
1365992985
1366243974
1366256521
1366552030
1367466282
1367492280
1367644432
1367738867
1367840926
1368234602
1368327117
1368687116
1368726235
1369090632
1369304533
1369522163
1369530542
1369645108
1370525412
1370785819
1371316851
1371462249
1371943447
1372276928
1372370748
1372543954
1372662772
1372673762
1372752643
1372903822
1373493985
1373559401
1373608133
1373627644
1373684999
1373758757
1374295652
1374456999
1374582893
1374700924
1374830537
1375086636
1375324502
1375344491
1375818239
1375929025
1375948656
1376085177
1376173084
1376279337
1376396865
1376409199
1376731221
1376799031
1377383984
1377610075
1377628971
1377649177
1377783356
1377963831
1378157088
1378270386
1378270699
1378331257
1378385748
1378796565
1379107049
1379145882
1379386258
1379689265
1380156546
1380263916
1380443319
1380685643
1380914392
1381060945
1381204025
1381487321
1381664064
1381707479
1381763968
1382007830
1382053721
1382108377
1382597181
1382669792
1382862327
1382992126
1383225673
1383327771
1383438863
1383846294
1383879818
1383927228
1383944096
1383967154
1384049938
1384064779
1384237365
1384301985
1384444543
1384853247
1385329756
1385465543
1385643782
1385664742
1386283517
1386637215
1386703642
1387635046
1388242397
1388386959
1388474245
1388912197
1389171625
1389251875
1389542833
1389740875
1389753019
1390214451
1390417068
1390742366
1390746635
1390844051
1390872382
1390984497
1390995872
1391010253
1391115837
1391134885
1391198311
1391274825
1391433665
1391781050
1391946277
1391978515
1392259815
1392322072
1392737069
1392976456
1393196954
1393219111
1393219425
1393268286
1393287572
1393583850
1393632682
1393781607
1393858450
1393980697
1394481315
1394495764
1394737566
1394819327
1395065649
1395156655
1395587028
1397173261
1397285964
1397306154
1397865041
1398032409
1398747396
1398768177
1399085875
1399200053
1399284995
1399731829
1399827039
1399877864
1399903038
1400396290
1400413020
1400474105
1400499134
1400625884
1400725320
1400973168
1401288564
1401538188
1401839729
1401871439
1401927326
1402051427
1402295404
1402450767
1402550218
1402793075
1402975850
1403525391
1403568610
1404624200
1404786161
1405346237
1405391742
1405421441
1405763958
1405885834
1406490103
1406570170
1406756090
1406786742
1406825953
1407116763
1407282945
1407942729
1408099483
1408227199
1408451261
1408710226
1408753046
1409152434
1409168791
1409222634
1409237291
1409435255
1409684705
1410139761
1410676223
1411041445
1411123032
1411212616
1411329874
1411472148
1411474016
1411721980
1411761713
1412164907
1412217828
1412513971
1412517356
1412559576
1412786722
1413035116
1413304282
1413562952
1413768002
1413920526
1413925090
1413983005
1414439946
1414902616
1414932570
1415064743
1415145835
1415176462
1415283158
1415328402
1415639317
1415640215
1415976983
1415981987
1416628396
1416790240
1416807143
1417066163
1417277394
1417417281
1417511766
1417560624
1417675912
1417714429
1417766822
1417967723
1417993235
1418125639
1418133732
1418378226
1418694331
1418873663
1419038097
1419083917
1419115891
1419123635
1419165720
1419170185
1419592729
1419657091
1419837443
1419935290
1420067086
1420084768
1420144473
1420227533
1420370869
1420382891
1420592181
1420615880
1420807790
1420858625
1420884806
1420926468
1421043457
1421063746
1421176723
1421777971
1421780493
1421793445
1421883130
1422049785
1422201111
1422227245
1422358757
1422702593
1423343960
1423612652
1423681946
1424194325
1424362795
1424656776
1424912426
1424977901
1425123992
1425204758
1425661303
1426113941
1426236231
1426344631
1426386761
1426534098
1427159720
1427251822
1427270815
1427319107
1428271624
1428406445
1428572249
1428662882
1428895860
1429043669
1429143400
1429174804
1429281440
1429716840
1429855038
1430794165
1431153607
1431178709
1431484931
1432077969
1432368285
1433345953
1433417458
1433457649
1433648799
1434062977
1434732514
1434799886
1436691133
1436760176
1436801497
1437028201
1437352022
1437370213
1437424872
1437492363
1438093038
1439165147
1439334238
1439602344
1439680180
1439852636
1439887649
1440015361
1440335671
1440772645
1441263643
1441481605
1441547471
1441657622
1442061804
1442188042
1442322766
1442360062
1442395306
1442651504
1443322483
1443543651
1443662854
1443747837
1443923920
1444000762
1444285477
1444438472
1444473293
1444494019
1444547366
1444555460
1444975027
1445244767
1445355636
1445388258
1445392399
1445422136
1445526683
1445528764
1445875794
1446218991
1446319924
1446477343
1446534509
1446606173
1447396571
1448367533
1448713999
1448830087
1449226785
1449280887
1449354876
1449591947
1450016510
1450397851
1450476393
1450508310
1450619986
1450827695
1450970341
1451015241
1451032938
1451126865
1451193177
1451776085
1451779414
1451874306
1451915709
1451979299
1452311629
1452428092
1452614135
1452845015
1453138328
1453597725
1454006828
1454646721
1454994990
1455150561
1455488073
1455499687
1455559863
1455632496
1455769418
1456263756
1456484770
1456583245
1456730229
1456748355
1457260717
1457314315
1457548933
1457817176
1457930058
1457960297
1458044648
1458096602
1458178544
1458661510
1459165689
1459472440
1459579448
1459582234
1459988190
1460930103
1460977173
1461240461
1461356946
1461718506
1462148965
1462360586
1462507720
1462701559
1462907886
1463077969
1463443050
1463805588
1463929081
1463995692
1464301680
1464517772
1464722937
1464889448
1465013207
1465131238
1465375727
1465585635
1465693371
1465704562
1466916424
1466972059
1467258169
1467265238
1467322132
1467486975
1467559959
1467765385
1467885837
1468397056
1468457405
1468562829
1468615105
1468761333
1468858569
1468903820
1468954452
1469529027
1469700969
1469802460
1469924661
1469939793
1470029822
1470194447
1470431739
1470865740
1470883843
1470897363
1471343282
1471554947
1471604442
1471647181
1471894053
1471973239
1472284756
1472335859
1472337289
1472382188
1472532574
1472582385
1473169939
1473342108
1474011050
1474175371
1474219669
1474243121
1474828699
1475072234
1475104691
1475412967
1475481484
1475660942
1475877985
1475940219
1476368272
1476550026
1476564321
1476996837
1477117195
1477890428
1478663098
1478766694
1478963669
1478997578
1479102907
1479491228
1480029682
1480164288
1480838763
1481016806
1481069801
1481307418
1481590013
1481683645
1481775569
1481985018
1482350872
1482400716
1482613624
1482773880
1482833462
1482864778
1482905261
1482999271
1483032430
1483169028
1483261984
1483438135
1483447748
1483912021
1484336240
1485003382
1485706665
1485953604
1486023367
1486230223
1486526021
1486550779
1486630987
1486648399
1486776086
1486921383
1487347507
1487354111
1487392577
1487523228
1487720864
1488712878
1488880045
1489177366
1489451674
1489564459
1489823258
1490072699
1490402817
1490744521
1490795905
1490966023
1491205885
1491472806
1491800601
1492122167
1492373220
1492490744
1492665171
1492820676
1493060302
1493201290
1493274694
1493429506
1493742286
1493960909
1494127530
1494137677
1494209562
1494271682
1494696646
1495649624
1496185247
1496200520
1496266684
1496907307
1496908267
1496990332
1497067976
1497088427
1497359983
1497418795
1497957437
1498675531
1498711306
1498867237
1499611872
1499615021
1499765605
1499801025
1499827913
1499850919
1500125116
1500208189
1500246928
1500290814
1500609315
1500624465
1500638780
1500763767
1500892759
1501100319
1501144006
1501213930
1501243162
1501414404
1502191786
1502830771
1502836604
1503319845
1503458466
1503497367
1504012096
1504205382
1504251952
1504563402
1504713824
1504764808
1505555050
1505800243
1505849314
1506515834
1506752975
1506891247
1507171879
1507537956
1507591534
1507651905
1507672985
1507719996
1507995367
1508002400
1508082211
1508173112
1508303817
1508764205
1509731706
1510081925
1510245145
1510316842
1511076343
1511088880
1511652551
1512067361
1512103684
1512558842
1512663742
1513322969
1513972352
1514314697
1514350182
1514488231
1514519635
1514535633
1514622319
1514752711
1514799994
1514957367
1515077441
1515358218
1515755090
1515854356
1516207694
1516271388
1516287158
1516411514
1516950738
1516973572
1517124579
1517442728
1517610734
1517727502
1518148903
1518170815
1518606458
1518934902
1519295566
1519597334
1519861611
1519993838
1520772640
1521419152
1521473925
1521678839
1521930533
1522094068
1522312785
1522459414
1522769261
1522800800
1522904466
1523240488
1523439767
1524013042
1524171402
1524229976
1524240990
1524616347
1524652598
1524788281
1525261754
1525308992
1525341239
1525478543
1525886438
1526183201
1526389310
1526587972
1526675021
1527004842
1527254554
1527323941
1527946872
1528189383
1528201283
1528396369
1528505887
1528524392
1528656152
1528881325
1528916636
1529244198
1530017792
1530361101
1530433669
1530686455
1530713229
1530889661
1530893768
1531137432
1531294200
1531488849
1531645890
1531692942
1531714179
1532095106
1532118551
1532275696
1532295872
1532420334
1532446387
1532467980
1532944030
1533151764
1533341476
1533565279
1533809101
1533814348
1534510175
1534528828
1534538231
1535115646
1535195300
1535690956
1537022515
1537395314
1537580824
1537708655
1537750933
1537784804
1537860419
1538243504
1538670751
1538830468
1539035802
1539745508
1539918680
1540557740
1540585618
1540868741
1541298536
1541698591
1542022839
1542167830
1542392837
1542482644
1542643529
1542762269
1543036309
1543231465
1543386364
1543431006
1543811704
1544279636
1544308479
1544315933
1544639143
1544685774
1545077496
1545123943
1545289340
1545393603
1545919932
1546073099
1546239522
1546503357
1546744713
1546745824
1546794928
1546941494
1546968535
1547299763
1547460834
1547618590
1547683857
1547936820
1547988248
1548061249
1548127429
1548311762
1549326815
1549380942
1549590233
1549658818
1550270920
1550477058
1550534248
1551052338
1551517787
1551718194
1552024957
1552206066
1552773846
1553210027
1553252787
1553259765
1553975349
1554085663
1554834859
1554951044
1555328389
1555584333
1555669154
1555701033
1555780929
1555849909
1556870152
1557013624
1557064281
1557145171
1557511480
1558074738
1558108775
1558121834
1558379405
1558577027
1558841904
1558898017
1559126228
1559987115
1560045898
1560520587
1560802556
1561054851
1561295403
1561478381
1561490765
1561952267
1562447154
1562553793
1562611533
1563385585
1563505231
1563974452
1564168695
1564517628
1564680070
1564903589
1565235532
1565610897
1566201821
1566652004
1566986427
1568391115
1568558950
1568657663
1569056649
1569217040
1569541188
1569557110
1569615947
1569880720
1570281371
1570642196
1570740460
1571036124
1571128612
1571312121
1571591305
1572019001
1572171009
1572424328
1572577279
1572782961
1572877619
1573934182
1574238699
1574367336
1574685835
1574804968
1574823376
1574979606
1575370460
1575586066
1575595518
1576171745
1576244289
1576819355
1577064059
1577166451
1577637389
1577648476
1578114020
1578291165
1578454242
1578458287
1578497639
1578738957
1578910433
1578939938
1578973478
1579020049
1579072594
1579185751
1579589076
1580069208
1580337416
1580390280
1580441905
1580446326
1580504501
1580669466
1580813963
1580823272
1580851888
1581197688
1581778111
1581905333
1582029145
1582531655
1582566582
1582598171
1582607405
1582886831
1582935402
1582984293
1583020970
1583049463
1583085872
1583203628
1583237089
1583278969
1583321282
1583571243
1583775243
1585643138
1586126409
1586148644
1586252866
1586413844
1586608953
1586951634
1587061399
1587217956
1587292914
1587650020
1587958591
1588002722
1588181382
1588872387
1589044069
1589214888
1589219541
1589542704
1589786517
1590056620
1590495723
1590515684
1590594357
1590663439
1591245013
1591642333
1591839618
1591918814
1592253386
1592319159
1592380548
1592444868
1592637248
1592771688
1592897111
1592963310
1592998359
1593324100
1593348233
1593454790
1593738155
1593819249
1594620889
1594682143
1594776284
1594847903
1595048372
1595182019
1595234666
1595296812
1595316401
1595367119
1595388849
1595686111
1595743097
1595761363
1596038661
1596229387
1596528845
1596566990
1596619731
1596626239
1596642195
1596746610
1596885770
1597308355
1597450565
1597455994
1597539528
1597685083
1597950346
1598079446
1598432158
1598702498
1598808611
1598905681
1599014657
1599197662
1599458155
1599675586
1599694725
1599714577
1599931369
1599960689
1600300142
1600456447
1600548863
1600950113
1601112507
1601248951
1601379042
1601503023
1601515769
1601538457
1601557637
1601583918
1602045890
1602064284
1602079494
1602206467
1602555606
1602722170
1602786965
1604409046
1604848529
1604879044
1604985309
1605009424
1605047307
1605292494
1605731419
1606076594
1606151188
1606226161
1606368447
1606886915
1607171910
1607223433
1607299590
1607330666
1607440815
1607448858
1607488973
1607848035
1608000991
1608017146
1608037968
1608041874
1608358011
1608397913
1608702194
1608778292
1608819014
1608896570
1609125803
1609398761
1609463177
1609680039
1609777990
1610085484
1610454473
1610790907
1610866798
1611146329
1612029770
1612156430
1612524318
1613148130
1613276877
1613476159
1613639197
1614058850
1614759728
1614804648
1614831744
1614848195
1615312787
1615345770
1615346889
1615374912
1615424216
1615426615
1615501173
1615942575
1616027321
1616114808
1616466960
1616555483
1616791473
1617509652
1617706609
1617750474
1617866448
1618276411
1618298978
1618370999
1618518917
1619272549
1619311292
1619647713
1619669986
1619757310
1619858966
1619885478
1619992375
1619994736
1620591834
1620754404
1621312359
1621485784
1621567883
1621806127
1622080931
1622215387
1622418575
1622540651
1622609384
1623386429
1623420015
1623533766
1623790870
1623806639
1623921772
1624748603
1624891213
1625003639
1625271158
1625618286
1625958962
1626011745
1626555454
1626610511
1627352639
1627460637
1627610156
1628093399
1628428495
1629109506
1629431672
1629925227
1629989382
1630632537
1630672832
1630675401
1630682418
1630787161
1630810008
1630831652
1630931752
1631654311
1631673485
1631765058
1631802168
1632589120
1632889913
1633212984
1633339902
1633462613
1633503584
1633525623
1633573303
1634060167
1634083685
1634199440
1634223240
1634271671
1634407221
1634454287
1634739805
1634754992
1635090728
1635441316
1635602021
1635904074
1636031550
1636352297
1636573013
1636616622
1636784259
1636793637
1637072302
1637235167
1637354728
1637369112
1637497730
1637857060
1637900704
1638106261
1638368454
1638486038
1639136230
1639193702
1639201526
1639234004
1639260754
1639596859
1639612825
1639850430
1639960889
1640071439
1640345466
1640495323
1641187101
1641196664
1641298444
1641334137
1641508509
1641838836
1642262052
1642464934
1643078879
1643240058
1643241695
1643270722
1643595172
1643907359
1644146682
1644167709
1644222685
1644347836
1644447095
1644477434
1644480492
1644780711
1645434678
1645507712
1645726128
1646068399
1646374227
1646825682
1647264795
1647804592
1647912880
1647939826
1648222524
1648526049
1648926971
1649266727
1649328448
1649405387
1649663050
1650075752
1650193452
1650291882
1650757000
1650853585
1650927001
1650953096
1651351835
1651831242
1652067392
1652470709
1652511458
1652540622
1652859407
1652889204
1653336988
1654026800
1654306745
1655067167
1655097391
1655554153
1655609056
1655798721
1656119235
1656162238
1656491415
1656545052
1657107866
1657153216
1657234169
1657358649
1657558236
1657662231
1657969296
1658233956
1658614364
1658710686
1658861352
1659058899
1659096419
1659301126
1659322780
1659330064
1659361554
1659587937
1660265204
1660372236
1660640258
1660737042
1661020140
1661548676
1662055739
1662149583
1662402658
1662793753
1663078532
1663225552
1663275154
1665181385
1665364601
1665814143
1666092391
1666364380
1666592075
1666660640
1666850408
1666963996
1667108448
1667341094
1667710219
1667881433
1668158800
1668564252
1668788488
1668949262
1669264070
1669347330
1669436829
1669645434
1669763573
1670238598
1670817773
1670889860
1671411186
1671725659
1671761201
1672036229
1672262021
1672275466
1672518915
1672619432
1672692738
1672716830
1672956780
1672979261
1673441796
1673587993
1673630851
1673721621
1673868781
1673937814
1674501103
1674587920
1675223189
1675509749
1675844257
1676113870
1676826445
1677049465
1677155976
1677412265
1677420209
1677516009
1677942582
1677996164
1678025095
1678069646
1678717269
1679170725
1679249218
1679534028
1679573338
1679630311
1681008512
1681021395
1681054703
1681836520
1681955828
1681991731
1682034827
1682500969
1682925592
1682948550
1682961164
1684392030
1684552026
1684662813
1684822939
1684886338
1684888318
1685280533
1685645001
1685731755
1687013095
1687081998
1687213589
1687276938
1687503549
1687656742
1687833957
1687933208
1688299907
1688333280
1688474945
1688697715
1688721232
1688966216
1689518761
1689966107
1690205238
1690437215
1690919605
1690988546
1691441651
1691535945
1691871170
1692736869
1692937114
1693138522
1693316887
1693816421
1694056055
1694251822
1695088479
1695097722
1695442811
1695753497
1695812926
1695911498
1695951003
1696661562
1696867513
1697881599
1698199112
1698324913
1698688944
1698772361
1698875877
1698877762
1698927155
1699367023
1699404746
1699506115
1699555598
1699778653
1699778902
1699835702
1700019314
1700189751
1700504227
1700552638
1701272568
1701366065
1701799788
1701831100
1701980228
1701991322
1702198426
1702490840
1702522116
1702644300
1702917720
1702984492
1703092042
1703691388
1704006506
1704049734
1704448933
1705654930
1706702208
1706918545
1707123603
1707300826
1707434212
1707489944
1707885803
1708470569
1708728417
1709084252
1709365618
1709398540
1709414982
1709591480
1709692259
1709722133
1709742855
1709761437
1710439482
1710750930
1710951057
1711113916
1711251318
1711412460
1711708922
1711982271
1712350642
1712514608
1712537753
1712777147
1712812708
1712919112
1713048310
1713254081
1713263304
1713562606
1713810113
1713938568
1714801192
1714841717
1714950408
1715059000
1715119544
1715132584
1715398175
1715463136
1715526938
1715742258
1715803244
1715987543
1716121178
1716353787
1716459507
1716499344
1716728231
1717305120
1717579936
1717589178
1717800142
1718085844
1718195278
1718198468
1718227319
1718381815
1718602690
1718667063
1719305832
1719332406
1719643406
1719720575
1720447490
1720625625
1720850685
1721271971
1721653773
1721936836
1722097291
1722282755
1722293072
1722541073
1722788094
1722950146
1722986339
1722997016
1723108704
1723428151
1723438719
1723556871
1723966143
1723997517
1724039471
1724561165
1724699525
1724752582
1724929610
1724958196
1725252650
1725560453
1725965596
1726046565
1726223313
1726296960
1726328480
1726779123
1726875642
1726907997
1727404474
1727556161
1727704228
1727803620
1727832178
1727900293
1728025045
1728082318
1728167374
1728342660
1728441824
1728552066
1728634192
1728676262
1728748566
1728755769
1728873888
1728941776
1729007188
1729313995
1729806646
1730072094
1730206204
1730568081
1730630461
1730650845
1731301832
1731323614
1731334856
1731659757
1731792281
1732754457
1733083388
1733235904
1733501627
1733508703
1735707344
1735816741
1735832362
1735836736
1735916932
1736182383
1736527450
1736726868
1736730350
1737061850
1737218494
1737385745
1737536788
1738168561
1738395509
1738462500
1738479655
1738719935
1738773690
1739262012
1739389991
1739570909
1739717521
1740219378
1740280152
1740430061
1740478158
1741093080
1741277695
1741366481
1741408786
1741431652
1741885971
1742290138
1742468455
1742555046
1742675688
1743020192
1743529787
1743785057
1743785328
1744072385
1744365689
1744383003
1744456886
1744611993
1744973236
1745290467
1745800055
1745889216
1746171116
1746188051
1746265592
1746323019
1746764490
1747062006
1747394737
1747403669
1747922772
1748181274
1748569724
1748677075
1748836048
1749325359
1749401651
1749594886
1749703972
1749764641
1750712411
1750878131
1750889917
1750960229
1751644156
1751958292
1752298621
1752369362
1752467952
1752700196
1752705170
1752728300
1752848212
1753313431
1753352774
1754560864
1754563900
1754702092
1754933885
1754989160
1755128842
1755162342
1755493098
1756252666
1756475461
1757055239
1757087716
1757224003
1757543850
1757902444
1758038177
1758150466
1758351906
1758392522
1758450014
1758927161
1759043048
1759128291
1759220448
1759252495
1759330871
1759332006
1759460574
1759776818
1759807732
1759927399
1760087430
1760490640
1760771664
1760861596
1761239072
1761285673
1761419391
1761480946
1761756957
1761869588
1761924593
1762512701
1762768518
1762852749
1763417475
1763706479
1763835385
1764144904
1764250682
1764782339
1765173212
1765188204
1765354868
1765440130
1765706348
1765920666
1766116528
1766737598
1766943348
1767155971
1767403111
1767543177
1768155832
1769332317
1769640149
1769787367
1770114329
1770137767
1770149651
1770297642
1770319563
1770645668
1770734270
1771124780
1771803974
1771921175
1771967988
1772198881
1772254377
1772297572
1772312822
1772395749
1772615208
1772634430
1772948740
1773057079
1773068791
1773490678
1773605928
1774322560
1774390381
1774751434
1775866748
1775867212
1776373191
1776952910
1777041097
1777129052
1777666007
1778415484
1778837267
1779063716
1779180542
1779563849
1780062390
1780123681
1780250007
1781441560
1781741703
1781766816
1781830599
1781928934
1782717672
1782770130
1782870615
1783302206
1783612124
1783990833
1784073801
1784516359
1784796528
1785183125
1785386669
1785522215
1785623092
1785638548
1786030037
1786587327
1786704333
1786879855
1787696912
1788209544
1788304717
1788453477
1788668995
1788897852
1789173845
1789260726
1789555815
1789955203
1790038519
1790284108
1791283771
1791494641
1791559548
1791733880
1791785460
1791913918
1792055310
1792154736
1792659793
1792760332
1793307997
1793340796
1793996294
1794294088
1794335059
1795554629
1795703682
1795737875
1796276287
1796392094
1796703099
1796736543
1796964639
1797208404
1797223456
1797359060
1797493370
1797637072
1797881478
1797974973
1798068416
1798878579
1799232270
1799369630
1799400211
1799521547
1799659952
1799889034
1799891501
1799924812
1800059565
1800351858
1800427987
1800687653
1800926759
1801005519
1801819507
1802097714
1802156650
1802277472
1802302274
1802462732
1802624016
1802922275
1802978067
1802981653
1803227783
1803489763
1803550554
1803571885
1804131288
1804145132
1804205982
1804394033
1804433523
1804649101
1804676477
1804965005
1805023989
1805272679
1805660148
1805850780
1806305663
1806551608
1806657133
1806951499
1807023217
1807329954
1807796781
1808712638
1808721773
1808753570
1809016487
1809521094
1809526963
1809800879
1809848072
1810026813
1810204846
1810388764
1810632073
1810812389
1810890569
1811045377
1811293175
1811669947
1812727875
1812735918
1812788714
1812974427
1813157620
1813242972
1813532154
1813598159
1813624161
1813709094
1813867366
1814100176
1814745854
1814773059
1814790361
1815204617
1815268601
1815335446
1815463493
1815503258
1815617323
1815783864
1816039740
1816083967
1816335004
1816769875
1817201167
1817339629
1817424642
1817444678
1817652570
1817675329
1818200745
1818256162
1818414494
1818865748
1819606541
1819843442
1820145132
1820412661
1820450201
1820635068
1820890291
1820939144
1821093406
1821233939
1821420874
1821477339
1821728476
1821896061
1821898250
1822288479
1822362279
1822470538
1822524175
1822673580
1823046013
1823556665
1823589405
1823638324
1824706908
1824796017
1824841267
1825074409
1825166545
1825403682
1825436666
1825472415
1825804104
1826242472
1826931321
1827071919
1827215525
1827309551
1827314988
1827494806
1827673236
1827844036
1828431354
1828468747
1828500809
1829028281
1829359335
1829391580
1829534029
1829664847
1829864939
1830000156
1830300180
1830367375
1830456252
1830588436
1830708184
1830754739
1830767541
1831049910
1831104483
1831570060
1832102716
1832198352
1832457206
1832486737
1832930665
1833405278
1833589045
1833768504
1833827112
1833844331
1834066472
1834159032
1834301410
1834837607
1834956488
1835191560
1835199470
1835796108
1836227330
1836371333
1836834060
1837047610
1837079071
1837600243
1838062744
1838259915
1838591178
1838831750
1839103292
1839103973
1839459150
1839486345
1839561171
1839727466
1839776622
1839853453
1840593196
1840703687
1840864599
1841085639
1841097411
1841142952
1841202952
1841226594
1841308182
1841477608
1841550513
1841603154
1841897221
1841905858
1842375019
1842600482
1842703134
1842744626
1843575952
1843617029
1843942177
1844295360
1845373493
1845688578
1845889202
1845911514
1846206233
1847024916
1847069045
1847395929
1847427267
1848106444
1848131074
1848132406
1848317958
1848336766
1848654040
1848852835
1848949889
1849093501
1849238066
1849401277
1849431159
1849481020
1849721886
1849781473
1849800198
1849982067
1850311909
1850343153
1850481190
1850493724
1850696622
1850918500
1851053622
1851117801
1851344831
1851449978
1851968479
1852147030
1852209443
1852368930
1852870570
1853217225
1853353774
1853728054
1853739111
1853971861
1854005778
1854999656
1855306161
1855821901
1855967175
1856092778
1856207551
1856313332
1856632231
1856796600
1856815416
1857013725
1857717095
1857831507
1857909727
1858036784
1858078703
1858275962
1858276657
1858527763
1858643281
1858659379
1859243807
1859516514
1859590373
1859728918
1859842334
1860291615
1860365423
1860984035
1861057497
1861282783
1861683417
1861875657
1861961312
1862549514
1862961522
1862975604
1863032633
1863057264
1863508651
1863517958
1863848439
1863866448
1863873907
1864172945
1864191191
1864533047
1865259648
1865297106
1865488222
1865918205
1865942224
1866080973
1866201448
1866253740
1866396766
1866411023
1866766434
1867067707
1867324635
1867373346
1867557606
1867565036
1867620961
1867621602
1867999049
1868017011
1868127418
1868306772
1868666071
1868698453
1868859361
1868896312
1869035634
1869240361
1869410444
1869584188
1869827381
1869888343
1869942678
1870044252
1870539290
1870577800
1870934882
1871066590
1871251569
1871401884
1871471365
1871687063
1871698756
1872140514
1872201142
1872724331
1872870517
1872909211
1873307787
1873697991
1873708967
1874201379
1874584481
1874658484
1874849587
1875213185
1875394179
1875497023
1875674692
1876001208
1876188558
1876209804
1876222138
1876371409
1876376463
1876744309
1876851871
1877122914
1877152853
1877181627
1877400623
1877442953
1877876853
1877927920
1878081883
1878593613
1879162092
1879230757
1879280161
1879330345
1879383464
1879472668
1879813225
1880070548
1880161758
1880260230
1880506392
1880511655
1880549708
1880891727
1880903328
1881024758
1881083601
1881159099
1881162117
1881352688
1881572358
1881856995
1881911466
1882363402
1882621065
1883485152
1883985029
1883990099
1884064094
1884083391
1884303371
1884506901
1884861978
1884977625
1885233249
1885433839
1885527984
1885678949
1885686219
1885714649
1886272539
1886539328
1886870543
1886912420
1887018380
1887066398
1887214614
1887219214
1887337753
1887560817
1887901283
1888193100
1888280900
1888870354
1888890801
1888939296
1889077943
1889279047
1889901396
1889948039
1889960306
1890239254
1890249932
1890806738
1891333667
1891550493
1891705878
1891864825
1891987326
1892810253
1892994893
1893578290
1893722354
1893746762
1893785845
1893805170
1893831091
1894165543
1894174904
1894204013
1894239375
1894570955
1894742638
1895326364
1895375237
1895463171
1895601083
1895738756
1895780968
1896000933
1896008229
1896065750
1896138626
1896265465
1896462364
1896604072
1897093377
1897156341
1897252676
1897343282
1898292976
1898579784
1898623581
1898895720
1898942583
1899131617
1899632684
1899729340
1899749444
1900122880
1900177038
1900513475
1900579995
1900781673
1900908879
1900942712
1901712766
1901791860
1901904676
1902228034
1902623884
1902734827
1902792244
1903239077
1903600022
1903678542
1903798203
1903922269
1903942489
1903942709
1904025268
1904048343
1904231807
1904281698
1904416911
1904694111
1905057283
1905315671
1905447226
1905475720
1905567109
1905821696
1906092641
1906256759
1906273323
1906428115
1906679565
1906775842
1907161061
1907283453
1907286151
1907294656
1907650997
1908007593
1908184725
1908218200
1908320234
1908330121
1908518772
1908677315
1908876423
1908930700
1909294424
1909868273
1910265454
1910373105
1910478933
1910549922
1910609062
1911219256
1911513461
1911605337
1912246506
1912756932
1912878658
1913052810
1913071484
1913216179
1913261842
1913318420
1913403950
1913688814
1913827908
1914517427
1914915788
1915084930
1915195619
1915612986
1915960702
1916453960
1916470273
1916792647
1917187133
1917778436
1918630034
1918834194
1918875773
1919656077
1919693069
1919853244
1919928091
1920001362
1920195953
1920521413
1920852103
1920995183
1921377872
1921448451
1921759254
1921770474
1921858261
1921961344
1922037393
1922097761
1922358064
1923215109
1923632287
1923669926
1923744199
1923761100
1923801533
1923971231
1924378935
1924508201
1924604597
1924632874
1924710151
1924811353
1925194713
1925538766
1925681828
1925931086
1926033549
1926608126
1926613440
1926635335
1926810929
1926869536
1926992994
1927059025
1927307130
1927538460
1927718949
1927772180
1927895586
1928150145
1928183597
1928335009
1928605789
1928646118
1928698513
1929081181
1929637396
1929695625
1929751014
1929898158
1930366712
1930402936
1930417450
1930631648
1930941614
1930952826
1931042564
1931086143
1931280712
1931284197
1931379564
1931471937
1931512271
1931576609
1931584949
1931592315
1931923821
1932230082
1932241252
1932276230
1932315916
1932685262
1932862466
1932945713
1933097851
1933422394
1933605270
1934030563
1934108962
1934130824
1934217991
1934402923
1934496855
1935295568
1935688743
1935765146
1935765411
1935802103
1935927010
1936109213
1936581321
1937042434
1937849081
1938069604
1938264358
1938291142
1938370029
1938385681
1938388676
1938537102
1938900641
1939034094
1939073990
1939941386
1940024311
1940516567
1940568334
1940573495
1940642615
1940655511
1941410761
1941476965
1941505932
1941644718
1941686460
1941828378
1941896161
1942127787
1942407417
1942544161
1942881519
1942883798
1943200504
1943455969
1943549281
1944432423
1945417320
1945990388
1946440469
1946480261
1946598885
1946756988
1946782544
1947803128
1947812922
1947943669
1948048289
1948408377
1948496840
1948834514
1949406174
1949575050
1949744278
1949938500
1950602060
1950626931
1950654932
1950822807
1951011076
1951592264
1951922095
1952063332
1952265301
1952426924
1952553066
1952963535
1953165363
1953355505
1953355774
1953440849
1953931271
1953943699
1953968321
1954580461
1955033276
1955207970
1955409814
1956306206
1956423956
1956504791
1956561571
1957181033
1957263290
1958279560
1958450819
1958471938
1958639696
1958700767
1959113319
1959464504
1959881892
1959909555
1960000979
1960538587
1960765229
1960961306
1961087655
1961141389
1961301997
1961609805
1961741152
1961897499
1962035020
1962187283
1962212376
1962946090
1964160467
1964218537
1964349000
1964585794
1964632337
1964903862
1965194932
1965235245
1965310470
1965333681
1965751651
1966128802
1966240729
1966284737
1966306769
1966323194
1966389197
1966441169
1966690685
1967050410
1967075768
1967150206
1967236429
1967277983
1967577227
1967752901
1967766842
1967827587
1967942110
1968054493
1968237980
1968410029
1968531840
1968579277
1968804492
1968898562
1969175306
1969213946
1969254446
1969267832
1969273751
1969434487
1969452572
1969949695
1970185902
1970359345
1970476748
1970819601
1971234003
1971342827
1971561201
1971653543
1971893717
1972338432
1972424017
1972488061
1972545742
1972868953
1972903808
1972962106
1973328321
1973451833
1973466350
1973598274
1973611500
1973700510
1973847071
1974085858
1974516148
1974555068
1974887124
1975132675
1975236455
1975570073
1975658372
1976085301
1976220086
1976421981
1976489918
1976648447
1976706952
1976822429
1977007224
1977075749
1977093333
1978043780
1978254370
1978328073
1978489610
1978701626
1978729839
1978981654
1979107163
1979785947
1979794407
1979841406
1980178086
1980500921
1981327740
1981663124
1981846146
1982319987
1982383899
1982505787
1982892399
1982938855
1983105296
1983179878
1983328499
1983881037
1984558256
1985051673
1985312957
1985326584
1985447695
1985532710
1985886152
1986002696
1986080045
1986299688
1986393388
1986475689
1986571890
1986930344
1987115403
1987371760
1987557840
1987625036
1987944728
1988549403
1988593453
1988810310
1988982292
1989274643
1989318746
1989447623
1990174173
1990224547
1990285240
1990632170
1990976316
1991286885
1991686158
1991871228
1992181346
1992196649
1992554176
1992761960
1993453593
1993520884
1993804823
1994195208
1994385841
1994466866
1994614656
1995130001
1995259124
1995296021
1995479319
1995538208
1995561495
1995584294
1995724626
1995851603
1996068099
1996552341
1996593212
1996614169
1996827160
1996868174
1997302924
1997695747
1997772091
1997859968
1998126093
1998296462
1998389275
1998411282
1998737591
1999305408
1999376161
1999492292
2000267277
2000328913
2000351183
2000595282
2000871413
2001251302
2001401608
2001572603
2001755168
2001830718
2001921209
2002207867
2002576011
2002794100
2002908842
2003146972
2003415408
2003584881
2003916020
2004225168
2004791656
2004852359
2004991769
2005067160
2005194351
2005452187
2005489276
2006279758
2006386881
2006676870
2006723658
2006788229
2006930239
2007597867
2007879078
2008185566
2008228168
2008484911
2008686203
2008738502
2008964256
2009018053
2009061243
2009523090
2009595861
2009980583
2011040633
2011053440
2011108714
2011154763
2011170983
2011261755
2011263403
2012145821
2012424260
2012745399
2012822521
2013074689
2013746728
2013809479
2013972877
2014075385
2014322842
2014382494
2014608358
2014746187
2014778681
2015284805
2015558576
2015866979
2015991075
2015998387
2016286541
2016939038
2017381713
2017441157
2017574915
2017610521
2017692691
2017808029
2017852813
2017943589
2017947841
2018189737
2018962577
2018994412
2018999009
2019485961
2019644316
2019729118
2020000523
2020385080
2020426933
2020732866
2020890691
2021310128
2021363025
2021391467
2021433341
2021447957
2021496995
2021802660
2022378305
2022579910
2022815595
2022849227
2023430161
2023684907
2023798894
2023811512
2023939953
2024295277
2024296121
2024462333
2024514524
2024515591
2024539794
2025191626
2025514625
2025560590
2025725744
2025776449
2025976723
2026118583
2026379075
2026519915
2026844446
2026986573
2027244157
2027334097
2027660401
2027702474
2028124880
2028172232
2028209848
2028217496
2028503910
2028552147
2028560206
2028600034
2028646162
2028736426
2029134500
2029433045
2029891028
2030567053
2031271024
2031382658
2031905756
2032945396
2032970397
2033048646
2033101165
2033561829
2034001098
2034510483
2034741921
2035068618
2035253847
2035314432
2035371289
2035377011
2035415794
2035479048
2035713310
2035717669
2036251366
2036363310
2036541062
2036658210
2036880880
2036907264
2037367851
2037447762
2037618593
2038085082
2038154765
2038277700
2038279746
2038304241
2038428272
2038494779
2038618833
2038937644
2039135517
2039177166
2039296728
2039325977
2039680148
2040164602
2040196948
2040233633
2040369373
2040500355
2041412557
2041795720
2041849823
2041900528
2042030864
2042059398
2042142093
2042796280
2043176653
2043518313
2043602881
2043649553
2044612423
2044821344
2045048135
2045125307
2045274344
2045459966
2045652194
2045948924
2046241398
2046306023
2046575228
2046591206
2046731552
2046906768
2046952453
2047102333
2047141526
2047203403
2047272079
2047444090
2047466239
2047473831
2047914039
2048323081
2048432868
2048500099
2048570406
2048709541
2048951420
2048961993
2049077081
2049240249
2049707439
2049719693
2049819394
2050093884
2050522905
2050739916
2050853776
2051272938
2051593112
2051819007
2051987145
2052153902
2052321397
2052381948
2052622708
2052650525
2053414646
2053580867
2053843713
2054127947
2054134366
2054540628
2054788525
2054868130
2054916462
2055492461
2055588565
2055771994
2055854273
2056012992
2056069777
2056136707
2056299743
2056405043
2056530065
2056549208
2056650059
2057057514
2057089718
2057682373
2057892941
2057958274
2058013068
2058537499
2058783288
2058947674
2059210354
2059243330
2059251313
2059683225
2059735918
2059810040
2059999375
2060163382
2060309481
2060387817
2060546393
2060788366
2060911322
2061125384
2061486662
2061572287
2061638574
2061747964
2061840560
2061865488
2062213378
2062266329
2062509325
2062696393
2063098192
2063269355
2063305682
2063426512
2063674040
2064219864
2064245005
2064329943
2064356354
2064357704
2064869088
2065046414
2065237664
2065238479
2065282032
2066465760
2066483347
2066746719
2066918700
2066923924
2067171836
2067195102
2067244269
2067277451
2067313174
2067371146
2067423190
2067442136
2067594383
2067618817
2067800822
2068010041
2068075408
2068145004
2068771201
2068816914
2069082965
2069112769
2069162938
2069358490
2069362016
2070342438
2070397471
2071826987
2071868529
2072085196
2072096319
2072242893
2072455383
2072921217
2072962565
2073379255
2073705181
2073880342
2074005249
2074079857
2074256603
2074266077
2074678586
2075576247
2076572787
2076635937
2076859770
2077057634
2077075365
2077605980
2077608468
2077801415
2077951858
2078085861
2079566636
2079884925
2079946974
2080158023
2080166182
2080714893
2080884227
2081213012
2081334558
2081547501
2081914913
2082039418
2082176409
2082412419
2082648872
2082716995
2083040643
2083078290
2083157943
2083188846
2083576544
2083777083
2084155399
2084218358
2084671360
2084764597
2084869098
2085402379
2085525369
2085555545
2086305907
2086520756
2086583222
2086680877
2086928277
2087113456
2087139846
2087588418
2087661885
2087778479
2087876660
2088076918
2088167648
2088385423
2088503020
2088530284
2088601498
2088640824
2088662702
2088887249
2089253899
2089267270
2089268628
2089316388
2089388951
2089719298
2090046803
2090305320
2090418444
2090581756
2090848815
2090935751
2091270889
2091323695
2092346365
2092471695
2092549462
2092583581
2092787360
2092792425
2092968923
2093145133
2093203341
2093325416
2093720339
2094102083
2094261283
2094516589
2094582069
2094773921
2094818177
2095133256
2095293925
2095351784
2095356963
2095570005
2095632556
2096183523
2096237300
2096604447
2096967832
2096976116
2097137908
2097159088
2097452783
2097973271
2098060150
2098112565
2098483119
2098527500
2098733283
2098901090
2099283732
2099763393
2099794027
2100134786
2100181535
2100235710
2100269171
2100702013
2100716977
2100918393
2100954651
2101156116
2101235822
2101307922
2101756091
2101980978
2102293372
2102614972
2102713229
2103314050
2103731743
2104130523
2104665194
2105023201
2105091020
2105134237
2105607671
2105697280
2105788145
2105818810
2105948488
2105994799
2106082654
2106345636
2106387603
2106424589
2106459898
2106540651
2107077480
2107468337
2108226582
2108982763
2109074196
2109514103
2109687006
2109900382
2110178914
2110531369
2110896498
2111187192
2111448929
2111598036
2111841192
2112254304
2112285589
2112638944
2112995698
2113048602
2113166599
2113302058
2113306448
2113384853
2113429956
2113469198
2113778281
2113848462
2113884105
2114156361
2114353192
2114495935
2114562273
2114759876
2115071052
2115661869
2115684698
2115741777
2115881573
2115983941
2115989005
2116148181
2116361902
2116394384
2116430650
2116447124
2116646504
2116773947
2116972943
2117153671
2117619338
2117745745
2117751701
2117757235
2117801169
2117820036
2117849229
2118110761
2118131245
2118188331
2118686463
2118753363
2118852009
2119007342
2119312052
2119355833
2119526824
2119582982
2119612894
2120255565
2120494661
2120637055
2120803149
2120832847
2121109386
2121207712
2121403843
2121443717
2121915750
2122184715
2122279028
2122902419
2123391586
2123446419
2124164794
2124282414
2124403857
2124527309
2124767340
2125138144
2125231920
2125251350
2125883573
2126219915
2126356873
2126663380
2126778665
2126813791
2127030209
2127185484
2127203333
2127300852
2127341096
2127474977
2127793790
2127880258
2128124806
2128757160
2128857143
2129030319
2129349771
2129404081
2130345923
2130346884
2130620778
2130696550
2130958208
2130971221
2131037263
2131068289
2131088373
2131376704
2131514059
2131698544
2132005878
2132193875
2132211126
2132294457
2132706198
2132881132
2132887498
2133082554
2133271188
2133601843
2133626374
2133713146
2134000452
2134064278
2134216073
2134494765
2134549428
2134706568
2134724604
2134927494
2135432290
2135481082
2135714560
2135770855
2135858273
2135886733
2136005891
2136010723
2136231889
2136527642
2136615682
2137232017
2137477319
2138105874
2138122283
2138234884
2138482853
2138932407
2139534609
2139819823
2139895418
2139938916
2139997901
2140146085
2140332566
2140612285
2140854009
2140884829
2140941429
2141921357
2141992667
2142037302
2142358173
2142475666
2142597671
2143839366
2143882806
2144235907
2144335442
2144699967
2144976957
2145105389
2145863662
2145981612
2146630888
2146783062
2147352646
