10000
63887
91465
1032732
1219933
1444411
1861848
1969066
2002807
3260580
3707934
3822485
3928386
4277077
4320278
4409839
4493977
4681716
4958677
5006595
5355430
5450524
5968352
6092794
6394557
6520487
6928161
7260865
7766546
8170419
8242765
8670357
8875892
8910241
9002763
9061643
9061862
9490152
9499527
9746854
9816969
9876736
9902407
9918328
9954787
10099329
10222281
10393347
10791944
10946102
10966060
11102714
11143013
11154137
11163056
11170339
11216777
11410897
11499837
11568047
12195571
12264891
12377980
12572459
12700192
13074396
13500859
13513700
13568517
13605735
13711650
13867737
14073647
14576993
14833361
14838431
14971850
15523179
15675905
15763989
15879258
15939440
16327656
16418753
16686875
16857033
17249669
17400920
17437284
17630418
18125281
18382002
18465492
18851860
18904162
19168939
19590938
19831672
19938456
19955792
20118648
20189491
20249755
20371313
20413948
20629814
20648347
20744082
20930730
21145690
21688146
22056251
22300957
22506570
22592027
22611146
22833644
22884288
23224616
23260196
23261700
23552001
23908383
24020581
24039701
24391212
24496719
24905260
25079299
25407242
25617783
25696615
26082263
26256205
26264500
26523490
26637565
26749937
26835689
26928107
26934489
26945472
27807149
27807310
29163957
29193641
29196494
29293804
29724611
29739907
29847993
29955497
30866883
30972347
31236952
31858882
32001008
32421885
32667388
32719570
33384625
33518432
33580068
33999202
34032066
34192123
34417460
34890861
35256681
35649210
35728712
35885945
36110061
36232313
36232816
36499493
36917334
37119198
37539289
37653699
37750475
37756362
38720420
38821528
38821921
39228314
40020129
40695624
40705610
40727915
40781082
40808431
40834989
40907004
41101315
41406451
41825390
42391317
42392940
42599909
42985828
43130616
43418728
43467949
43597802
43723368
43766757
43983597
44014973
44187758
44247965
44304943
44871194
44968433
45477406
45529427
45558540
46020314
46205239
46219778
46616931
46708041
46907795
46976727
47033157
47109540
47284858
47384569
47430161
47720541
47973431
48778517
48781803
49097226
49288125
49440850
49501694
49647870
49691103
50213259
50309242
50500920
51060870
51369118
51374206
51799999
52522268
52567333
52589558
52978177
52982622
53025684
53176212
53211742
53256950
53352820
53378110
53718110
53725547
53742418
53922052
54197587
54553900
54783686
55035293
55230219
55412438
55547741
55587912
55706679
56187733
56390735
56862318
56946007
57523247
57629938
57676044
57686068
58082995
58185032
58340919
58439335
58591376
59430598
59682274
60114029
60413326
60715744
61249510
61581621
62175649
62644172
62837424
62882491
62972376
63050647
63211585
63329707
63428564
63700986
63941722
63951342
64048048
64216060
64293134
64574281
64863846
65053926
65071403
65411514
65556024
65927088
65978673
66108058
66200191
66723824
66726679
67102561
67387715
67620195
67808276
67835349
67842391
67925647
67940090
67965156
68187543
68365155
68879536
69176064
69234268
69405774
70394877
70412422
70426376
70473523
70740324
71598928
72134392
72224268
72318216
72428168
72689072
72707402
73688804
74001089
74154065
74535800
74790108
75121648
75228038
75345846
75411030
75759072
76032007
76126571
76747391
76801399
77522632
78716254
79190380
79235471
79275393
79744171
79809813
79853535
79873239
79998566
80444942
80512276
81041677
81222291
82191373
82264500
83325361
83855986
83989305
84153621
84223784
85167100
85195487
85214518
85374199
85496277
85587409
85693072
85821727
85913508
86157130
86772691
86774087
86784911
87049780
87232010
87659854
87698316
87861568
88412755
88958374
89183073
89233742
89269319
89461504
90333641
90346081
90407091
90734930
90975222
91022157
91054071
91284623
91602382
91725880
92162429
92307957
92633027
93109653
93174043
93182478
93397289
93689121
93777005
93944695
94115073
94295130
94528077
94807451
95121053
95126949
95398761
95522037
95592548
95765052
95877721
96451901
96602973
96997548
97123083
97158259
97283042
97388980
97632241
97799475
97839010
97934713
98216656
98282534
98364735
98750637
98808594
98888115
98979805
99744783
99967419
100304767
100637580
100741429
100866977
101033190
101072055
101080162
101454462
101477236
101847570
101990850
102083545
102220350
102370621
102820966
102854669
103613692
103750970
104146392
104194796
104478425
104723043
104792823
105451937
105569376
105679169
105736612
105907074
105923898
105977790
106347893
107202035
109111219
109153838
109214007
109243522
109382956
109698723
109798272
110648294
110758004
111396324
111477222
111591305
111651864
111906689
112204164
112732989
113021830
113301373
113327642
113746728
113909262
113941921
114557121
114829316
114918746
115259461
115454469
115782029
115821820
116122502
116197279
116425848
116512454
116625009
117121368
117122580
117182018
117561649
117658053
118111701
118282153
118459008
118498294
118852170
118970996
119190290
119257958
119411467
119782635
119799665
120094065
120257008
120312478
120332686
120454667
120615022
120644147
120797314
120806003
121050724
121239577
121494629
121751503
121820026
122166637
122307339
122404016
122459039
122472183
122498007
122554687
122938906
122977275
123106326
123670854
123795667
123967844
124113526
124548272
124559028
124699461
124852065
124937521
125108543
125314620
125627857
126170360
126286853
126725556
127070874
127213395
127350959
127786773
128117887
128267464
128484975
128546639
128575248
128935521
129185991
129435097
129490585
129777608
129865222
129883768
130089597
130759469
131197882
131415725
131453530
131489415
131662767
131698892
131872493
131997978
132109145
132232309
132264394
132366295
132530827
132722086
132765420
132803834
132934733
133045758
133082692
133237945
133344509
133399879
133703834
133728545
133838615
133934390
134150968
134268683
134288701
134349422
134878320
135978608
136142416
136176252
136248527
136569531
136683134
136791067
137051377
137255050
137325282
137618822
137622778
137690095
137983083
138271945
138353417
138476031
138544837
138924034
139052320
139867828
139965165
140264721
140421072
140629252
140801412
140911386
140938687
141052913
141443594
141561561
141924500
142050044
142055577
142333646
142393440
142622983
143073427
143152841
143283744
143325939
143360965
143397372
143478781
143560847
143880005
143899410
144055518
144219180
144351874
144913916
144922411
144985176
144986979
145022507
145720211
146211076
146316396
146515814
147014262
147072882
147182520
147232123
147242196
147538873
147655213
147783316
147970385
148043225
148337446
148576465
148876569
149050181
149568630
149632331
149759607
149919010
150142943
150406230
150583743
150597052
150727756
150983605
151096717
151392345
151478637
151551880
151890724
152071354
152204520
152399806
152798505
153079034
153149619
153848030
154290141
154529634
154924111
154937054
154957808
155168751
155328899
155718277
155881876
155916677
155954145
156045758
156074429
156096571
156692067
157123405
157288922
157469227
157524656
157629023
158042268
158111901
158213997
158255084
158317353
158477209
158703484
158996565
159163864
159573410
159681935
159724746
160097265
160118895
160196222
160472539
160633398
161007870
161238375
161448064
161533381
161686537
161887480
162098879
162152400
162543356
162608628
162787897
163058923
163156005
163169668
163770338
164065242
165295955
165778716
166014051
166028498
166298172
166319741
166379243
166390203
166643012
166681586
166718568
167570037
167741779
167807133
167878055
167948435
167955915
168181786
168531648
168687973
169100680
169322385
169866879
170005136
170195841
170539238
170751051
170854498
171052945
171184547
171348383
171657196
172036115
172093271
172452459
172468169
173378646
173650525
173806792
174071759
174123441
174284675
174591747
175135256
175637167
175830842
176114952
176779364
176826532
177073451
177828249
177837584
178129435
178167365
178603516
179827822
179837531
180105226
180182445
180416032
180764643
181331625
181800748
181805740
182010179
182152120
182356752
182647408
182798896
183188907
183201521
183309826
183710759
183813407
184477054
184726252
185041496
185084953
185349520
185474925
185540072
185832567
185962446
186239180
186352033
186361269
186367252
186561632
186668226
186785408
187120049
187165470
187390463
187656496
187719872
188101092
188105139
188191804
188292004
188447459
188558192
189143312
189273144
189513111
189889149
189893566
189903696
189940514
190000502
190116667
190287473
190491610
190685959
190896660
191526277
191569136
191628756
191837509
192059623
192102393
192720438
193067410
193080949
193159348
193171857
193179857
193490897
193566928
193963866
194310424
194312612
194337938
194644849
194655426
194856414
195071445
195287248
195316309
195540904
195704903
195915828
195968073
196146638
196410191
196674753
196887585
197477442
197670175
197755402
198024133
198587387
198647729
199078549
199085546
199510349
199669134
199773383
199829770
199980044
200338155
200348504
200663219
201270000
201336647
201705883
202028757
202118916
202169314
202222081
202691672
202736322
202799472
203037694
203114019
203263087
203864606
203944661
204326237
204488581
205163505
205650713
206347276
206587238
206590897
207020015
207647676
207658727
207812762
208191210
208230870
208700727
209012513
209021942
209151636
209357119
209674689
209743257
210010162
210160730
210386411
210478101
210764107
211173345
211368087
211563474
211792827
212020675
212028839
212448705
212577623
212678338
212798753
213125263
213231740
213736630
213775945
213799998
213870681
213918311
214082152
214143454
214216712
214535091
214726423
214858173
215081206
215248473
215299443
215392268
215526443
215531334
215553645
215657113
215878103
216351772
216480796
216599958
216633768
216821674
217333696
217709796
217847667
217988102
218012217
218069528
218185021
218488770
218561199
218776610
219000168
219073439
219364204
219385501
219411139
219417722
219458326
219843390
220070169
220801074
221205977
221302638
221619769
221747314
221804988
222272426
222346054
222366208
222517962
222899330
223025830
223573037
223619849
223808602
224326489
224601362
224647362
224761648
225144851
226227561
226724081
226810821
226818067
227620809
227644311
228327238
229028572
229094523
229096971
229143957
229439731
229471841
229502626
229547099
229642013
230093924
230197528
230838776
230983703
231169454
231347328
231370880
231556594
232051529
232309958
232329474
232413745
232527330
232721715
232857666
233316479
234025548
234482007
234705797
234743090
234924853
235125178
235249473
235331528
235698786
236587452
236723954
236876514
236965884
237060065
237438002
237514702
237802433
238065156
238124799
238484245
238869377
238893257
238913538
238918478
239899449
239910781
239978521
240679216
240693088
240834113
240842081
241147541
242027589
242172900
242278472
242341654
242398656
242563184
242775068
243361410
243494471
243554048
244012914
244018066
244215449
244415909
244456914
244691834
244725835
244806307
244922970
245006166
245065989
245610179
245645077
245656968
245874475
246331511
246726834
246795476
246930822
247028449
247103956
247413417
247833288
248006459
248016467
248045174
248344848
248490166
248722795
248746769
249013094
249355480
250075260
250095478
250158697
250407935
250555872
250569076
250935164
250980664
251254665
251389065
251587506
251741914
252168926
252399968
252543648
252744069
253044184
254157185
254437046
254661831
255021936
255473481
255949258
256325147
256556296
257050104
257109466
257463605
257681387
257690333
257878344
257982013
258004442
258286423
258308546
258532542
258567302
258684988
258854405
258921953
259275343
259532935
260200572
260386370
260813457
261513170
261614838
261856665
261881709
262129197
262278237
262458788
262519510
262866059
263335786
263771437
264052662
264075310
264077140
264117979
264389898
264469918
264528056
264912436
265248107
265359529
265409169
265500076
265610265
265685502
265822196
265888320
266289947
266411408
266471436
267323553
268170368
268324155
268652283
268699134
268855673
268996919
269081090
269373089
269651645
269806948
270075353
270267631
270305963
270413968
270870207
271058986
271269418
271400618
271522456
271844533
271949105
272055644
272388410
272580899
272949900
273005158
273724122
273976231
274122305
274293592
274690277
274821339
274932817
275965432
275988553
276652251
276735920
276777834
276884464
276903301
277125564
277766428
278199755
278202353
278538777
278668460
278707831
278816552
279065919
279445868
279469930
279525444
279540688
279697418
279835169
280022563
280117820
280134319
280665743
280787538
281280783
281306755
281958548
282052157
282159246
282344715
282364286
282568174
283171577
283405958
283424658
284118301
284133663
284787503
284815714
284844419
284852924
285666003
285681519
286044264
286268827
286370380
287064560
287079023
287192833
287219093
287273988
287375815
287434705
287460541
287470203
287691577
287991627
288103116
288329528
288524844
288575404
288966440
289286537
289376892
289385490
289547319
289646547
289788198
290052439
290118086
290134898
290541971
291558450
291612419
291635253
291830133
292348968
293148046
293206726
293526172
294003425
294026773
294137730
294168943
294210684
294425588
294639350
294661510
294669459
294728885
294761875
294819250
294936448
295393839
295915154
295948358
296319762
296459470
296465854
296551728
296556873
296563800
296951768
297153587
298303950
298529765
298620663
298760093
299209771
299418160
299681962
300243196
300435681
300642299
300825776
300890648
301056549
301250505
301355829
301645699
301704686
301739198
301795516
301898977
302173868
303696536
304592604
304653311
304760508
304942202
305333255
305470667
305636316
306535543
307016716
307036857
307074760
307318886
307855354
308025179
308081631
308308133
308340450
308957203
308984031
308986733
309022328
309324392
309433960
309460653
309802480
309837839
310751970
311233575
311236530
312055301
312201816
312549827
312685837
312838949
313414636
313451541
313559633
314122255
314138305
314381240
314776440
315374863
315570111
315719346
315750411
315980692
316133920
316172886
316269803
316279865
316442868
316586825
316589410
317132539
317157477
317164158
317273224
317687956
317776137
317894888
318007098
318158667
318598315
318758310
318868118
319202036
319215015
319248357
319912875
320002282
320615536
320859498
321136184
321552385
321710233
321726300
321729998
321802936
321892554
321961771
322427008
322473823
322495483
322797140
323117382
323135834
323376605
324024073
324309297
324314245
324424210
324445630
325116841
325364397
325678981
325774143
325977403
325981216
326382973
327402678
327523596
327795620
327825357
327867011
328096274
328527184
329130545
329170208
329516442
329756961
329790713
329796471
330700561
330718625
331564138
331618106
331781703
331797187
331851413
331985557
332031864
332054427
332124562
332327576
332530452
332859310
332862372
333048948
333346882
333552484
333779751
333896874
333958845
334021991
334072132
334392377
334556606
334751768
334794748
335151057
335381408
335660491
336204301
336218165
336550719
336578938
336716695
336909014
336961493
337063234
337491849
337524647
337568581
338377524
338381952
338531772
338533467
338613819
338747421
338932915
339374888
339710982
339733703
340083179
340384819
341401552
341421728
341820804
342245477
342257068
342395274
342583590
342912153
343092854
343165293
343245945
343511927
343644740
344112691
344738965
344912232
345054976
345203759
345338649
345376935
345550830
346627338
346960788
347047526
347066817
347661963
347873310
348006002
348179749
348374069
348598906
348735995
348902636
349474049
349532489
349652000
349925835
349931822
350144661
350206206
350224396
350285489
350747690
351751284
351789426
351803299
351867239
351926801
351960693
352223631
352315098
352549214
352629376
352690132
352698534
352811733
352852079
353010535
354261466
354822600
355066226
355267976
355477256
355478329
355505832
355621726
355690264
355761545
355794198
356183215
356604546
356825407
356837524
357637574
357639803
358050843
358232354
358257100
358323618
358682643
358897312
359035310
359103963
359154569
359236968
359543248
359575314
359624892
359643868
359866992
360634964
360772740
360873264
361332365
361850535
361941529
362159870
362200476
362286302
362398049
362431052
362522685
363045019
363579667
363589775
363690708
363900633
364380982
364528093
364569846
364834579
364960207
365215048
365271618
365304939
365494551
365629799
365713135
365770407
366784524
366859281
366998332
367592676
367738676
367849317
367967215
368202168
368540861
368706203
369050334
369073048
369103032
369242932
369513665
369734112
370389093
370918019
370937282
370995559
371084424
371093123
371205600
371237067
371365086
371630899
372303866
372328628
372501763
372589544
372681652
372770188
372970974
373508165
373763675
373833407
373840519
373867630
373970017
374552667
374775067
374803213
375145059
375352234
376173905
376219630
376497167
376578804
376604407
376832039
377257539
377302738
377618190
377949312
378133956
378266644
378392275
378597892
378652481
378847199
378963791
379373754
379725154
379748520
379769855
380218663
380335057
380382380
380714880
381121082
381407462
381653926
381727119
381842547
382014197
382255432
382653984
382938270
383083994
383163952
383526400
383555500
384497670
384918326
385534381
386292468
386858872
386934581
387207916
387677682
387868647
387956683
388889969
388978407
389288429
389337820
389460912
389537266
389552194
389905058
389917473
390049289
390519566
390663784
390800192
391003724
391233060
391662211
391754357
392083068
392604548
392684996
393034443
393140904
393302354
393360378
393709766
393774366
393903605
393991780
394242793
394397628
394482586
394500597
394529391
394671758
395023572
395096305
395385004
395427999
395434710
395774552
396059294
396314497
396879673
396916446
397236106
397237698
397321828
397452349
397612419
397747059
397802420
398281431
398536005
398820015
398858624
398946312
398985412
399164460
399209152
399292977
399344237
399406377
399415363
399495546
399861525
399878925
400063144
400075964
400187703
400301487
400431031
400598690
400825949
400947515
401449938
401744960
401836887
403204878
403420617
404202957
404246578
404534947
404587857
404866875
404976841
405205839
405439055
405460835
405918016
406068164
406430455
406437748
406520890
406613035
407083814
407133264
407182886
407401026
407447254
407650224
407739874
407854174
407992728
408182392
408655581
409143639
409172065
409778667
409807258
409813732
409887338
409934944
409941660
410166763
410376462
410606063
411678020
411745064
411844232
412129293
412154752
412334969
412359160
412403971
412453225
412851778
413468901
413478547
414407044
414933204
414953105
415052311
415534867
415697939
415891980
416024852
416046506
416315297
416322408
416506971
416515564
416813657
416827751
417035962
417098714
417175737
417462745
417501938
417509892
417724306
417736499
418005795
418033584
418658935
418968955
419495813
419565665
419681991
419888956
419991481
420010743
420229802
420235346
420339379
420588004
420611491
420628169
420655367
420759471
420834841
420906615
421033687
421574163
421828289
421886291
421998292
422253473
422602086
422732652
422834415
422897222
423073451
423281369
423330471
423776724
423852452
423910571
424215858
424495708
424683223
424714803
424823695
425319136
425674622
425714282
425793359
425864001
425936796
426373041
426745238
427371509
427572550
427684061
427810804
428108730
428290537
428376023
428843139
428941845
428985923
429033550
429102504
429596410
429668762
429700692
429776375
430796250
430804555
430851534
431561883
431592621
431678144
431771195
432001723
432345220
432417407
432582669
432590364
432599978
433498771
433730623
433747309
433958531
434297141
434456816
434585739
434742785
434885748
435121231
435395575
435398370
435587896
435588292
435842998
436380782
436545529
436609099
436760911
437165734
437418046
437645185
437728126
437774972
438117647
438375971
438564354
438824618
438841587
438919110
439072835
439434610
439694153
440070777
440117449
440301887
440613911
440705121
440815348
441419169
441785465
442527081
442576842
442663831
442807799
443644684
443763564
444117776
444158848
444223372
444285406
444444873
444559849
444791525
444836704
445008680
445394598
445452787
445665239
446042471
446117094
446122472
446507201
446637620
446670307
446678217
446857454
446867013
446880913
446947170
447097268
447223394
447317957
447535029
447585760
447591531
447749260
447783657
448095845
448540409
449008436
449172287
449184290
449427049
450287004
450503513
450520238
451345470
451806182
451971996
452068048
452148966
452251981
452716709
452793737
452801823
453339387
453434981
453465217
453881636
454204873
454587206
454741949
454783852
454838871
454937336
455059738
455226360
455823560
455975109
456144698
456493551
456691591
456968221
457031769
457198301
457555069
457642625
457811307
458044447
458075704
458325297
459065169
459144634
459371903
459405921
459429467
460117627
460281448
460420535
460883652
461336206
461493788
461624200
461711263
461736334
461828796
461866209
462245602
462312258
462487695
462619623
462729678
462772439
462876989
463241381
463583200
463608071
463800956
463893729
464221208
464547123
464917628
465358811
465838433
466284525
466398838
466479281
466556758
467269802
467279741
467367653
467991511
468009973
468438640
468724152
468865613
468965597
469202546
469270517
469344070
469465583
469598640
469691776
469738627
469767552
469777343
469906422
469908724
470355989
470775177
471006339
471104267
471538260
472215657
472362548
472653969
472984445
473201684
473355845
473515041
473667075
473831220
474357456
474485907
474897761
475054397
475266889
475586184
475589567
476088837
476346466
476455066
476554599
476797192
476918051
477167327
477191277
477452985
477460199
477594880
477658163
477750915
477960352
477970108
478333048
478506116
478540838
479056754
479281059
479641520
479876920
480051747
480085057
480582180
480737396
480794680
480811469
481040053
481287438
481327956
481458878
481479487
481643357
481763975
482363856
482759699
483092387
483124145
483152914
483455348
483899277
484105356
484439586
484782979
485079310
485529009
485897837
486137165
486297426
486626896
486693143
486763257
487012970
487021566
487764270
487868503
487933940
488336976
488423407
488523557
488710897
488856648
489011609
489347855
489548844
489623953
489929431
490010515
490435577
490612344
491169143
491313309
491891511
492047595
492454128
492914914
492997456
493010431
493435134
493475218
493518931
493903542
494125379
494446300
494481443
494913723
495051431
495132599
495148554
495468013
495531645
495810614
495937264
495980609
496031824
496405890
496420736
496517592
496586464
496670345
496685043
496889746
497293617
497626105
497777874
497812204
497958469
498544896
498870772
499221885
500117069
500534172
500949705
501812536
501823664
502273699
502468931
502515432
502544818
502631150
502717741
503433577
503800107
503897445
504011771
504161819
504220974
504537181
504688557
505145729
505283896
505582591
505621327
505652248
505658498
505707313
505738506
506169493
506351246
506382127
506513859
506709049
506791427
506927080
507156846
507314071
507451307
507482104
507952233
508229461
508314978
508467082
508769798
508912554
509194607
509264663
509280844
509324885
509640652
509680626
510012026
510192087
510627883
510785492
511092622
511142291
511187466
511276557
511464606
511504727
511962187
512252049
512639564
512647921
512909348
512961340
513241475
513456322
513493370
513693765
513693818
514308186
514403614
515437388
515437937
515872452
515998575
516187602
516437035
516562343
516832898
517188592
517236292
517508739
517668271
518074281
518364716
518451933
518929432
519447649
519653849
519747573
519822349
519938519
520072445
520346839
520394994
520830936
520904671
521029441
521271404
521327876
521564190
521786796
521813192
521934501
522011785
522052618
522113809
522811535
522955849
522974943
523134768
523408461
523534596
523666742
523812218
524138265
524370231
524419886
524542296
524897784
525124667
525293754
525464389
525660875
525713295
525931744
526155225
526193387
526512744
526734858
527347583
527905428
528131794
528140642
528236243
528352765
528914349
529031895
529412653
529756637
530372298
530768698
530782670
531130368
532182809
532199780
532282520
532336126
532420946
532647242
532810837
532813659
533001331
533223105
533325385
533395123
533581453
534032028
534092176
534134379
534470299
534834343
535268335
535593029
535805765
535882125
535936065
535981944
536166228
536197252
536212170
536326981
536922717
537264004
537268093
537289893
537526271
537552256
537665069
537720424
537891773
537986085
538684280
538781316
539013160
539108838
539245664
539493602
539649157
539881826
540091803
540565701
540621083
540750866
540877241
540947997
541233739
541374338
541467312
541674108
542350032
542683606
542726240
543023551
543430124
543530063
543614440
543633972
543742308
543962040
544023813
544251955
544546003
544750400
544940538
545022467
545877166
545882600
545974031
546144674
546166568
546180035
546401761
546666014
547009195
547188495
547250482
547394594
547412692
547443872
547504971
547615499
547648041
547681482
547838698
547959889
548017916
548064509
548098707
548179488
548247218
548356195
548663079
548879291
549072762
549077923
549156753
549324988
549330684
549466361
549610325
549874445
549876245
549969326
550064637
550065506
550126393
550482159
550707721
551234749
551860204
551893064
551913459
551935457
552070586
552589682
552858051
553197640
553331710
553333216
554024690
554063261
554074724
554413627
554726231
554861814
555327078
555367721
555475063
555577760
555681442
556184414
556462505
556493609
556647918
556822207
557152358
557292177
557293901
557445288
557632599
557938878
557939179
557994244
558160963
558251108
558525441
558643099
558731898
559166186
559226303
559298648
559757972
559888937
559945184
559954701
560106445
560245279
560320387
560345744
561035989
561183244
561653576
561768317
561955757
562103343
562208973
562765018
563337239
564026078
564234762
564277302
564333161
564581677
564984081
564995622
565478425
565565613
565630253
565736400
565799617
565840310
566022052
566062773
566087485
566433453
566614976
566927887
567209354
567378113
567661673
568010824
568073316
568233247
568393154
568403390
568909129
569216435
569277296
569481380
569539166
569614303
569887350
569898129
569960030
570603589
571187462
571294110
571353089
571474919
571630996
571992113
572224754
573004080
573636491
573820877
574615163
574683438
574745806
575060806
576272725
576528748
576564305
576630948
576664552
576858875
576975286
577071061
577235327
577274478
577382669
577779460
577882852
578024013
578057078
578154398
578685306
578748107
578786571
579014529
579188722
579209688
579388282
579411887
579641235
579772418
580007644
580043673
580138197
580318119
580479096
580494069
580698794
580731635
580927472
581305024
581474481
582079120
582091904
582309400
582807549
582827709
582865963
583564002
583807659
584029506
584148760
584551289
584790741
584837607
584845944
585085277
585109669
585218700
585421730
585533213
585674661
586066269
586351493
586473360
586513883
586570754
586963348
586963763
587193963
587396850
587436334
587623064
587695985
587830641
588122334
588942002
589058207
589200548
589553124
589601673
589622759
590075563
590553648
590647691
590876953
590973232
591017681
591284442
591587078
592095717
592243867
592726471
592971381
593154103
593217999
593596631
593696400
593760847
594055325
594279633
594728627
595059270
595140494
595188950
595350828
595635508
595730164
595757944
595892583
595939715
596080950
596335816
596545977
596653510
596720688
596755889
598128352
598669171
598803591
599065761
599512999
600160937
600291146
600312846
600512811
600626973
600943768
601583140
601728664
601906027
602379096
602537509
602604759
602785688
602873608
602910337
602938359
602964489
603227271
603453317
603840341
604237206
604883405
604891361
605358440
605452478
605482308
605857074
606475537
607195349
607491808
607495574
607508148
607621028
607776121
608585393
608771026
608955221
609022232
609247235
609260616
609805358
610328070
610462217
610729769
610814541
611151862
611258760
611368892
612118962
612135223
612642340
612648272
612709231
613570791
614011013
614097905
614119567
614469999
614551412
614941259
615446684
615764800
616058878
616910452
617363330
617413667
617425495
617583598
617586508
617592707
617655353
617667411
617718090
617991683
618003829
618152530
618197079
618343952
618821807
618838373
619076852
619427691
619569627
619745567
619745809
619956235
620124734
620201212
620368579
620690822
620785974
621103267
621156172
621176936
621464150
621470333
621481662
621907343
622108696
622246252
622454374
622497080
622498057
622722207
622738183
622763989
623545767
623632372
623740657
623999216
624105048
624182437
624199178
624512429
624703229
624947469
625760169
626005112
626316871
626474641
627031951
627201168
627262712
627598597
628192458
628326373
628825027
628891781
629059176
629125274
629316337
629337271
629347144
629401144
629603667
629789092
629826468
629968141
630128445
630213730
630374759
630441942
630774650
630990307
631095385
631193959
631368060
631604283
631719583
631757110
631877774
632104818
632107746
632379456
632520387
632614444
632683138
632914065
633005185
633140653
633203262
633326624
633511428
633638863
633920481
634218055
634359086
634441522
634684797
634693385
634806669
635215557
635596531
635620848
635745416
635870812
636138356
636220862
636277689
637504011
638177570
638308143
638392310
638639480
638977740
638989738
639024237
639073631
639336776
639397494
639799063
640334959
640399842
640459198
640841336
641081766
641594108
641911031
641928886
642297631
642697505
642854613
643033180
643051624
643130999
643151606
643227560
643339921
643378145
643440655
643714556
645012516
645132360
645134220
645361668
645472084
645490672
645640006
645686423
645816861
645842421
646248074
646938366
647839564
647954914
648289303
648295584
648663737
648669958
649705257
649870930
649932157
650065261
650104529
650105037
650677917
650798760
651395788
651638733
651699741
651936768
652082913
652143322
652540322
652650972
652835669
652855776
652866986
652912469
653094423
653102870
653303145
653356763
653542621
653968836
654226153
654311378
654478200
654500912
654880422
654892402
655002612
655043168
655313637
655428960
655826831
655893224
655898770
656033903
656436839
656632991
656811139
657250850
657340526
657644934
657755785
657797398
657804407
658589805
659009855
659260073
659782600
661092671
661095941
661169882
661231879
661360687
661454433
661535028
662073843
662096856
662478903
662633709
663029916
663376102
664363426
664696032
664703761
664747525
665124357
665154562
665224331
665243879
665279531
665290058
665323314
665474735
665544194
665842065
665858616
666150134
666445427
667254271
668042004
668094341
668142269
668240871
668621864
668656722
669021767
669186225
669203904
669422932
669612913
669780791
669892335
670246044
670789018
671045470
671223951
671442623
671771210
671956509
672165035
672216102
672608687
672795965
673023743
673290388
673565257
673870381
674070284
674613147
674674538
675125341
675872979
676035160
676244067
676255287
676494823
676527223
676659277
676863250
677371351
678478939
678721377
678827956
679676669
680149006
680257136
680685455
680849164
680879117
681303332
682838672
683007749
683312891
683348144
683581433
683603863
683779153
684022553
684095301
684147852
684298173
684569850
684770860
685842875
685872343
686398648
686865163
686980858
686997668
687103257
687478041
687594045
687822713
687853501
688111251
688327580
688340146
689133990
689282907
689369561
689372744
689400056
689926467
690017877
690122016
690133506
690251963
690703978
690997846
691007314
691077946
691119092
691283031
691299180
691361612
691375401
691718690
691724211
691833273
692433057
692459398
692997216
693652990
693674306
694004348
694491767
694799349
695068869
695229844
695279163
695824754
695885157
695902713
696036351
696036896
696283197
696492261
696502951
697455485
697757198
697878900
698270853
698828772
698889746
699089324
699541042
699620787
700403154
700411747
700569518
700642483
700726702
700959627
701167636
701359502
701384483
701615678
702025236
702513590
702559042
702867917
702897907
703056279
703343078
703544050
703581035
703602198
704049017
704137849
704797317
705573963
705608591
705715885
705848503
705862830
705864856
706199605
706258434
706389445
706617213
707157710
707158583
707286002
707323684
707528265
708183645
708216879
708343639
708926578
709264607
709637889
709667265
710011789
710038880
711380348
712027638
712191614
712663994
712722142
712739235
713228276
713234945
713772699
714225838
714365973
714601804
715232085
715383870
715425399
715649824
715858320
715984395
716386001
716391937
716576990
716745430
716948712
717240839
717982502
718062529
718258462
718369672
718934118
718955310
719430284
719444903
719579022
719728164
719812984
719815807
720167219
720940477
720989621
721070534
721216330
721359875
721518035
721726326
721901892
722584746
722682544
722816861
723097664
723291521
723498435
723511848
723636340
724282773
724701023
724805375
724915122
725245698
725404480
725440189
725799901
725822088
726017455
726349161
726422405
726450232
726806171
727019655
727173294
727220123
727448029
727475039
727643687
727704753
727747725
728070723
728392162
728571428
728790996
729142222
729190955
729471539
729695535
729740289
729815540
729844494
729990435
731623072
731709650
732061028
732613174
732650150
732798908
732837170
733156094
733254763
733306610
733325045
734050022
735156889
735379766
735383496
735918278
736118966
736709920
736872964
736887590
737233703
738261598
738669206
738700644
739039098
739231261
739643806
739646213
740208570
740214027
740241967
740363307
740463111
740506730
740567774
740643689
740651604
740731625
740939680
741492926
741587045
741836976
741882893
742023730
742074779
742323657
742430468
742542352
743452361
743575857
743639834
743832855
743844691
743868332
744167202
744328535
744381701
744534579
744839722
744894101
744973603
745026659
745154770
745426181
745550583
745927559
746082866
746383103
746479249
746626929
746664195
746814774
746872474
747079513
747221680
747266354
747299337
747415705
747743903
748208889
748478800
748480673
748734040
748774055
748887374
749692253
749723842
749941163
749943938
750213150
750224440
750766180
750790737
751090110
751223750
751347653
751676782
751688968
751709055
752048779
752164119
752400157
752404337
752464460
752596814
752641716
752780659
752916877
753206727
753515667
753834892
753927197
754051472
754183131
754339526
754397261
754453370
754537880
754726281
754969410
755078350
755097705
755513679
755860834
755950687
756029585
756289899
756378513
757732330
757805839
757865820
758081782
758308714
758632042
759020734
759054971
759297490
759815752
760161144
760292234
760408366
761073354
761404795
761450566
761577244
761742755
762094721
762192214
762400691
762412556
762503021
762540325
762811022
763030237
763126778
763163514
763469894
763571921
763767273
763780192
764384434
764479297
764751904
764872789
764940064
765222548
765499819
765637312
766190593
766385386
766455312
766642237
766875775
766972864
767062731
767202002
767555592
768108955
768379348
768937781
769223516
769363293
769743094
769813090
769899534
769972001
770097300
770335584
770343700
770641685
771117659
771288088
771623015
771650611
771954362
772021831
772404416
772517804
772764555
772814217
772872366
772927213
773092568
773097989
773227364
773641532
773723819
774296091
774556490
774571590
774652195
774654394
774676195
774801864
774952686
775098692
775330326
775703367
775771434
775861244
776009330
776251762
776429351
776451503
776482705
776740213
776873827
776884621
777040456
777252912
777446388
778514386
778645783
779075727
779233841
779418081
779471227
780157649
780231589
780245655
780346964
780408475
780427486
780471707
780581817
780609527
780958098
781108544
781137699
781184346
781330532
782009620
782147755
782695526
782758706
782772474
782786925
783327015
783541970
783564698
783786566
784009079
784086387
784367315
784385198
784538300
784601577
784698445
784853409
784993112
785557497
785828237
785845300
786005185
786223335
786346183
786438087
786556066
786717882
786788496
787041243
787396431
787498683
787507871
787621581
787709302
787935252
788171023
788268615
788323530
788441290
788677878
789133916
789145317
789539699
789728967
789774762
789883413
790019129
790020180
790320382
790328116
790534102
790848732
790883792
791162411
791187791
791790660
792355118
792890372
792895477
793161088
793184168
793323725
793531863
793743669
793861731
794137406
794232277
794331925
794390977
794625384
794804953
795154047
795374602
795510188
795593923
795764650
795845114
796133796
797059553
797063817
797101241
797696951
797917047
798069503
798448547
798569587
798753614
799229755
799301031
799456630
799547871
799602616
799787335
799933677
800077214
800096105
800253729
800269562
800279549
800322380
801325953
801519727
801747696
801900489
802178482
802248309
802279323
802296355
802694889
802727936
802844580
802860006
802966707
803204572
803305146
803416067
803469448
804077303
804187354
805012519
805304007
805581625
805713142
805991067
806299676
806709219
806873325
807024977
807127309
807315462
807638389
807677734
807686430
808039180
808379957
808522333
809222735
809242719
809274385
809524040
809525005
809674890
809819246
810087932
810212954
810429399
810698536
810872524
810914924
811084186
811179653
811262988
811687458
811970372
812215256
812231063
812286255
812773708
813284983
813907806
814419791
814804908
814822772
814829584
815147214
815155364
815996508
816157895
816158843
816515832
816598077
816885377
817164519
817345600
817413307
817515280
817631778
818020946
818464869
818631417
819082324
819177488
819658710
819934524
820047826
820048638
820263908
820373127
820501429
820633218
820817903
820924134
820936113
821031110
821061407
821237816
821361929
821458978
821603509
821730889
821761737
821814193
821823795
821904374
821926462
822134020
822566411
822588964
822732798
822929045
823174323
823581389
824235831
824464039
824750092
824996158
825089598
825664685
825814546
825834268
825892555
826244417
826334109
826988859
827090438
827120052
827131348
827246995
827287733
827557819
828183655
828524271
828946092
829291608
829349598
829504316
829550142
829682890
830142221
830208968
830283673
830429268
830912794
831156753
831176045
831499730
831592268
831987006
832193669
832366730
832442007
832629713
832745400
832759741
832888781
833001936
833037497
833038492
833051394
833167805
833529309
833537090
834682260
834738503
835290365
835317008
835372217
835532332
835916034
836055894
836056424
836140343
836330162
836776401
836780370
836789045
836921818
836968360
837539372
837781139
837889293
837927173
839010073
839126979
839176646
839282030
839388406
839449238
839589479
839645243
839711761
839714203
839770117
839838937
841717156
841968887
842009447
842087049
842583339
842724121
842816725
843411383
843564510
844016413
844082563
844211884
845051229
845569052
845922874
845977956
846024433
846090928
846271397
846273820
846317810
846470829
846921395
846965786
847239799
847308125
847810300
847814647
847981287
848258588
848376775
848474879
848624952
848668692
848744406
848910965
848978336
849086853
849182541
849203189
849357209
849450267
849553485
849619094
849640114
849801285
849984631
850100191
850182885
850748257
851089161
851406398
851408862
851439579
851491482
851683326
852577993
852835085
853257987
853600175
853895416
854089762
854107803
854120005
854123845
854428248
854571587
854601147
854683233
854705307
855084259
855221520
855284682
855468407
855489134
855689032
855870451
856081679
856319634
856412999
856448810
856484275
856534016
857073880
857260419
857453775
857530505
857656922
857710142
857929846
858108439
858555676
859097776
859222973
859448165
859507198
860148854
860280503
860711536
860953866
861021856
861079500
861127903
861381014
861387005
861736739
862183627
862193625
862384844
862394361
862840111
863000618
863712639
863962975
864240514
864506710
864644699
864838202
865129987
865205741
865538340
865765685
865841113
866262120
866289306
866347120
866989496
867215711
869000566
869640829
869693505
870009534
870038196
870266967
870359138
870449901
870501240
870545415
870842079
870934812
871304742
871545088
872021492
872037055
872113808
872138688
872139780
873177232
873454280
873971290
874173224
874264450
874279439
875498302
875505920
875602042
875724149
875891002
876254226
876354962
876590036
876834024
876895330
877519994
877784672
878329779
878848745
878951529
879403345
879617905
879778390
879937823
879981277
880228944
880352274
880479159
880605950
880810045
880943527
881815980
881859085
882008309
882283852
882387152
882573719
882740344
883117229
883927812
883948717
884263183
884690763
884797308
885012531
885053657
885214529
885253414
885455561
885508486
885580191
885646880
886239021
886575438
886740295
887199355
887324558
887792002
887977592
888024629
888061646
888210537
888615043
889200795
889624745
890001800
890124968
890449705
890591108
890852879
891141830
891243619
891479188
891605271
891714583
891854209
892053406
892608006
892666370
892727592
893038285
893795096
893840115
893897988
893973799
894025542
894085320
894256574
894708731
894852986
894907480
895038714
895143744
895484643
895637081
896248523
897286226
897611157
897869383
898073055
898254852
898510834
898625023
898858052
898875967
899200134
899202196
899292030
899576623
899615158
899702992
899746453
900012868
900241376
900883844
901154906
901403430
902040317
902104818
902159666
902241449
902564711
902850227
902960696
902978708
903058113
903095186
903730903
904652273
904685201
904827406
904873971
904932859
905282988
905435691
905687602
905829894
906190412
906399135
906733030
906743047
906824690
907297283
907521715
907806641
908048557
908167139
908377032
908639505
908749440
908788210
908824171
908921780
909051371
909186145
909387694
909394977
909421591
909596603
909779943
909997519
910123668
910345649
910353268
910362559
910452268
910484507
910800473
910811973
911064640
911224507
911381604
911854600
912231621
912233918
912235430
912935041
913200653
913260346
913353824
913659678
914032013
914155920
914180483
914634658
914645082
915304107
915463305
916036078
916262496
916309346
916457835
917139673
917431250
917694519
917843461
917963657
918212540
918884751
918953701
919098482
920301410
920479383
921527401
921720768
921745729
921935392
921959959
922096641
922245967
922433784
922584431
922629904
922637394
922654474
922673578
922835521
922918603
922970565
923017567
923061205
923086637
923104705
923114588
923145383
923154186
923468015
923517619
923869986
923913119
924295557
924477489
924585721
924870334
925007544
925150693
925690236
925713136
926114086
926350666
926823795
927141921
927222249
927428022
927733147
927877571
928520836
928621758
928766010
928779115
928806893
929037370
929910355
930064801
930351676
930446986
930531466
930577494
930588846
930972501
931223459
931344667
933010625
933480522
933726637
933846690
934078948
934296688
934491331
934501843
934602818
934724813
934836655
935263357
935412372
935517097
935553682
935584033
935704041
935712836
935853050
935891827
935907917
936050698
936059269
936177319
936216995
936595601
936690654
937225820
937341276
937913944
938045126
938066651
938115426
938332563
938850030
938982130
939053753
939119929
939344123
939346987
939716694
939919170
939991389
940050950
940120360
940142467
940158600
940534094
940695715
940720440
940815328
940954507
941012706
941172164
941207790
941439031
941552027
941661563
942264169
942424371
942627800
942632954
942698139
942758116
942769691
942854609
943069475
943521701
943638694
943975817
944049583
944170487
944172953
944492290
944695115
944721684
945308633
946064157
946123328
946300451
946328464
946363645
946690382
946921546
947052079
947259632
947464766
947707233
947972920
948042553
948091392
949821266
949934911
950100622
950208343
950303333
950531027
950542649
950719293
950780311
951021543
951128548
951689130
951736712
951766726
951853731
951857636
952170232
952290417
952320472
952363758
952395845
952647862
953187523
953272145
953435389
953491928
953671244
953860845
953889600
954084777
954188490
954319274
954329859
954471637
954586382
954605078
954869772
954921571
955395536
955570045
955663575
955682071
955875506
956081264
956186879
956375410
956476864
956670916
957314310
957766123
957876715
958176480
958344635
958706765
959124802
959494076
959536591
959892591
959932051
959954616
960017640
960039937
960770954
960933259
961219232
961325909
961373882
961379977
961409276
961546568
961557280
961721654
961772216
962008561
962131419
962235986
962305286
962399988
962458281
963034590
963145268
963371481
963445285
964311694
964462018
964534358
964910860
965079088
965110046
965441819
965466852
965873571
965925042
966089090
966484193
966639984
966707717
967327272
967559328
968420188
968817349
969001869
969125019
969334469
969407388
969607574
969805834
969821215
969981963
970032543
970431274
970619101
970906049
970981649
971384169
971479753
971770557
971869096
972025563
972101147
972429895
972655416
972748520
973161256
973171784
973448229
973948720
975139063
975146424
975430937
975574662
975702715
975712657
975948448
976805540
976943057
977459810
977728781
977786239
977907686
977992917
978543673
978839613
979257003
979325388
979354293
979776429
980085053
980594573
981016099
981033564
981186489
981218749
981725783
981949484
982428666
982670579
982905845
982942923
982947709
983237256
983569347
984001254
984514551
984582039
985489117
985627632
986279618
986332579
986753035
987279230
987345913
987413623
987458597
987853769
987935790
988173802
988242310
988622338
988709571
988751256
988814339
988968071
989409554
989426530
990000074
990148751
990599208
990821747
990976316
991020419
991088276
991717507
991825267
991832015
991834964
991933895
991989702
992287887
992312839
992758971
992822614
993046269
993094928
993284830
993717220
993841040
993953975
994173070
994184898
994306540
994330658
994457397
994580648
994597767
994643962
994656327
994753430
994819977
995100923
995316625
995384163
996038394
996745247
996774567
996846394
997247913
997522338
997798012
997899029
997938455
998186992
998369678
998387364
998540217
998643916
998682797
998978530
999072753
999308925
999409910
999460757
999702716
1000618588
1000637220
1000927893
1001047781
1001348032
1001471781
1001644706
1001647389
1001912975
1002048096
1002729176
1002961049
1003153837
1003172777
1003391449
1003637604
1003912664
1004084351
1004374939
1004494397
1004532422
1004533872
1004864402
1004897722
1004911551
1004912004
1004983537
1005274468
1005664350
1006279456
1006558526
1006817287
1007124170
1007245971
1007306446
1007404945
1007470481
1007678749
1007752726
1008981796
1009276550
1009427931
1009442147
1009546119
1009745505
1010059588
1010622072
1010951660
1010970246
1011443860
1011609188
1011663753
1011771752
1011972277
1012108282
1012225797
1012286038
1012508073
1012928037
1013070932
1013143793
1013400446
1013531648
1013583962
1013849732
1013962762
1014631100
1014729681
1014888390
1014966732
1014969339
1015100505
1015295673
1015437085
1015721055
1016371667
1016448548
1016827407
1016853594
1017020011
1017051510
1017104882
1017337826
1017411878
1017452536
1017735087
1017768763
1017930879
1018375551
1018449728
1018892720
1019486905
1019862687
1019875007
1020000649
1020672458
1020697385
1020817715
1021669527
1021857743
1021956518
1022302342
1022348603
1022406231
1022508376
1022798546
1022879301
1023185540
1023318493
1023572862
1023996788
1024028369
1024038601
1024685276
1025597574
1025654224
1025771630
1026525340
1026688770
1026699939
1026890817
1027068168
1027134781
1027501257
1027755812
1027790003
1027792925
1027881755
1028290507
1028474959
1028792653
1028907340
1028972095
1029371959
1029442386
1029475601
1029496149
1029930226
1029943078
1030055275
1030295761
1030781062
1030786142
1030857421
1031215179
1031223969
1031372047
1031540428
1031570113
1031589944
1031843745
1032041442
1032272045
1032689709
1032740941
1032786757
1033018449
1033261420
1033288324
1033633656
1033819088
1033896073
1034413891
1034495351
1034659511
1035053787
1035061805
1035097903
1035136491
1035481710
1035580573
1036118963
1036444942
1036477963
1036926231
1037232132
1037525331
1038338867
1038557568
1038587212
1038951171
1039106826
1039219881
1039334789
1039389882
1039425781
1039982561
1040210327
1040233562
1040388473
1040488249
1040499085
1040597057
1040876298
1041472195
1041514133
1041595579
1041720309
1041787310
1042517001
1042805002
1042869178
1043027949
1043312156
1043392443
1043935862
1045092757
1045285769
1045303065
1045332460
1045449825
1045496850
1045592153
1045690212
1046357284
1046575847
1046962753
1046977770
1047280586
1047421931
1047490046
1047540657
1047770864
1047913698
1047936426
1047961947
1047999723
1048017786
1048577534
1049048567
1049322913
1050116268
1050468495
1050725957
1050741729
1050834936
1051202778
1051209982
1051241230
1051321253
1051515877
1051682847
1051685829
1051860617
1052218596
1052377456
1053023496
1054120972
1054272937
1054419617
1054824296
1055112413
1055205724
1055515903
1055726521
1056034199
1056051903
1056250344
1056252044
1056428252
1056948454
1056972121
1057228237
1057246546
1057256322
1057486348
1057581591
1057752529
1057919137
1058381074
1058550073
1058695683
1059250555
1059393009
1059584857
1059595576
1060049814
1061215684
1061336078
1061598282
1061636752
1061986321
1061998315
1062189840
1062237362
1062252799
1062374981
1062468040
1062528916
1062607699
1063897881
1063970457
1064055203
1064076801
1064386088
1064751815
1064832016
1064887032
1065416092
1065668837
1065898249
1065920948
1066139819
1066593167
1066729194
1066839521
1067027686
1067056143
1067209163
1067364563
1067497541
1067536687
1067589553
1068059444
1068157034
1068389594
1068487696
1068609190
1068612418
1068763973
1068938243
1069078452
1069159500
1069371799
1069639934
1070065136
1070326611
1070601833
1070737873
1070818333
1071054468
1071262115
1071445028
1071597287
1071649710
1071688500
1071690634
1071780101
1071781036
1071865642
1071958704
1072017993
1072156919
1072876792
1073365306
1073455117
1074123730
1074206886
1074275047
1074309569
1074538854
1074637693
1075125429
1075295326
1075487099
1075575052
1075864545
1076387860
1076415000
1076641903
1076759919
1076787105
1077131328
1077189464
1077466296
1077923175
1078127907
1078132724
1078789821
1078828789
1079129929
1079227057
1079330623
1079533309
1079570033
1079649233
1079765124
1080062193
1080094391
1080228767
1080598362
1080602099
1080915747
1081010994
1082255280
1082256505
1082675141
1082875106
1082879887
1083086089
1083263894
1083810243
1083834014
1084063837
1084142398
1084190443
1084279602
1084305812
1084386974
1085243492
1085305142
1085366331
1085415635
1085529651
1085561046
1085712594
1085779863
1085781197
1085833272
1086362753
1086585283
1087011120
1087224464
1087389419
1087539185
1087580877
1087638365
1087802100
1088165847
1088500794
1088787407
1088803211
1089849048
1089853518
1090256109
1090540360
1090596346
1090738541
1090806748
1090966425
1091010412
1091194658
1091448101
1091505547
1091531060
1091796606
1092092315
1092591526
1092688143
1092759004
1093086908
1093314385
1093407839
1093468333
1093588629
1093728098
1093783571
1093906431
1093933080
1093994232
1094418916
1094424862
1094927807
1095003217
1095077833
1095255345
1095519454
1095688238
1095751312
1095891405
1096303476
1097603486
1097616560
1097725890
1098159630
1098525972
1098531666
1098818200
1099007546
1099063302
1099215398
1099315035
1099546653
1099615640
1099940971
1100176321
1100206394
1100473501
1100701823
1100739054
1100785707
1100868318
1101084768
1101179188
1101209047
1101306114
1101402535
1101597880
1101834631
1102235301
1102284293
1102330061
1102342430
1102641768
1102837928
1102988520
1103683579
1104065701
1104098538
1104172682
1104474569
1104507593
1104795081
1105176460
1105372129
1105392535
1105524459
1105595379
1105645187
1105724520
1106440639
1106545389
1107151819
1108391332
1108544257
1108668224
1108837627
1110216288
1110312911
1110433017
1110583716
1110915631
1111166626
1111576803
1111658460
1111746231
1112020977
1112211023
1112220776
1112860463
1113379948
1113643518
1113802060
1114076121
1114292706
1115023234
1115148103
1115356621
1115602313
1115875133
1116420593
1116465950
1116708725
1116709922
1116875189
1117047540
1117178689
1117372890
1117440584
1118138897
1118204732
1118387199
1118520269
1119165822
1119583639
1119831916
1119886857
1120405781
1120651569
1120812552
1120938291
1121009156
1121235389
1121599344
1121659696
1121769115
1121987718
1122149694
1122819836
1123017942
1123287447
1123711838
1124084877
1124473513
1124660409
1125536589
1125556831
1125828062
1125912199
1126003664
1126061189
1126554222
1126806498
1127336552
1127348672
1127403955
1127639391
1128367748
1128395776
1128439686
1128519175
1128532412
1128619129
1128659982
1128980062
1129127620
1129296499
1129442352
1129663767
1129909424
1130090531
1130091068
1130382756
1130470404
1130929635
1131044114
1131214151
1131235531
1131581418
1131876897
1131994933
1132043206
1132169077
1132240175
1132345208
1132374624
1132720014
1132860918
1133198167
1133291683
1133453447
1133533165
1134376305
1134417739
1134908719
1135100203
1135270951
1135590754
1135780394
1136326409
1136374233
1136746115
1136804583
1136823822
1136887838
1136947641
1136972994
1137434475
1137520751
1137843852
1138373398
1138515092
1138868273
1138965033
1139252424
1139636987
1139946912
1140039519
1140045430
1140777793
1140784792
1140961835
1141432337
1141436327
1141559235
1141663983
1141674977
1141676434
1141777961
1142075041
1142207101
1142548557
1142678134
1142913564
1143787478
1143845026
1143969842
1144300226
1144460672
1144844463
1144975270
1145288812
1145517147
1145841090
1146170148
1147343733
1147519026
1147859420
1148744724
1148872537
1149182322
1149550857
1149738423
1149927242
1150360230
1150462381
1151016949
1151127312
1151172442
1151209178
1151248211
1151420723
1151576965
1151810061
1151896917
1152170351
1152357215
1152385853
1152997417
1153169139
1153216399
1153426436
1153628426
1153706709
1153876299
1153973083
1154320182
1154669785
1154758853
1154814021
1154820240
1154827059
1154941468
1155028881
1155122126
1155415271
1155492045
1155616612
1156064586
1156216173
1156480721
1156990685
1157036318
1157561089
1157724931
1158179772
1158458236
1158839316
1159115667
1159407098
1159572833
1159632925
1159702623
1159903565
1159909099
1159983104
1160371788
1160785293
1161460397
1161493049
1161545224
1162325437
1162341708
1162450734
1162472483
1162552849
1162950699
1162982143
1163235307
1164035670
1164170149
1164362583
1164474835
1164997447
1165092844
1165158266
1165617656
1165718143
1165831405
1166054447
1166942991
1167256030
1167541600
1167853086
1168015587
1168108056
1168117481
1168204755
1168271654
1168278029
1168566042
1168851644
1168857197
1169033758
1169063498
1169402204
1169831817
1169992981
1170067465
1170078584
1170474555
1170569123
1170707875
1170930057
1170976509
1171095085
1171156948
1171176257
1171529656
1171656257
1171738831
1171782737
1171905334
1171952778
1172066132
1172266872
1172508955
1172929110
1172952945
1173047615
1173126452
1173134658
1173247963
1174372833
1174510786
1174613674
1174624938
1174651401
1174826680
1174995743
1175134395
1175384477
1175435529
1175504659
1175696521
1175708982
1176504722
1176512142
1176760603
1177682631
1177754749
1177771701
1177877419
1177880962
1178008382
1178387750
1178459305
1178474904
1178726288
1179077452
1179317655
1179765798
1179803388
1179952902
1180379575
1180437072
1180650859
1180835153
1182245994
1182372750
1182526782
1182589212
1182675969
1182919261
1183064889
1183381740
1183449342
1183691565
1183746207
1183952320
1183961885
1184057401
1184234141
1184273372
1184285371
1184403609
1184560372
1184929037
1184965973
1185200492
1185327583
1185621197
1185945249
1185968031
1185994080
1186016713
1186020173
1186139999
1186241529
1186398382
1186412286
1186537615
1187029118
1187307117
1187836474
1188033855
1188228008
1188341879
1188474650
1188559573
1188795244
1188860412
1189308562
1189388759
1189779104
1190075438
1190093818
1190314177
1190327887
1190481837
1190556980
1190621835
1190676461
1191004373
1191462430
1191675373
1192017782
1192091642
1192419274
1192497093
1192647314
1192837558
1192995379
1193533802
1193974920
1194053692
1194139101
1194150360
1194590479
1194816762
1194964109
1195181357
1195247394
1195408885
1195551344
1195563766
1196192159
1196301529
1196479548
1196518403
1196792785
1196932870
1197117170
1197148673
1197304872
1197590584
1197762811
1197865385
1198211487
1198405190
1198645072
1198648117
1198948104
1198993752
1199145128
1201367390
1201506268
1201530263
1201630040
1201775442
1201775936
1201841483
1202162513
1202343364
1203020160
1204827620
1205176622
1206190721
1206204644
1206512863
1206782900
1206828031
1207011706
1207092668
1207192691
1207381131
1207550030
1207588227
1207769638
1208259853
1208555773
1208655816
1208762324
1209070845
1209148809
1210277943
1210485566
1210635130
1211013860
1211032042
1211413504
1211467988
1211632919
1211685521
1211832530
1211919349
1213068023
1213132177
1213419357
1213505207
1213633219
1213640106
1213949985
1214110245
1214128252
1214136444
1214293907
1215527242
1215531556
1215824201
1216021628
1216253202
1216372685
1216447240
1217218106
1217280314
1217313125
1217653997
1218098411
1218304321
1218413294
1218794953
1218987752
1219305704
1219460491
1219640953
1219682739
1219800342
1220061594
1220129632
1220182360
1220557325
1220559243
1220634961
1220738321
1220983974
1221215092
1221264253
1221427774
1221776500
1221989940
1222176814
1222757566
1222776950
1222941085
1223092057
1223163890
1223647522
1223733100
1223741298
1224026759
1225113645
1225335137
1225423724
1226083809
1226631953
1227535777
1227739537
1228266985
1228328337
1228590032
1228603269
1228639748
1229180853
1229263222
1229530639
1229809106
1229810622
1230328353
1230535827
1230934821
1230936465
1231256357
1231379315
1231429836
1231493488
1231526521
1231529737
1231738367
1232008774
1232271928
1233289463
1233968487
1234076618
1234221874
1234275535
1234285057
1234746533
1235150436
1235670041
1235813611
1235966421
1236155541
1236302153
1236353328
1236435591
1236630893
1236756784
1236840880
1236863362
1237085951
1237809538
1237992913
1238487493
1238678888
1238683216
1239183800
1239195035
1239242966
1239373622
1239407291
1239649759
1239858571
1240803241
1241102783
1241122002
1241199715
1241365434
1241365726
1241533928
1241601178
1242412857
1242775020
1243168909
1243254676
1243359329
1244223342
1244586319
1244824754
1244839783
1244842338
1245285391
1245450017
1245473039
1245522536
1245669512
1246185197
1246432777
1246534188
1247845366
1247984915
1248157526
1248215025
1248414781
1248463229
1248698735
1248745880
1248893377
1249359102
1249400385
1249440451
1249692505
1249749212
1249852976
1249868046
1249934923
1250153448
1250597744
1250915239
1251140894
1251197581
1251583671
1251681782
1251725970
1251947110
1252100883
1252434355
1252755014
1253037188
1253109000
1253231659
1253320957
1253729486
1253842754
1253866902
1253960296
1254226494
1254313558
1254482262
1254526468
1254815212
1254827391
1254931166
1255083645
1255179360
1255354550
1255469337
1255505248
1255723776
1255910331
1256207146
1256723979
1256743322
1256794703
1256891943
1257096073
1257453769
1257457505
1257534064
1257607312
1257727167
1258249516
1259351469
1259410555
1259610348
1260149556
1260212008
1260295480
1260369229
1260537840
1260728421
1260902850
1261010282
1261141472
1261162909
1261250890
1261440535
1261781126
1261928534
1262141772
1262243931
1262584587
1262589131
1262631553
1262657741
1262786074
1262842186
1263151792
1263301055
1263550091
1263578278
1263634774
1263711768
1264031549
1264244060
1264289736
1264353257
1264409928
1265014169
1265162642
1265187209
1265318080
1265333588
1265428785
1265540311
1265745073
1265835948
1266026305
1266208689
1266394110
1266566026
1266574503
1266596344
1266758152
1267275433
1267356942
1267419918
1267631536
1267750040
1268029956
1268717491
1269092450
1269213989
1269480715
1269672828
1269878289
1269992798
1270024368
1270621630
1270784182
1270826445
1271547186
1271686870
1271688967
1272303688
1272495468
1272912627
1273183014
1273416451
1273541452
1274068639
1274306238
1274328074
1274365929
1275550639
1275647742
1275714103
1275732110
1276168982
1276262347
1276300549
1276806777
1276831556
1277420540
1277593939
1277648742
1277873099
1278375665
1278446841
1278785371
1278867896
1279017012
1279641353
1280229790
1280344731
1280399032
1280736809
1281014977
1281225243
1281323733
1281492580
1281706921
1281739394
1281785515
1281801485
1282240418
1282251511
1282329971
1282534962
1282976596
1284593863
1284600018
1284774347
1285234101
1285319184
1285488125
1285659176
1285971039
1287102995
1287145794
1287391689
1287476652
1287602205
1287687404
1287749715
1287777101
1287814032
1287819842
1288356999
1288565835
1288782954
1288800180
1288832261
1289138536
1289310112
1289980544
1290050254
1290063856
1290122486
1290242965
1290272106
1290599850
1290830186
1290833212
1290872283
1291003355
1291319314
1291389388
1291442996
1291601157
1291927182
1291978262
1292407630
1292613047
1292665918
1292726476
1293166357
1293281581
1293597261
1293798180
1294055195
1294148719
1294467292
1294569417
1294667771
1294748641
1294808271
1295068074
1295457210
1295472690
1295758150
1296110211
1296335224
1296867130
1297270952
1297482369
1297754109
1297820641
1297930723
1298529359
1298615606
1298816401
1299053625
1299079763
1299272225
1299638548
1299783230
1299872196
1300072326
1300201910
1300292643
1300575596
1300706920
1300983304
1301134682
1301245956
1301341063
1301358458
1301411053
1301486378
1301737444
1301773480
1302496541
1302933332
1303110872
1303295946
1303407663
1303553595
1303576610
1303646139
1303854414
1303864145
1304541523
1304552695
1304556765
1304829441
1304886074
1305233537
1305283431
1305368674
1306057504
1306215990
1306512851
1306539894
1306811895
1307035201
1307137191
1307232708
1307551212
1307730644
1308067316
1308319261
1308434974
1308665297
1308687658
1309964319
1310440819
1310626644
1310843036
1311000089
1311076574
1311305813
1311454583
1311470571
1311484613
1311517988
1311784700
1311997857
1312204132
1312564602
1312622339
1312897977
1313525925
1313952139
1314079389
1314169165
1315282648
1315330616
1315477928
1315546515
1315701381
1316236067
1316398412
1316606027
1316869346
1317196460
1317201991
1317372856
1317969937
1318208281
1318254496
1318279118
1318410030
1318587408
1318908401
1319030745
1319326439
1319693852
1319710010
1320165685
1320483176
1320499541
1320600873
1321374042
1321591497
1321629673
1321658980
1322246481
1322441839
1322807664
1323176985
1323300075
1323422769
1323547717
1323709870
1324359191
1324579559
1324809778
1324913510
1325057629
1325317967
1325321778
1325435732
1325454293
1325663523
1325718051
1325803134
1325879877
1325933579
1326398492
1327353237
1327446019
1327642355
1328302877
1328602201
1328893252
1328913603
1328948101
1328952829
1329491402
1329887913
1330034439
1330476908
1330624400
1330867825
1331058303
1331341026
1331647749
1331668845
1332286113
1332517920
1332855667
1334090483
1334222930
1334366555
1334602062
1334733376
1334843840
1335119740
1335410595
1335708401
1335888651
1335926103
1336033263
1336697506
1336844414
1337225732
1337370786
1338023440
1338189501
1338327844
1338334568
1338419703
1338454663
1338636510
1338683480
1338815932
1339231437
1339553031
1339661474
1339926553
1340128031
1340652269
1340701767
1341061589
1341663529
1341715543
1342022444
1342301671
1342362240
1342450724
1343238812
1343491996
1343559447
1343723749
1344047879
1344050962
1344076609
1344372733
1344943631
1345221499
1345348578
1345838152
1346009558
1346270127
1347013192
1347192997
1347216375
1347221388
1347328353
1347450813
1347942006
1348138442
1348187514
1348290752
1348468313
1348700104
1349004225
1349106903
1349432932
1349547961
1349776887
1350065652
1350387731
1350421147
1350725209
1350754409
1350781194
1351414666
1351423652
1351565590
1351726555
1351822472
1352150032
1352353630
1352846188
1353094979
1353141062
1353253106
1353352666
1353384336
1353585986
1353617129
1353722087
1354109020
1354577396
1354591764
1354973611
1355221507
1355235157
1355633942
1355845145
1355850844
1356462779
1356821127
1356865159
1356904753
1356942543
1357103557
1357242208
1357315695
1357438656
1357477453
1357554925
1357567141
1357762112
1357762306
1357795494
1358089142
1358303848
1358304333
1358325411
1358445743
1358449267
1358479046
1358553629
1358554356
1358620198
1358675341
1358690239
1358790524
1359108359
1359216061
1359340848
1359417391
1359536405
1359662150
1359716832
1359748546
1359993321
1360102158
1360134501
1360508109
1360731418
1360853985
1360870371
1360926136
1360950180
1360998239
1361392490
1361871646
1361952270
1362171770
1362290445
1362327762
1362347272
1362759491
1362813880
1362823597
1363117510
1363337895
1363468875
1364009318
1364026935
1364061093
1365010325
1365083524
1365352055
1365539538
1365570800
1366187421
1366768480
1367016734
1367077990
1367128716
1367155690
1367234960
1367835587
1367999367
1368186408
1368327058
1368577749
1369196213
1369363735
1369390348
1369451127
1369826585
1369849516
1370153835
1370242009
1370667672
1370765173
1370931165
1371565586
1371566364
1371645157
1372208576
1372429117
1372593471
1372694281
1372891163
1372951251
1373369953
1373545089
1373886630
1373999919
1374064543
1374298511
1374448095
1374514686
1374684599
1374689185
1374722735
1374969203
1375014302
1375309878
1375414877
1375454889
1375656188
1375693634
1375882572
1376045733
1376681939
1376892059
1376903590
1376922914
1376924857
1377060931
1377254210
1377728736
1377770398
1377994098
1378466210
1378532190
1379414464
1379531433
1379654913
1379822242
1379915459
1380058584
1380334989
1380478710
1380498423
1380741934
1380773065
1381025143
1381112175
1381184257
1381271788
1381578418
1381770387
1381804076
1382632445
1383329268
1383367575
1383417215
1383767783
1384160495
1384205472
1384352558
1384543624
1384671015
1384685944
1384704981
1384737266
1384819543
1384963365
1385262681
1385379545
1385401170
1385447659
1385563201
1385667385
1386248814
1386480624
1386488175
1387061334
1387251702
1387407841
1388171788
1388740782
1388741548
1388890032
1388947741
1389267121
1389872381
1389877108
1389878211
1389917483
1389954055
1389975485
1390481825
1390566966
1390856367
1390877302
1390973070
1391046562
1391495256
1391537304
1391792628
1391812153
1391831613
1391985879
1392226756
1392319458
1392368552
1392466883
1393598657
1393744794
1393964887
1394036497
1394197395
1394224814
1394370869
1394432255
1394691480
1395123326
1395211793
1395304396
1395642054
1395750968
1395832563
1396041230
1396149021
1396220899
1396485983
1396783594
1396808821
1397200080
1397700701
1397707459
1397920362
1398652474
1398724299
1398787244
1398985604
1399191753
1399406148
1399484119
1399486814
1399546165
1400040921
1400401936
1400430401
1400604234
1400884271
1401170277
1401531284
1401997912
1402391870
1402444395
1402544064
1402931040
1402937011
1403090946
1403319047
1403558721
1403652138
1403731042
1404435110
1405119857
1405283288
1405536920
1405637989
1405996510
1406328700
1406732704
1407289371
1407438612
1407479261
1407581446
1407617091
1407631881
1407995784
1408229462
1408294036
1408727233
1408985359
1409063146
1409531844
1410059099
1410171277
1410207407
1410442749
1410458059
1410698371
1410714532
1410836164
1410887675
1410981300
1411018280
1411193535
1411422718
1411640052
1412016693
1412122319
1412343753
1412360802
1412872911
1412958589
1413009021
1413105367
1413339443
1413540592
1413863371
1413991278
1414175125
1415074250
1415219565
1415380540
1415397403
1415686254
1416679516
1416804114
1416811979
1417241649
1417573753
1417743063
1417886759
1417939201
1418382113
1418672031
1418685106
1418731245
1418804586
1419169755
1419262912
1419288878
1419356528
1419409139
1419530135
1419911982
1419950467
1419973400
1420016802
1420326146
1420388766
1420792034
1420908861
1421461913
1422277389
1422582743
1422601963
1422958859
1423341843
1423628728
1424406327
1424823975
1424886961
1424908931
1424930461
1425021772
1425316785
1425378134
1425542696
1425874371
1426055838
1426088147
1426455859
1426674957
1427100046
1427126627
1427459855
1427661376
1427720249
1427732646
1427996538
1428079790
1428253024
1428544052
1428672387
1428685027
1428980371
1429005463
1429053167
1429115776
1429547102
1429808532
1430068787
1430129413
1430486628
1430607712
1430884449
1431096539
1431104982
1431824727
1432151142
1432250052
1432651161
1432864946
1432876200
1432957372
1433642534
1433713470
1433793804
1433804950
1434413639
1434513312
1434728375
1434757829
1434981890
1435174155
1435390560
1435627142
1435739440
1435763465
1435990752
1436180263
1436302500
1436311688
1437226194
1437348669
1437569756
1437990484
1437998644
1438379054
1438758403
1438772670
1438856519
1438945469
1438968487
1439365758
1439663128
1439687014
1439692808
1440013576
1440264238
1441037254
1441313862
1441563679
1441793214
1441893826
1442588642
1442685367
1443313340
1443640619
1443878347
1444040471
1444130282
1444431317
1444554453
1444726196
1444969385
1445155294
1445163815
1445172580
1445346925
1445414573
1445587138
1446447434
1446672554
1446889072
1447315026
1447372573
1447662506
1447990805
1448109401
1448215862
1448218357
1448452217
1448507232
1448833870
1449305267
1449365936
1449490643
1449930747
1450260245
1450688401
1450813598
1451074251
1451264232
1451422170
1451462569
1451923765
1452017442
1452766537
1453867829
1454219275
1454237974
1454362180
1454641227
1454783632
1454803400
1454842099
1454878231
1455003442
1455077810
1455082582
1455137831
1455305025
1455322485
1455551561
1455970433
1456035474
1456038723
1456049449
1456110949
1456272458
1457327488
1457887907
1457925183
1458025928
1458194531
1458539169
1458656220
1458768548
1459250792
1459509057
1459897028
1459913794
1460022453
1460161061
1460171606
1460226816
1460230269
1460707325
1460815820
1461825910
1461879096
1461993835
1462298668
1462488865
1462490395
1462681987
1463556065
1463918523
1463923162
1464199662
1464483037
1464823865
1465147586
1465975860
1465982458
1466400164
1466482893
1466597184
1466995834
1467043880
1467156488
1467178001
1467382757
1467462454
1467533648
1467744228
1468812017
1468925154
1468937311
1469171195
1469555015
1470401935
1470551660
1470652957
1470734453
1471090699
1471245240
1471269240
1471410683
1471531212
1471812045
1472038784
1472476853
1472969041
1473198423
1473240187
1473439644
1473473216
1473981931
1474540645
1474918576
1474976427
1474977177
1475285627
1475423504
1475682310
1475788850
1475807509
1476433039
1476580206
1476769028
1476790525
1476815348
1476994786
1477219536
1477228750
1477498919
1478473806
1478509674
1478575207
1478660109
1478686651
1478742286
1478754625
1478828803
1478881326
1479034091
1479270194
1479334546
1479397137
1479419405
1479472684
1479515979
1479711757
1480008947
1480471496
1480476571
1480906197
1481266647
1481721771
1483091381
1483255067
1483567333
1483689553
1484199984
1484374148
1485005656
1485503511
1485872592
1486016462
1486225763
1486510545
1486641771
1487090192
1487235083
1487240377
1487389978
1487480893
1487539380
1487587802
1487915001
1488239272
1488405238
1488423701
1488667068
1488832216
1489224981
1489236342
1489462975
1489635678
1489835273
1489873385
1489893039
1490169166
1490346330
1490412737
1490447501
1490536109
1490598560
1490679052
1490702341
1491323237
1491514998
1491598888
1491687845
1491789633
1492439028
1492449720
1492770563
1492788812
1492857030
1493021559
1493155475
1493268287
1493308681
1493481301
1493947136
1493951988
1494010345
1494045238
1494438518
1494584777
1494908308
1495438605
1495472091
1495596311
1495613941
1495650699
1496451469
1496738239
1496769923
1496875897
1497099527
1497504794
1497715906
1497734236
1498060895
1498106992
1498546075
1498565401
1498772282
1499193154
1499245978
1499795389
1499961037
1500095270
1500102840
1500186429
1500315652
1500460743
1500539881
1500986141
1501186927
1501463387
1501550368
1501602307
1501657757
1501946810
1502384069
1502573732
1502701626
1502720965
1502750317
1503060933
1503237287
1503309895
1503417589
1503469552
1503559457
1503580313
1503580523
1503590342
1503736197
1503891933
1504670138
1504711269
1504744573
1504808368
1504957331
1504960703
1505446008
1505725546
1505981732
1506201082
1506474515
1506496227
1506917951
1506956328
1507141408
1507318659
1507680786
1507684518
1507807674
1508066234
1508242137
1508301440
1508681018
1508884215
1508894974
1509074381
1509471617
1509698120
1509725846
1510216478
1510799120
1511073318
1511128618
1511454414
1513110274
1513151513
1513235972
1513667004
1513786542
1513899290
1514147858
1514215969
1514699640
1514863762
1515056031
1515399553
1515900342
1515905581
1516122984
1516246836
1516283909
1516302229
1516678687
1516712201
1517081364
1517280958
1517567393
1517726625
1517764269
1517868375
1518513629
1518652156
1519151553
1519846787
1520010564
1520019350
1520356090
1520822972
1520827230
1520864300
1521576447
1521637645
1522337842
1522573090
1522881728
1523355143
1523371809
1523662496
1524193574
1524286962
1524359780
1524515863
1524527362
1524684056
1525141347
1525170666
1525247217
1525960120
1525985217
1526207571
1526445008
1527595992
1527868290
1527937110
1528531479
1529066832
1530625447
1530654841
1530684961
1530926833
1531019137
1531286980
1531747290
1532160675
1532215955
1532457372
1532692584
1533118240
1533995516
1534290743
1534381990
1534636074
1534654808
1535544227
1535836993
1536686994
1536785364
1536848858
1536851920
1537660142
1537826190
1537930720
1538531331
1538666500
1538976414
1539007221
1539915449
1540405848
1540462599
1540502623
1540512133
1540547930
1540648799
1540666266
1540815949
1540847688
1540920126
1540929348
1541004186
1541044785
1541063593
1541068732
1541197077
1541413918
1541575094
1541979444
1542083354
1542503481
1542744835
1543349704
1543382984
1543444327
1543697023
1543769384
1543797340
1543805525
1543895347
1544131258
1544199072
1544285919
1544330461
1544330596
1544751348
1544920133
1545041991
1545052310
1545102760
1545115281
1545874211
1546069309
1546411375
1546516357
1546727831
1546876593
1546888365
1547032757
1547346965
1547602254
1547709778
1547811721
1547996868
1548081902
1548203400
1548455920
1548776327
1549201053
1549303407
1549433982
1549493094
1550605812
1550616883
1550723473
1550912067
1551133907
1551587201
1551750125
1552201941
1552422705
1552428741
1552767629
1552772886
1553221579
1554186695
1554363568
1555032187
1555278900
1555788025
1556197001
1556301303
1556750173
1556801166
1556950561
1557007243
1557178955
1557299504
1557817955
1558100781
1558318514
1558573595
1558747696
1559129290
1559392146
1559416428
1559483218
1559586853
1559855462
1559964656
1560013187
1560079832
1560583214
1560599855
1560969573
1561080026
1561096576
1561129035
1561588488
1561687523
1562192936
1562373964
1563049857
1563503809
1563610468
1563811941
1564154153
1564164728
1564282648
1564634317
1564669866
1564911705
1564997554
1565294562
1565346556
1565377995
1565463739
1565681425
1565902115
1566238523
1566354888
1566815391
1567087913
1567281746
1567473787
1567509894
1567663683
1567851677
1567906468
1567956590
1568017803
1568107323
1568175584
1568237022
1568607946
1569394380
1569414276
1569566576
1569760881
1570093715
1570622317
1570825405
1571044154
1571273910
1571375777
1572085066
1572112688
1572464931
1572516962
1572866594
1573352677
1573764909
1573954548
1574227783
1574347078
1574449665
1574677512
1574771055
1574802132
1574830983
1574848015
1574957574
1575538493
1575706715
1576171618
1576615543
1576889919
1577008291
1577040873
1577315312
1578595725
1579028225
1579245732
1579370145
1579371401
1579519880
1579568483
1580100334
1581017468
1581343460
1581625301
1581653421
1582170960
1582212749
1582761995
1582908819
1583184582
1583490700
1583576234
1583701797
1583755382
1584105735
1584194635
1584344682
1584530086
1584537735
1584585034
1584725017
1584746492
1585193191
1585349798
1585361675
1585457461
1585673969
1586124530
1586496644
1586592012
1586896679
1587012482
1587467879
1587487006
1587682200
1587954244
1588427981
1588479194
1588525733
1589386971
1589670077
1589688695
1590000458
1590095011
1590619812
1590961478
1591012732
1591575818
1592055746
1592066528
1592739504
1592783434
1592896499
1593397151
1593786698
1593788555
1593865915
1594063524
1594389721
1594631823
1594979732
1595081460
1595301830
1595509635
1595614422
1595661441
1596329168
1596338050
1596526090
1596556440
1597195882
1597410981
1597452411
1598023994
1598052842
1598443477
1599134500
1599545747
1599733014
1599776755
1599798649
1600351469
1600488203
1600530068
1600889994
1600929738
1600934753
1601002721
1601018678
1601151260
1601194098
1601573500
1601910128
1602192528
1602480451
1602790924
1602863409
1603234554
1603542814
1603701204
1604044164
1604355258
1604737172
1604792025
1604868598
1605190959
1605288642
1605414309
1605620679
1606017384
1606272404
1606290118
1606316105
1606737912
1606775445
1607158445
1607224954
1607339984
1607371024
1607614862
1607804615
1607908338
1608364227
1608614885
1608648420
1608698181
1608955213
1609245145
1609283462
1609345747
1609466672
1609548324
1609767954
1610167347
1610495424
1611010747
1611019594
1611100622
1611267763
1611523985
1611836930
1611882233
1612046015
1612074895
1612509483
1612685344
1612707248
1612754771
1612810453
1612975804
1613159631
1613595381
1613635787
1614416179
1614866452
1615019879
1615052921
1615477143
1615580664
1615590017
1615730143
1615788815
1616023520
1616064330
1616077471
1616095422
1616178069
1616320693
1616577250
1616768379
1616978733
1617472234
1617522155
1617532263
1617560458
1617847596
1618051099
1618088778
1618118141
1618382218
1618573392
1618592375
1618594349
1618596286
1619158344
1619210974
1619333750
1619368420
1619389715
1619735931
1619743808
1619748216
1619769872
1619902506
1620006180
1620073436
1620077227
1620090561
1620210726
1620330826
1620523785
1620833264
1621025239
1621240516
1621785428
1621796820
1621809273
1621916506
1622171197
1622734774
1623127506
1623434494
1623902121
1624156693
1624350201
1624482380
1625253442
1625545421
1625658349
1625681498
1625716346
1625868009
1626186707
1626745044
1626841014
1626876875
1627532851
1627851104
1628019275
1628540267
1628681580
1628775529
1628848926
1628955344
1628976203
1628992582
1629074867
1629185726
1629249429
1629258680
1629521694
1629821530
1630011972
1630022736
1630035217
1630296383
1630347445
1630537630
1630626586
1630707011
1630833425
1630993337
1631079718
1631350702
1631441166
1631514571
1631590434
1632120744
1632163341
1632212944
1632720518
1634171438
1634258809
1634623683
1634793104
1634809634
1634984396
1635046709
1635176929
1635183726
1635279205
1635291694
1635379169
1635821046
1636247104
1636482373
1636782492
1636977496
1637245108
1637254302
1637399872
1637848492
1638353740
1638405230
1638466134
1638870934
1638946844
1638957885
1639101433
1639182234
1639294922
1639678276
1639743868
1639977399
1639980244
1640569508
1640658744
1640885079
1640961802
1641104478
1641374568
1641408734
1641695484
1641795372
1642203323
1642570359
1642593477
1642696864
1643106194
1643150155
1643487108
1643841042
1644011002
1644212233
1644292177
1644421833
1644554137
1644575084
1644919047
1645178810
1645228257
1645477676
1645581126
1645823571
1646111785
1646343553
1646441917
1646842519
1646940900
1646951170
1647002565
1647049568
1647433015
1647449425
1647924856
1647960312
1648287487
1648382607
1649140639
1649180911
1649313154
1649572271
1649623765
1650455960
1650603176
1650679019
1650767689
1650803457
1650896304
1651501761
1651728967
1652598768
1653050098
1653536318
1653582937
1653606812
1653723512
1653896148
1653902212
1654398817
1654696008
1654913736
1655278517
1655335489
1655520101
1655548545
1655873599
1655954341
1656009139
1656018015
1656510601
1656697351
1656697850
1656837614
1656854610
1657504999
1658025174
1658217987
1658449135
1658466168
1658759279
1659076280
1659415106
1659883119
1659891090
1660622709
1660717937
1660931527
1660941976
1661274991
1661692214
1661734527
1661760700
1661775421
1661839012
1661947003
1662184635
1662256948
1662574006
1662817366
1663090511
1663468203
1663506065
1664462274
1664597261
1664962406
1665058831
1665644084
1665744726
1665915766
1666132534
1666523154
1666769605
1666873136
1668001465
1668017666
1668139071
1668228452
1669900226
1670226264
1670403125
1670695276
1671059232
1671181131
1671207161
1671677101
1671957620
1672122130
1672828559
1672877997
1672976029
1673142494
1673231119
1673429572
1673954265
1674257131
1674288149
1674344888
1674686851
1675028426
1675123583
1675203251
1675465602
1675563127
1675717537
1676068660
1676154406
1676244974
1676282470
1676730611
1677323670
1678022732
1678277997
1678349892
1678873695
1679068919
1679098149
1679136808
1679167957
1679717970
1679795240
1679934551
1680070628
1680349060
1680668505
1680772121
1680879677
1680969551
1681220177
1681242371
1681361231
1681439453
1681714891
1682145964
1682632250
1682803271
1683092390
1683093438
1683294908
1683740273
1683873547
1684108034
1684292374
1684479463
1684541840
1684608862
1684925559
1685285272
1685350221
1685586461
1685639843
1685881957
1685972299
1685992966
1686036760
1686073836
1686338734
1686358182
1686373727
1687726857
1687729162
1687808075
1688384211
1688410890
1688531779
1688567815
1688710605
1688763195
1688934749
1688983466
1689321181
1689412130
1689523933
1689575217
1689658977
1689711493
1689718872
1689804319
1689860483
1689872488
1690036253
1690068688
1690082751
1690163321
1690366795
1690500520
1691042304
1691108325
1691466054
1691550573
1691716864
1691976002
1692268040
1692632718
1692676078
1693170836
1693263384
1693541633
1693572641
1693751890
1693806276
1693820303
1693959026
1694005172
1694093771
1694327265
1694653591
1694688992
1694845548
1695160080
1695254332
1695282712
1695331204
1695451409
1695452163
1695892171
1696251527
1696322003
1696342534
1696497673
1696551933
1696595133
1696857727
1696978051
1697093514
1697175421
1697200992
1697374868
1697521061
1697615394
1697727982
1697769889
1698194807
1698657575
1698780318
1698840655
1699321997
1699808447
1699837799
1700148062
1700222238
1700428266
1700471439
1700841164
1701169729
1701303034
1701316050
1701324247
1701415845
1701561468
1701580513
1702298763
1702442669
1702761898
1702780680
1702832882
1703070453
1703686916
1703964253
1704005703
1704067188
1704176181
1704330594
1704461857
1704840594
1705422808
1705731747
1706107707
1706303749
1706630460
1706684697
1706763471
1706855437
1707070772
1707167491
1708071350
1708879683
1708958864
1709545708
1709596851
1709810226
1710140536
1710157179
1710232747
1710307605
1710770231
1711105168
1711239426
1711554707
1712376315
1712592873
1712985934
1713257695
1713417801
1713598592
1713798479
1714303240
1715087915
1715524655
1715544764
1716073857
1716270595
1716314625
1716577330
1716818372
1716845321
1716925912
1717011650
1717754495
1717831523
1718572550
1718621163
1718716088
1718783563
1719044025
1719742373
1719749086
1719949620
1720062961
1720091001
1720582320
1721027989
1721060633
1721108678
1721279623
1721285588
1721346281
1721901231
1722080412
1722189155
1722246731
1722316349
1722405764
1722472476
1722793145
1722864361
1722917236
1723451605
1723579360
1723608598
1723725925
1723860764
1723996442
1724558913
1724733604
1725260545
1725393497
1725583730
1725772091
1726414555
1726491004
1726542191
1726819173
1726839840
1726932093
1726953914
1727048585
1727224043
1727288236
1727300986
1727772048
1727853824
1727908975
1728189628
1728301400
1728862509
1728935876
1729207110
1729296595
1729339420
1729354367
1729753558
1729764869
1729824559
1729865624
1730048194
1730369528
1730562717
1730582289
1730872160
1730887041
1730975763
1731004909
1731266969
1731368440
1731453510
1731574636
1731766544
1731932372
1732111664
1732117730
1732168650
1732523817
1732939314
1733011848
1733064680
1733378211
1733705495
1733721896
1733759621
1734145043
1734210785
1734249528
1735151288
1735216255
1735346049
1735392485
1735460373
1735504885
1735762788
1736161582
1736398806
1736523025
1737110179
1737110614
1737130829
1737251448
1737620819
1737624428
1737971641
1737995430
1738031567
1738204077
1738321438
1738405685
1738544074
1738704665
1739055797
1739606930
1739966522
1740046844
1740398332
1740453984
1740475143
1740496350
1740768560
1740909848
1741431317
1742038569
1742202087
1742546208
1742572387
1743278769
1743512708
1743571860
1743792803
1743914819
1744064729
1744145082
1744715115
1745084416
1745448569
1745643220
1745686934
1746180487
1746221603
1746287550
1746415247
1746733450
1746773911
1747100800
1747228805
1747837092
1748019734
1748494273
1749122350
1749182969
1749881055
1750481762
1750894209
1750944684
1751394602
1751585939
1751636598
1751646045
1751837106
1752175487
1752699988
1752860203
1753233202
1753389361
1753456009
1753609633
1754099644
1754636298
1754725998
1755611818
1755691735
1756242384
1756443299
1756451391
1756468566
1756858194
1757197994
1757331379
1757530517
1757536391
1757589102
1757760551
1757975146
1758265918
1758940619
1759090738
1759130462
1759134463
1759262241
1759369760
1759471299
1759825309
1759903707
1760251583
1760278484
1760449147
1760749294
1760844262
1761222206
1761586459
1761953863
1762085830
1762361567
1763117012
1763280463
1763336902
1763483994
1763529056
1763852029
1763909090
1764114584
1764451524
1764541475
1764810350
1764842927
1764954464
1764960696
1765325087
1766379664
1766476435
1766759275
1767084882
1767450681
1767488941
1767526080
1767865427
1768047325
1768076522
1768690501
1768775055
1768849392
1768853124
1769239052
1769384728
1769420420
1769548927
1770789537
1770975700
1771093281
1771113856
1771307514
1771373629
1771549997
1772258145
1772540442
1772541226
1772646360
1772723367
1772884372
1772924768
1773031133
1773582773
1773615609
1773737756
1774332139
1774350256
1774395732
1774475889
1775014887
1775188079
1775220045
1775527136
1775758152
1775798284
1776338446
1776358995
1776601990
1776758763
1776802104
1776901120
1777032432
1777358325
1777407830
1777762618
1777847221
1778031653
1778532825
1778668353
1778744169
1778857922
1779102620
1779669411
1780231660
1780372783
1780942020
1781094188
1781458587
1781848282
1782582933
1782698112
1782868370
1782957000
1783068450
1783069072
1783815516
1783964225
1784642216
1785209375
1785354187
1785524250
1785917093
1786237203
1786691475
1786763915
1786861260
1787070915
1787264458
1787314285
1787435520
1787545601
1787569562
1787575429
1787759813
1788035273
1788197585
1788200961
1788202948
1788217131
1788582920
1788788118
1788814350
1788893042
1789124582
1789218804
1789651824
1789687641
1790318821
1790723314
1790817465
1791071998
1791161034
1791295310
1791308271
1791595944
1791816685
1792238971
1792266799
1792404505
1792914347
1792957640
1793123280
1793478857
1793535330
1793615549
1793788545
1794141307
1794231516
1794510386
1794628434
1794708842
1794763502
1794821503
1794897110
1795138744
1795447607
1795532870
1795844944
1795918433
1795944505
1796007184
1796366031
1797078484
1797392346
1797789421
1797835608
1797990702
1798573249
1798692188
1798886299
1799053659
1799155161
1799171136
1799511607
1799543386
1799858132
1800024866
1800126812
1800246956
1800496918
1800914176
1801012076
1801107468
1801767544
1802017102
1802339603
1802874022
1802955533
1802988536
1803027594
1803203794
1803399478
1803575384
1803580975
1803738260
1803807713
1803988968
1804132978
1804232884
1804642378
1804904480
1805540384
1805577233
1805784266
1806423433
1806682967
1806758424
1806791328
1807093251
1807114338
1807126230
1807129217
1807573904
1807587013
1807706944
1807814650
1807949044
1808089221
1808880617
1809204244
1809518978
1810087964
1810254155
1810402058
1810404107
1810471151
1810653656
1810981633
1811214891
1811272313
1811412655
1812123365
1812258852
1812261372
1812508721
1813450127
1813796683
1813906643
1814185844
1814240210
1814494579
1814582866
1815084029
1815167015
1815258834
1815430370
1815601531
1815696299
1815804194
1816242217
1816620023
1816827281
1816893168
1816922713
1816946709
1817144988
1817206977
1817307151
1817764894
1817809252
1817969909
1818295587
1818375740
1818448268
1818546813
1819005170
1819071124
1819252827
1819806575
1819942995
1820140175
1820212661
1820464689
1820465247
1820611164
1820871148
1821039945
1821166013
1821308389
1821326230
1821567450
1821595967
1821634936
1821772434
1821775644
1821959853
1821993580
1822446627
1822694385
1823013588
1823091614
1823314028
1823583713
1823601312
1824085088
1824412132
1824913360
1825290313
1825473077
1825777386
1826138612
1826183807
1826207116
1826295334
1826413842
1826557335
1826673335
1826704535
1826842675
1826868539
1827306112
1827555916
1827698217
1827812097
1828059916
1828083508
1828148453
1828182925
1828326984
1828341669
1828369830
1828470207
1828614313
1828850467
1828882575
1829510000
1829669725
1829689890
1829884929
1829916897
1830077495
1830429828
1830707580
1830772842
1830809201
1831001978
1831062734
1831107218
1831119752
1831166783
1831287534
1831844705
1831971637
1832173359
1832249619
1832677166
1832789505
1833023898
1833430519
1833537240
1833646218
1833805799
1833921705
1834017316
1834244805
1834514238
1834545920
1834579519
1834643608
1835269049
1836027309
1836097079
1836217720
1836650020
1836708835
1836724332
1837094305
1837104988
1837248576
1837485861
1837654795
1837703169
1837950914
1838171487
1838849376
1838872303
1839104362
1839290726
1839467840
1839560536
1839833991
1840061564
1840149477
1840209968
1840289915
1840818514
1841172621
1841181991
1841608505
1841900009
1841923412
1842069008
1842085955
1842340760
1842487461
1842532689
1842622857
1842853798
1842914176
1843142353
1843165941
1843558640
1843922023
1844360394
1844397681
1844500163
1844591204
1844898961
1844979376
1845290794
1845637616
1846205443
1846323508
1846408959
1846647139
1846713970
1847066949
1847216947
1847976228
1847986679
1848087090
1848308600
1848667281
1848714767
1848748528
1848839261
1848844807
1848915713
1849325939
1849376149
1849611816
1850378954
1850415814
1850871479
1850917764
1850978003
1851009080
1851011017
1851068683
1851126668
1851244809
1851275334
1851871793
1852702784
1853127149
1853549923
1853650068
1854677014
1854879019
1855265669
1855364078
1855471220
1855507678
1855589401
1855609711
1855687821
1855688007
1856203507
1856335010
1856782845
1856945240
1856971637
1857225922
1857687159
1858190044
1858251133
1858434636
1858587605
1858742300
1859005983
1859071946
1859135833
1859173479
1859721276
1860061509
1860927785
1861139894
1861259630
1862031895
1862545664
1863073446
1863249880
1863253278
1863276285
1863514827
1863872252
1864477740
1864496685
1864582503
1864877734
1865160686
1865188912
1865219576
1865254968
1865506375
1865941836
1866082269
1866152135
1866162069
1866433095
1866468712
1866472267
1866757096
1867034871
1867162083
1867447527
1867452627
1868202053
1868360902
1868460286
1868486239
1868657333
1868947697
1869067426
1869266703
1869423709
1869753396
1869870278
1870356372
1870942786
1871206674
1871212109
1871750422
1871795709
1872329874
1872572973
1872803826
1872869110
1872935565
1872949241
1872974814
1873105979
1873277614
1873894338
1874137846
1874228072
1874571788
1874741524
1874811014
1874822955
1875138093
1875356217
1875438076
1875545394
1875801364
1876036682
1876192166
1876353386
1876381099
1876757040
1876759530
1876843726
1877251774
1877467054
1877879050
1878082805
1878088546
1878441026
1878783958
1879426669
1879427521
1879744918
1879878331
1880122255
1880178113
1880321560
1880365754
1880475955
1880504084
1880547608
1880567512
1880737729
1881066028
1881436764
1881829191
1881888734
1882685564
1882792280
1882942485
1883138253
1883756657
1883871400
1883990314
1884122503
1884265790
1884391822
1884436278
1884472153
1884643745
1884694866
1884866055
1884928991
1885504996
1886289474
1886390832
1886400994
1886762766
1886835448
1887048156
1887223338
1887635812
1887796954
1887988333
1888668544
1888995713
1889011553
1889114277
1889394168
1889543638
1889543918
1889697730
1890269386
1890480635
1890490066
1890651512
1890670093
1890845813
1891031147
1891163327
1891182556
1891399963
1891490273
1891703693
1892136626
1892551079
1892637454
1892758042
1893370794
1893455108
1893752177
1893759787
1894611154
1894710081
1894910755
1894956529
1895435103
1895675232
1895690690
1895821315
1896080619
1896734985
1897106242
1897287859
1897653744
1897658964
1897766891
1897934242
1898062424
1898566642
1898691163
1898751666
1898794835
1898817390
1899191791
1899231020
1899357290
1900111168
1900368209
1900526432
1900861747
1901041157
1901204632
1901511794
1901512738
1901768597
1902344026
1902651285
1903238318
1903246683
1903672370
1903763835
1904007020
1904068342
1904328177
1904542634
1904745513
1905040588
1905056930
1905154183
1905429852
1905900237
1905914183
1906078003
1906116484
1906249456
1906286603
1906458974
1906832848
1907337211
1907470551
1907589555
1907821849
1907930566
1908495822
1908672397
1908804612
1909219183
1909242136
1909296231
1909311686
1909397897
1909463763
1910010039
1910153293
1910286062
1910406279
1910421064
1910918049
1910927137
1911138480
1911227611
1911521275
1912201605
1912270250
1912340565
1912366745
1912368537
1912704288
1912819322
1912869213
1912911246
1912988088
1913370272
1914223305
1914280797
1914452560
1914738011
1914827143
1914981028
1915001968
1915169191
1915217122
1915442876
1915502898
1915793546
1915797178
1915818565
1916316053
1916470023
1917032542
1917409614
1917546454
1917565344
1917793434
1917964696
1917982500
1918085201
1918217053
1918257408
1918414807
1919087682
1919146286
1919491631
1919907599
1919922883
1920005891
1920066414
1920209441
1920308497
1920332710
1920352070
1920362253
1920477401
1920609226
1920674458
1921010043
1921189455
1921264495
1921769858
1922034502
1922039345
1922125189
1922406409
1922664134
1922673977
1922770820
1922902416
1922910827
1922920350
1922981603
1923170777
1923171780
1923196330
1923337418
1923700368
1923865257
1923969805
1923980313
1924226668
1924787024
1924912541
1924939821
1925064554
1925943668
1925988572
1926810672
1926882762
1926897026
1926977271
1927062505
1927105040
1927142122
1927822956
1927862981
1928598283
1928685020
1928716384
1928717847
1928915479
1929037356
1929246443
1929304255
1929502070
1929618248
1930432648
1930956297
1931428241
1931435529
1931644351
1931658320
1932143251
1932314772
1933305920
1933442717
1933879565
1933944205
1934390731
1934408272
1934912337
1935005754
1935007221
1935166461
1935303181
1935705858
1936641831
1936846943
1937120735
1937712803
1938004504
1938024349
1938097314
1938322209
1938564055
1939331266
1939352321
1939785214
1939866033
1940507026
1940898038
1941376515
1941560409
1942007763
1942090468
1942353529
1942371243
1942485392
1942825416
1942967743
1943297402
1943402246
1943536690
1944130807
1944451681
1944561796
1944580719
1944693146
1944828303
1945066202
1945100462
1945306740
1945317102
1945372427
1946329162
1946350937
1946499053
1946636673
1947962707
1948597108
1948629966
1948635727
1948664238
1949007445
1949091240
1949392000
1950073305
1950279277
1950344324
1951884499
1951953652
1952144250
1952283611
1952585733
1952684295
1952824431
1952976348
1952980327
1953263381
1953274389
1953934393
1954174120
1954283153
1954626307
1954939981
1955124111
1955297898
1955566268
1955584411
1955660274
1956187676
1956377236
1956377268
1957047808
1957111557
1957179216
1957336717
1957633546
1957726100
1957825844
1957869253
1957926300
1957938282
1957951787
1957967459
1958348141
1958349081
1958617679
1958784970
1958804355
1958857493
1959270468
1959582878
1959709807
1959840958
1960112711
1960612486
1961189621
1961532283
1961563796
1961826339
1961883391
1962018112
1962281292
1962330305
1962671416
1963159207
1963281091
1963657523
1963768928
1964407403
1964783609
1965399192
1965407607
1965871385
1966240848
1966520405
1966677179
1966800433
1966895946
1967118828
1967492489
1967497692
1967561943
1967782248
1967990519
1968385918
1968647958
1968775403
1968832360
1968902857
1968972792
1969042289
1969429195
1969794670
1969881268
1970330535
1970342203
1970379047
1970616715
1970992244
1971243724
1971420289
1971451724
1971636129
1971934546
1972078207
1972269842
1972455799
1972493310
1972890454
1973276557
1973316800
1973475702
1973561105
1973613833
1973653756
1973781620
1973805149
1974256739
1974370992
1974581251
1974592602
1974597852
1974880696
1975450418
1975633171
1975924632
1976263284
1976419416
1976473386
1976503320
1976920435
1976995742
1977300772
1977869442
1978172668
1978317757
1978545657
1978580553
1978919502
1979375590
1979453787
1979598035
1979850055
1979963084
1980290680
1980367121
1980413961
1980513157
1980698089
1980814644
1980937495
1981248284
1981300185
1981330306
1981649940
1981843417
1981856025
1981904684
1982162097
1982399743
1982468318
1982934919
1982999161
1983022889
1983169873
1983312274
1983644806
1983850138
1984562367
1984822152
1985420028
1985676885
1985754470
1985993472
1986272288
1986648371
1986883978
1987294316
1987671105
1987675957
1987716699
1988068127
1988073387
1988077547
1988188742
1988768849
1988814161
1988893994
1989478875
1989755420
1990047103
1990258994
1990275908
1990708548
1990872474
1991222242
1991241865
1991326837
1991691544
1991726620
1992023687
1992114989
1992235478
1992409050
1992562105
1992743690
1992907062
1993155032
1993315475
1993325422
1993357183
1994247940
1994461399
1994540715
1994563519
1994705955
1994874286
1995521437
1995792142
1996276074
1996294465
1996732104
1996881116
1997348052
1997505228
1997630977
1997808016
1998144545
1998262582
1998434422
1999322588
1999329239
1999443159
1999996121
2000390725
2000393000
2000653499
2000854014
2001014082
2001194401
2001429351
2001860784
2001862369
2002311817
2002566859
2002592043
2002595462
2002804033
2003091524
2003113942
2003226457
2003228044
2003444835
2003496822
2003616219
2003651563
2003732425
2004213005
2004216487
2004394871
2004435445
2005129249
2005193136
2005241179
2005278599
2005328984
2005686184
2005869861
2006134002
2006257390
2006297682
2006347025
2006400793
2006604899
2006699476
2006805735
2006879492
2006962883
2006995622
2007360101
2007733717
2007788495
2007892060
2007928834
2007987826
2008294641
2008648068
2008722825
2008741823
2009428638
2009498752
2009998343
2010305243
2011134337
2011210511
2011273843
2012072407
2012522592
2012644465
2012776433
2013174165
2013563243
2013698176
2014173516
2014210928
2014273357
2014545583
2014760198
2015094229
2015139245
2015370002
2015733379
2015909795
2015941354
2015984326
2016560377
2016722257
2016815722
2017030998
2017452904
2017461944
2017485516
2017527575
2017735277
2017943997
2018017468
2018049679
2018129840
2018309266
2018369271
2018556839
2018858598
2019432994
2019462842
2019544564
2019721958
2019722846
2019941977
2019975891
2020325829
2020347925
2020456476
2020470016
2020663610
2020706047
2021023107
2021397776
2021888154
2021899044
2021937926
2022188687
2022308195
2022470827
2022588414
2022826544
2023023207
2023081264
2023275344
2023409400
2023691073
2023879166
2023945086
2024265205
2024350619
2024770261
2025088266
2025385414
2025526733
2025572422
2025678150
2026776831
2026892636
2027149087
2027396023
2027688103
2027697405
2027909420
2027929608
2028066865
2028253228
2028455424
2028490004
2028661710
2028782342
2029182283
2029472213
2029778245
2030119997
2030162533
2030338414
2030483758
2030635111
2030728523
2030732679
2030867109
2030909498
2031038606
2031148420
2031250648
2031274093
2032118887
2032251682
2032293363
2032539751
2032643514
2032682218
2032724303
2032857409
2032899906
2033011416
2033157830
2033422139
2033511047
2033952013
2033995822
2034256229
2034553721
2034619062
2035119630
2035271798
2035397736
2035761177
2036293530
2036519436
2036666737
2037129711
2037135913
2037183770
2037650937
2037671036
2037776360
2037862400
2038043008
2038133757
2038404280
2038822828
2038867699
2038910091
2039568023
2039642892
2039713164
2039893400
2040027951
2040122126
2040137852
2040242123
2040274738
2040818253
2040841349
2041163759
2041193153
2041266917
2041278457
2041295663
2041323023
2041665653
2041821267
2042214959
2042410671
2042687086
2043269467
2043402362
2043426303
2043450628
2043610846
2043752139
2044024781
2044047377
2044217999
2044443367
2044515433
2044601541
2044647713
2044863090
2044917001
2045144294
2045478775
2045503131
2046003500
2046221303
2046468548
2046727230
2046967816
2047868659
2047998071
2048075011
2048217491
2048456347
2048576756
2049163506
2049209701
2049291616
2049296370
2049458866
2049655599
2049756729
2049837018
2049939700
2050748149
2050794981
2051183674
2051204013
2051359668
2051388883
2051612936
2051655681
2051726239
2052304417
2052435142
2052554182
2052699136
2052856752
2053255231
2054569231
2054820930
2055295064
2055324641
2055459525
2055630043
2055705892
2055838098
2055958348
2057057268
2057144006
2057164019
2057222836
2057475197
2057823269
2057956190
2058079179
2058363648
2058405879
2058495130
2058798329
2058853905
2059078739
2059230027
2059479624
2059547405
2059551842
2059599041
2059667056
2060183612
2060494386
2060642907
2060861216
2060909802
2061052895
2061330101
2061374522
2061490588
2061538342
2062388663
2063003820
2063063695
2063073974
2063454330
2063725766
2063796303
2063899010
2063907020
2064114647
2064559856
2064651928
2064772735
2064793827
2065065938
2065117937
2065190222
2065233589
2065739375
2065934524
2066528348
2066661849
2066676537
2066972931
2067178652
2067188775
2067257842
2067318626
2067466498
2067944435
2068004057
2068216281
2068388955
2068452667
2068476541
2068514338
2069101537
2069328112
2069333287
2069642380
2069665579
2069875973
2070511571
2070522306
2070727071
2070754335
2071358450
2071402048
2071553761
2072238093
2073015355
2073444533
2073451217
2073569516
2074476444
2074778199
2075421617
2075453494
2075937596
2075960737
2076193964
2076323629
2076380119
2076414086
2077268016
2077638398
2077713535
2078177233
2078184207
2078459087
2078766156
2078847195
2079110371
2079346999
2079781643
2080084080
2080247008
2080250117
2080515485
2080519419
2080642742
2080895179
2081243418
2081281724
2081651025
2081729507
2081870286
2082574260
2082779976
2082859738
2082990908
2083197884
2083280094
2083293273
2083830977
2084077451
2084565829
2084572604
2084909762
2085038664
2085133627
2085382132
2085572036
2085758375
2086069699
2086181836
2086437483
2086481973
2086591719
2086621855
2086688185
2087153971
2087670457
2087743073
2088704190
2088759492
2088779678
2089055624
2089318119
2090008743
2090010908
2090488694
2090566837
2090723520
2091086316
2091390499
2091558424
2091564061
2091773360
2091835212
2092168000
2092502302
2092534255
2092561320
2092674935
2092723825
2092811793
2092899068
2093367109
2094096042
2094662684
2094795647
2094929904
2095021657
2095380910
2095669015
2095727694
2095741042
2095861751
2096060649
2096092911
2096150837
2096294913
2096511231
2096720135
2096844900
2097060917
2097075675
2097129774
2097287685
2097877798
2098047183
2098236953
2098733239
2098804463
2098867837
2098924579
2099152153
2099344790
2099607468
2099699805
2099830652
2099927676
2099991781
2100534065
2100538050
2100591161
2100647794
2101068222
2101148042
2101176340
2101207769
2101365021
2101801858
2101911954
2102576007
2102734420
2102773491
2102813546
2103024733
2103155352
2103334500
2103439408
2103711626
2103813935
2103900551
2103971973
2104344956
2105187984
2105223442
2105570952
2105718129
2106185591
2106204906
2106448572
2106510646
2106721752
2106801016
2107222186
2107248862
2107504425
2107613688
2107616868
2107683326
2107922222
2108007225
2108072350
2108254134
2108309462
2109177517
2109182040
2109420498
2109468463
2109557945
2109704900
2109741300
2109857914
2110399294
2110454110
2110734563
2110899201
2110947246
2111366907
2111502620
2111583795
2111661058
2113035400
2113079702
2113832999
2114029968
2114850882
2114867198
2115013247
2115189564
2115427925
2115541954
2115686108
2115980898
2116169341
2116722337
2116873558
2116909626
2117160270
2117208344
2117837919
2118052994
2118334453
2118359805
2118665903
2119015873
2119031102
2119394407
2119469580
2120016607
2120041796
2120310466
2120545559
2120818515
2120950009
2121579127
2121717560
2122099823
2122106535
2122464642
2122547840
2122651368
2123359403
2123441022
2123801128
2124008274
2124187098
2124448867
2124661964
2124702287
2124814426
2124947210
2125621324
2125636948
2125798164
2126101187
2126108459
2126162200
2126256548
2126261480
2126613074
2126886502
2127301258
2127412717
2127474232
2127500260
2127797635
2128014353
2128119306
2128139865
2128142980
2128200710
2128211044
2128329648
2128807632
2128827099
2128999794
2129917825
2129942233
2130667860
2131011104
2131136968
2131756163
2132274585
2132335568
2132419702
2132443909
2132512262
2132542379
2132849054
2133078976
2133164299
2133203228
2133386549
2133557318
2134136166
2134359216
2134458763
2134849758
2135314418
2135539044
2136237746
2136340177
2136592407
2136652626
2136839190
2136889959
2136946820
2137455596
2137474280
2137499252
2137703619
2137859494
2137953704
2138518982
2138663392
2138699392
2138906050
2139127194
2139130958
2139710277
2139787488
2139888601
2139985804
2140118285
2140126624
2140523817
2140644892
2140819666
2140828143
2141145605
2141455517
2141504535
2142066381
2142148681
2142338972
2142359657
2142361217
2142488287
2142815280
2142850178
2143008255
2143278768
2143561015
2144153559
2144199850
2144410022
2144532206
2145134932
2145301338
2145666487
2145793035
2145969755
2146300544
2146691633
2146708494
2146798627
2146953589
2147095432
