10000
1618942249
353823616
853943107
1386929376
488867480
1648158073
1200426884
243924780
314757886
1047876346
1119446857
1141016540
1527122871
332580290
185373951
300940238
376270161
304415588
646296100
1319674522
1399826480
228385334
1044950970
1469618133
1489640293
1366433395
676394212
1737491471
39242207
1171435746
44513622
1658184457
1525259362
898456729
897630185
2014126843
399131154
2098057070
110567975
713889040
998449768
1230014832
1854905580
378088991
1562595123
2040279531
679029230
1938865284
197211471
1325325330
1111056158
1597037952
1553710664
8523480
919172437
895867309
1374956876
1595566649
485875133
1414199083
619518748
530388755
924899892
2144778110
1428845484
1822530078
2011421305
1827976639
1773103500
2121989281
394382031
624069620
1204520465
101803964
1002158611
619631940
2142083495
1681187841
411013577
191811319
859029524
1522069735
1788849271
265256540
1530593216
560538060
1161123850
758066444
8621062
1646998983
24781879
628139810
29904090
949681772
625434272
1458749574
624728202
489371930
1139242565
250348054
463877563
1533624597
874417674
1668398028
1635428561
1876576285
140546321
1630028408
1410280479
551559898
1821839727
121826355
2073629633
1463205350
387082895
1456739201
2023743411
1548206745
67321997
2032364473
1047722080
92103877
513020635
1077626170
1041785649
1138454907
388892097
1666513851
1627826837
1528134662
1916861905
2091704400
914275611
643795931
1612618781
402220524
372888568
1753165102
2032248933
1783169047
157241352
1706605012
1904995402
83387337
1022326715
144594650
1540126539
898586478
1692801395
1607448536
783467303
593039828
1699552413
1296487938
1670665998
593854414
287459197
2059558095
112884617
1915286035
1440209110
2029746522
1859506787
207001073
526058805
1324641920
609221598
898947374
930323374
493986883
534632773
1087564726
53108247
292144528
1170952064
1075434962
436739178
563594955
1974021440
2129540573
23559843
610005095
575096753
1723112257
1906493033
98279104
169483023
46468583
10353551
282367641
1961754618
1450562661
164630515
1673777757
1657563735
690689321
850936030
119301685
1589636695
1781259404
613288568
2124269468
721340483
666396815
268930348
1892292547
1741831778
705669526
308403854
1568369570
687726452
331963697
30891018
1262823205
2055075954
1937384051
1361102309
77075330
1983852634
1371455861
359442971
1798123604
674534874
524073486
1324417714
184614961
1214762807
27870096
303916646
656915854
1809129500
917205214
633701675
382986335
1583602030
902632023
127795234
1177950160
1608301550
436199088
598836082
148544354
768162786
629727100
1411367559
675755092
419627504
624986221
752830422
255996490
1996442082
1112273393
2054120095
523493308
1636346880
1231054161
708108270
703626039
1258924257
1012024916
1360541894
920570109
1929230131
1994243569
1303556445
1365348513
749391944
1431351679
395815025
210209846
1867550768
994651107
358754200
488229906
1624378208
1770121760
1163984998
2044005712
247624333
1916815421
152518554
96582767
881605166
59155001
620076075
370468398
1290209162
1328184345
1074094438
401649771
192725614
287152684
1322219881
2121955745
133912605
478292678
1339820610
883304549
1909644357
1735635635
1093514396
1629711477
582803094
1452268596
2117941383
59697654
1074906708
1134442734
2103703366
1322531041
903774507
108738273
1419113808
1785379673
167893274
2039189884
8364424
1458102437
1219890581
1082458862
1859752208
1412616195
1369611546
1034488441
1387088292
1503524151
1512781119
579425254
239345052
1274941829
167577241
1332859448
757169658
750380336
637644397
727627394
810077990
1712551105
1862070128
766297709
887598499
618360987
875035982
159228659
256257012
1042929256
50934895
264621436
353548045
1270825477
1347080298
65816606
535958024
569208196
1100305047
1923046317
2072732347
465602519
354987923
164593752
1740544348
522565165
1497453200
350230358
1272945501
2135097597
1077857752
2083023491
1700165055
792444232
701837552
440279906
1410805219
1576873534
599508565
1667062232
472319143
650443461
1931683668
825867188
1921268938
1131280319
891683794
309743314
1700488515
1991988842
85305983
1625737215
310107713
440293907
1790330967
2050652061
962859072
1140300519
253398771
88320925
1127914469
1331256524
23860768
680595876
2123700756
725698321
1120875782
1387022328
155088207
1720384347
906600912
627407350
223344160
690800932
1453274539
2144613098
1822081251
197474685
306872765
1375086119
41979879
392178748
853339686
352087592
832472655
496187005
255256005
1795331727
1636487524
508654777
1883652652
616918345
1839911301
1907513421
1297514221
1816128409
485728094
270906355
1055667089
640816301
1991290703
1962268001
1268223652
67151215
505585286
574014543
64280666
180182889
771489228
371153431
1555269008
813469108
763332179
261125046
1165556700
1595804835
757312051
1420812706
1243652914
246315928
1929467483
979821919
863234273
1621895136
739851692
13264847
1290539897
1225579786
284171202
198723339
1866396087
127978257
13507692
987136091
195129473
519092978
1561150634
259410139
699275868
185156215
630563570
107061228
998625323
1393895749
368186275
16698375
842216936
1125498326
1437511081
2085869851
1371814254
1219494916
918208122
87564880
693906404
1658059814
100829727
1984446302
736155952
385000929
35685993
455068391
512979187
49193685
1442204483
708108660
568286664
855871469
967518799
1267562532
1041027684
1598082369
1374623760
2039653007
844494470
1742810035
2056351383
1686711407
720824714
1346378816
1625097610
2092638968
418390085
395822084
32720200
1112296489
2053881898
133549927
949259143
642554202
518550857
984945136
1097622593
1031530044
1034138822
392343428
1739638704
1602425486
1248214898
559673855
722504370
141758934
10272576
2097128130
33928294
854767046
1692454518
2090279677
393994805
265795584
1289174845
2019092415
210950904
1707564930
267430851
243671105
672377772
173829101
377221032
1621636915
816383303
895771889
459098404
1914005897
1927301933
1493237226
158865677
1519456989
948179064
1407080575
2079130844
1670683434
1548839510
2089403420
1620327916
1582767804
796686819
1165298786
1525563833
1190681624
1431094370
667255030
1062290392
1642045275
227336313
1329721243
1885716380
899714085
1503550345
115453764
373867352
172450000
1011225654
832965756
2086455897
791043939
178719334
97837927
163017281
1126898398
1504918502
94664477
650098184
906274364
36584250
122942453
341558520
833271069
1288241239
1867122353
2023952693
571851962
386893736
938759437
66413589
614230049
120997033
1952129969
1513944134
1624547378
2067583733
1887811486
1796997378
931325739
573293595
1735969628
1722369679
752012929
1833807555
1885386960
1878911328
1191242409
1980051437
381525864
2097516774
2016635687
504468317
291591646
702423108
1792709557
11230352
578892154
217077871
398124088
1517651591
283491460
1012354137
1638648624
88137781
378814623
1115712354
8237866
119142461
765226085
939563606
692436056
353712065
514449637
1444448986
40035972
252352949
1175876666
1231278381
84920738
1557402530
1181311507
2101556426
2061870848
1472903154
656495886
1707096757
1484133506
1235388040
1924174628
1882257594
605555984
60182440
747128083
96720960
148320221
1125942706
1212433315
156558087
1245085167
1977659400
1096121693
1937521224
183887817
1610571330
1234486562
223923789
1862924279
262879580
1455202170
1947845018
1820282110
489030030
1901917796
1734669310
1961933184
410930034
1294282419
1298583042
1646318075
1070973399
1033356988
104390411
1131155839
1780485071
201111371
1279476060
758944129
1413544686
1436034148
2004029296
1243720438
384672193
1794066872
1427608255
1995243524
881069786
1651532044
1710684155
1143949366
959250567
1511045525
816747829
1448280597
1265479673
403933491
1262730133
1676409708
1698215911
413829527
1175244135
621705662
1447186515
1279634546
1752861502
1080187938
1480745917
884853914
1839132067
746806956
173404414
1695677715
1990527394
558076608
1342260940
1270652002
405836484
75847078
774700398
2116520639
1219796445
1733950965
1480082517
2036544274
1034747914
598078542
292994117
149994399
127004602
1991210028
563823926
1302248737
465432043
2011010441
434399635
70809897
943714731
1915145553
955663811
635363150
514468861
1129068226
183557218
357512607
1687144834
1525818158
1628164609
2092981318
1601665236
255381360
2062018309
673978033
1989332325
1394617178
563038659
876596592
1992695721
856032777
1026590991
2119700323
699759157
1590414918
1274465413
1165191200
1453941711
1708865048
1236001097
250172795
1476526953
44181261
885535945
1990995814
1173249487
1069093163
201024774
712910673
447427673
1829189383
658408343
2049092910
2084570743
572943004
575587295
1926419421
1967560183
1138625955
655532365
1812772256
1994658732
1682123356
1784988931
546934241
1125054626
911970696
1712125442
431512690
473352097
800642891
681685485
1949879050
844824152
1567221430
1793391217
2018073639
488830946
1994415991
583500664
936258619
1676121726
1241909007
837867881
1613208822
1814852012
1413455177
1392144595
1634928547
404597484
2047676960
1300217155
251772568
1582316668
937722438
798706809
559887647
1849693135
363348603
991400337
175561584
1163991495
1673085822
2125440634
2008815647
1092823604
1771348203
1879405639
1581654550
1618280546
315422655
370429522
1146918625
1557331663
1208297403
612643799
1224700027
474268932
2004788394
712144926
878866416
1904981706
2012362081
1130638984
1339814726
802600871
1929345794
1899702373
504810358
145210749
743619062
680371942
1309202244
269221236
658328929
1170534244
1362044841
282193484
902456235
796215743
1900474031
1217878890
1166645265
899909008
627726905
227459021
1512552807
1852426932
701727953
1369857553
417088210
1580594370
1127355611
281966643
563749706
319686689
1084567515
345611852
71905415
1589377873
490822602
815524477
122266168
1800024846
1084745714
780595097
823075442
299306907
1062788581
1725531677
1095522650
815778964
795926920
114684268
1715687972
1423653825
342143289
1080757131
1128597110
1043871242
303131036
1545685320
476981964
1430486647
1827651964
1040731671
1750173337
764735831
1386343523
1822078752
206630056
1877166125
490119581
328896224
1529707324
1574865295
1109491321
205299118
1874172202
24796255
1930830796
822211205
840575219
579274068
936895473
408779544
2002927893
1279038762
1489536675
984041355
175426356
1792667712
382243028
652408321
1075670711
62411344
1693139992
678360400
827147175
931999867
352955504
1033777231
661682345
843075086
1362673456
43906021
270456733
324681129
249205139
2144628936
349477384
32552287
819356493
1190052604
611826355
1756251966
1598832148
467270601
887807080
940885175
1451311956
1063233436
586069239
1833554984
1715641757
1661739951
1895966328
1261298101
192616703
575629855
45814321
545572208
1609407087
707496666
1388647294
824596895
751402687
1659104027
1149278024
1000607826
1656249315
1498755409
1033160114
328122160
541324365
1644986469
2084374126
2140156513
2112257070
824697558
933558040
1416085379
1887930995
1519627280
1102156715
1456089104
1033883583
850639396
569903558
1226500286
1426269251
615717879
1772072494
888192690
1323214545
1013236140
1712789585
2074617232
524856520
714583962
927741410
33622187
65855723
1960901524
361744348
607180088
1458404346
298634826
599852953
1423177768
1123332385
1533410993
691779499
863779732
905554625
1793936215
172385188
1939438208
497091963
742288746
1018454847
1923361214
1358006625
643043693
664070257
533737522
1656279834
229376194
460871106
33652706
943960156
1388612517
67274893
1009815879
1202030393
429019241
1616995967
512951091
727654068
69365272
1936128860
1850986453
1602776266
480424711
567282537
360847243
126877278
739667725
152801804
623969241
1481956472
1171256651
399846808
692479449
1814300344
1063917065
1226216972
1323096530
1293293259
1687088078
1356749236
89769768
928216947
1424024130
1099585647
2130247341
1853043371
569097967
495714784
433213791
638463239
284359996
136716596
93755857
764784708
703999133
454603101
891661986
1443666859
607404905
1515631228
778139683
1778661556
1915478036
1470619132
1445478252
831911453
549352456
621091135
2125204712
88956887
1977840371
67490832
1017173834
1254380853
1167076480
999937527
959940577
1736174447
1495652312
1393154368
227154038
1780012308
1529870965
320909896
397313368
86386450
775512997
1288975355
1530053309
1382917902
657122935
160709344
1014095810
425117323
1631328477
312090414
1257028776
33197285
933181549
1234749840
122154172
763538273
1302240673
1139328007
2017919126
321833505
2139265534
830376055
2058007952
1487434198
76046776
137678342
1119962859
1605917741
458588238
1517276227
1692304191
1234101235
658767934
1074873853
469535489
1315890869
1235583197
1483631299
1741008192
719428026
1795721714
850553320
752625312
581419615
2085303161
874779484
1344957888
1240060186
2014107491
1215393367
1561893691
2005889378
2045769422
1472417995
1345839928
2121816198
1610096337
318319139
1580250291
2068684576
1835595367
1125070835
1155302163
346879653
52461040
1624837653
1662770523
1288044237
960985304
1256295067
2007472264
609223370
2106848388
612613928
1190642986
2044667901
1487393412
388117226
1137244439
1354017256
1603510593
551654482
1212422986
1501796368
2024072477
410779266
1476128918
1486685166
729098406
908895562
1407886094
417210125
2033966397
415704610
764089778
2086427437
2040542263
279376653
1226988026
854043919
1535671721
1086976642
1463267290
1495036461
1699590570
506426628
1392220714
1039500335
894543854
381981505
246033943
350570800
933635987
1458456929
1852367168
810224816
1869236195
1181012438
149426334
450850953
2089908000
1557312429
868061078
1976390749
1973017039
1632150857
1915334538
1866075654
1911527510
994838917
572635925
1299715583
2081815559
2035903215
647268396
1633922482
394846195
2039489110
525939169
1289390050
273986967
771973112
1639960850
1207622954
82946393
1344844370
2017847770
1952182588
378373160
19790457
255549894
320797513
1577102886
1123610972
149704614
1402636277
608278181
2065039153
1121228283
372322044
912394422
1693864208
1672037627
846726333
1582283776
171822376
333165167
1977129971
63827838
859104336
1119036373
337814806
1631077448
611513575
1545437760
1714023841
1956357945
1415801883
1518722782
187247458
1435592340
1774272676
508044971
865211578
750400000
657749585
120364207
1358678182
575305090
1241592490
1731000226
1487699512
787973050
1255554205
186942198
222773178
1427376581
520107365
52419502
1491204420
1379211702
1171455875
1829019226
862805502
1782969451
1226973338
429345696
1591843748
495291573
1948068478
1779091206
1930883913
1574857506
139652529
648611843
177773858
797402115
768976050
1536452040
1372707205
2010568540
1119968618
712923070
651057943
228039176
899865268
873831121
1655415757
1419972633
926250623
999136529
651700687
2097706499
680672107
1514506190
1733192302
1907645446
1943851886
1177552402
255453371
1744436716
809159961
38853637
1171810574
948812490
687465480
1349584432
1746214605
1456441531
738552825
971438163
1319526423
1858521443
1684361233
1970584366
2086560619
436742853
696931840
1594492729
1856715486
1623182463
446145610
360932526
1573405314
1126817718
1875438716
1159113968
886979516
1671806954
189182723
1142432887
1268760022
998342684
1181286524
293086948
1947155174
1868752005
1642671380
1545886132
1177709888
233740557
369840647
349752663
2092262001
2054201880
172853382
2031338972
343461085
869785222
1478348053
52692923
345484037
1924493664
413625449
1918889352
903827734
141580517
930519672
1790807250
1813387471
1119702395
785756489
934663845
2118045079
1967043014
1227750793
1917716606
1688311371
722938526
1316119090
718537611
956679083
1685959737
1068290274
901457436
1592677969
1241143656
785312761
1936139054
2110928878
116177166
1988831977
308929268
2040670830
254973779
80334972
797014916
396554296
1010854644
440338518
62458120
2130557040
1226095008
997121965
2101118471
1045654374
77389111
1871351429
586482097
800327637
1039986871
1305019708
1757006720
578462960
225826334
510980509
23657281
1466969991
1296293270
1959796335
1430415221
1412470436
1801144665
1739344489
1305657619
2056118444
1819679461
2102672535
305189092
683050458
395527406
367647212
666123850
1621622414
1364769178
619758673
519793140
1442158289
343626455
1106275237
95002278
1383613326
263811297
1852008998
1962076287
489637631
215505859
1985733568
1956607622
1511799129
1798046256
1239539196
776785918
1451707273
831400037
2082443537
1360342069
503595851
2037632424
1665531161
1186646309
285676182
2033178374
1852770159
1907298596
1250463904
325045184
279608088
545138545
668671639
1385883325
640140823
2052284966
1649694622
344666173
1866877605
2139332254
560172033
1705127525
1948456228
2071971162
1355690133
1040511776
701273432
659913758
1871911814
636233321
2020255827
228024017
526382098
1538303341
1414670326
812058280
1423998067
1119956837
571873229
526978323
1445002021
851481317
1072116868
2113673661
89880995
1712257691
2018474979
1739575617
2056923864
1737868936
1731424223
469612249
1295512813
1532396804
394099764
503719299
425424932
1095373196
1163633057
149853098
1731606518
1036405237
377877115
110504968
427224930
1792547441
922563248
1851222997
765020630
1494436477
230717672
62539004
198434147
1302834540
28729017
288315142
867608583
2047203996
2027890759
777048799
1637589284
1611831335
1246661049
785618449
996744491
1640760813
1289337748
1422169423
588650361
305487158
1572022522
172773231
1341892395
1949899637
283278199
1769117325
1594963431
1205841448
1472856674
212500413
552794277
1703574346
275039417
751228424
858925238
303768434
1039543566
1726533821
203488782
919950678
356098972
1841078066
384298365
1602760021
479212868
1381042856
1096037186
1768550616
655728631
1684687548
2074037774
80267505
1857460779
1268446521
2030167143
2140738979
890080198
1477646926
1199096779
215453224
1690147339
1751891056
1919027570
1965186757
355635833
630469160
121471543
1395179399
209519333
324960326
167646429
565618306
18554744
551944794
20894679
497767612
1932987650
1116931866
118834581
441232634
654135766
45388707
521500139
364112897
1313835229
404183634
357368228
56431779
1881830560
1556465007
271885004
1424494252
1160872416
43428926
1242197361
1516508249
673898087
1363668904
764204000
883417420
1688629230
931850430
1449035726
1707183975
1483795224
1469930406
57467939
1269299227
439378624
176302520
1710531861
1093514390
221691228
84548352
1457627287
1535526457
488731987
1814995516
1591958236
223078899
1223976875
1863843240
1647573151
237365643
1907272167
742286864
1753873892
433686606
2105955769
370594245
1317104026
1647101351
1302444675
618656105
1206801678
638756251
2088586511
1264269618
1908055478
380481487
1440572138
1471103691
1473995877
1662263366
1555652044
784139516
1050306175
2044384031
451651384
494780764
119979282
1675628260
211140356
1767552434
1912993903
2118412523
362355650
1519384148
404615481
320827771
1889978393
1721719508
1967929123
1044939420
192891965
1027247153
1683695671
133994828
144033123
1444267502
514476315
1584605262
767887545
1988472192
1099384980
176055941
625128060
2207508
72956324
1076779445
496988272
192935607
604924057
708128628
1960488041
370434312
679057504
175360043
1889818460
1083672985
496187815
1632313205
657908845
316633290
529768977
850800810
1343880443
65981001
984795638
1487913567
1510248503
1499271953
925035181
130652400
1340260497
2024420161
306708342
1965388558
2026627669
379664666
894684355
376132293
572600273
1499608412
1084260922
385604666
1870042724
1763318426
560964710
1612377537
699507763
1057152525
1097207094
1357416609
1373785815
1626976072
60733771
570182610
1692957073
1045529410
2058096177
1055721928
397317715
835647710
1186374328
1737578213
712584224
1493082670
1555483123
591728245
1872747337
302683830
967860539
297863962
1802292242
2052121461
683468629
1524851318
1667956239
1244433339
989745207
219980354
154102216
2086952302
1577396963
1527888031
1566444726
1638130735
2098070641
1111918151
536176497
2008683171
20156431
933494212
696847233
1206530759
523588777
1409431457
552129782
2079071900
2001159703
277393471
234272082
821536594
575257433
2036564324
726174407
1258726062
1413931995
246646998
355675753
256193554
466627352
509777969
195662208
2044024316
2037666000
1762106934
1534671403
1988252994
726541437
2070847900
1849452517
746697868
856858464
398816102
1953228628
1380447242
1808247560
357874762
1312035494
1661923615
635268233
1546307577
335976561
1210525666
1435388253
1062150968
321768081
701836600
1308797966
677443834
958030155
1775425318
1187221804
1153692363
1671965986
1077404156
768315650
1059153741
918173502
1494857087
982517993
620142371
94071308
1839376458
1018958474
2047299936
1072340052
679722386
257691050
236891898
194162353
892959283
1783199475
530138914
2103484949
1071104081
1592289882
277769382
1772940681
753604200
955213217
583487188
381545870
2142435021
1737179552
2053511857
1072355529
358011554
965181950
1990529032
1852868641
1947699944
463187755
1946939949
1639592754
1482146229
1846756237
564449158
14384967
2104447287
801341056
208547320
849922922
437056884
738686234
805924224
1508160965
183492468
1083693606
1133617998
937096668
2038906823
1717105187
1318642539
2033858196
1306801091
1224670748
958730078
1664812645
42369050
801775462
1370197638
1990068994
1264963217
1169653940
1482178100
599625799
868926529
2046627258
614010766
825890169
700484667
822558087
1675813091
1137541551
1561244321
334253667
498218868
1744736790
1417947274
1631836866
534349810
1309370449
1201458405
1852992349
1195744998
360775848
930179449
6991428
2025588493
972548500
808766890
1248302484
815133846
2073730107
270472776
149828299
525872258
1139399305
48971909
1139883025
1965289474
749456576
1962441112
1493618918
1886998127
1376201785
1827872585
237733347
973454927
1098336211
1869570214
1507804738
260223013
923544971
1213313439
1455968011
1284320820
2143492889
1462959439
1162425665
968557741
124242681
263244501
1783691587
50489140
533717277
1933519886
576361399
1673116583
1982491796
1716244424
1490922409
584464724
1531201888
837057679
323979204
759920025
517446617
561712551
1733374953
1615782828
283799117
1093696043
1876005841
1207344089
159525834
1184490204
344181261
155535075
499965995
1506606926
1124092816
624208676
1769851428
760300756
674697817
156085057
546336994
1251059216
1829201640
381345142
819819992
1172640402
965809867
203538232
2009698081
1289789071
963458257
379661050
1851501622
549349562
1995443879
2135300740
1643045605
1723966072
1195161181
1802571440
760972629
1539342442
1958106515
1260938624
898465720
934715684
1885147301
520833500
1695016440
412361470
676918558
93869786
1663420686
358636550
475214929
335757030
1531276952
1441024796
539295262
1393491386
583330219
1502753519
1773152436
287348193
2052103082
1621112667
275165285
1547665039
1197595092
1470326466
1202752831
1958567721
862185260
1013375699
1072022697
1760650981
1948091383
809686350
134000833
1495624175
1222047820
810919391
1589493961
737984858
1169555942
2064708890
1073741888
553349246
1358250038
1613037150
1946840632
1941580257
968307022
1572509421
81444803
872926456
1046138440
356610088
273107847
96249884
1826936555
1475860679
2054817605
541638167
341752730
979356655
154805500
142360465
1789043005
288806334
1637984640
863607178
1099725725
1079994953
1601592036
121798019
997220196
527850277
675147266
207986586
2140887427
474504250
2083196
961710801
2047013671
83527999
1834637257
945668464
440138087
2107745105
1041918348
119590994
1436122136
949252306
661229162
1777874866
1928608961
816034662
1920235331
1570168318
1104840996
1410736323
286291848
57083074
343247628
1887883885
178881093
1340467824
268250514
854028359
1548454411
261654293
1328532610
1550537607
1223365095
1228062633
1634065606
910518704
26247449
2074203693
870780161
1068165798
46311040
159418649
2017418104
707540202
1937293515
1798543417
1523574864
1710045198
1221228087
480932213
973297873
1507519936
538015287
1316545502
1247920173
716896380
509529678
1516170687
1570924740
2057984089
1777824980
751973702
1461038048
853706427
1980036335
947620006
1764225132
2006283785
874340052
487521645
926965935
920651092
646940295
796900391
1628191294
436750162
447960160
1004282510
2146795361
1669188247
1485214723
972609586
1029224535
2023230010
141671440
129661060
592642743
651201119
1645831747
16083835
561701560
1276173080
768057537
2022739609
2129879507
600610224
822875967
1746620991
459410361
1697216019
86658989
1386376296
470383463
733599284
35793039
2098574757
1170349446
483753199
955373620
1169661159
5457799
293104695
2142270746
1034682334
168851058
136458538
1164343395
761493801
787659657
662691494
777577636
1349361218
1938864574
1545635173
1224617179
1921260434
2146245397
2047493146
1520397777
458172111
1597225518
1607056766
1844548407
2067608981
193172402
1880341447
2018700091
1363521849
216610998
826590063
385699360
222068797
1119694758
380486458
1256751132
1288545816
516944997
273610879
2050039617
1304604654
936302373
680133605
506482224
727683300
78285130
1731099403
501460086
77046880
1631108902
2021857863
535218991
1080850772
1481430982
232283750
1000976105
1674603384
2112625197
872192548
890641585
181752548
1698782611
1276340946
403821345
670993722
1656827404
1660572477
1959539538
26288753
1934183356
1862095508
1330893408
723002082
394745465
1837375632
1450685382
473030596
1420991388
1952145468
550077476
904616642
1826519683
1085296467
1985467414
1160467017
1317580217
838959871
687586754
1282721767
1711152420
1578228339
1464474315
1262451383
707085637
1868295660
1933445105
216429394
1381384490
1745500996
242718147
1168084198
1460112856
1573611555
1891086280
1854858321
1263503540
1194288014
180405269
537011280
998949834
730482745
1441627922
677985870
1815779212
1279611688
1838452887
985875782
2118571559
378555993
121113901
1682240331
1956784333
1585588216
797208067
516386322
1306400228
583169524
732815716
540301070
181186872
975533864
1708385269
1641299728
401661771
1451987901
1348674402
1665165311
498792268
1529079671
54692943
1497742102
112078769
1496320865
28244324
1927857981
628448905
1866697212
766250115
599536817
97769557
887364016
134293500
2054553890
325468584
931501567
423456565
1631868813
1514671092
1156272281
24686235
1695857964
2131806145
1733071504
1189674045
385984269
1037575758
390864799
2051149580
1536368026
1919944470
2105842524
886626480
2032023239
1454679741
914870805
1812397573
2083128647
634084369
431164040
535181816
731853926
1318528057
669475316
638924169
1643996641
1600976884
1062380734
1128381806
968164328
71169367
1153068042
516538644
55491865
738655898
1706212689
441476134
1776231656
2097077488
345142066
1165116034
1869538311
303500942
2051742515
1754077902
1758180684
819129672
1418991827
1693825683
1453214041
1850155868
81523851
37584319
1021200277
750999167
676508488
517713270
204492403
1738889222
1646095077
1172656731
1810058590
651679471
1689195376
1865550455
1390335369
1247924417
159542941
1019083378
1197518258
504685007
36715764
919572921
808185950
2088458279
526167175
418882986
760104303
1945159003
2112708669
65834696
1647831223
46748872
103419016
521547852
797748039
779927504
1039261122
1002240443
371333079
537872551
27413526
33908021
1189552022
1716608902
1899458476
432403744
817049672
2059001417
1451487122
2014567930
416202776
1488202886
786657203
1224388726
1429177518
1312824378
1643271712
41798173
1110499733
1608496733
107632870
610847308
1655245605
211051886
1132395160
305509997
990979390
24172635
1307750440
1362312469
562045186
1335163966
1396220490
1751597209
904289221
1148195318
36517305
1721338893
1059713087
1488004427
1588423175
1475915864
828723665
227596730
552820942
110417535
1540421108
48609007
152215709
503437194
1657105740
259848579
1114284502
1164867698
470900465
99196015
1470377695
1461879855
123368650
630644487
676708677
685413836
1965808453
2072929167
289527397
722614026
1073640838
326044702
296469271
2133353925
1814049129
1884892446
1461786141
495289147
2112489176
2014607084
605706682
1505426637
2063216091
757922391
2008863831
1572838183
1017770970
975664685
590222233
1488671435
1074860700
2060599928
803067643
1198229350
543760767
1479776320
1883643187
362085573
1405221839
25686936
1084699599
331379029
351731639
1381168871
317249307
18297120
1118577669
1779035448
513586267
1083583198
1646158884
1119292950
441526187
1561891327
1877215341
302906370
987245863
747502664
1278571055
1577468096
88690451
205948108
1490584377
891758094
1404177458
2034345144
224050766
1140336997
248947069
1629272606
1166023934
1333646669
1960651635
1517755573
567331892
130417294
1536052693
1685909561
1909452743
2049638961
622009111
1408127979
1021448263
1063535298
822535659
751179956
1366441668
1809781522
1498682620
497529076
1239765970
1587373072
703477184
582866699
331647518
2107654642
469728196
555698285
1100507992
718675265
37487243
119048278
2052321934
1998138878
1636803851
472170178
2128556173
1025372896
10596092
1890525268
927528209
632605203
1151169599
1948976472
1696140502
1973705258
552672781
915098522
1636003132
2051355401
1412627598
728285455
1491244825
2116104782
1311152154
1822892344
2076275777
1780880350
231106981
1029300121
352071968
268594224
1148348399
256910254
119249454
637668602
729080433
100321979
1663041498
739676525
1990847247
443086060
1372281728
994533199
244578884
920938582
820754809
797251665
1836037105
309274294
701123419
1101181055
1037559749
44884596
1069802190
201228255
1867776940
998594319
1982108606
2098883921
2027894440
186696926
219994497
1028759191
443607180
339243952
1666427793
1172687613
439565931
1181985643
1912364138
282929531
1625071703
1137162219
1277462730
1869650588
2058100801
2098217539
519418605
1746654258
260008185
1220542024
700351666
1297567934
1265426621
1770153856
1498796190
985719913
621264527
1333421148
937120187
501675319
1520118074
1157114684
1530434510
1963725254
1496358636
1049378655
988929220
1935924568
83880650
753809710
71370451
1708952354
1890971929
1348833181
1431119294
1801589083
1299567072
1950537899
1400759693
1559575258
1023596276
2101111359
709659544
141539249
1723781567
60972086
1127259162
197562446
1394393234
2064379349
699237765
767027660
1074010386
82188627
583269267
422885374
1131567282
1572198487
211326294
1215447933
178524549
282696745
776916639
2069496479
1631529926
60552285
1723601914
783613351
2011090184
976877959
195704961
887202812
930505671
905364505
1028742061
506803590
966336592
8517576
704366037
213246178
2072896925
1403603802
980273839
999423663
1485792430
1563543106
1422309038
469876064
988257945
1633635332
1685323997
1166782494
1916332078
314756988
1088795325
1400378356
375309273
664913591
36508059
238915810
1641791551
232213020
1126118622
424813574
1137577526
7377036
931617164
2103914118
15894612
1635983201
169676648
2088791537
892103356
1149950487
940731553
230412138
566009945
215556943
700288202
1554267890
1849192275
238128552
573566737
1618040705
552885540
1662362062
870935414
928194814
179792006
907443473
1167110624
1821583557
1139656494
145745598
98913483
129750372
153122634
1030530647
86180842
169017246
519030201
255857490
110325136
1411133557
1405807978
1051056689
1641545695
1971817923
1266613632
194350249
1378602166
968322259
432478801
1952168903
438879317
985364342
1467047317
1309814731
1913559156
1646839323
69774556
933186132
1320939232
1209431050
1078931730
1419852715
1339181422
1232054365
302899715
1425362264
1401071611
821929916
1681219755
1511396747
85579825
939544085
414969788
1727125520
763878360
1681583420
1921475769
2142480526
502422032
206470923
1947165781
941301349
1191835265
1266729451
103632432
957910773
766085126
173406988
1891096905
2087024359
1382838039
822544987
1359393426
574535813
2054599352
1662293141
1999898078
1308187316
336739409
1533634185
672100415
422319234
325694622
1087070204
1961106
1089572982
621169976
1923436876
1084569861
1123592008
2129907799
884251994
2064893357
1174259416
3497797
21042141
2132170189
769582924
194449130
1875783446
709123635
1577287169
550844785
2068517061
4339334
457960490
1583326555
2004237412
1766147806
1920065964
1390387949
290764573
194901551
1716082571
1377834777
196862657
658171906
1999004754
2120299533
1742741767
975113114
2102723684
479510113
892522824
1129499452
483007911
913564965
1114185993
1252590835
1108014095
842485791
1961714470
537817616
1393330577
1882747883
542156951
1851291067
1318590790
398910715
1469955225
1091173107
1789298665
1760719798
1286074658
1357897588
991070928
1482937315
2016069494
842592034
1455753201
1611327613
1817705148
1410993237
2090837727
562744324
393009042
426361990
1476309290
1507195035
1678952825
436839737
202197179
1493183647
974657354
1595527756
1228447882
1516814305
1299335175
399555025
1915725020
621806752
1490728132
1557540037
235042902
629319142
767953978
1226113830
2112256457
636539824
2068705864
1420526010
100383790
1738927365
684035600
43737869
154188041
1077044642
470099859
1630497331
436756029
1569036
2067337069
638953208
1494752683
894510775
86997316
575716917
263841432
1386332491
975271942
32082804
2008139243
318516426
1589622842
95698498
947835568
210093172
1321812328
912608378
846632996
1243034545
185650740
947016786
834478262
869686340
990754655
988666303
1946730982
1460854514
471679987
236003364
1462423550
391533408
874956572
809692585
1286044183
961953889
1385409503
1549885615
200802732
213197797
1581968419
61458328
531714224
1024107613
157156826
1479549792
1234200785
1478969154
244674522
2080833782
574520051
430325263
880366920
1408998313
1300011603
1871121576
250180969
1099258938
1184492442
721860956
1335262302
499432345
1113394364
62735226
1309124930
251954899
1024689115
547050785
1801840514
1225491848
760248583
1236325285
1286950176
1291962807
112949251
1444107002
624028951
1347150036
775592508
868703474
1280500170
1350112560
1299028737
13383443
611627225
451556692
1884505019
861808194
1550815630
921513813
1583669150
738594284
1420946158
549579866
801329511
582587441
801534765
1826018626
1129638226
455891631
904026826
1889886809
1692216917
43493354
1034365968
1805166168
1487600356
1658394920
1004832556
115709217
379614746
137849079
1465821777
1678643483
151232522
2077449002
2130200175
2035737541
791773549
1533532158
809767706
227959051
124642794
83230217
777538918
925972305
665817658
1579073683
604507284
1795455884
2034965315
1508534110
1537859046
1579698584
1552027465
424741366
1237381104
892144173
2083136286
94730012
1007853390
315267384
232579091
326191519
1993910867
383811613
256156874
1976627395
272065506
1047930423
1362675905
1081833213
1275889474
1487318699
1165063430
2053428392
265807357
1830881088
1485018428
870314641
1478853324
1372500095
231365103
869228722
804715031
1783392568
1293970089
2042096135
528053094
1229622727
2136826147
1535906484
1544890112
221921591
1862098004
1391317331
605733204
2118254878
1220461078
877798711
1018701653
435653335
1959631924
147107479
1922972035
977211706
53052224
41295744
660609146
1538070652
911610385
2139462470
763087099
1142975488
861207545
1567802130
778884409
7693986
1462414617
1306937503
1237316713
1451757116
695360339
634723177
1673678707
409974695
2026040509
131928264
380745925
1099017939
1009726975
1399447578
1534671275
821875251
1546555058
1310159662
1799086957
1599607282
1351455406
312212455
990194286
115582143
304191277
1753281385
1258557631
1165398822
1173599867
2037442040
1173092808
488530836
1196895895
262925874
1940287952
1892256235
897649051
1466483012
154747282
776205912
1598411276
535493208
1875223852
460654603
1934940786
1262411479
1282529854
1334012196
425087493
934133163
786135830
1776542899
1246345618
1776330116
1892125042
1550536895
1382127853
1003199025
568452070
408244072
893157418
1741544878
896774908
2090053313
2004470752
689579213
1834825900
754636156
8578577
1989573183
1530842068
1606989853
377582743
1258582272
2067644456
165039881
373510103
1202690662
1499052078
798597596
2136823825
137704260
427656847
1235685795
1914034377
172298241
638739042
1148678582
1175497267
1207191112
1556922655
2068654685
801252343
306213915
2011224350
658239447
995793128
1698566603
1412875603
1004371705
1540656138
796234024
463877910
1918238881
2054816296
384038718
2083278762
280842752
1586729380
1434847192
1079440348
1576069557
1572551453
1507097196
664271704
1339102182
1679395437
1303010747
340297116
707409056
362718211
1897219771
628580093
1163970554
55950039
492320796
1822210002
1051743167
43403751
1087601957
2056114873
1584059889
1883835981
372509135
1354815122
1791168630
756547854
1290610236
2072011382
195793586
577973781
1003968082
1771863144
3041586
363581630
288651200
1342143768
2042977068
1591661947
1682440884
602902476
1954380159
1432177008
1231482570
970867065
1488127047
1723803366
645593419
392386566
1767207117
1733195377
301017791
1203783358
1469547710
673526927
411114832
1113232692
1430074781
1701725068
1037760426
1625868367
132215201
2041728509
1250247863
135256787
257826491
1538899064
1477400555
153319911
983077363
1012357792
756222388
789973874
297051152
1987704958
1760840940
1785178199
1564024676
258950711
30081117
1183748145
1992146088
331098909
240047855
1314210151
1004625836
651162687
279959195
287216969
205404107
1317719622
1913085336
337619309
1211964483
1015849552
472876096
1469790974
407264968
1950276652
1623110886
1390342331
815150796
231849626
32832558
1112201948
72070936
1793673498
749896499
1636095612
2052624209
779977616
672360109
1897286650
1111076525
912407964
1064013153
2115702361
1563570651
1343972348
255435682
1768974758
514208322
21037371
2106594067
1726172805
1036886923
431986516
1048480132
1444151891
234779520
524107370
687010574
1049930316
755956996
719843132
14648616
828027932
366032982
764545115
316639896
271173544
1544522731
989000005
20976546
508115609
1901407969
1084989699
476334322
1317494972
281478399
731770005
938986082
795686722
752807376
898096502
374375879
1789694299
1330083018
1422856011
1086362542
1564862538
1946963381
1773373116
467309206
555436729
345732601
481957822
1383464661
711765583
1246502937
1700104557
982939127
643542020
541620914
1003915673
1151657629
295545235
2088905372
1627991952
1613040207
222900124
212278309
404542642
1018586846
965085685
1302639144
1392962725
607296336
485238514
668335089
1693658878
2050101052
467814822
1319548346
369926610
1023251552
1665280947
851884432
259232565
229562883
2098387369
1959337123
1212502010
594445741
353474389
68934036
1746103371
649019625
10355760
1226611675
114576184
233255884
1438889984
519118826
1251842730
256492021
1821757970
497321808
863788357
159512836
1165656897
409963587
62130240
1633471719
1729511933
432056850
509239623
1247309233
1283941282
768472189
1476872116
1234845003
580325664
541890478
1829290745
933800053
610824514
1427910468
1582819678
621180275
507038495
1697395863
854436159
1945928479
69031041
2106278890
54936852
1890789012
456117050
918725209
2050301848
1621773947
1328688796
2112432089
1107762018
910717081
397005291
1617001642
10542666
1680946574
237990183
1487414782
768307929
818315847
2029305261
450115026
1752115900
492646127
1878025494
1187451931
1113826402
237580341
737364146
1968262562
36025172
806395187
1927057804
90962024
549700551
235691206
1009687233
452518752
1857465153
190892381
417467193
817743523
1101609463
814472484
287261517
1112152129
347935410
525251700
452083264
1116243340
1343567547
333904877
1566358366
948199800
826551004
1296900213
2135651731
1940377407
1534480554
725532229
1761156321
1570505727
1531927416
1540730477
1661467751
2081627968
1776421683
523671337
386663072
1486403188
714563718
804130265
156663063
1816173181
1618602749
443924581
780841663
1966538160
969176281
1232924927
935297852
165260181
1566829804
354172570
1113459981
245897160
1651072783
1101628064
38790919
1038069690
1827160293
1799947240
461091769
1211604061
1193194069
2122559520
1145748381
822132104
498747209
1532411453
161051644
1213310928
189058070
317714708
882000461
1807660820
761639289
1662842124
1626715332
1730815570
748283403
414529536
1896075751
167629559
768702106
862052084
413526720
272291242
1963680148
452317639
1310360932
1643356793
104781232
1771452701
707477207
1297975301
1746528573
1853225588
2120107406
97792135
1238153394
133675402
1311103063
1427211464
451390110
45619876
1087388636
1213029399
1708462001
566620320
796361322
309261756
981149856
544953425
476891316
1749851963
1407005510
890418036
2022143205
1223202010
1342735675
1185020489
719075156
1447516907
808989542
1426552363
598008561
408034467
1132294303
570632319
505826602
222964049
704307721
1816929665
1650175514
1155697832
1862549542
590080502
221243583
1423527895
1156700823
1017604905
1732789651
2137850679
1562558331
62197319
1740218994
822080193
952615355
1614878551
2045282203
147867383
652415392
616873711
1595384290
1461404934
2043426074
45909203
1869439402
1028236730
616541522
227782356
1251200779
1320849244
2044712022
753892645
329063428
1759777916
1343973148
550307011
1035822163
353190323
1567911917
621128166
343557354
982986600
683325486
2083776349
1805066793
1635940841
1551171252
1702865348
1783808224
56102997
172255412
1231708867
1517507931
68197838
1277618070
1239463685
1096434568
1894159593
1467246042
200151700
1067525189
1364474416
954044345
1396588617
976768684
150533845
1946895628
2012590847
503724168
1367323897
486235365
847281523
202826849
1169560851
783574224
2007893642
658018045
187261828
1563275343
294342621
243364825
1735530755
1526051488
1760872757
1803728593
656185911
852852794
752679514
402861856
172615188
952831214
1470387045
1537089604
1906875559
719492014
366374640
2057409405
518903994
231481839
413649925
1886227892
717717205
1260931448
2089054741
1887278056
2044505672
1949464736
397812453
84283853
1365256431
692155075
327648678
953303538
70722915
2088521435
609548483
726908826
793890582
1362227997
1129770682
966505770
167575563
452674079
356111727
2074451123
1172166093
722486367
1984376880
1691070088
953968207
250543157
1429814332
1671685412
1511474606
1371385425
1411479820
1408496630
1173366513
1809292274
1492780483
391139296
353963701
1820429162
1344442834
424686616
1761466949
1953991318
1151595443
407873883
1168735667
133882477
1374379654
1336311231
586556557
1730491381
1263278706
1758722650
305494100
1100171938
1302309090
1259462307
1350715095
584639774
783664071
714706053
1956025200
47660244
2123202684
981908065
1856952518
1468499519
1373047362
63432571
1141445033
570006548
488119187
755428335
376514218
1639714630
1163302218
1545249886
1773597108
390198224
734077469
212670017
2120689605
1997356175
1971392667
278700058
950044465
1126218110
1538162365
153275912
1710857884
174342789
867981966
1519399436
222003033
843701002
353823854
2078955551
164716873
1726871216
2142388122
1306161907
149394116
483023661
2061590242
525908335
2122738292
1077408812
2071158221
1748851752
1467607037
657752042
1961521769
1440812994
507624569
1785430788
1719513052
1457669034
764165250
1110191770
1610944946
327539487
1284534559
331443264
1846938923
1506537592
1175144266
53279129
1438009495
1339861140
1780150345
1432913969
498539399
1929544462
1915937630
412645993
307969149
1891192274
1490054805
231643722
1492560378
810178194
889395764
1306598499
103507541
1397020333
944545640
1823020593
707205719
1708710890
785728715
170667017
2036250377
2070263274
502110282
1735705653
1429317218
1677254548
1788984782
719843065
869632040
1421651480
5273386
1368171439
1203712294
1921211017
1780817432
1511681443
1664919643
1123388590
1743325165
1009996374
1933566784
485237281
169111225
2037074325
1882257614
1113656865
1712611271
441979685
674884108
350856338
612646702
563650837
273635965
1114756984
151872842
1702953183
644527885
1940857625
275312601
1514159925
1215025457
280585987
734847717
271254103
54313356
368181501
1782935546
1719233000
1491570091
1378777063
581745726
1277653228
1864014344
750856951
1167243905
1598788310
1864513817
732371528
2040767995
391914277
1083227867
505931049
955565114
1356863832
1620688034
1107437957
912333367
117732271
900811934
1187645968
1631892196
2115837391
1468231956
219256265
239607846
1522545312
587437767
2022543392
1094294664
2079007858
1253836807
1676040390
1209177438
970367503
279413694
228937696
421672165
2143927511
961309224
314956512
388358140
2044537091
820887561
1343923254
1253917275
294091947
303877563
18766995
411824218
1204689497
1206412963
2043716415
1173043240
527161271
115489032
1412651086
2049706584
702926799
1287710830
996517600
634451010
394063989
525074343
1843628448
1364431492
804488037
2072566144
1786103657
800931900
886391721
2101060169
1189290040
783445164
774464083
385729646
2037362440
1068556030
689607210
2056129435
1480380249
1894296707
1115058750
1376613016
919856300
1642220022
1492102048
185023738
1544442958
47545200
1472734569
393476910
681996210
1866798558
918551253
378141010
1083746403
1723039290
303223507
722366412
376487542
1189615228
675942934
1565777582
1973060392
1450407017
1951507229
1862939184
371479399
493630791
1771584971
1851859648
240443850
739160074
1080989016
1160300150
233896448
425607417
1345323889
1778339406
473152617
670574810
24332668
1155148827
389889720
942883922
1533289837
1473636123
518439564
1836513344
48518888
894927107
878644924
724461822
313221041
704221669
27385191
117244622
419677205
398864590
610875413
43778529
103240591
851319264
782938603
1184229607
2011619414
1016835051
1609837024
1209459655
647690809
2082989641
1880034465
672023477
1090654820
122440538
1614907399
476461010
1596076661
2133346964
165490706
1644595549
880790423
1044135631
221573723
1194011464
1748357300
248958914
1311256087
20550857
647823505
1922131500
64329386
751064096
625967116
847267989
1935293703
490102883
1864103040
1397647080
1699562538
364310201
1333153073
1432113356
1036333679
276324246
1554553894
503757430
752785256
1003146907
489620746
918275962
500258809
1370411169
1962411593
721832532
416938986
1563285245
970791447
1728195073
1583836103
1618614952
1502842925
1648165489
222195400
2128810042
347949831
10005455
471429277
64569223
1407652535
23508167
428879425
593321961
1455621523
1465213104
869646207
862691769
1968970534
1622431463
1865838677
311107633
393223777
218613838
1681518802
208151723
940446370
2098457788
1771436968
1911237817
1679169213
1207789423
1382369121
1034528491
708471265
1604564521
1015854885
1056421096
1614569977
1487284162
1120990319
874738864
1510792329
1549869744
1468060825
818930205
867599200
190223384
1681621974
689086087
1812654847
1399977003
1000193720
58394977
1618590841
534228874
266546700
411553564
485203015
2037983668
175307733
16888580
1098289444
1557676855
1051417071
1806760709
1014757728
2067271956
715698157
481844057
1407072470
1836688476
1356582922
770381152
1239074573
677160099
1589311357
2106673773
867383484
1123449683
648276212
532554683
375943039
1648469932
590949660
1994533880
35215159
857496360
258603796
520418174
747996381
433911530
537306754
1846285825
1991588385
1588723826
1505562886
858862465
1508512134
73777395
1340706523
768100957
1910465871
549805797
1538482109
1002056796
1226965896
980309818
961246922
2094349380
2103759501
1609523134
479420416
332218892
1110509419
1070370076
179269125
1145724578
1927866437
437872921
1666142752
528379170
871784451
55965858
227181347
715889188
1644689684
1732744233
1574751654
1005718171
1806521628
767974529
1773819128
1569503851
1317780326
1164817589
424077000
397262574
2145127407
1385323922
344128307
2101403260
847363408
823548723
286138505
1957872827
1893918799
465407630
956113757
1674301588
903280551
474772861
55197110
1775065003
530738720
282378457
343470543
27944756
2015122690
1918222197
1033662927
1674160670
538713078
659998407
1096180874
1856493404
1824815996
1520257874
106272331
1822459755
758098148
450400638
1776379368
1605461556
1273949361
2062517873
1415850736
1020384512
380441855
224480845
547202453
1283722406
699253707
602399563
911303761
1229992427
884778021
1254774305
1257937183
752417063
1025512854
144116463
279094086
1564225933
804114870
1375274960
1273235689
481447219
748049186
1379508020
156423326
1506147334
1829908658
1932802694
964125242
956374371
1847836919
232492330
1976758884
80795126
456973176
376477689
1364517533
1156226883
978877252
128337646
238735662
1863655273
1383111951
1496672845
468588689
261141158
1640789308
747682775
1825367091
297420531
2122957735
951119132
778867750
723523273
183143505
935291076
82186959
2013052163
720610123
1046312201
821942887
420963394
1278804532
651218123
501758521
1735777708
1027695812
1866276054
744520943
2006573064
1994613700
983256605
1722744690
1230242004
332445802
43849731
1491383162
1973235111
791532506
1169266605
123171994
767006593
2120385737
902039744
1490529866
156045594
1837330820
1572716825
21614110
410457295
471545378
843556997
831420690
1750349910
1494775120
1333179211
1338643970
374987284
1051971617
2083164913
234076700
899101669
918937870
1956821390
2129343673
1251383673
2000671121
1473243187
1077135136
644719979
495026144
1200307130
1411726572
467928234
2102346874
754772790
623973828
1792194046
180005967
645587938
55167694
651551346
1489144935
886588384
254417608
836436407
72283947
1593061579
1211423691
1124255564
1528742844
1445500392
2023357233
300197067
1254838134
2005217259
1551580740
1108025608
1330976798
481232228
1752745587
1826002943
1681539358
1016988512
146447529
1636402584
1771761302
770421357
1281112982
1951767270
1416009296
1336280676
455834968
757670583
75385412
710252576
1594106991
147669359
155830507
658047034
1271924923
1684573352
2103547426
1147798509
1984770419
1210901913
1005532120
1388867511
171443873
189025270
1870099739
1924189460
2015028213
1404155449
793694324
13992094
893074385
417971979
784413452
26703719
222255601
52939100
1362984396
678090569
810609683
1438369808
1388343145
257233026
1586039168
1544173653
915280061
710480443
1081263357
871343839
1858278952
918550128
2082245752
716327424
159933991
106205977
905352695
2030033730
2030395438
772897260
1286705531
676606114
786889355
32296268
1094578093
1571302807
58999987
1316833694
1624241907
1421984383
1994924263
287367942
712870544
1235783761
544600969
151426064
632473766
1459881030
861906507
1713737123
183741221
572701812
484803603
118503326
1289029236
644737594
224709303
46898283
527287676
107621093
819795544
1813993207
784227208
1606684899
1846289475
1878805301
1030504058
1905289462
1048155348
507262317
1179790198
895595963
794630259
1892660742
2131379724
1339231228
2044086806
616369842
651628610
758509665
182623317
835369832
1331211477
667426920
953873158
472757066
1312164514
1178582461
519655349
1839452190
1286203555
1339450893
1505961749
2070430763
798652144
1204767576
1801752416
1829156202
962573391
702424116
188934871
2142363589
1598020080
983565131
1887540683
1581916156
175312711
1784143841
50802351
826941322
395169858
233425668
1662311154
1726381336
900852589
468700664
51654754
65533455
1647283125
571310103
1904985646
786003032
1910760997
1263463747
708950147
561929493
320747676
363218916
243602048
1283321067
1065643032
432536919
1278201008
516179464
1416102050
1018258043
2098095621
1591414762
654918236
1414324
270872436
1050088094
234839992
1933183590
628985782
1135692581
254400606
680640536
1201226037
1901683731
1251950640
958728035
540203116
1015227989
74708134
1249153263
1577157482
395455810
1612372179
1820759530
1678776877
530531564
105812802
809494237
1046711028
1521914852
1827752280
997323001
965845966
335186868
998737325
1236718402
1385274963
1233577318
1022418344
2014260745
221786251
1276818950
547417634
1423012288
1031019034
1799368274
234256675
1571222150
667112615
308964810
672891765
96786449
704420620
137780297
1917545980
235713850
668311861
2023358782
1045208087
1715022889
1397789986
725476720
564862243
216152305
1060663588
1563599568
1452870707
298454903
649693238
327805404
165232001
871479490
1604624354
712649635
147008130
488159740
364534261
381264806
2059381890
1031646876
690229616
584790008
1128433325
1394650236
722570305
898495657
1630364086
1390882166
774370791
528088526
958421407
24677130
1253565246
1523283650
240829435
166745186
939399571
1693700142
465200090
1589092809
2021505546
630432091
313088651
1478646253
1343081726
460096782
1966805993
1707615987
841361588
1878704236
591779215
1531591204
316010596
1720212540
778757792
1038580901
471224550
261638231
281979419
1245595341
789726757
1240400826
1270272471
2043292003
616200829
1511101906
62553541
1555600400
1057318401
527753631
997209561
931340299
1158185722
1310298213
262502904
353783800
1770394995
81825250
2061399787
464272935
1960529486
505695354
1995864139
129056434
78424247
627138283
1167637335
549648797
888776514
1449616754
1795244138
1678503271
542533932
918032962
1574311626
1158734761
281651220
1636865168
566851513
1338969621
17135151
1564061075
122826273
1175320874
726875640
385329177
1529104674
349786987
467154427
1443020814
814059922
280200265
1948716168
662440413
409256699
2027140415
1289578696
1576894034
429305564
30871563
879027140
77066055
1709374834
1421561073
995099017
1136202813
432812186
1276750237
625584333
999663700
468236211
642719484
416241127
591062484
1818040358
1143116767
976391661
1199661385
1492903754
1443546089
495198551
159480028
1723746354
296431071
821920441
2133003054
176087839
2111499137
1562413440
605393403
2142370700
293956933
682459458
1704261887
1715518006
1677558475
692981052
846544
806825065
1318565385
1000510244
1275061276
1961284869
1416751371
1866123760
1631841580
412384490
695031773
684019317
1905288244
2138577862
1179217868
2064768272
1714840569
1475648939
739205065
1700359975
1651736778
703220555
1115289767
109646534
698107607
1409246700
792105992
254885846
977281058
322180820
947866898
978127603
1129005885
118948635
1978637847
256583513
2080233505
1247905571
2122707273
1564591437
1660290061
670255398
101127106
1418094658
661349613
1280344974
1335379282
228706534
608510265
2074584348
1929066509
112763396
630321255
896872628
222409930
1328428862
158635681
1014515922
1583314709
1135916739
1336696742
383697959
2114044342
318218979
502646595
1945198542
574802492
435396452
1045620465
550026117
1999987889
558426878
1220281516
2101114995
1976521536
1881631129
1233976321
1164417171
2110337663
1842486586
1091517871
1891920524
1955249982
1721839126
641309504
30176264
902784340
799945185
1044692187
338615401
1935861925
233905281
722313361
1902422619
552124261
1224959956
1700137513
1126926753
1660356408
598274330
1676952871
1512860649
1156701209
749750739
1466491996
985739097
483898220
552984669
2672620
446752235
247987607
1094190491
191189111
55753942
668545969
832498615
85930206
1571330310
1632443801
1130622393
1909945711
1420822078
1364527675
484775424
1175761049
1916651936
1709735380
728414915
896095041
1222608140
1326689245
425564264
587985141
335906806
1175315003
2054477137
1321645904
1659213223
459978158
1324318524
2105965458
707965766
271025368
149670921
763719708
939571337
982169537
849649914
363417999
467129690
1980272308
125880063
1887951768
1197316335
610655487
916229169
966484623
172907220
1644644084
1862579664
1395515360
823849682
140660281
1983500502
1159756488
1315975284
1890493991
333918744
827704860
202988502
1658237269
786186670
910954268
1929262637
935857592
1674673976
721350326
1918027129
376840242
1084768326
237673171
209628902
1210648389
2125624939
1406945237
1821303876
894370460
225946212
1994211096
391530897
2088525877
1242242809
1215380579
81702510
1078259663
227653419
1397677794
821270006
561572164
77899006
1024258508
72325785
864085677
1935212776
2001588422
1799943269
1462403104
575455100
1570486750
1839243347
1660223426
1808159921
2048872249
723388167
1786301212
1308333839
397208396
533188024
1534280051
243935844
924718921
1475322280
1486178653
2140099500
1557024790
416954668
220269272
807218937
1238224675
781841436
885117943
114999535
854167221
1749203620
2050212312
708271995
1401663241
1365131768
1283727095
824666343
1056891467
796466874
485342616
958280069
1519855041
124160180
119130260
1917063437
657348205
1653410311
13515634
1582067126
981248944
1499694287
1574682979
390790086
1916648956
1794952251
1198009023
1007389983
429310039
2083126967
1122389518
1283477260
1684846939
1025118182
1991749255
939026533
242766303
1127992702
1763692876
1299657770
1924459576
101551845
110454191
1296830970
225712025
229584451
1066410759
883060230
1882994763
1079926393
317643709
716760059
432137033
1892326688
1107550145
201302341
1539795291
158075521
1208692324
1969105330
93718840
183598194
1105098942
1778565779
1208716377
949364549
570108664
1451482680
2077357251
186317893
603656802
1854333180
287869738
714110994
1003680502
513581763
943695445
2070091261
1396641994
679206560
1002534007
1714285703
1395966619
1434671040
1459128743
356033117
1635973381
851440386
514108638
697182057
673062068
607827478
880780251
1778161010
238909609
2089496628
580041911
809018274
1393495660
509915514
995336167
1997152463
216765046
1283205905
563779809
1220445548
1796787668
1507475254
1143053162
1045946014
39198167
2145587169
612748069
1435164786
1432774561
2071876812
1791197903
921264294
775833550
157822893
1618446351
1448895618
765650371
351742954
1079572980
1004559981
293755935
1659614891
1813578255
1687251595
22046758
661430774
1536920410
238811804
1944636679
2100700219
1459257353
1593940699
1460691826
454826867
492403066
1499889993
452930388
1105151135
787571131
1885704949
1029544300
431285387
659485595
1805377850
589108280
130448298
1106789821
1354758652
482191252
38879153
211834985
775947187
1698494045
2025413240
315715135
1720540803
539360366
1852635545
1959352607
336513397
1805852117
1271126312
1930454096
1119060295
1725953179
275373514
471466640
31399919
1380524650
1259037771
1917104868
262585302
1690323158
429106815
2067963152
131947791
559555113
1027269325
1486706443
1041746366
1066148479
1698541428
1817693553
617158876
1576471020
2133408688
190216031
2115831386
1838560586
2084990
304861135
1496929055
1273211303
87831583
468505702
851680834
363205098
939972342
883080754
1743729748
51526465
652701974
2006315050
1741849624
1081808790
1926794554
1873797415
1641363903
806580232
1213020210
535626621
1872728711
764077990
205836527
342403939
193065362
191761567
532619970
161413100
2030322153
534704960
466274235
1379767560
1807916263
554105818
1848273262
512113450
917310916
640761956
1395194204
513557016
692288422
2047896178
372388418
286654398
982221320
151699325
12968165
476101576
958279557
1225988375
1011728197
683524620
1990066365
1217564724
1025928559
35648079
1409326292
1558548529
197061179
1292164797
2093253489
663335414
524448710
1753686105
1217441232
225238324
118315907
2134752149
866000281
1513510111
500825517
1558288703
1413922641
873213936
1844943101
248660314
1024913261
1857911266
724761890
1983192818
936415993
1736490087
519233790
778998710
806571164
1545162349
814646789
68413808
956227230
1011707968
1360578605
901997071
1675043382
1885027315
508199528
745000966
2110265640
626515435
732269467
828782273
2140025546
1233094985
239587328
1406464540
2106308921
2084530429
1655124854
983738534
1794958047
232403096
819447704
583890392
1968893183
1338681494
1362889102
627980699
736360195
30052243
696394507
1692587425
1041760211
2056973113
447100848
569319945
1794516780
955300377
1314320911
1757298772
1581815812
2046590379
438597397
1574357711
1132201716
678184725
833338603
1091026989
615231506
340979809
2074765523
262705905
573382905
746729579
846596297
394792440
2085411073
62001751
1022773140
674287620
92053994
1719167647
219391397
1133814205
1628657112
666492245
1703134150
1275690245
1621792622
869971414
885505369
1056124787
769078145
1324102767
482998850
1901279861
2002287492
1316337453
844823202
470035351
1657317262
772105077
732741256
83216519
1518834656
1579337554
478008959
1456762081
1641339305
1500782099
2131049701
1733393300
1072466099
202957450
719723857
553639563
869449695
275374360
1829329808
343758670
1145345774
567351530
1399883457
1914423919
1891454297
1882882307
1668220132
1746258141
1051736112
365559686
68809844
561569726
1137664763
801551101
644786245
509015771
233405007
1122795204
1965777852
1874744312
476093656
1949343905
1460653964
1548559755
4817707
32894174
2102199318
874267402
308268534
1784045479
1218026072
1453614308
203913361
470425881
1220554579
2095367658
205824540
741291063
1694142151
1257560652
1106850749
1762951996
1819130378
97031864
417019449
316432975
606047635
650424456
1439228180
424341839
377685120
1915321836
226202096
1838339085
1316397943
231019803
1871233259
1271113613
1105287205
32018145
907675444
175829630
1485632453
1111588805
646255511
558703384
1059472815
852080052
1299994447
606131319
2109640704
259361548
221599667
1781287435
356393412
638619116
2097720410
962441047
1289043572
1389464942
1386782886
1666728692
1157303130
1612984982
1357584129
326217425
1844004785
1081333740
1597331039
801808342
1113351885
357522835
977637972
451500690
1469111641
1623893484
1010204074
381100808
328489888
162714873
987232127
290646944
422076421
1208831794
2071934379
778469833
1847450910
2022171142
1740910880
989010834
1264152436
980210118
508255879
273971919
445711452
1865840008
600189344
142232589
799690101
50036735
944040932
1913041986
407559571
1921678904
217059029
1876671212
1398088740
1227263103
110288372
1726578628
1389977977
1097520500
2017225573
1812054398
158868646
1941676304
443040584
2006319557
1816363798
36467816
847846743
933032587
1016677935
1356102622
1207004506
1462389387
1074458983
1807193850
1604621977
1874149084
1857230586
401179261
1639707422
117306509
175374517
1856766451
1993977721
1573463258
936545907
2104266093
1152558238
179040236
1054302945
1022300163
1991094634
1213171592
816492820
286651570
1072007501
485372970
323119387
1919854244
1418405557
1339797322
1128473219
477926415
654703061
55448554
137636618
111841390
1929597638
1994867204
513020651
1421821412
2112173713
688395169
1131104216
1958667786
114374779
2067650123
1915450231
1266933017
99206711
822269529
141749533
2090301345
2035441121
958242353
229469268
959964974
1443615323
552588655
732335570
714537233
1892385977
1860808789
1192463648
399605390
1916257343
1330100266
511446781
1698371333
1177483822
1024467432
972709098
1142173887
1712862601
2103813314
953358025
1827237380
2023979789
721324609
946686750
2123186500
1543594138
1088436283
2066004197
1431551611
2046678636
147989817
244032937
1342810311
700578472
976368507
2057347544
445480801
689693649
1102327545
845086192
458467344
284944163
1356532973
9355030
1462427986
233516757
982064128
457118225
1946379359
938393794
1410476251
1626133091
814889935
2131800860
425336193
790592787
1527911350
1513772476
709113336
811979313
1412967464
857103154
1056012250
608294128
1557681626
2032380757
518158024
2003162428
574590758
1620485569
700764972
1033058103
1905429733
2057297945
1042413133
1220374071
143331054
2024477261
1677492296
2089710413
815387407
940484899
1568359857
1630277342
924802111
1993696050
273386481
305229813
1359984879
982499817
1117209126
625468695
1839602971
25737728
1233762823
1249800950
2058118486
1751920848
1105479730
485225596
1224922769
1806244702
1518283699
982868854
1716058999
413213184
55759277
1859390053
290206797
1733251574
1801616819
1105594204
526252825
1222493028
588387898
1451054937
1068705430
861774379
1756284750
281206661
1844274197
726010229
906675357
1536393520
751747957
2140438180
638710822
662382795
1744875380
1744190552
1147608392
822314502
1402951606
518408443
1805183356
971526957
931621628
1860942634
683433363
1221828425
1446710560
337566534
179938982
1972963385
1560059562
768326880
1276534674
481281344
1630101260
885335777
762488006
1326891809
1611346006
1669163363
715801681
215610315
1662117895
1354512504
877993111
1259509628
951219408
2025601503
2081824130
206687367
396526298
1739523838
1178214324
1328147926
1452982824
1861647687
402492704
752209736
51730573
582431686
577689474
1611790135
1350758566
1854224148
2093071480
833376178
592076277
708075838
12784339
55938635
229755553
728586021
271548951
1891873448
2083098525
1149542062
1003899428
886834285
1027659917
938239910
1093521652
1424186215
530280101
124252329
604850494
1983262925
1985900016
1007343198
587989014
2037630590
1589774884
1165678488
1501937077
793049802
872418988
1447524909
1626425981
1464495266
8117099
1639210320
1520433901
237872652
220312693
1791982852
2129746101
155927570
794041266
986161881
1042761856
1821701183
1924401792
2136283508
1098403751
307198245
113052189
1703254245
142977522
2098952206
563113795
730966536
1989099148
5405031
1896645024
1343552577
798454833
621580365
643593839
277397166
2086075631
651710938
1916607487
1459025884
889583591
2136920180
1103525089
871846044
145364103
1897566355
1858007925
1188125959
1571783891
1634926069
1176925819
522703994
1942124314
1289978009
78474591
2085101837
1241446567
641588386
668584725
1083062067
646993417
417746102
279130996
1445448250
1039326467
922724835
1722845417
977918450
1574435774
1491969256
289460686
316535717
1481405788
1392985775
1188381761
1626769891
1143068483
898906038
667412202
567368726
386348460
1844338022
1090072720
180989126
986832383
1168547311
118607315
80795302
1810135697
787192041
1163857369
309645466
1204938143
1442988365
1755093716
96780962
218229553
1330455485
1074699412
1792665327
674941093
1364160098
2109201044
8863234
609662226
1150099157
1635633125
1752730709
2049005195
155561680
172615787
287870007
1999899702
1262688507
468859134
839248437
283752170
587466449
920043739
2093887867
1374658490
2083901108
256049685
432112985
1379405825
2011143401
528893947
1597635378
1194115239
1603593359
1242817057
1869056332
820269810
1204534453
1877919566
1429932036
207149962
1366069044
1035179097
108671510
1521630724
1207794884
396541517
1374046778
322999743
865400651
65811567
606751913
1452867101
985855306
553156132
680041943
922272766
809205817
1112154929
154194943
672865570
1641048876
1751830322
1866980809
1097158588
847163731
1588553494
1917428398
2051698185
1318989412
1199876786
111364499
537574808
87572235
220036009
2059205532
1295367119
616577527
1285768662
1618366862
1481978178
1351580229
77635127
787361631
189951887
630791259
1467403575
1112224653
1439997076
432074856
1266419597
2112862646
2073123732
870766271
1832359808
1022798672
1717930002
1273429654
792743422
1622144539
444935418
1992620208
1733509039
982510227
2080192443
1953545048
894232111
1228075914
422638927
32517126
698959128
1904617106
1384097355
776594255
544495089
1574049243
1407385514
2011898664
538790248
699898942
296489872
1805209845
665277941
222129957
528492468
350154101
1244928629
98938823
1623583755
2037672052
1721083362
2068519173
1882808612
1307108753
903545752
1815517408
1113170154
1797777864
896109674
1535809081
1830294990
1595068803
1292942539
1066908697
224179410
1837437629
493474292
1631564925
1701852645
1032264541
183980219
1998342518
689990738
849258160
72988827
1218483207
1199412261
1317917456
1317422030
675512368
1208105860
891021744
596547894
943430825
50646850
1500093646
611464585
1163817004
1150387862
1507574259
552142437
833199204
955159414
1845084977
1900107902
1179338825
1535038958
246098546
663420102
1089407955
1278363087
847400321
940266825
1968353826
1696658482
1013255652
1039353385
748587095
183689461
209291767
1424099464
1391795321
1100313511
2020647358
187742498
1150960361
1373257356
799207083
167293717
376161571
159297695
719436155
1209360775
1114457109
417037484
961985029
146312286
1952076442
1208083576
809732388
894000749
338963015
1657132710
1834267575
159833193
1206307544
700039579
1199186578
1954894639
883729040
1408478345
1231510455
128040714
361308209
1104674165
315783212
1512268570
330447874
1114990296
1679562288
706609445
1274287991
251514795
1915970220
241261452
668552279
730471602
387573739
473145073
1938555178
1197306127
1367145822
130034545
706955189
1053929749
289867739
1913262733
1753969329
1489054317
1720673725
490214721
750049015
804700532
618255435
1111357224
1909374698
934038648
476142146
92338924
2049028944
8220786
798948369
1175833287
259735581
567434941
1417094739
928287860
1297906543
1804668478
1401432933
1088978073
854490958
621095108
1219012619
1561446147
1675024857
1508880358
1327225233
1281510538
850451027
900415310
1771725260
1600500042
1705115842
242497047
564373618
1467006892
1176535695
1040515765
1559345816
1078080991
1048736551
210810537
106430630
1308472133
778245479
1523525370
89276345
2076152022
1180710200
1490709279
1017646448
2035201158
2111804387
89175419
1449163658
1639345596
1598055777
628905243
773372487
301023156
1529320553
397614099
1901523199
1086952747
640111146
318413169
406475992
1816646842
1358928934
1965821808
747244185
260181838
29148698
853674816
1568653971
807394177
229716538
1657930316
736062551
1410426738
1001155947
1753708999
1298144249
965476686
1842884418
599824259
457338635
1293456547
1228729502
1230711122
1594479704
610566407
1628325221
1348519255
1697519154
120952719
1666932424
2103995146
1937599561
878377711
1922333307
537360099
1138559549
1951482005
1391034915
559729872
611392534
1620751453
70176540
1347455085
883694543
1071332488
953680437
34355144
2036809174
649081207
634179403
346664161
1942537755
1862908905
1577375283
1389533811
325991664
1058216856
590569418
2023510819
1179169576
110018194
1980022317
969285489
988395905
1754871976
1506645588
2126955454
1558870333
750196855
539201678
22779219
223464660
609378219
1370234305
1107159204
1680710707
176431094
1141514348
1570036233
825512301
1775693752
1916700395
620566408
1491119009
1346592030
2010100219
1817110674
257325239
453185989
1693137845
1436494815
563204184
1525676514
258296656
1551600089
1133064843
1764942245
1531071896
544451528
367655452
2070273574
567230748
591120113
532168145
1937465053
1698279317
65395204
2113896147
692310017
1635431438
791924800
320520121
1404648185
1412491209
1811639131
603756567
1275107780
1481266157
861081806
1728293770
1026920354
150092973
144014306
405113220
408389630
1695614395
1538178063
25848227
1079202643
2082629592
393503679
1001992570
502376692
984623792
1534160715
292358097
535419461
1599555920
258770596
1227729479
1087503710
1050695396
1548249600
344668247
315702957
1212405083
948424814
1590810738
546187592
1809506621
1171620860
1573107946
1959599594
1315635166
1978221167
220505576
863765913
1368915582
246353803
1942968557
1304061526
639857483
797477479
1806438218
1624481275
184154546
2098796315
12417089
1783710466
210083263
1240146568
723730528
1260778660
640912520
1068398775
1576481617
1853317604
2016823590
1019808707
252021548
1678846563
43945919
1825129495
1490962509
1359581085
1655867014
1711468086
75863351
877298948
1957821889
2018831908
33876827
450195724
668825739
1840315045
2074677000
852980285
1791627713
2087094089
489207104
2001710976
1179757009
1212937632
1115005988
1820669529
133852760
544003958
1526503485
3192702
1563812665
1778525034
1682039265
1607758585
1456170881
1025518126
819856022
964554247
589502564
895719373
1841853195
399840806
767067633
1875730022
850036530
1435893372
1568561420
777229882
141390010
1212705485
716840323
630597114
1066932813
1896597332
1843534746
34455154
1569783214
1977387506
578459112
948803051
1980580208
2142271777
579844437
1515135825
1602546714
2036015318
393170304
274919089
853085917
982672868
1170638462
547455465
1382513674
1937706096
275701839
85066557
1226115820
1844263259
862296439
1367505830
909485096
1579136763
1998102944
1976417910
1328250447
1694154043
2010873064
750550013
1524057901
441848528
1699353065
1357154462
436636657
131713854
724806639
2039183372
20245525
1117976943
166618813
873331442
2100649812
1337257275
1420786907
1335679838
1127479723
1696488747
1420746395
206111896
1393268358
135559187
1573617726
155269807
1714695950
1424237023
2131687717
895462749
970907418
1995077133
1646012763
347481671
289442013
1197882180
1704636133
726078670
1329596034
281959125
617778394
1349841559
1399936068
784397207
75689354
1353102232
2121654483
1496476261
541298423
1101650558
1045481360
1962044818
1307762454
291266071
2097604005
733896533
446535878
1664816307
10649908
430739947
412795409
981557326
278333432
2058808172
1329038997
567775445
1109206704
886191483
1293854115
291319090
1168150608
1911632510
1641160650
420603028
548546069
1716850004
1773705261
522716904
1065842617
167520036
1624367463
2111323978
2129564854
784646269
255106401
2079685212
1518542802
701642279
1597017871
1529192710
1132382226
2009813280
363266388
1410715658
1921137804
1692305386
1978491103
882860860
431013221
1124861570
1174179951
1599163829
889010432
667856953
2019766857
1437556502
237223309
1645988470
1960273406
1303065926
1813508506
1437157221
1266906256
1795589713
74319843
1522012657
1727791277
1592862645
76171288
1177325500
974571708
1208553514
1039655133
1337838096
471785524
813309289
882659834
302792979
1696170150
1313673055
1427654550
722866453
765353236
169181334
1390723406
637636446
1606737836
1627946715
136141268
1419527595
783528993
1949649775
709201168
2050435250
1597755840
783521011
1424964259
1178063469
228900009
1501135548
207905321
1203471717
562205414
1247560454
393826165
1033990939
2060869744
1276486000
1336783918
1609556246
442675407
616954820
184939051
1208028644
786136155
1575662457
1845665090
245390343
1056125524
1981806358
1664917938
1839654517
1783972485
226635459
1742606119
1234244677
1010156470
1020086731
264824498
1239056479
373738631
472729820
295044548
935944045
1720290274
688870714
1969934984
1633676370
1965356714
1159235255
1095748968
260548473
1776190075
1280688019
1468577117
414842582
708866828
1166758559
660232926
1764992352
1001081270
177667216
1457163222
637570107
404302675
1052285693
1871814785
1414459146
2072372424
2136639283
506031977
298627407
461885455
801076526
1234571453
34692082
1489947240
1057022789
1668368452
1307820306
68774396
616633773
1568368779
1844964472
1897321792
889462249
112323406
458704973
2056220808
772556332
76213677
909818430
950223549
1533376899
1547388538
1354526224
438178945
1271719675
621501722
363067721
1260875310
1127533700
661695129
1722760766
1928610226
1896266582
1757452848
1271073818
805805723
1278337652
431410476
874580120
1894971425
1999779255
572060944
1644809570
741757856
684384350
2103514543
650495017
1456940683
32244572
1560313447
259680584
1565621472
960218337
1614206808
2003800417
84454364
88224883
219384490
1345329675
1215758583
881079619
920606793
996885161
629862553
530575993
120475331
1435668277
1808913645
551885807
162764749
1556401423
404181414
734825693
1053727345
1145939271
1419210043
1009758240
1796434288
728667078
1042002812
1209264087
988347662
460140636
21998777
455070823
316457405
106453141
543295706
535841896
1451782816
1759054289
1416921515
224905961
608455802
2046784069
755481954
728931133
1334968698
416911952
1280816940
1497733447
1973313375
1684998354
85075492
879557072
683453977
1504285535
1889315312
332404617
85468966
783834476
1541668705
1073816628
1243975113
1563667482
1528887451
1560432518
1670120623
2072183157
2096274414
974419792
1683753798
1365712282
1199325753
144725952
1265012703
1954807708
873657085
452497753
224236012
6990377
1950231200
50065739
1691988732
2035306692
929622811
227959061
1392108579
671454475
560363679
1477577545
1455288951
2102032384
403910526
551780416
1518216218
1932797977
2112212935
1040853193
1857497487
2061003701
2015272985
1393767637
1279232335
1067115091
1538493590
396761390
874439151
264667027
849259143
1098675163
271657405
652006695
1148740902
1963646137
539829739
2078363713
44121550
1931938319
602334540
604485229
1262032216
2057623491
559033965
1665942742
461920260
2077250183
1451257072
426649547
970619729
1161270911
340169600
838409066
407554900
1619401936
1905524157
1946048490
2016163326
632479660
63231870
717938822
1731154823
334889275
1369945517
732412077
151051764
1909775257
663292142
195173314
1694229928
1265626682
799658544
808778496
1175766526
1358692509
327237591
1637686786
1288459045
1778494663
2064336333
111595126
792281926
257022285
950004192
1199836826
1876424221
708044702
998401669
1745103900
1340524362
1061633539
315559074
924195538
1396522814
1685504591
1656607615
1547574578
1447796200
172416110
1742747892
994542480
1438042792
394922788
1803320977
466325670
1753615298
2130558568
2104012456
894590695
1761569583
2020865141
1006185821
406367861
130403779
1956190013
1606204687
2006828000
516751067
457122708
1604448252
1857275430
1518756247
1920007326
633987320
767795413
1458028270
143111287
167886343
758340822
315527397
1910634236
1752883303
1753570190
158073376
1408720632
72412212
1911688674
1391795552
28941021
658795721
1005881487
2049806162
1664981542
1412249348
32726293
1473687908
870970387
2039554294
1990438975
1328093096
1496518898
1700230757
699365695
1269042577
186734429
1467161109
579587199
329845717
1635047452
1337928021
645373114
1398198040
943327676
251459656
1556271417
204564660
323871869
1320476443
1596360212
352812890
1979272165
454758051
255135404
1496770059
1867007399
287861698
822974319
590494139
179932344
665929647
1918587235
1676451242
218676756
470469282
798010171
405411186
1937630391
1377597370
735256903
1425194196
568041744
1380630017
675908588
1511369420
1632089674
84696357
1715934081
1955961543
1405172801
1164810645
161290785
1236961318
1619568697
416426189
586247729
1339092448
704287887
1409222049
1929586587
884220231
2075151696
1700690174
413187826
146344804
23675809
1211197997
551755990
1961306200
441311720
1287012893
1239016748
1009353464
520159263
1914925337
373239236
4765289
1999621694
2089173317
1960726832
1257310847
1106500315
2122017617
346788517
578585364
390960158
933036247
1917677812
1095248046
194774648
1699780752
1979468277
122442696
1252987278
245172455
268787500
1276663087
1456370453
820543491
1090485640
1897682173
2107556384
182018740
759551989
480231999
2096944077
1132791225
484997288
1949082124
1074480895
298240472
1058909323
33497562
272774441
1405697841
612082926
663734600
191250440
382277090
1758982646
386025088
2082057842
1590967275
508467784
1187561473
1836139731
777255284
316740912
1145026536
1597798775
1407226552
895225061
1557871512
1589245293
1654777050
2038103511
1538705722
640084627
375617152
1340304198
1714565522
673857624
251729874
1748063084
946632066
1657427715
212662362
1610366666
1848678155
594939453
1221865664
87219595
529513647
665349291
595687379
1717075120
354005374
1372942663
2033816033
1499031910
823257791
1293558937
246773323
233645655
735320582
1901550373
124265518
126542657
394151353
499882670
1466846855
2108716875
1173740295
1718576729
1709296312
2120372361
1228520796
1921958674
1583255379
929715303
369414479
657637395
1016934898
898928127
1322986686
1612622277
468519599
1676992061
838081293
354851984
1028540323
1661339084
1648410922
1275313647
1894984739
236247856
1029380372
2019250257
362790513
1423531725
371649280
1829637369
1384764953
1545389575
1400730450
946577617
1518278288
481767599
721052643
954050019
1411482902
1090467123
1611687414
280934153
1989395250
787190452
1893556430
310431201
316698865
584154075
665283186
1345239189
98009511
166210460
473069188
1992994250
402458316
1502449560
1864760860
765248830
778497638
88926492
447402551
15778943
1634316067
1848133001
962356560
1005110707
182416952
1683409203
1959160726
1593899855
626392678
1423364492
1874834008
468304280
63071296
1620906790
778735482
379770162
57577218
1444018668
1725009351
155586729
1610229128
50594891
1097332
2012687444
1553044451
1865858192
630452626
184058441
1954784684
1077855177
199837384
1441617103
778504531
1162193944
299244162
960921483
698119500
110921240
407337690
1324512178
1534285732
134688050
1792816459
1597357028
1755594841
424068293
1977127190
1813172059
1868086961
1554652893
1968758788
1330832441
1605247784
1969856120
1196036237
1010808588
1688230664
1826488864
1194867029
1495531700
756860393
1394704414
789665155
1535364924
409414710
1088909317
348802760
1107534210
1199830557
756140450
284562741
586632641
890828501
2077379200
36506022
498939694
353963845
2013633212
164628105
74567158
1420802458
2133386893
1405399599
878566594
1955759366
453952188
1889375182
1496506382
132957404
936758564
844554435
889817798
183979330
1634219590
277699074
593394040
575645260
626501834
1700928251
1775475817
1382642285
1985490992
214624811
125987138
1915386544
251130833
624926832
121866741
117280397
789554937
196433899
1538082855
775458182
1601833498
269165802
583733900
2055785686
11057336
2080240283
41259443
947815900
777311070
931077241
1131795230
264047012
1208776315
1725189271
839692272
1835278150
1278633874
467684442
1070436787
1116641218
682309253
1196423925
884544114
933440086
1821350757
1006410855
1050720483
463422046
1202844754
441319691
1238880228
657194604
710485493
1822614129
565496642
721542829
1755370764
606756085
1669358730
385198186
1537833326
653670312
649245198
599125994
231375935
1488937471
286920496
1510009809
1956621913
1357357283
479167379
491447518
406297560
1363711493
1424887604
80164669
222638700
328124439
543586715
1425483454
769444130
1782466943
2082678058
1479929623
1457597424
500691053
53988805
1065484540
1107447138
1723347535
1450682726
497796817
229534199
2099927925
1096922811
460910135
1441381748
1383843307
1970919944
1250520013
593716942
302603676
1741967531
1000014502
1666315169
1019371487
1080179171
1888953870
1347495926
1623765886
1166953676
2116940057
1258749181
1102148087
1449386032
568862958
1602839140
1503374837
1634347498
562802630
1079238724
937546577
1060599447
1308772924
889990854
10038610
1769683059
183888954
1393881917
1593119355
1434408967
1987598859
1895723031
1028892850
840129713
1414554553
2048264337
1920308884
1156024775
1248276615
1396591122
175494803
1217733024
507856656
1277642890
519635409
1076719614
732998382
2023010246
563583464
1295801013
954765323
1501130041
208916812
116054599
243637247
218955423
1885737658
427526201
1612837340
1331373365
1861935168
1452952552
1079612749
743344370
145598617
346683654
644125059
2065907502
1502708429
1892401675
1315014976
1678203232
962651051
1822871632
808362475
1482286460
752107598
1541360857
1357813059
1315691063
689678222
165094734
669337456
898595035
281149333
912974704
1117550458
19403343
1340500905
582904150
1350776708
1054952426
2035856702
282905809
1798296796
33971672
629589463
294938208
2099879174
2132297892
39856235
1267410502
1663017477
1002507286
942798487
323896304
337310099
1694906085
1865257161
1695123158
863113500
407451736
1860217892
1532450957
1306046771
2141367225
297942013
276113581
13286920
1638442918
859017731
1364063628
545911696
747390786
1646969438
196724845
781362458
129075253
491663053
733757984
113889498
531519288
2001168486
1776906975
1534026574
796483325
2100803279
1871336673
343905763
1818576792
1418976183
1207019263
78544880
1131710427
591986572
1384591651
1125594004
889928585
1660705232
1138880924
380887856
372239316
355460905
926799552
1119630102
2002430343
1123524397
1900992560
2131505596
1615187450
487266896
97911446
2146706738
340951734
1874818421
1533249665
1137435060
1828138052
1257102690
1481340823
1499231197
528595226
540876438
1577776077
1660305653
1132863011
814884081
638416010
2022791596
328105665
1777296934
256195804
700344981
2132757839
1182995357
1819975083
1987704534
159036106
1573483995
1971726483
1774223557
2060750891
2069637929
1773446647
254218978
1796972703
1159212664
1391654038
1477627107
268831707
725511213
829374656
797426933
1266387651
259667086
310248938
251767014
1074551167
948664948
127074963
1402656832
578478235
383270767
2103001814
563752426
1566266124
1775493249
403973313
1725302231
1201493597
228216148
1352042140
1114760840
150370429
978005139
1368979818
1947343132
2137217804
613150208
1277486592
258565863
1338661421
2106861248
1055992796
457565425
219044686
1366241734
709332439
1293595853
167423035
836407402
548769038
745901270
1219678170
504287204
1309653696
638460646
132296805
1713627009
216279229
1333790402
1941843157
1568321369
301067595
2092213587
398842861
1670047413
1892073071
388577017
135713974
1022076015
647142880
1474375395
981453616
1703135676
1931940820
1200498302
921893762
493789612
346610508
1089316797
1330197014
895379546
1835218067
402391536
1399666750
997388116
1040852183
1531963555
563531477
1257131412
718270310
357890987
677969134
1019337905
302620926
1076811995
541901670
47210349
1465389012
677615644
1069286365
2112531892
4507392
2050739981
1668183920
1936448212
1103754635
442594034
282754176
1450365143
1531910832
1612951191
198261041
1219645251
2015342727
1597927791
69549719
908711262
982407699
633081197
18359027
1700678009
990972184
696328161
572532266
1293593110
1773140156
1114433936
1340803459
1091045520
1792049581
262606176
1056093764
1796556973
165862509
576794036
1585521537
1269617145
1019388070
1868275714
572498640
403815254
1333743257
770759682
1623460506
1201602336
221203825
1693010225
2110313599
1203611524
178607774
2128672626
756805885
1169579958
677517139
1329338151
315689420
303173647
296288440
1656492880
1394219167
2088338021
1919099056
302829283
1737411346
2084961566
879623319
1175449235
1207095063
1899011389
896241301
1779593703
155342996
82500910
402869737
1778803502
1284103247
624073563
1324330079
1246933198
1827685087
1502937854
1228122176
437007325
525034164
1905639315
1766345476
840723585
61329314
2062633916
349732817
1455548481
2003488289
121348225
1758377764
1593415987
58826143
490517435
621381575
1265921206
242045176
1517622876
898031262
397388172
1600123787
1300900999
28708026
736743386
1924974562
1353038106
1983676584
1605176002
708492312
1064315112
2042183327
1233526476
822470779
1661045155
2074250061
883800093
1576195424
276499230
191864926
1432200065
397847456
1950242690
878132405
456673599
293276477
1499513980
1722594806
535321653
869653208
473142420
932709826
322293347
1774043419
961417852
1059036733
1551534334
166972310
895229669
1009226688
875464622
1959544781
903926367
2108991099
634531912
417487874
2035757512
1518332005
1993683298
164773095
1710196931
1278399716
562620551
1512955973
9048473
1019294150
1806232450
1508562453
594405308
194070456
230732013
1067547728
1126780282
553025361
694107500
2088198134
1612062094
98158186
107686797
359808116
1107384874
983151419
171869249
2011311241
944658870
806401162
281315467
832932735
177249519
127515118
997705830
1887446451
1405914834
1560326381
1252918776
1414963307
432136883
911667579
776042112
1026542192
1105738035
1006774125
2094089920
85034669
1559799486
640713772
25749155
1024377933
738871958
133435952
1384186049
1846256832
1116587372
1556055298
1710084425
2061246242
214972812
1991399893
746695329
392222332
2118915011
1744401159
132185135
1377346197
1157243892
1385103911
644825856
1589380776
149287842
1420867968
468439320
1255025877
280158445
415045592
1340060546
1839957932
1055759365
1365809702
716852217
1794631323
1499245654
2101038266
1493404508
468349378
1509609916
1056005285
382111973
1724582729
899921530
1128807302
2116805061
871352893
725724814
101506548
101215442
1882968706
1486610459
746041298
1324865834
1635898302
19425618
1793305154
743440531
299584064
60867099
2083501078
2139541996
1116626464
1301827132
708910565
763774139
653589138
662465183
109694999
1121938517
24591451
1165700285
1504050490
1749174180
2065621815
485374144
1718495593
789491061
1211098958
1820002141
890706503
946584017
1159128953
1636747802
123966203
647543607
1656173420
1917271358
1390984138
1955757484
1978138457
1327001568
1947815832
947281273
481345052
509242749
1711055412
1134934191
1171707932
1820750412
109389060
1196299384
838967049
1613439550
797989916
757105216
2098813694
369001862
1546596277
1162429005
41520355
289819133
2109013022
1200649308
1926566935
85495577
1848192915
1435256707
2002766935
1091693406
1243530544
1833421744
271211326
1043862728
633219369
752556379
1553105478
196791134
1887490570
577329762
2017541546
1996879630
1773629146
709024947
1462835532
424135415
1466130163
1414165578
793137277
865242793
429110935
834657632
1155061926
390640309
2035306941
934145213
476135887
1736016208
221918272
331419174
680225966
1465448816
17357271
951437293
361827897
650576640
1703993672
1914933375
847367774
1444000594
344779489
717425672
1293396576
2118408636
1426450619
608748460
395060403
745097135
2022914038
1188197680
1610339928
304541326
2022855312
617918206
695181635
1910678605
1552063419
1171317522
1499211166
1773981691
1502736697
31953484
1091946860
1520093968
983390777
1453774757
23186960
539900801
1221224484
870554735
1983901395
1566003973
1587980407
1129814323
1536928961
866947379
1738562783
1931989364
1612044514
1613993174
972703396
1074900794
1918534500
848075061
1692819000
466232487
611270018
1097398771
1637550010
2110481184
723896814
992803059
2142434669
1815843674
365413379
978341798
1122134783
388600339
1518242600
195875619
1259155074
1354660347
1761879593
699651834
336991023
1151324906
1566599213
2075553806
935830623
1031160079
1542063332
1908534019
2106060873
1313114184
609125432
1651396225
1779346672
1220395451
601311348
1269413034
1183392987
1325208162
114732445
1178344008
993568189
480145824
9202159
2115702972
868746163
1527444759
164094944
2127901238
734621458
1925974537
680069424
1071612481
929815795
99184989
999682640
1865646418
1130345068
394262324
1626696790
1088922293
1707376509
88338574
592834870
1339239533
1308734025
1194146218
461168919
344643365
371870732
575901364
1522987373
1365438921
1056047188
1532189532
1333658246
1924793351
912150643
1497753190
1905210941
1646772102
1276244079
437796717
570900935
58576226
536981706
1570583575
1924222645
1667326774
1964845900
1403435787
608765419
1524738761
1491774361
1201600289
716494646
653024739
248262859
1177663565
997668104
620133592
1753564929
373171829
1985572513
662128469
1905361362
1171747111
439438172
670028357
522016653
197165466
169316811
1798260732
634962183
740217747
1856836959
1171943890
163317674
1633575956
691787016
2128163574
889528095
1300552436
1505418687
233818808
354669077
74429685
886843547
602931937
1252093250
1884511651
1223065529
858174531
110199833
1061154394
1520303000
2015561195
85417858
1959741173
538105904
607434511
9422991
707422716
258211596
644385174
1447640463
2115048555
1816329064
1610958137
1601140863
360632433
1591638064
343185310
1661184869
949573103
577004118
2015853946
1024002789
1463847666
471302235
128612391
1200875669
1694367764
986786923
1311075502
608038511
359606275
1179153049
693456369
171863800
1717258954
1300890880
181286791
277198022
1559102476
825671966
1724838485
1526667383
494517382
1188312974
980324598
855149815
632467390
1323509908
368851036
1582040494
1900514027
237221335
458559635
1216878045
708523570
587172026
270270066
255407687
1573958949
1581345569
863446198
1933565225
613014970
1556902567
2105429025
182790276
710309799
139232169
459988298
121928628
964904135
37343135
1648596011
1459421517
1225656110
481436962
167087685
1858123500
1804946870
535938721
1292680346
1557977249
773160056
1751239981
627371646
1481683627
190928360
897641713
1737091314
1764887309
331503634
453053864
1550968886
944518604
2009956431
1508914264
1127308881
572782582
1648146433
1587297179
694711210
465566920
1624640315
195823574
1924988437
702812777
677260536
2092076122
413452629
334723758
480531196
1706132976
1892701008
1253691252
1309889309
372589006
587891231
1500817669
1270230719
177498897
1118221331
1601734353
630552761
521706569
398769310
493025544
2030620833
1526078191
1065808127
1531283618
965891722
1760519337
1996850538
443048389
1956342911
1774355328
1145861166
486119799
1718947802
1559313796
820843558
51995350
1117963124
566060918
1305686603
280368785
938649924
1893577834
1781186455
61396996
2071076732
751924138
1663131349
554145845
1273630707
2061900659
1047171390
1156767893
1440495202
2112979517
540567863
258903277
1726015206
389934754
701951666
1534874470
16806434
1847812833
2020994269
1735754236
1259642981
694354179
1787749587
230122457
1260415097
945952542
510491242
51581374
692046728
144194049
112978370
615639812
896118187
1776109719
1169785658
22265247
1690526731
69473400
1179033140
983538285
34969269
1719601003
1242441562
1760984475
2109535757
1944393229
1148375297
2126342191
1644722414
1021885919
1714612780
756881747
1716240098
1354878719
987004204
829171548
153347613
1497495446
880752922
845394341
1641689496
993731292
1461034154
390324035
622357363
483336164
412589282
165400446
552809564
1591622422
1148938732
587778833
1163739778
243896646
201279660
1125791887
40806227
1349654958
1104650431
1685528641
224057229
671779563
294926740
1940297327
2026658282
1281930944
621985227
32522247
631942743
1502738149
877916588
126148591
348985793
191467094
516472626
971343157
674803258
929061909
1136743603
1227612822
373200683
138198687
1815391655
1536940461
382095334
2016671316
515248701
422901561
1218842626
1619899132
2108430203
1442899855
144195047
255873295
1235713534
23369681
1537804240
1857698762
55891928
22263335
1212953263
933808516
148411926
1561939057
1125275611
664884552
385798566
1800078869
1593946461
1522542169
880208044
1967147145
1660740857
548116051
1356603958
2042836191
417303719
1871852659
318254104
1636146345
1344268143
279200659
931562552
1488463190
535073955
19792439
1511832871
2072878195
1877491201
1567724799
2095141530
942960816
354049668
96069808
357416225
1479325279
760954360
743214791
1131920500
207417174
118273313
2012128544
27080671
1779014170
412760948
1383684629
1674366713
830064667
1108053641
1992620817
318727365
304838136
124337829
1250289917
1793301327
659411784
1270082356
1157650550
584806331
1000089909
577891702
532464213
1943050726
931941370
628534021
152983303
263783001
1389488381
896198095
1395703501
1596905555
1014471408
1260348398
1623986226
646001930
1673109346
860187208
172884995
355690365
1968240849
18022164
674417730
125595337
142359993
1924707648
1918896664
801771777
1047306356
929063567
1386578108
2047396266
1506955269
1919042321
1842963344
291412991
400092694
1995946647
555195992
1789581076
744661094
1950899493
1239002983
1759132502
1063764243
715505562
257650784
589389941
1575692770
430535779
945080307
1396449971
448557944
1619498037
1522045308
590917937
1396722037
1293458325
1392689715
296544746
75038244
631784175
196457364
1581993513
403342849
2039420708
1873406504
803435543
1887883707
281118848
445532971
485061154
84534693
1684535955
96710008
1148298937
252557869
354360793
1737688878
1828250639
784896572
535285537
1077216962
1233454516
7299927
451778622
1824372454
1404021964
1745236947
1069578521
1700566710
1820275191
1701362696
1897024074
1254785056
2104705545
1788961134
980707912
760657441
1529361194
1261826760
1206190412
2014422348
1346361454
743242719
2111132356
347176743
995800588
318009501
2084865621
676567579
1102906074
472667511
1753784541
188876942
479967438
58079516
2013249396
1883989402
1803316463
935344269
1437072465
1476108007
489223318
1186612891
583409415
446445215
828090378
1564117328
1207102656
209967924
678460440
265809421
76906624
2024821894
1009052140
40555332
224514989
2004852729
358564834
161896963
533936660
1461470908
634564474
140237554
1650347850
1114531912
198317070
1516113599
851037666
2001633533
303974220
140626483
1330257892
793197538
1327239375
1913667308
1239642754
7846105
1330300988
299261762
217814029
2008761428
565071183
294720653
1886099675
1574123324
335275985
2110614664
1431492405
693840819
125027979
1965429065
7828079
759592453
2105666619
1658175930
1874124365
156500041
1026805881
577678384
10649927
1330780101
718304867
1340907819
2123977640
2045544242
1107091479
1216136746
2053390347
289908819
1515398508
123720728
151186600
2080469692
418441381
2037286275
1507109368
753717367
2000417291
791118125
1447558186
2125445271
609063542
1455386266
737554076
567246514
966078548
464194794
723746555
1992884429
1041873178
734396482
1176180882
1760178045
2075304302
1152674874
1658238640
1034912133
221327972
1564145339
1324820953
1736726481
1687866068
1476007553
1669712525
2106307449
1365810180
1029338245
712541168
1218743823
1820456370
12615707
1196705446
282036264
1468001973
1934259523
849282778
286596873
250970669
1573029334
131997654
1292843847
159942168
1308178536
905538244
87762822
313369763
416293236
1122674956
534697735
1980438576
300012261
123940568
1520820996
1776019814
1793653093
1479644797
994346346
675507690
44702318
65606521
348480412
57318025
1262311968
630516677
1525319998
1049087843
1479799455
1811916871
1300058512
905345141
1943914525
445418711
1065287310
1104609413
1350956955
1153050132
1417979176
1767250192
128241440
1952676912
1600205120
428253701
2076617480
973542468
56789867
1722786926
305703617
1051136213
250810968
350405935
1116742735
599291381
407723960
231571055
1229808058
1933043958
1280658898
562123865
1597477181
433233762
1467469007
1393908058
878652473
385272669
351033824
82125780
1538322801
1769013000
1849375972
1666564242
1574206264
1302097444
2094817943
1503340097
128156264
4124163
1078643375
433859882
1055260376
1329454343
784265817
24519463
1928745724
1191989778
256090518
1011070134
977550088
1536749416
1573194000
427543622
1969983178
893179359
1821451680
701152003
1278452028
25001856
783277784
669291181
1794014857
485170108
188371775
1220737473
1787267553
135706071
576593922
1915423817
139830234
1655237297
201800051
1195090610
837207993
986065869
1219610074
618470069
30571999
1475700592
1629540204
1008122087
864966361
1055250556
1435665709
687465891
1948429915
1109633742
1388617895
1079398295
1134635598
24412031
1748689476
781166807
509582139
1937061252
2001904281
149366044
2072767323
431014555
2064789862
65113909
2086251853
119106265
1260204519
775976198
1105172134
332330945
1394446267
1135744133
1808031538
876502823
2143866221
525514251
1931753379
1432048282
1212980142
1732699646
394198376
454114389
664614293
1528833975
478526420
265820122
162517134
988108560
55397726
16937767
1137474604
2128165049
447952323
1054780818
45795310
386720528
1173887084
1305999829
1162696726
131575570
1638330775
409659345
1267319704
1298878665
1286162169
1263702277
1824392916
1070431900
548266911
889889410
655647899
942465288
1344003800
1320262192
323815615
1822530220
1586082314
486332749
663155132
1641480040
503270517
1800629737
1622161441
951222840
707926907
1667956751
1337943368
1881813991
826472933
353156446
2013389562
317320060
762815791
1133225618
1616198725
2048977960
249444247
1293107993
971926213
797711158
35513755
1627574112
1740176446
1379517555
800352656
2063992061
1054564128
238951323
402841163
1717719260
1880431363
906111680
1370865349
1355109157
1857334520
2078792257
875582260
1047794240
1813122600
1702055193
1400950686
1679028514
2019375253
16282829
664770484
1488090330
2065260790
914214731
633714675
889703355
1711925890
669228431
369793819
1304618688
2048745986
1170146475
1221127102
955826466
1409097798
1623968265
526062079
1142045514
382596297
1896927428
349671023
92447169
1828236037
1225253283
1140241409
1493874990
779824829
393708447
1025419856
651716434
409991276
1690190341
2139806765
327768418
456921424
626037792
1217471773
21363666
1295266223
1587265592
1325982355
1196528562
609928420
399625809
4871380
2019026218
2023594074
530933459
1013588084
258706723
280377240
1363259107
351153892
2108613277
441028743
1491395301
1455004619
1220853572
1885103748
332940828
1872570006
147611376
2023131169
1864893123
475379795
332568945
343447268
1692851568
353932612
1638713491
1132633513
1679914967
687758405
1742561933
2079540776
692629786
1614104503
1955651202
1223563245
480208940
66874277
1503940485
1843468047
418028169
1465070115
137013142
1909423470
772591086
1357866714
1647043570
1105531914
1082953073
1794654946
981179435
800362548
122551093
1313748381
1143809816
1815402662
1667680993
635039660
800552527
1200112312
1322798065
395630812
1132169440
2015427851
2009735315
940336994
1091507449
342460607
1007211271
447964286
38445007
1425239440
1913034401
175458149
1187179262
538141840
1533324864
686739184
1643673754
468794289
333910482
477369542
1269156837
456461576
1791117923
265483006
124380590
1311315268
900522666
924933117
363943932
75837083
1320563929
1496113372
2091264935
1182815596
288966718
1035288736
1525276204
1296177989
1483253022
1563721211
573933781
1248803776
1739179360
1761113043
1786945616
1125020576
300368579
1283135722
1593814865
634279061
1760505264
715488055
1090740637
1404139539
980971061
1215121227
567971159
1881493727
2140054344
931915091
1957330810
1313134625
280544815
1901112097
348466574
569511533
788917185
1873742778
1865689522
124686560
1289980341
292139655
1373490336
881676053
2053252698
1012952304
2006696630
206137629
148604378
1453027847
840416691
1909109643
21032254
1931157328
1165765534
1002003315
998794908
1733736694
736013394
991365604
518168137
545860557
157016582
798712953
299489006
505483156
1368224486
1088406192
231742286
1086430361
1213092752
1521722627
1378570016
439099440
255915032
1284339067
1452051744
115128014
1490476696
1600656122
1568155862
183409739
1362282117
1589188116
2114567068
380564004
443707784
965878328
2114300698
1179721178
1957243932
484985187
1725581735
2114260514
1283698140
2025070742
472260022
504438979
965993286
704002308
1590869340
31602390
78241287
821955708
470701830
334156320
2106294775
1922753574
449284334
1449287824
1375926048
2017440196
1632697563
590724518
1459144665
1599780983
971288522
1902852449
418175663
938105572
935089979
227935948
1423090759
513188067
194712814
559305252
390775161
666972837
1063744231
1356768447
1370975145
507129923
1388370837
1449216433
1329085631
1859072667
1783372753
1287896759
1634342593
85173439
589700935
862784993
2102613636
74914850
1453509511
1414274653
1674695834
277314385
1169643454
2092871497
1215419957
2104733433
173323797
491027069
470437852
368036612
1050332321
861213013
1035009449
2114076552
70497812
258500946
473722827
1458868649
1707717379
1802808458
1170457668
1343606484
943221569
657316613
1428779924
1532922504
1520101607
1383909912
1607837355
826127470
650700917
1135049541
1103441856
1820344371
1080437390
171378165
1777594156
1253761188
662405234
100548361
1621797800
1712737555
961761374
509323601
1679330459
1032259187
767824547
5569638
343644188
328058279
1808378097
1514101857
1671664763
604116018
23934822
952961039
2137038523
1544036429
189387303
1597392230
222680252
840088220
584958123
1326122108
512948943
1665395513
1497500273
143059452
771673053
12421860
243607813
245987205
1725159415
1205369187
755310806
1257006227
90144726
1523135354
1262575865
433788915
1851193633
923470314
1947890772
1375374748
1527586333
1971825594
180852140
1517141208
1368378376
370239443
967049790
1591058628
1210327664
1552007913
769697088
1723276607
1069919778
119713713
1866336059
1841592832
132135573
2109943872
2087580037
1857294989
1167829412
695407196
966817568
1257974138
71058902
81909785
1691763053
1922252535
1005380100
1492170177
1150143635
385482785
1316512124
1330995775
1902623993
537406852
1701235219
722190135
2128465480
764079235
126714400
750678920
339872194
1196634178
870392633
58724606
890743362
1002528207
21184830
830839752
712339548
1189014242
1526246948
1679157116
299504733
1597305850
1761066901
1991267786
1372074737
618963353
1335954316
374734724
1004446138
504982792
1705730500
759586483
1042389644
1259482071
1481776618
1023371476
2023561306
1608491018
1774050396
215949852
657641549
496959381
274674458
1548384911
1499487588
295859289
231741015
64343488
1484873531
1757987963
1743500604
1784378264
1207810165
1357083858
1628162403
432401254
1976047211
816633071
807135979
833009702
1321615863
365382831
1592596185
216521859
1624864902
926889156
1239893335
1500942560
387896526
866460083
1716892412
1045538075
1363419464
1991566871
446439339
715423405
139942512
678180354
779766893
1624816043
288684670
375783850
1261710660
1496494835
1732867708
742389415
1928896090
1561431271
1559022486
588548421
246957325
733154701
953931252
1839553511
949676560
431312506
618959019
42086247
1932255066
1006855545
908546330
1501663830
2052393621
124482146
1345747053
351349312
839905551
1485689565
1029529666
1619672445
963021961
1318214336
1995456295
77248973
667225524
1580840355
819638388
448637966
994787978
231177226
1037186387
1241745304
964331927
1991117639
933815167
1914008487
274946497
1552774186
1956094734
59717915
412146083
717157416
1561381745
317056056
841639562
759645151
668405368
1681545114
97851068
1697935035
1153733911
1060873029
868665723
1001706558
1138122002
1535891247
435063265
1957760390
1984529213
1429851243
41453968
874231952
524112899
1005785895
717865943
1457928066
772310734
992812440
863218604
580921820
1052530355
1275364688
1298079236
466428453
1592420744
2139718799
1226073604
113342465
1673780265
1323924672
1811277500
680030528
237314054
532459575
1681737086
1375436056
2068350823
2116800351
1185712799
1905396388
1399167946
1227166767
632144693
1923280846
85469015
1350010636
1233725264
857779749
195339429
2096943869
1438701570
1247869784
1224824909
589297158
1714298237
669762005
581532309
792888193
783104470
107828926
2116812866
446898322
787859454
206643272
979357898
322112892
1582079328
900225073
291429595
620308479
658137813
1690597542
1847475247
1290282506
1466394740
1932944262
492809495
552636356
643240363
688148924
502096577
2081941933
1936018708
1726921486
523755444
1502833298
249199844
1105287753
148237843
1032304314
1213116680
117567061
1479202637
2000976134
324210333
311076887
175605379
1906289662
1211301960
467034974
379114493
1869439773
10148868
79106092
1012238632
1476543608
2012050354
1505048127
2029179965
507807070
45713403
383792894
442265355
1981732111
2110714381
966020799
1337081761
212430577
2071308553
1485319605
1244734891
1136941585
1602886666
576453880
990434071
1927097000
887530767
1166039450
1685903014
2098832727
1633074425
2065017507
1820788853
1643223293
2144123600
685543837
972283254
2008690306
43108316
853979571
369013728
88821719
1237772465
811279084
2070553830
1201003198
1777299883
1260151944
1413433775
1701124788
597987901
510685019
690582725
53390919
1087138899
1681016797
1980487919
1974669667
699572599
1518907285
1926018746
185163376
1436441145
1599323951
1828386670
1433081097
137384140
653186276
1294287755
180492456
1507165847
1663301484
269314175
597454664
327096920
192384358
1798457863
2104396803
1452536302
1064407990
1658037944
2050524203
1575093009
201137021
2103915122
