10000
1190625811
768898192
889577166
1773074187
691649353
888845304
2000182258
884205349
1317945919
1776160618
49893330
447088605
373007563
339647524
763736043
1499116120
100474238
2117698924
465549817
254819741
638391349
837228404
559471250
50260078
478570499
195897784
1513619137
529906966
1945393036
1857415861
834815499
988535199
478830405
1724392665
614125738
1170479759
465754322
466824349
2054685108
1783700241
95501319
2104578438
83305198
468508882
296742314
847041241
1967625002
397216553
817256518
285691171
652036294
1455647867
1122919575
1211507544
1505907946
1601490074
1407405328
872043435
2131397040
1205314716
581975648
818728891
46366267
1060806054
395637908
660492006
83802165
861392230
1127316355
2138487273
497608823
1222817674
2095582064
580914021
1691326556
244840730
1427955263
1511467910
642057283
97728133
1797159081
1294093578
1553376000
772595008
358117474
911800298
226601434
1765522803
1783843734
210514826
823353871
218335734
1029243717
869720139
1279141788
1424881625
1530212145
1362943953
138790208
510044852
1353947579
636399031
1732862526
1302045995
1217313053
1276705434
1546886725
497784668
640689696
41460361
595512801
290365129
1335553939
1405153
1062960137
1693671413
913205452
1289561571
1311710568
549565538
1500076397
2135064440
767901272
381836466
857300931
2047043061
1806718091
240029428
1262503366
1945508299
750074280
468967297
434423683
335453158
1771013292
1651736736
1612158592
1170416370
2037756
105364640
1211876731
597550557
395729769
399947022
598955710
1458689906
2093618435
1512161162
600767829
1257845356
2061726700
2100844226
1245426148
682144325
335197044
2102727079
581703738
2141915135
195272859
1844207104
1939939787
945347139
165690754
226879822
1280800297
1936704046
1878616558
745475241
959636768
1880654314
850839881
24029851
330721223
1246569650
423976873
929676933
557775908
370111661
294354448
1158543737
1627957017
208597500
1111904315
725899517
890741825
1447101359
681142948
1472445563
1441532846
876415807
1169169020
1233988985
1821762946
1334859774
1460868807
955079595
1124080172
1192001717
1700554836
2083716941
925172383
403911069
2107746792
1255893606
1650480719
384240018
38086892
60772979
754351679
332441340
1219316716
234825048
541038840
183737383
960724565
1431780666
1630838742
1641867513
756742581
924887940
370799672
1925911601
11393278
45078970
1113287727
1472262085
1000158565
89884252
516780155
553229753
26117545
1441952538
957140822
2133864337
550362497
460137893
370620707
588449389
520910872
1124972386
920890729
1740227588
1359797434
1461929569
1923964971
173038351
746226587
1407320065
1814905864
1502969169
184724357
38221888
1281397122
196117635
83300858
247201202
1668379721
1083459423
337085454
37676228
1636689176
363202999
1479628766
446346350
349583688
2029991263
906484243
720204396
470957004
1427395115
1845176782
1391847733
1020139055
1057490569
706293655
796620378
1230528920
1452520242
56456795
897951137
808005763
241181153
936173025
2089402886
437298788
1019473884
189120440
2105678509
2102933307
526205894
2143354737
1592138836
889408893
1475499856
2038485186
1238992581
1358007471
797485782
1959196977
1828964476
77397249
1656890112
1073328561
1097536305
566897033
1779622216
1894156683
1797425953
1084658811
1950613479
547893442
1892664574
44310984
1484066468
1834583812
481609772
356056704
2023704252
439804634
311506363
402426498
435675723
1903645199
1291835391
1911175579
1794646738
383344325
1121699403
444648872
195057654
803180231
522046121
1851947766
1876508792
1619582426
271361151
1508647361
1366255462
2068787105
445822524
1169385293
469196899
191003450
1213696277
1953263367
2025587263
1695306049
161836423
1901807867
2135110683
473342787
156750718
423302759
229504338
1448586109
186994690
2024151076
1831930434
1308694093
321316300
2026988089
2111874324
843362422
1731452207
1840899469
315461200
2002813359
1202063182
1681716662
1924116816
1647885706
703618307
245830067
1838889156
1917314584
51609787
1716992771
1465136986
213446210
1471316991
1452764021
686788997
1628067709
1876066780
916293336
929170170
2063061471
792960764
613616957
1224271916
1114277065
493121398
1188662593
1957639487
77089957
882078414
125617039
2079903316
2084141596
1807333702
1856536484
1584543654
363468361
2102366552
1275949162
133299298
6492691
845458286
1598436284
219938901
169291629
903716657
906727899
1797359338
632299790
1823021235
579045860
547877613
468498351
1192662817
1772149529
1582775416
1685784215
813328474
1392931255
1762874173
1695406888
1518548295
1695293841
1632064836
1178398349
1404346678
1069124842
1541866710
1359229582
197590357
1675166008
1365722273
1043048643
1126118644
1585661174
1212340272
2029835302
344905425
862215962
514651444
20443012
1441261822
1062529057
488941364
486440992
687194938
2071716780
24741559
1500523413
1317164388
1787615732
1048446653
688229035
1335425926
533027842
1866627384
592288956
1602152684
1261010446
1951518538
1799743041
788692807
1169757163
695308036
1914811451
607934689
1907648308
1797163105
952840115
622380622
164330901
973283127
2063642445
1226859958
1462224491
402599789
1914054897
1386457624
427341348
1267094662
556138364
67473433
168057667
1244367399
1402899359
701085509
963511135
1995188315
155754546
77037933
1799223205
1955497587
865730740
821496720
503321976
633058544
1429431409
263486636
282738001
234787876
885867259
447068903
1208071004
802026056
1673928861
522811847
1204625845
1440500110
1909269471
1631967193
560111124
317924187
1699440626
728168792
1562291586
954856337
1429254301
378319073
802561004
1585008847
455357007
454300561
1393022787
1321087747
1275797281
1896344763
1954146291
557745043
12347751
89400645
792532919
898215010
536469548
2000603923
1700241066
62914761
375932123
757383263
1503414872
137717946
241866809
2063525996
455642134
1941307435
644211140
2017933720
748680125
2073465442
248769146
1551241129
1510990641
704126153
2005541691
756529780
2025213900
1133855324
505390895
1831876544
1691600367
517738647
1921277189
336649639
1415953657
310263089
189769914
968711076
373177850
565702037
1726094339
1876592722
703419984
1967961148
1792635071
1159062118
1761784936
289362563
1029512190
362981413
215344357
1278281336
1914222542
1726334999
1982407489
1772280585
335381131
1860137742
758652262
840772027
1544530638
302768981
1358510674
1318324179
639418620
626980683
1628587268
829188535
1595691759
2001765118
1394890572
1174302451
1730874193
2098310556
994779951
1376025616
1109889026
609081239
1665388179
2139401217
972062652
1880732537
1270198905
738801547
1459583888
1105122747
363598484
1794965019
817776841
1122250746
488253398
214823831
1425019728
1846764072
1533148010
2064438348
326261108
1014251630
746143235
1921952867
868533100
2141033808
948771670
451923645
2091860716
1943551622
1827949261
1054266095
405149213
1345853793
1046183664
1377211866
1079102682
168898921
2116013413
391202922
1274021668
332128249
38684293
2091798509
1454378996
526937692
159138692
731915076
226218116
1692286702
648869776
552479224
559054684
1395013012
326948444
1427587785
1388563172
1275720114
1879511430
1332940240
1071788088
1559977044
239722687
1476937302
758347189
1285906351
706665520
1837449871
1454805273
675195285
81169145
581343293
1007323534
119853438
525658155
314218882
646791130
684796847
1046133958
873009247
229599902
1695003735
1425488471
788654586
942533099
1752436915
68758723
183612623
880673382
1948270154
1516552863
1952461470
1360763550
1756275551
1281915124
2119110739
894698254
1988580644
1809076962
202019879
516292281
1890246107
783363173
1523615816
2010099545
1309021328
1837834698
509407028
1993818175
736485009
1382416275
75934429
284005096
660421098
864589016
1226538195
265374366
933347739
1410150818
1146047748
734134245
779220033
951025570
2094897795
388011936
85457047
2066524886
1282710191
2074037691
1728118200
1484730070
442846325
1470880659
120609595
1966462141
1333496557
1429630923
1656813191
1842903585
1275965451
245814552
1077836212
1351899880
529819648
1738257310
69005248
1756357843
2003631676
1002352988
1019025013
1002195776
1736487233
1798245047
1953221347
1683901381
38773335
2038678394
1602942619
1321483526
1965232437
1183577172
658729949
260595114
506974183
779339544
79573607
1840470740
61486820
1736386799
1535890677
1337452271
1982201351
466243241
541868503
364537352
57016904
610873752
2120895195
2060648580
1613226740
992436561
915360709
1202230325
643197960
721098408
738648058
681971295
612293154
194107030
2003454822
430041943
1377684202
514701123
690637058
1884658385
1294040667
770210665
1577645478
1355527487
359113816
966052507
545496110
193831520
1432295749
1087364614
558368872
1489312653
1698238366
531780419
1402477585
1163981458
1524216980
170354646
218728135
19931292
891453054
957376194
701902588
1503746208
1151483224
557873762
1933788152
381683778
1072574885
476941562
118858515
219131904
1247152227
1696503993
1574659392
1606266044
515072853
2120155502
1800097564
1947368602
1060036468
210982788
1289197607
610791186
742763207
544191544
1774772644
119496540
714546191
1993500780
139427832
1605999245
803393326
841330420
962261806
1954876550
1399204182
748566310
189076680
324295419
1225507872
307935195
543427324
325176451
2004439189
2118086716
1931442495
372028394
2090758570
1584056411
171913348
1003311391
1795039199
1461110955
1614102577
390318759
2005302499
1241391574
509815299
572365042
1087408706
649243131
30880640
1890802032
1490573552
993142446
1698194934
742294086
1741708756
1887271614
1066589506
819732980
47723161
1610016830
1144909431
2052162350
1580619898
928868279
276707096
1523894820
365441042
448620444
379722563
12996594
1909731399
1993825141
403315353
1767550251
1087733067
913130652
192431645
27658125
1562373783
223312285
1918460157
905463687
1216454731
1469171443
1647757774
810679839
1208959409
566863632
1630412819
1256682570
29396814
627838603
1161361273
1610016712
1556706882
1438068369
986427884
1922147924
1886688814
1366150448
1935144518
1648936565
1212491941
190976223
1269003168
152741360
1104106875
1461434814
180399485
518997011
1684747099
2098859642
1424460698
753718183
1420547437
924734824
1564398022
482023198
1491598456
1047327194
1738705768
1520995270
1675165797
752583393
983528334
1084389031
43168115
1969956219
859053307
1929856929
1188623019
646714178
1431309846
253631312
837690401
552829367
406372672
1941797277
2014264181
586772157
313310640
1551527632
538148151
1737771338
157762167
1958695588
515022515
1722160190
293235138
2006620971
622003736
2031940906
1380132594
149685885
637040652
216177280
1234074916
680208767
38649851
2093128223
462582048
1227272870
592358753
1893891894
1480904182
1430049155
299237613
1887276854
1224362784
166018146
326565363
1537673424
1717545779
864713514
1127961114
1875307946
675925454
1642983629
1449984488
969160592
1502120953
2071988224
853617851
734769899
74190461
1490658503
950947179
1308265377
23383622
989597031
1253909953
485965670
69386253
1846268706
232373916
1550290436
1128834213
531611530
1290083642
205713349
697629676
1616649006
1743386773
267691807
333878872
723864240
2142999754
1009804327
219364221
1445500594
1978964919
1721485174
1370005171
685099122
308771425
1444195632
28273977
1259718605
604977362
51657599
101831988
1858887315
537623269
171218241
1557672373
769997186
1721508677
539022939
1301608716
864108672
744736288
1999238392
333274030
340639414
119446552
667152902
1064503654
114962658
1676957229
1283867875
1560463252
1508438501
857869402
782984775
46053975
1166640827
79696760
74327953
278875784
684674122
125985552
380707772
396077789
663608822
551926014
1953750162
1433606008
125951043
345289453
587731076
990059715
1090025742
439485820
1323333745
1430665156
558932372
1990486648
347685162
673895030
1519960229
1631553037
86874635
880915082
341938791
869859410
926969058
1508579619
949556170
1001297011
1787455403
1634230292
1127282563
20679528
2030308081
1790891385
572605542
1836574596
1077013745
698556585
34380401
1664744821
1688616301
1124406143
2104230642
864466398
407587651
515679366
707469398
755272813
1189574397
79945980
239342203
1276449032
960861062
581280994
2146308442
1887830120
2089860613
948380965
741643483
1729832369
435127609
1868926047
1750511897
317952043
1512333784
175633791
7042991
441863882
874190376
41423392
2106608703
415323029
1165829536
2063355697
1279789428
1573417187
431551416
1987258826
181206353
1621125813
2067204806
420548556
750091197
880582221
1001829550
748915991
620928693
944206516
1697296956
1362572177
526555237
2132424566
1084014576
129583486
302892961
448864712
305217277
309935952
890728594
1179407653
351359344
849853650
1594730683
1517188880
765725699
727036463
943122420
1197277115
566811641
1124328773
670919280
486532800
1544877329
1421010477
1367115021
399223231
22442821
1988043714
1343429747
1719739777
1203132243
1869984984
1704680695
139663171
1999568470
2007573656
588527884
157302099
170025960
1479256478
1336709753
521385305
181626480
783956788
2038574185
947352180
1510993251
834212957
2144629295
2077804892
1958541730
668064928
416854044
1355935411
2089075405
1783969065
1755158643
2111518226
1624529132
951104742
1683774356
680177727
673606079
1240971403
819840899
525690901
1101061412
1408368783
682993001
1271087372
740141613
2019702754
1792472677
921768094
656175894
1683563215
1869120274
19685497
370292524
1866265921
2097490389
181350607
386847201
366860786
1537286018
328438959
3346203
1144961013
292473537
1627875335
2096065756
1976247893
160569415
622188187
1069735649
980410314
1147879088
23313413
241295449
1830872089
1294400785
981437062
1703091195
939389815
1903205156
211783441
475469382
1624841782
231468938
845761906
1343624056
181475680
1027112513
1730471257
548336466
416914884
2058910216
551682669
1561875897
203900106
32074357
1510458005
32664351
192643772
2132646192
1102400000
1173054086
1133041633
1125713413
1414349535
816430074
272630551
248302949
372037622
1212020366
4024458
583821063
1687489748
1628866240
815290002
385768006
825006648
996765682
1412880520
407994258
1545102148
1829795404
319420826
2096784817
1244187653
523320932
2128859174
607162011
555985284
174019298
592324555
1658385284
1347073384
1725366188
636615050
613939271
394312615
909245601
862242221
766350237
2121265967
866266679
1350171300
1661272067
347649271
17977654
2047040073
1172655920
1014743336
1312436945
1580650178
412361836
994748701
1900071004
361663006
91452707
275908289
343038532
698614718
831893573
517057831
1290939273
342795209
1864131215
868821814
979410259
330586839
1263134429
1888655860
1192829060
2029484666
1862438179
2059095739
1232172318
1376226598
259261362
1250149973
1275783024
1431917282
117409661
440736321
865083812
529771498
1435485023
617671169
891434504
1526937730
893579458
1234473036
78068800
1725473031
1751530867
1369008073
2068268240
1468178435
90346239
900194852
1798765274
1353480668
641367064
844110686
1235481686
356321596
755722777
320170357
1732548194
1014984139
1570320330
860847570
299417774
1687729991
1301583892
1164501586
70017841
589585267
1782172755
961452345
2116522997
528268565
48441734
47108149
106257948
1799972601
1416116222
27042541
1120667388
1506462462
927237393
771949014
712459482
1568604457
1616059700
1947941169
1924926053
224298829
120627878
1509990600
1239282969
1690948208
223354522
1538700743
1231194551
1524938414
555718681
1301212393
2114523681
190407789
115181090
2083563030
718676354
163622824
2130671179
824934303
1963595426
1399303754
851976844
936779166
758282568
1779214237
1708728181
1470742050
1200335046
1177304233
1271199571
977777452
1401603063
1391827449
340284404
493402384
935292009
563638926
2032103127
19002913
2088577341
440338160
1320215306
2055617374
630745949
1435396396
1991696757
1349422304
1599019221
1974884288
26872959
1415130999
1226704394
878849803
204426517
1984986962
510580392
1913154698
1308245365
1710915438
942975284
431961288
541209242
197094699
1823788738
881493646
690497083
611597099
1445132573
575116562
630600012
1386226266
1015454722
1950815318
1294359992
1646200672
1238728067
1138573101
848139328
690263640
965973742
875012287
2105394639
45194488
1753862090
162337508
2030181451
116958834
2075492207
1190943168
1827874272
870983843
1622904456
221599867
1068078542
1299209546
1103093513
1758575625
1910806646
400742438
186208539
393923010
1786968704
1201663261
197254681
933845049
700380285
1435982748
2072418150
1548519613
2126246388
890908244
276048252
2084157379
936102733
2029910342
99011239
818800536
2146869176
27019798
2009743704
1827259801
898003641
1485164512
2048859668
1966082183
636890411
1004469533
1577174160
400213409
1405211972
1763382699
794136419
1044697028
817562313
991391100
1978542077
1517942598
279890200
1903476580
918978564
258652940
646901176
1195026816
195326671
1583003909
1077453511
294337911
254320797
1076839039
321357709
116580853
756615192
1219361351
1601745366
657991212
1037959886
91152129
1662460746
467650399
491365538
920189070
83549450
1285501957
1964886098
901111763
129409410
1795944528
271570714
409299610
1551937460
1190549278
667952551
51354988
238092446
863279222
1634358898
1315545957
1157617133
1888679695
244901349
1478974843
2005260549
1001516541
550852546
1459522267
1659507754
1588812432
1550674396
1174484852
2056462831
2042039934
2094673922
2140012282
1180058243
1912076372
893640397
1309467653
1560537252
1165211111
1718767264
964991064
208276741
239236167
1016346053
446369188
1102515389
503221303
1761915145
112648875
244417350
2006816494
1591623718
102194251
860849388
2142476264
1561716518
372873494
1583805048
964907266
1547358346
1492784232
859463552
1494548620
1485312866
2039521796
1259141344
231469615
1201505801
672194949
1396680727
772789417
1637186013
1604957468
1012025584
506048418
2051326656
2114540974
1009269721
1665758154
79706201
1253687072
1525091000
1671329919
1355881323
238456740
1666322535
770114194
611330234
1102643935
1735021460
11204932
447944519
447001365
1505753552
1933257385
339039513
617411249
17243353
1540545314
1289606198
1413924080
165851084
779308563
871397900
1177876668
1285356982
775240909
1144933994
147143055
293515415
1224640195
1400830127
1818606415
748486466
609227803
2057063156
267325353
1379341997
520909742
1369969289
966879809
532114675
1817913808
1413881174
2037868227
1603687546
1752920687
507795828
1620930899
1145982354
1797402026
887371331
1311833438
429226942
1758769231
342226458
1714583924
386526492
1487160453
1861726979
680041907
564317000
1115073459
351164675
1312803467
1724301262
260744183
1580128820
956159611
781653925
802614461
1923039420
1313768600
473044622
1189436947
1204153180
2076732168
794873986
1711949008
1550179419
1940856340
1361867387
290067102
1105206130
1791094329
2048836333
1447432589
1358194605
287879178
787109394
1072437936
967921085
1351426394
40027747
1319085760
516746213
1764329009
1579829943
2096875034
573004972
214000221
752005847
348560745
1527768821
1225050469
1537997692
584438353
1154298989
185388030
148903714
556994760
2126244371
1510771101
847061862
1083966853
1154381782
748414548
383915794
365092739
1036293726
1171025188
1437530675
2004214811
374967935
1477558423
1175816924
891714148
1094403784
608163219
841105534
1667408757
822163440
1593111382
2015969502
202448614
670678203
1406483546
786886967
1824977193
1591871576
935790681
234488305
1570632299
299078134
1081550168
507115505
1453459916
1829964716
891031299
1818552655
718774794
2062056488
1108599683
575505957
289540775
438674458
1751322881
1181254923
1533078242
212002453
2022360458
1053003351
1034165893
1467988192
921489205
1236614507
2138666395
180489103
2023501475
1816159940
1772360680
811808508
2050648246
1195509331
1110886643
984714766
1702624836
416862911
667195834
446172488
87931919
1385970628
360745328
1196531602
1961476585
650286103
1635206060
1565315819
1831541026
1020800654
1777318272
1706417836
2073804006
664000517
1026922380
847809563
1900615025
1018105128
1028298667
1776632852
686781420
653175699
440957712
589946018
1848685030
1551844355
1574660784
1403826219
1968707267
94372970
1849998707
2056639186
1480343598
63260387
1105687140
1294336536
713546490
593409552
712168707
397603868
1614210206
342003331
2104021705
1540530564
1006003848
983460437
240856480
759135225
2001565565
1269155147
388284429
540863338
1922330846
829242142
1130809356
1623532228
233602849
557986493
879874799
54826468
652359463
582389858
2111465654
2132703062
645650245
1069669146
1279555950
1359196735
1663078698
1991724657
1756800604
1129805257
186244340
1713338661
522852173
1192248188
549315450
763708653
1951383414
403397368
2032863800
192184195
944260706
1807710998
1021426337
2075070062
1283759579
1255029187
485572907
16150730
1309855655
1137932371
598540589
1273837662
1123151785
1244190834
196023160
255224087
455903922
1859101859
99465096
65220878
841423468
285709436
1778559539
1364275641
1477957624
180391341
2127984295
1281857390
583788709
2013364447
1474041586
1528049415
1673591798
347984275
1455635830
809867729
1603013462
1941208737
826018459
765385470
931657460
1424559048
2039223132
2054809245
521266235
87762644
162549684
977170157
1946864503
262014780
1042391035
640804323
547724216
673466926
2005079965
2025681841
853858267
1985580612
1160055583
1437646977
1851461411
486613521
818212744
1377569561
834597797
126364926
39953642
290127611
2067573664
865972102
1055513081
851747476
143047502
947252565
759073074
664313737
1035015210
921622758
1641483894
834396065
1183637539
536391281
1475200389
1731361755
1209858207
1332796706
1609559948
2063716475
1170893670
622131884
1353879804
874871433
1108745405
24608900
104957347
1943343202
150973827
144910989
85987166
71063843
1010883091
1141500247
922811319
1153930594
2088752813
1681884393
1818244331
976284375
456023504
1312244578
1810680440
1639661043
1848635859
1138397181
1223539150
911010419
323710239
685615451
827243246
1494603909
1307747335
33639402
221991695
269009092
58248302
326949042
64868647
209222129
471860031
150855813
280285972
1482743123
1292356060
1203097292
489190069
1233625225
737498037
159950752
62425952
1193521541
1472195330
1873106393
685698936
1173347542
864019926
1909238087
2084357961
1187730166
447369890
764117559
534850427
1755117225
797756961
756842122
2024126317
856005263
1083791164
2088994964
1065227393
1555651196
92367129
1345513365
890910671
1384723190
401127009
1380100740
470864767
1138625047
1540051492
533290720
184662940
864763175
258913465
870361877
2038110717
1122933391
632116316
1974985030
163179909
1079486206
591618941
698030337
687119783
1389375902
1454872459
563762452
97897517
391179976
505273769
1163124910
1946831172
597640898
361154628
690258195
1982364088
762281637
2070358935
305745208
1900906684
1462926779
839035928
2085569625
180206306
1097949393
808447854
70833375
73399136
1440564170
2045818405
236579046
372566728
489953698
934609383
1059686511
1879329600
241998194
1623448963
1977227118
633178170
2128722732
992868380
432525694
578879983
1354023008
1122783889
413760423
2116304646
1045659176
719505631
1869727682
361102308
1558541559
1807813659
541308614
509007304
468777865
612141990
582406441
1909342035
510476747
818985487
134425115
1000430446
1753594870
1194111626
732276398
1995593064
670076942
562019868
481287587
651316026
1554888249
913813281
1230196009
761427609
2036597171
1643956433
730248607
934772699
215978416
452492642
1295875007
1774519976
112822653
1837183622
136043632
581600519
301841964
718450073
343458906
812318711
1537435560
477884022
1812749157
1143546782
1671995648
397541908
991656199
194588942
959561776
1472943786
845904969
366966377
239273419
2076100978
1128393987
128386942
1572573763
1858642594
1063159642
1788552180
163651588
211551001
1415588508
276474242
2048734623
1551632140
858074761
203092939
122598566
1201533667
1015411651
1660034126
1679417689
680677160
656097261
1203929690
1078219068
1647753460
1398518632
2037780845
973213598
96939953
257263574
1212487017
25557284
1385657561
1340873960
1598131047
1096816508
256549954
1239199579
1260468096
468100955
507304439
1536942338
369351931
2058936580
247533451
572444870
34051498
1449067119
1587856521
1694085624
981001160
121050034
202699237
37447202
1199269102
1850452697
1435965835
1089566299
676182647
1532905788
1346829874
1888669665
1558463072
585003787
1082059977
1009110472
1681820295
1338609931
100826403
794804744
1806710886
608130843
184263434
28579169
519583775
431796886
601024040
553635273
1880864005
41396913
100237249
714381517
162446947
302936487
751828720
1361716050
5905536
40310907
303798701
682088184
1573216695
1650628575
423274201
984196120
88148715
1505334178
1993306592
1769969010
696460461
2094132995
417290106
355687699
554780190
601553541
384266869
1074363965
1033350427
985290909
1627999238
766730784
1026687822
1728236488
1481112301
1189134770
2031172975
85457373
403367172
2037078511
125768280
707165873
571683047
1698984976
210310801
994957248
535697448
298459516
352807778
381520392
2068428526
1049268239
328169739
338234985
1404955939
882949930
939788526
1789222808
1957313895
1973138953
627030069
1437829486
592386089
1653717891
1018582326
2073498390
695369013
902271653
11472116
1098736185
791866516
137240396
1805902059
1363549564
1836225372
2016212860
211023164
224439172
167188728
563830943
605959564
88133606
1613099182
934129304
426368591
870571473
1817079234
1366157117
512310633
1626909481
1191812422
1139340702
917255319
1784198511
645574946
1935837645
1710213254
1340943959
690625650
1721685370
292196497
1482492167
1858925766
2098098556
698558083
1547667491
1966827768
909581247
1772106663
2134016496
1473412190
230582580
74666454
939027725
1164711884
501035046
1809599198
834307470
1867192163
174426184
313733303
911520938
1313766886
1230988623
548235801
1959341832
1019342620
110965407
1152802144
1709968271
1832650777
1444998641
1044976790
1544092896
1395613549
1743534873
944276739
1214957669
505632472
568899754
1201490517
1979044663
799482334
1276156971
770588740
1964194218
1777192017
432704290
651018040
1496900533
607130474
964751344
260937823
1920897361
48256319
809173624
1732755545
1067598939
920139032
738074041
630083562
605306161
35589034
1675060352
1915409
1431202583
1271111577
946192148
498676604
1776744050
1515091903
1700167121
1608305065
167090589
828840445
231410157
2131284808
458548814
664114447
634819200
1955449347
1271244922
1599570544
68903522
1044658635
1647826863
878077147
629930532
567942155
1798216179
1368004574
1198025717
256038692
1403593608
725602422
257954102
687312544
1996713999
1204146250
1185989148
1625974401
571754505
738672622
1086795818
738845095
1567513067
1318205975
722646255
2026061881
1982320423
1357465455
1834027581
1106081697
809552352
1902931103
3256684
309895567
633524602
633187216
877837722
284257133
2001191790
2075863440
540295826
1257301751
653982214
798249928
1944614295
503212565
2002396178
983119795
2129186967
426667036
1721792417
1068499137
1165512131
1141821836
239221465
1888158386
1020400070
74058240
1098140193
706944003
1180139937
1907692545
462391458
1183396621
70104465
1095916061
1816583837
947942187
1380173194
1670291980
876321979
1920469020
780110083
1530304193
571235300
577240730
2033516759
426147831
1560360525
2015220078
852814867
1134669295
936235567
2018326998
129007483
1175457032
1759001736
1149407553
1249515272
709658281
1856351556
282171561
469867179
171259367
1465568182
539971644
1267175428
1134668372
1487913831
499864974
657476704
216752163
272850347
1437586787
1747056356
844085647
2014827517
1633089467
1270233478
1427704394
1500825897
2123048345
414890041
289577817
1993891695
543897525
1465034849
1605409783
1693305078
567066474
167584417
1402172987
849238035
637451596
1573432354
167322570
1177423240
693124134
1301990942
517853423
1192989108
1959467646
734605586
1465839455
1249570785
334178295
162441455
1116914654
1967267762
1432674933
397135400
1320610012
1408239631
812025442
1610187829
1254647678
1355922967
927739030
712573814
901744397
1494805504
880158231
156433736
196559892
1517609827
1729866090
363882462
547549419
275506576
1665873404
1065402842
1468495685
1477857402
1800008429
786851492
579944539
2134186724
949292947
1696859193
1953970838
234484233
2093994593
1127097202
1642723864
758536387
589801383
749887894
2114459354
1517540414
1462461708
868720104
864862270
195136291
1025153840
1061422162
1712746118
607536283
1425304624
112811889
883042859
943694380
1178214732
204054896
274068134
830739513
990906389
854012673
817442589
1940199336
403388218
623929779
27199921
349899164
1751026982
1669923785
1108435551
193344717
272328032
1075411258
1710885131
1734789740
1944131362
428263754
1929926032
821801554
1489685916
1495188502
1429337837
767506893
1608000392
164897049
1711201273
638731476
368951945
1985269408
1469470989
1359858334
691798433
139429930
1152574023
1095186652
763359709
1179773944
1445085816
366903043
702214082
406037719
560247761
974542114
1481448977
123649244
561848206
1278096691
551912998
344290590
2099898246
2041598915
1839479093
1381752435
661622160
1299995837
1546649484
225339785
1938727313
1915601430
63125545
1260714654
1127976116
754923979
1400144584
133066491
1850110631
16020645
1312840436
1147712799
382923689
2015054518
1553750518
943171450
842112984
887715848
1066820694
1403961190
18328891
1618733693
1748251781
2118227137
1512848960
1440247226
1352495925
26987472
592759415
751661761
252327257
384003080
519779543
315452803
1644717734
1647755660
1070376782
897378670
1780822151
773003765
913399315
946178939
1920716564
1296323004
813749809
1326983434
92010806
1655862793
67215634
1158831501
912340336
85544526
630081546
513108469
56288015
2142930506
1953355695
1408783940
22434330
398631462
12962054
274761587
782634542
532741597
590214390
279868628
33013609
1660591172
1177247298
1813835761
286111289
2090646613
612531052
59344205
1239485970
1426280862
1386327640
1331496776
934660007
1453543274
342844629
1847000343
1539087800
972926175
212625164
1595375816
968373033
18497211
856676108
990807363
417128673
869638162
1265568951
1199763215
1402379760
1855783341
1479631843
1435393369
1368890866
509395493
1101745482
1655002155
452558459
1714276535
1714346361
1692044429
993073749
953190353
876057557
1927733756
259249979
1218902187
1627250452
1798337780
44344714
1839875616
1246229948
1012717748
1858372828
2102906056
2003525111
128017853
825060571
1121610414
1327781069
79956683
829910108
659929264
1515350052
51317326
1169324758
469611887
1706319481
1621883217
36404774
1273182194
1166443998
1029478523
78888899
2042501555
809728631
338138879
1113920094
289495435
2136476659
1158264809
2129371052
1235222959
23498909
1840260232
1190645367
2027024020
1968278085
2015705938
1001150787
1148575506
2095662621
1831060895
1808504771
1463529026
1882378221
830345881
1933140913
1441214054
304745450
1969545687
566912601
1471189448
851540562
645801500
1366207355
1661269193
983940379
332643802
1950764629
972933390
1490908611
1932652033
60672701
1514407520
1625428617
1251318069
1393947892
1446223054
1119540359
247615031
447314913
1067719333
2078675926
108336036
383764711
1813570499
938681917
169421976
1107300906
1243427367
2138967663
1674213507
567133167
843024577
172531359
1933340522
356810122
1156471739
118500676
160091103
2129405129
1609409287
2092743136
42594183
976333159
1570688105
1293912252
222797404
869427512
265968963
470412435
1316742425
1333688296
401604714
1425078461
1717453007
67691565
216276730
1886874983
1174992471
1459704097
1878358998
701722330
2026837264
573899927
874253690
1812694138
930710050
2030725429
1931194815
1090801153
2012646910
1393120454
1036060642
2055241093
221969966
459265099
1201669697
444767370
1328692611
1467638661
915179805
497951388
653843309
1316784519
1923029849
223812669
1384476085
2139306579
2110687652
411984908
1451527028
1841563003
1113707239
1330880644
267979282
1987960929
996091135
1198689332
1871202710
779802302
142006838
1736365972
25439108
1178067480
1644123418
247409074
1637332579
698309467
692176444
818541543
18464480
1607356250
1316492931
672307790
776657121
1092039133
896120459
13649558
1083862064
859324463
425634467
387905445
553403818
1539341706
1718786089
821383101
1379818987
567393576
2020072433
1103538049
1347195878
14595623
692420373
1372634987
1192663103
189060143
1620044061
682512035
887369611
164736858
1501053578
905834091
1772093108
670062861
1578141881
401266581
1762101994
326778692
414916140
698480411
1186103156
840550607
1086385856
1739506974
232408665
657688297
413406427
1612227652
1225081874
285995213
568282053
424794104
300590836
1260702426
1797429091
1493253940
1449762570
1269989505
28282327
189648533
1434726363
1529335905
1095482624
1059335823
51915118
526140858
1460602404
1814017113
852919550
1875518544
365013876
2039022706
568585503
1451399732
1631046033
800994168
2109088029
2044452460
265738172
1186686255
182964025
834020225
1611480360
483554862
2094722652
1261425803
1976808802
1397001574
383931660
2005091129
1586650107
1818658023
1386943386
534649083
730510198
1438858504
1060789941
43628955
1105391969
1913709492
1919147499
1470405845
1805248550
340249355
774321929
1288810935
1141243523
735926311
1185779748
1406981696
1922612566
1368743773
93518273
1386609278
1852298635
40757277
500551434
1681623789
1437758851
884483094
1539231270
876925310
555657470
778691008
1411574394
1286167668
70065865
324880687
1329796623
1175457834
91106531
1101460475
498380032
1896355082
1441709830
1272701961
1037682369
435469705
2008628272
75978469
1842451401
1783757191
1444722243
1935969675
1022882821
1149537230
1976726952
1523434255
683677372
1267002156
260433702
75424994
2143927466
816091172
854116003
1408018212
2102258840
924181868
1732898900
1284571816
2099639702
1824005431
238548643
450536086
1572876865
1680258473
1723238048
463075587
2115728178
1584382672
539054056
1810695932
1220656215
1983776299
1599181959
96055389
985829882
1428425263
1619489644
1669507254
547943771
1879923346
1744932248
544387590
548530870
451564603
1952405802
503306063
1375746471
1537821054
1787877879
1327902526
1214342838
2026426522
1778438612
639736055
1559201347
1354193012
1102811642
1527445877
791092037
1641865699
1190658161
2011748252
1478158350
642356472
2107803641
316504584
2070781736
1579809638
1986011838
471241859
1312249336
1583460439
1015629449
1860780207
2035025042
820551604
216602622
1263287866
210889010
2004480501
443706744
1425231848
1883423375
74661708
2064967904
1295141074
1428854721
1020295898
675103303
72463110
514677949
1865761465
2084211362
1992836300
360634289
2044531356
161857236
283932377
1476857346
385427
755174237
641623034
1583845866
1770803686
354919593
1471387260
443871642
571522215
587191478
654760653
428519068
1030898222
2079992501
164458795
1105559931
1997476757
1459599869
386931004
870289008
2134703173
459394114
1384966957
1852980990
396121828
1230319609
66131631
293169536
1392176846
350064009
1770026882
1392562273
1105238246
264166269
828924491
728558284
619085862
152828103
1172429927
1190608078
740019582
1827190580
1619127146
1770917804
1759699433
1783585942
728994087
1609692543
1095702163
1115925091
332497903
1082921688
1575319205
1717464860
788419030
1971441034
800300822
854550662
117126922
44994020
1204614671
1887153805
1437556293
162369269
3836426
118997136
890927553
622922288
271825239
2063357480
1813530366
1011844821
1743064412
1285173865
635278978
1355280198
921276159
1364273065
817489093
2016978322
332714509
1149986996
952416363
1908033714
719968208
1740835393
1731991100
1520269030
447902407
1849118023
1565263050
1652517078
1588788180
855335695
1814886347
1592624606
974332831
558330253
68063246
1246158071
474204085
1881593613
110519244
69784850
1019283830
745798222
1425065048
1940559989
2110071288
95070493
1810054663
295302149
1245057489
614987378
55852215
1965025697
208339124
1787843316
1337811080
656241531
1489477691
755590482
161274962
930782223
1610926178
1976161309
375923181
437775361
387007914
443986427
1683933432
861212000
178096392
1794452677
930996850
1197380222
392767251
208578250
990456563
355354891
303648743
653027579
650657040
1548706232
1268014957
706509256
1366248281
1476354081
346868924
556575713
2132595613
1836346615
1312166196
146386927
619645190
775608726
2122548236
995568371
1213384087
362072503
1439554798
749833872
1223284503
1617651191
396802901
6797705
667547765
789570152
215375955
1658004329
1144925044
519024698
163548260
1795582084
2067730930
1431563217
354607692
1286495563
760433651
701476616
1843071277
745545616
390339583
1007753825
891932543
1009984773
1783362551
866997131
2005553144
849262990
1229069634
1297624295
1599096862
304870489
767791838
1995899763
311668194
1435339603
637986268
527044149
945860284
1782911312
1046068847
1109408544
1431009748
966316129
393488114
1785617441
105328045
1153921765
339610409
1948399322
1899467381
729949993
808669499
643916276
1739934766
444548402
1510913407
1598004263
1293811392
592499394
748144910
745424607
897369883
1515936748
593840722
1209038078
803792703
1231826990
1736082227
1749652988
867254654
634667427
711577884
150780755
1600983556
1105065998
1936398196
1706311601
111504115
128524957
1507227275
2010971496
858474950
168413126
507404124
450926069
612961528
2018317532
2048930332
1906772921
463333278
649591594
504713880
1360703161
18044694
1098554602
422257591
821837397
182897945
10856171
424006737
1050152599
645523598
1135584622
1200933354
99023506
93166972
989847902
1805335108
204671088
1118372860
1165078735
68158936
1976847810
1333491862
575563061
280290231
1946453390
446396945
181736915
1705742663
909730223
831328509
62972895
122949736
849373203
1161527498
545207328
1671210601
1344425443
556063499
2095217338
247094394
1201587097
1083318312
1448027749
1300610603
1176485285
290392003
958462063
1381156373
1408764863
2123540799
1449315309
1238129026
1309549013
2024878370
1518419257
1108518755
323791667
1700156173
666777771
1233521890
384001034
729750666
1356471627
1233374238
1891278164
1901678955
757101191
1088219959
310258806
704834881
1335314354
1511845903
1788153194
635858455
664972858
817154831
926250458
1623434922
50827556
187531674
1599492073
1500142865
1425660700
761557438
1377537588
796596309
1870076193
1701329255
349268834
389370316
787367498
733269869
1119120983
2143839125
1966644107
862915499
1898034432
576261650
1951135459
60809590
1281096531
1138966165
1572655493
921766077
1774824620
90144703
1738920908
553591430
1713579625
1789748464
741123104
1165588050
1142407682
19300156
1927145488
372461622
815896466
1649738034
2073790877
1165165300
2039108350
713674727
1898435169
1010745685
710030204
1717595628
1873661185
460580988
146373630
1677312996
521390578
1427470162
668795513
2094046071
201752591
296136485
36707127
1940673500
849727915
1750286752
1582938316
1590851020
768391155
577862350
1610151176
548052995
950323972
278563994
50307381
876631202
1443729295
2089415732
1590305929
1194680816
952677769
152852486
764792797
678855306
613433474
911166427
208684654
1134824053
191152941
877480167
1081386476
392905533
1173616652
1118093603
186095385
2023344568
720896708
1769033701
1466711940
1489287863
199412404
929379468
2037340858
1149736376
1207943463
2087648240
2026367578
504189110
2029580324
1469189860
1698869926
834774445
1622042346
316179075
1513629752
87992172
1227345503
1722314406
1222816225
1418498444
452310926
156719054
1811403977
1625927578
1274812657
1997499362
1501788498
1995709365
1619049416
821016790
1337513580
1818461820
1750396259
1227370791
820714548
810856074
1167535383
699598479
1315045184
1049632059
21304691
866431462
1884406504
1643347037
1182610538
1250552608
1731339209
262472393
825383367
806671787
1680970837
1277694293
963390841
1344891167
756138223
90719850
1194906881
110443074
2086429216
666472649
931459864
1276459148
337450821
534372475
356346291
1158165370
1345228549
1523881674
1857763849
512790085
426030085
1879068540
1379221548
162952942
1374931929
414348438
1413505550
958787490
676820831
91405269
1765459277
210308020
1369099562
581366470
1555199187
2125237786
672086321
602622421
88197212
611031889
1269095070
1019657076
1887491037
1606545892
1554029552
96353681
617227614
751774453
1620235355
327507815
1264564539
2046265441
59092707
496302439
61734735
1434024636
910650877
1475240285
245328478
1587471708
1566645555
2010787756
1797779728
788261469
444670578
1205495268
766015607
1116756899
1808117689
854212819
1727788788
929729111
1873869896
1467796178
388791355
1280415800
1564149859
1006018969
2032190253
1036901566
1333526784
1149271144
935683359
1392619491
1645573583
997418094
679160479
408740812
325174732
924488958
1996212520
1891820287
787793066
1646508601
532598108
1232463644
704520221
1298613716
201736896
365154262
5342887
1929525684
1294883373
1879212783
1249838214
1683674729
1012144935
666504425
542210050
896851541
1703405992
1875736835
2046122685
491605703
1120872678
1544212621
1489023798
1800033158
1952953433
1814198530
577038468
1801682306
1558535169
1364831534
1300707259
2091133277
449811530
2005227480
1242263345
651548426
222898094
1247606233
433590463
1517781467
979335368
1683428677
1053972548
1991480304
202449455
1596182599
740848197
1905855447
1324435786
639487234
249977502
297824816
36216207
1739001300
2097857974
1989169641
1405716182
527412794
1643368299
816767703
1892244328
796591910
760417333
194572211
654335742
2002680678
846120637
877233836
1102803263
1279711100
247531655
2082138632
815656130
1301504204
1926135288
1018105585
750203155
519499837
776477384
2074638941
1158987071
1026454886
224980109
1195203279
617972539
175354436
1036889272
2023688721
702767230
532773923
692972777
447527911
1329365833
1453390110
642100122
1983701575
1308587140
1488220759
713451763
263906756
620448212
960983418
198561740
1436104342
115003974
2124697028
306726279
865207129
496713217
1083203663
792362422
1655700288
2109658549
1017342532
703419919
580147440
1192696968
1740309191
456352514
1895464198
125599466
1149325291
195508461
1454965299
455231753
837608583
1291183226
1763818893
178345695
2004634989
2027725649
798793907
818134760
78803741
87414601
933138734
56017121
394140880
1798345864
552730338
1477344543
443224638
60946979
1439519444
1460567170
764366898
2019666885
505780490
357192442
328535751
253761041
482791908
1477861042
449269502
1937757208
1933092795
1286878086
1081456786
1549428040
1465223781
938608128
1429670042
116534040
1756742888
1508473783
203948641
542397974
1564490905
598089521
193260190
2117221243
2075434064
636484829
30684574
1367469860
2097051999
795051473
1239653097
455348842
1152243915
1568188848
709109883
1635035823
898566242
1158379385
1425309383
684175389
297773823
359282522
86119782
1762997604
1297890650
1515789824
1879531644
907149890
876779959
2083480285
1449547864
293787216
534086158
1642808055
263524812
462036574
131809236
294209386
1829506435
81377587
1089260859
921675884
536726429
94021126
342381085
1245836312
1729056950
1240947327
256732050
1006882685
1925122717
554505873
1366165207
2011242499
170019830
516572209
1379548675
2049551474
1423722099
108844986
1985548112
725786316
402632203
372150622
221110723
666157015
834187197
352919959
960366401
516209984
434297546
2049627261
1437885868
971023976
2143648387
1780266953
69376640
1725221689
873730633
326108690
584620727
651369702
880614564
1950785934
515128553
1050634394
319874496
1894677228
952702220
1743596595
2003522214
790766684
321899263
258670769
1162917307
543009986
924827784
1997104504
895929945
1885194186
365830840
1330227492
1787337799
1803716708
153767820
1783502538
1436500014
223144460
1361240580
162746999
549253151
1945861307
814116701
1429867715
1749163593
1329245254
333018461
2069038089
1076438834
1285720681
1665151037
932477400
2076487366
1987050300
1191148170
1091921025
382576639
2115975954
941541881
1278506584
1853686492
1307372721
461250428
1493540643
963605781
615018248
1129559534
252622147
838162709
343316466
415369146
1387415860
141694125
1229485847
669799927
1890857718
411247453
1002818388
1812412160
1487686287
141055421
1330079549
272680040
70059139
1169646201
1463828210
1161980164
1552222840
1432320516
2103522045
683245777
1138523361
1263411118
1144496205
484580356
79533252
1759514454
1614139890
332155399
450193515
1957456356
747524546
1837609375
2099150481
1977010393
359925654
1842524552
240774199
1362744042
1507453064
1728460486
1503799463
690048965
2001140526
1573858603
1859695166
1317485088
588355119
1264434359
602321957
544393517
1947680136
1740845318
1807804635
944692693
77942026
1887337887
556723499
1692081917
72009639
1006917014
1502054625
819534185
697042741
1453721459
649060930
1056968395
1148762363
889835129
272228789
508731779
470811968
1776028253
1198780744
324468846
1202403208
910992262
1641953935
1790758327
27942973
96792244
187668196
1975623109
1837637562
1995472832
772832155
1915579588
1735327071
1329555654
1460177857
1807336710
188989021
814748835
479387247
886031762
120986646
1128448178
1943000158
1269749009
2018283307
67745299
1778480788
341611627
1843773552
829777884
666080474
898693112
1740770146
160550761
541967792
1768713120
257343005
729635988
1596852581
2094980567
577625172
222201088
1863076507
165468596
1551756743
1175770717
1972805306
1740745764
1990519552
304708906
479293878
2111506198
1433157084
274810388
1233771559
1303956743
342555688
864768699
1645568371
38845592
1694546583
164165197
937538705
1287833081
324715958
1479506497
909062553
582058963
61658837
358431487
529555882
639284010
580632575
245148741
804752606
2132389318
1420919458
630074264
1725651434
1263955362
934783170
57461665
1227977912
220456606
332272053
314265823
1524413350
674827741
1179034522
1022498073
713673334
726097457
1186663270
1651212039
2013930539
1511379228
983234888
775509444
2093438191
1044893725
1133940931
475510425
1684177735
1714573507
720659166
341446693
1699479177
2141578625
971520958
1277646964
1258050339
1906304128
1335108629
338544604
2126760735
1667380682
652810427
1503690437
194724776
1831844950
378704862
908398110
410458759
1565368132
412126501
276905650
929263712
1395361389
1052415095
875218255
292771466
38872378
1350728680
1976949202
1753445885
2071387846
170912247
1305441415
2065482823
1142433205
435604731
1176049515
901253686
1770713360
1514594119
880530773
1290610394
19920898
236737562
1485335170
1851765848
615442424
246249632
114740960
33326908
658376133
391646610
962590620
2053737522
1444061705
1837808875
199025341
1482934084
1041053907
28490895
1088896321
964958105
199403142
246854088
882957281
1341836348
682458819
2059006796
95606386
305688531
1426117267
976137159
1596298926
1446038165
1212874721
934150448
1150320366
1828317145
1180400081
1265061326
1861644053
1838776214
1656707936
676751025
1745030089
953285994
367076252
1944055430
288736430
1408130159
1972546325
1377632751
225604616
24465819
1624486840
1108561897
1366302167
159462011
1020085045
1461908553
465150543
298718664
290562064
2061449469
1744756830
1503436785
848116269
747593548
1184270282
2028516350
2012654874
898430687
1719808917
1521879162
1575181712
1317355358
327681508
1942257964
1113927140
616417938
1202904475
938989817
1994050690
1428509092
963455636
1471053882
389587341
182274156
1630515893
1409672387
1644182709
2095666436
1708391051
1934744774
2009632257
1305664233
1290697911
710264879
2053257781
327484546
591297581
1918429007
1225915233
163622850
1292824522
653613298
1480978208
1620506030
448387614
447421700
89440321
1651292090
1386411517
2083491011
932317534
202383506
1407061245
1321904875
384657662
890093490
584093614
2028840371
838276279
145001018
1816101497
700424888
1450665251
959315761
1410689767
1356439385
1286800307
2001987349
1127384744
365231892
18126551
272725618
1018845190
1499104760
1893231649
1467232805
1946526460
1982671970
971041247
1185454330
1918679333
1903358781
1387837836
1178256930
1077780008
1772495498
2068350420
1661873623
1653852221
759143051
1806874641
1322470071
1459567940
1110056244
134302184
722774059
319011981
1421102491
577277760
1446396726
1786334383
595404312
1719122344
657695926
2094509072
1464870345
2124928731
1893551884
1300058667
948486330
931522566
1071254352
704361463
171876754
102027634
1782141471
1944372252
22894407
1296531446
1450740826
782037458
955922439
625727249
94121750
2065978684
760029433
816895810
237507017
33648276
1394173570
1683903743
1819982659
1989577882
1255542440
330194937
1936603306
572929137
307640020
1682671543
1872987805
1256126350
466710461
796758509
1960487813
638587216
898786144
1595145637
435475820
921680551
744193435
1886216646
1703718009
1700115875
364460247
1797839760
1618610911
1124489680
467251922
1856117928
1158137956
1861425492
1392538024
830636968
1703519727
500596816
1160831905
1492639385
1073525953
1468471926
1027827280
799030110
577114628
1494537742
1595788620
390118794
2133124958
347091116
1985264431
421117130
1268771667
581974218
159850129
825006028
134606445
524310376
475362140
1753217356
1648800057
942614062
1461851637
659454365
656555907
706906013
1490091333
212591986
1207502829
503439591
1705231371
133545134
1971911517
585575004
932575245
401542497
2080112746
380880217
791661291
2065754056
727971333
629442074
339387538
1996743000
1211416293
499237667
674265380
1346022738
1023548044
1149627521
951756447
524864453
2092241583
266124436
1184318818
601313842
973030449
526926504
813905828
33049630
1030366095
371653552
166594764
854793964
957228556
1099170009
1256336461
889857654
1480050226
2047997753
808128062
60537911
529956179
1147515600
2057280911
1741372472
1646753268
584062644
939911563
522817664
1733690165
1891668010
1047682117
1678448100
10308798
84517287
132278295
983339247
611443791
946184123
1016388877
1641809886
1317837675
1182983641
349120202
127582583
134670003
1605456664
1017440237
1614720229
1505970769
1825568299
1675258141
2035926948
825600252
1585055404
1629815773
324869872
21634400
422243688
847687536
1755324565
166428050
1895369653
1286289018
176736848
1979886940
1418567313
1160076095
443847084
217267788
28981324
2085656970
1535105464
1211964965
287293525
1662688047
1346634968
1892750189
532644637
813871550
1251237310
210729288
341646043
1139680610
1036329540
1926701447
622012735
1361199412
1948335848
1044256423
61403300
1556176765
1210684473
1956772953
694982135
1387421321
1789176246
2113549448
400013768
85539682
183333589
428995092
23713004
1718439053
1640960058
311006529
1233643452
840111378
56273070
1766288089
1653982928
1307510380
1977017378
1995628971
299707343
865863270
1774846771
921720078
79579035
1575698971
1965976502
140982335
984392088
1029177327
2097755289
1679374224
269115001
1739447887
1645440024
669128769
1824987569
1828773613
1098123862
1848700573
1399729018
591600272
12223455
485888823
1431711650
68496525
104693264
938210931
1376006906
2081710642
786356254
1675714249
800090265
413719377
449950679
879669300
1989418348
268443533
1020651635
826326789
1297620861
970923276
358217365
1566735862
562887515
2003657389
88380983
240391436
1684947355
1186504845
2089092010
937192725
1778105117
2101315465
1423081548
1062333120
22328342
1527774813
2000544051
1398335248
1462001807
639416657
926565849
114608424
1053136035
1376516529
994277724
895070735
1644960062
2014929360
1721397524
795097275
838368988
2079614889
214349489
1401256504
1935788631
302730473
1641647940
1473252338
1489235318
1583256302
262961415
1119856788
1537088119
1686042964
34706260
1559416462
1066334129
2035250311
810268062
380852288
527183320
1736833912
495460713
1580319355
965866793
1489738437
327906443
463343207
1357184149
2049303967
1258440483
48069490
1981435209
1472789972
1449325994
1769740192
1775520445
943490286
1095508882
1117272116
379262941
1358470297
89645256
1916351060
897029613
124351516
1328283874
1963363742
12118179
2138551937
196732383
539301499
1727902201
692193096
2119620855
546285346
34447885
300043650
1009628553
1391632035
201863969
120585388
1439701525
35815530
1593375361
741543871
1805555722
1221412158
1685034157
753580956
191200626
2064297098
2112051254
280845882
1833164511
861597219
405197398
1013964737
677477314
417315577
1005033026
874209697
956617077
585451579
1566402793
928754284
1131736925
1600850678
1228797934
2141365479
844999065
1430661903
114467219
137216942
1466477434
1707842580
878760813
1124549508
781771091
416311323
1878130465
972971717
333124773
1842698071
1253817600
18805636
556811642
1659014998
1032770374
1234288956
2076330576
2037803400
2108498653
885464005
475771332
1527417798
1814218289
1607508257
980784829
895532575
1601390088
1825783894
178710830
1715857308
1963000837
1645188264
1276216240
694278002
622254125
2057987331
1110589325
352900942
883475401
1443714099
48115365
2137293001
1462519735
604927007
1648824351
347806461
1839215964
1577671279
238126214
1800230969
315651636
713897546
1180165120
2129869925
173922155
13466301
877918852
1775312244
1839250195
1056629683
1343685904
1654767384
554334299
472418496
201561739
1176588424
382922180
1312151064
1529489366
1266397581
608381515
1577604731
1256206934
2070901251
35048091
757547637
271224064
1874264055
187735269
509350278
1527011376
503386905
1223247824
559692848
485773183
1397169980
573159149
1363692035
1024998576
264925697
272838070
221200832
1919693081
827172370
693619328
2121254820
2003760794
1076541508
1285922237
1385766513
195455441
1894303752
815887596
1451662375
1817721355
850935687
61726365
2088945420
577716094
249461634
450812050
2104727471
752848539
1674059875
516936671
1238621722
923746207
1090095821
454830110
1948744783
1355021518
727668180
22461967
1127230951
1554840550
716081295
1101002124
1411117697
1792622804
239440713
649400562
1988078245
2133744465
1465288158
1292256973
1803982173
168740198
1353983338
1745443945
746456292
1603444972
48772347
703700115
208809863
1722832222
1220636787
1447431586
499094781
163248960
1902261696
300355916
1518270478
482446228
322817883
498017781
2037286779
1038899179
1599019905
1300920828
684038335
1838460618
1950321390
524632932
1824721436
1268125900
1816889905
1481219961
1436866098
1023389595
1079180258
35838743
479350919
1127952605
739538858
688160783
703301180
1960175645
2135592369
1202395961
2123424605
1890370417
1502751878
1494211435
225332997
1825569761
1992229217
115136128
716985292
1443765474
1416056956
1401023627
1134742445
1218894698
1925656560
811980233
339536951
1595062817
145716546
1776403049
470968765
1224896804
1812241792
950319684
205365761
404297003
1638480467
908666941
216989000
1626589188
2111062903
192929958
1369475957
1466331133
1687141393
1594808955
1144417246
1531886962
1709945083
1861402539
828168789
978518392
1114942518
1962911234
49929442
893115430
627407819
389466393
340694600
773124365
18385795
811663365
1998021169
1830627587
1761983049
55903282
87440942
1252979869
964570224
304429943
732085409
928149479
497359901
2101561367
246996964
37017646
1548886674
1391414210
1568904609
1111348109
1105333101
249589750
2089866501
72791972
65017336
2139795944
965907402
692425155
381778689
1306602002
1465549520
400164484
2118265367
1316087041
83308424
1732764769
1371990323
170749366
838260990
189076899
475179309
1570346399
1117226378
972539210
1524424118
1364223342
1009556857
925827144
608153905
430977818
2037175254
1713487006
680567568
1979558107
1786278978
745584904
1971870403
604702733
1438010059
206165445
1911304735
756075931
606329929
1882086455
2072162972
689638353
1467367576
1296669647
860387720
158144918
1485746547
1335567029
1728491317
455489277
160622592
1105431788
1819712620
1170179449
2031258932
280382877
1601157267
1920950538
1993869883
134241187
1753024998
1632665214
879826091
1577411753
89884299
170352502
1783577198
2001189034
926428433
242423480
1735791841
851107757
932061833
1055675769
293756
1792449553
1213820687
1486040303
980532935
794828357
1941529581
1141155527
1900260145
1613758553
163851328
1784035429
1894141430
1765008595
1557502320
1740527665
1899249782
1163043670
1225709231
631592225
592971775
1315593530
801944727
229065326
1169298917
1728373160
471488806
757607110
431997269
1403550639
1813282880
432291025
1048516545
879619919
1918331329
2029049480
1674448276
1712377262
1022721359
1427224773
1178652167
1186572687
1063776555
925309949
804097634
473795227
518353966
555863768
1636838897
1744063198
1187455993
82327024
912173080
1989400720
311392350
2081471997
1570290232
782881156
691595460
2002287501
38948148
357394692
287094878
1087464693
1237014611
57942559
969030525
763979240
1770319821
1991751884
43720365
801488340
1030840923
1107496920
1726798289
1834938557
1581292147
97668608
243318677
1070647396
1841731806
1430774670
1152974421
606421238
1272691742
1464366771
540409588
695498326
99764280
1232005048
550302179
138712428
1589399740
837397057
1226177121
678930703
895339617
47723998
1442909943
518175790
2039475882
1486630309
1319664131
922833157
446643581
898978772
610288066
2027935729
996647380
853606743
951099477
690895538
136897765
2104073898
1297316777
1409589507
1420957022
1837726365
2105087833
1520721302
922247765
507906364
1659433730
364163857
1345303421
738127203
1043094560
93159390
785851201
338520856
611335181
677843435
1825151165
1930999312
1600676592
124311098
682494436
63481010
4763179
1679141817
917087753
955862657
222553707
1053985518
912452907
1519870484
316091377
185926281
1210113201
273695562
1706647583
2132360966
781601926
1218597665
349041175
2126905347
1956724868
1392135736
72581090
595092421
1730656592
683916271
1272935856
1408324109
467431935
726128800
1532635207
1149926371
789609810
1537398387
681584540
1706697563
345777396
904138248
613199433
1258230303
276525084
929290810
1444156585
1486638286
1202986372
1003320520
1471515604
1984588298
74434538
1820556780
1964009998
2031159406
1065208868
2036591088
478768180
648381812
573023711
1751704036
2056705921
1040455646
330349189
1441857480
42898369
1119958999
831772219
724482910
679172915
1177549615
1628621158
1292372348
288296271
1905146242
74179511
1732452856
1244300880
1277165883
588289728
568332837
1114270534
662724266
241405969
930796884
546400025
1306614837
819904324
1025168205
1954996649
1392928035
629388593
1864218922
285900033
959737782
1158592754
328798402
2079696782
1990364974
1053281312
611386049
1020430941
534418822
1903758397
1308727212
292081417
1977937908
893696420
1536382297
1107620144
1481986149
2104715134
74407030
2144710415
198637455
1005203914
543626792
1505252292
1825108238
1568794997
1312765293
1070552625
50699943
1029500567
1356452658
1010437725
40609674
1685251060
942650859
2030974648
591048725
1554036908
903921941
1125467547
1310311658
65165506
1417548964
1140765918
958861926
806447614
100902414
293364427
763679100
175309444
290591195
962316556
1180513358
834217987
320085200
858137948
255529337
1632850494
1928690573
306229280
514867413
1137659583
1316667005
555477087
675426996
111834217
438968087
1266475721
1665871125
1342890029
244459620
828699135
1408055535
1662008585
1969465054
219433813
320972551
2070367468
512798241
1084651651
98193265
803389436
2046968207
1278706623
1637607423
219569760
2136844572
1893136760
1852420254
1918051497
51882392
219804019
908227433
1368549398
775281107
1583654429
1480383615
1214249194
702646502
998771092
409655575
947106122
1827470228
1817711110
461631059
1649451634
2037144924
782603610
1572335454
402459517
1867255262
1670528719
1205848953
1766739821
801751695
695972728
1986309581
791112619
441625841
1691246187
561680468
493508233
1911050207
1469907901
1862057631
538847666
906078682
1194957598
1753096860
1608725184
46245043
15268788
408347659
1873715271
1832979898
869978718
1375683257
1722641174
1652582329
800535063
2125100691
1372353943
323580135
1183465996
991610116
1125331830
1879438725
830436050
1916444449
173580918
374198589
330641269
667089151
137765148
1800549171
381663135
676612814
559144205
1576620733
282226027
20385742
1622865776
297494815
428733401
1349097399
2130474713
1298712119
577297008
1705632240
803810800
1377832072
1683249283
28681095
1701412207
719231632
1020291212
679260389
451186709
1850727262
448221190
624767627
77442203
778862459
1291856778
215207352
431927982
1673519913
891820166
991072188
1102656999
1174046193
1011457930
578039127
1471541008
1440191331
1927136527
1454532074
591419802
356949887
1012680666
1395230603
1734781959
548446301
1423911698
1288710518
1267677933
296719262
1967970907
1718864642
2147446524
268708449
196148621
77405080
1047570909
1488005400
292612432
1479498891
1014041665
1184432598
323087431
2116698664
210995144
1334545361
547254144
1682536152
627253044
326907023
989584578
1218672847
683856910
2002265244
466419802
271155222
403227898
1890331500
1559865740
1670905831
39567115
1380353000
1242286826
39529991
1649061449
1438435447
116935071
549148710
778957199
409547503
2028647602
1792998865
1593980102
204251385
1762213881
1804975246
1538796747
161984377
1340027750
18566143
488891400
182128681
1237238990
1172748311
36910277
1703658792
1443903533
440138175
1446506645
856285625
2111044007
1486073760
89154977
1205847185
1525603751
1738216427
496798984
1642538823
139881489
1275756184
2052086326
21045443
921271401
1498582780
225296829
536001634
1156074378
1764093576
697986012
348618481
1782659719
1186877412
530747162
872415062
212142075
567657439
428590206
1656045608
1007795615
1875096851
364847586
971355974
1213686963
454002563
29719511
591807067
44735342
526518495
86862242
184616832
1802274679
2138948568
205662275
576062432
1490047701
430959104
1112064067
498638431
47569032
1810050079
847256912
1830228752
849443843
1378004074
555160166
1061585919
1945661514
983750372
570147879
805973481
711363576
934995465
1777329455
1925050539
1388998029
1807048966
369373958
1433733371
186083813
456236200
1618350203
1988358493
447701121
1824012479
416937277
1937748822
107487935
1529001344
288903605
155056968
1191567775
1136160518
1985285720
2041011619
366680944
392962238
955113890
164858810
1376712610
1525261769
970832291
2088076186
312773587
600678098
1865643078
1701771616
260243416
87533388
988021339
446327230
543769589
458887895
287202075
991470710
135416726
704139352
781735884
242904661
85657049
1070639489
397961629
1277224824
59316359
235763701
1170752795
425997304
628725939
2125866685
590856114
2005438550
1503644807
1561688406
1946031088
1816418394
14882856
1664190518
1370706362
275126273
1751723907
211244053
721453503
148009848
670131948
1008655578
1139480558
805548674
1712794930
1921216442
1048453336
1798451979
844372283
1446414965
928193156
903688643
1682178667
2098945951
1329685947
163420958
2077328989
1920542061
21375860
1433490148
1334746819
1967406949
1102424894
1349629676
1484113819
325647608
1624755949
1088354078
536891661
198725804
1236363926
1207023610
1207381382
228360836
2012572284
772692664
2093630
913541972
423660996
846465914
212473290
1351854152
1750154557
1894651957
1303316455
932356856
2058072915
1233161796
705415269
2079448776
519168296
2040162089
1899372077
1621593190
1242308117
1236002248
1947240798
719580418
176872679
336648812
918306222
1413236605
1543672422
2125687604
1641597442
1408761058
750896620
1643691072
174819383
1174557616
342673338
387292673
378928120
2092827895
134460982
1682244576
877701103
45050249
767922724
1583116373
2124499025
1287091021
1475794814
1876387454
761200563
570619283
964906055
560957714
1290199701
1141778734
897606526
61022275
407531691
293795300
39226231
2049129133
1702556358
790122851
1545336558
1877375741
1964680468
1888009896
117184766
196124940
1833354144
251645748
1878369516
563571599
296695998
498808593
2146687972
273711375
1785899614
1474999138
2615182
399616529
2045618421
967521237
960574243
1188334474
2109299971
1858180769
1249356749
369348014
4492421
1288582980
270993500
1707048780
2078705832
1816330058
1436940873
1895902652
1556856306
1554125640
2092027592
1242726802
1805771388
1822913461
1806298402
2102467386
174238406
1805502726
228695114
1960138020
1133018217
231310296
212270901
1031152990
1198831533
1172845145
72003817
1160647856
883542266
1321360566
1529995870
888034688
462459899
1800989370
447599820
393682083
1469835780
1884540693
142101087
879208439
1291182685
86645031
2121935241
949470426
1909558492
1780749995
904454164
2083796898
1438769074
1133149278
1896451270
424303643
1364459574
2108722172
1455456633
415807459
1134083669
1527460450
1576455315
2017625935
701337369
958967538
758176975
1163797268
612473260
1205776795
1557479351
2082309041
942833841
1699580438
814033832
86532878
1786225469
788485425
1036003304
1548300314
421751773
1940457469
1484613564
1860520847
926123099
1233581187
137340842
143099026
1194819711
1592797475
558906485
181419732
972774278
2135361801
51562019
1674111647
946845691
809738995
690425267
1559318951
2015515790
100420970
1494144344
810865983
1800001408
160694528
897398862
1438743229
949179954
1933402166
839559895
1370931727
1726375987
176689812
1083968926
505015439
1410270999
1221309768
648114465
457607062
666623595
1207020950
639026794
1639397873
1194899103
690588813
1166025872
2141744794
1500327808
1856451139
1553580098
1368359951
1956872109
900240794
31742286
1609389869
1060935323
929141148
900649451
2010115277
715059667
1740209346
1233563356
293952006
1916899158
170048634
798967445
1179686509
1391358402
1447081910
1637293571
2057981997
506619213
128836717
1549896223
1701518316
819425531
568438447
1695779463
172269691
277405939
1101875913
1540629642
86794400
2002116707
1572371929
1696184270
915568382
354029429
449350073
778200011
1069089096
42075771
2011763367
1363041103
1958974930
34328353
14524900
991177791
1425686755
1461606811
480987715
1336185105
1968226024
609824432
738597680
1522260692
1429249963
1307036127
1070556507
1601519655
1584442066
24948772
994665649
1671236467
2027065480
419553930
1219937089
795150214
773583360
1669287162
1573350226
1842672456
1711362933
1437629945
1058229911
1522854215
1471958299
1072754812
366548359
750161406
386877975
847536074
2086346511
207620351
1457360506
677460543
1729881043
739126822
1984496671
652953903
193162829
1421455089
677902675
1187828478
945207908
557484507
1607382409
17661349
1352634722
233482121
1686948511
778501300
2076154577
1250827797
68647597
986900841
626198364
1540605896
2059655653
992746723
143283655
299049980
1840282797
82146518
506670331
1150159656
759607062
89067726
1889286478
596620085
742021629
2082449307
2018075174
1419924305
1122794137
815799435
1977408812
582692898
833460784
1182559886
816175019
372925648
1961061186
744845949
1623753445
2029708784
1731746790
102468161
1422831032
1643918795
1095214885
1566114687
1942968775
788014034
1648261206
302155458
1938173690
260384620
391223184
1679976520
857004705
1133244814
1614942179
727596231
405685471
590252669
1543395666
235610635
1172945567
229372803
1418170522
1989120587
602298451
1231748060
586482888
78568248
1113973196
170746030
181036409
389320581
1814664825
1276251294
1955435268
1610149952
2064265329
1456212826
1912305410
1854955371
1716597446
156044946
1387448244
426118503
1289289760
854906775
1153714735
1694975231
1445159444
549626753
1930585867
470621364
778999556
1201272741
312258303
1381298007
285537153
898741191
1459866255
1399510350
1069487221
1640902665
1788830931
736668398
769670311
1596782551
199334702
686451992
905511730
2111640112
393923716
474625528
120201410
1781371960
900744032
1409491171
488795087
2054458767
956982754
1933954532
456601872
740084973
257092248
1235601429
1941357714
569350551
469415788
79411220
1468091742
1929282044
1478921570
390095315
1422701061
1120268853
1126763713
44887724
569567756
1326098415
731339717
1475079486
1290254879
1125263433
1949705015
1410456289
759151745
702965399
672463812
1247946832
609940518
1629446567
1034417716
1066542390
222047892
1291509964
154660171
15921959
1860860515
624075960
95333179
1181468609
405874356
1574254749
1571563924
1828575417
547039954
550843989
1873463141
1116607710
1876942404
457319210
444203549
1019713635
1582582643
246424916
282686277
194250740
949390315
955150089
1442197573
1559330833
437113008
329131641
478389575
659160901
1620641606
633049747
675082860
1334018473
1257125707
770416039
368003435
1663000063
197187140
1939567359
1344091832
744227094
342927701
1070071325
1860834804
72386457
1527390536
157554705
1092100093
962489531
403979621
1374786370
1156740272
1353369936
182452811
451454197
765217121
619565820
780585838
1243606697
1278726721
253743796
1876656444
1953809581
1587762270
986298503
576741972
1955765705
501814918
773929112
1747849416
1845906750
1518156206
2090777117
768494427
1231507362
15679927
148401315
1389062068
1107780020
1110890847
1793041689
335082742
120147471
998927978
517535553
571601668
1764145099
1137101373
1352187506
860268148
268344446
1605931303
589440944
74670379
1046209925
1575739447
651412351
854491982
2077554365
1425341463
454857750
1775977467
796014021
398151220
396988247
2027521384
413831147
545389562
1269099804
1521611167
1656280409
914657845
1856693909
1776427880
1913585823
226745814
200545900
1530247275
1363847188
1552733407
243031775
1632191634
1011181062
832472720
1706862014
2057390987
260728519
210790717
764399321
190799237
1636132181
1219257071
1966776704
284662554
1617408291
216281303
164700290
2031239438
761670866
1433800094
1405366957
270467627
200974292
1114577218
2046895508
2114560115
1341323033
99957760
1497323742
557686573
1652691167
1740355518
42394559
516388581
425344590
1749256573
426295920
686073109
1960047291
1190695241
876872346
1448695824
262468665
696165403
1733358378
1879876956
912446706
1898058669
1763632747
1674117572
1184375115
1021516056
1944585200
1385349407
2136093275
1843997060
1352425875
1329932660
1943954820
702265969
1887619233
1449162340
295137839
1930013792
1965550921
720482429
1531786718
244363194
1406555539
1344350361
1435058435
135944237
645562537
1697527100
832109640
231437267
1429920409
1744556347
2129495936
1046069508
1271190271
1166387404
2067585564
1068291823
404253163
2056195191
764805235
1756679038
1238644203
561276408
311461360
978779788
2010438748
606599199
761309933
1828506021
1327081629
145613003
2072869215
586153520
1489963364
1360444003
722097757
2135525901
910487455
1554207398
219479520
192924216
1151280097
201491809
1238993724
274986720
1367879213
1159095641
1343278544
1772132376
1067807184
2108083779
1381327767
158967740
521876539
1692789127
1137747528
384831639
151904678
1899057461
65854013
1478986307
2044670464
2138723228
2065139827
1387150180
1351683583
639753937
1375192433
114687391
46477687
1594671954
307611607
1197757784
1796163763
1546605332
1472744504
1016559328
558217325
668539400
641208056
1626024509
629139532
2022535823
1784992249
1151016071
1567841302
775256130
1535847711
1719745981
526829943
1601701724
1051248640
424016760
1592941304
968904820
1811166940
797141240
1608658757
1038875726
911828631
1655136444
486064032
1219440238
705410580
134744147
618561922
30671436
1151303475
1176779247
699210837
1792511531
655320109
1328350369
1667563707
292828710
331882792
1087921361
1068084840
1867730503
660183694
1594914784
1321948579
1711432335
2018931544
767406236
532853507
1682614836
1564547476
2141512264
574006914
328892459
1649165060
1060070946
1548332697
207091992
1194815093
19410972
237763428
198634920
1196190219
936974265
1991146452
1851510328
117840986
1511226511
2144339039
449723779
451664224
1064940231
169970634
1111847919
512371367
1491919214
675796606
383819263
111841802
1208650113
2066434100
1676389278
1202678729
492957366
2005281737
704360141
1553028313
1406130786
911452133
600359758
1425541758
1149215561
798994679
474248330
2086189827
642657483
178275010
56547165
6400346
175130401
506270944
458064570
1240070633
676241579
1569912489
1752442000
20677145
98225447
2136261264
132518947
1306875560
2055211716
1808908225
362070641
400685434
1666706314
1066430782
1953713747
925353452
1977882915
406589858
203411563
979614829
1205584537
677659893
918321008
1848242020
855934903
974868173
1854642366
1031065305
1481139118
165223288
123652290
9897049
1735135778
1876094290
30574194
1833361225
1864871906
163093141
992753138
1772599974
1972001366
1354823779
25801761
1491224032
273770914
1979515508
269093836
104170181
238621718
472505399
1083785010
1444206255
1150165292
2002106018
1144964627
2006100196
829490544
852123345
889681853
163146014
1017346634
1013334143
173043063
604998764
741944785
203617257
290876341
459333044
366710398
1283629479
84449370
191228116
490969611
110251131
1682452148
764740525
2089766640
1951545984
868910706
180904710
276567736
1952695717
1625110966
1426733028
1807318087
622591945
1285349576
489324983
1474715291
27547781
652470997
344578277
1040881924
825514060
949577041
1782826710
1029131317
1240453382
94676106
1395841715
376599214
179125476
1587069831
867568825
289376608
1122038331
1632309350
231659600
926100668
353736408
412564310
1202668404
158948477
2037675276
481917784
1966266565
512783574
1767267361
308107900
1987498865
1794815142
960578898
184593494
688213419
1786092958
1134170535
323556481
667740628
227140269
418232587
2063582343
603739483
597358063
1503168527
1471308308
886734671
477723210
956134010
1118394271
1403823878
1309870419
1530958582
459008634
1468818896
1421150210
940926419
1287601813
1933933784
560710132
1595709714
1773949001
208041626
408804964
1958542495
896255045
47414274
945229382
1219811526
715154902
1172369652
1638044113
631253598
1776109135
87918529
2134422125
1099933796
974653200
464661687
2056067806
2093047472
1868485566
1218454577
1476522406
180010552
539789826
750188968
1120936971
1827391639
536639105
1681647103
1275617705
163104458
1889688730
1684422669
2121646954
638460127
1731836944
919392688
1858271654
299508198
2091762340
1348832119
930761796
1720387828
1436750648
917700273
672837976
263920201
1382361961
581422134
209484025
1103363879
1799876712
1686006431
1283374431
192182890
288711751
256827755
2019574529
825350856
1938474858
1147708587
988455315
1680679940
684647608
962618621
171656420
269000904
1882011309
2029928074
568509103
1826290002
1231276545
1499270899
1399194182
520543546
269487525
2072032158
784463747
1651849486
505970644
993947772
607729717
158363708
532470555
1891104148
350546598
821182306
448255
222637480
1646533163
1938923114
1370346067
487504830
1472119406
2054993675
1450123451
1643775826
176510932
1184651112
1526220252
745020035
863457466
610013150
96807286
115168000
1130556696
366294811
39716510
1915020443
2018144297
545687155
761484567
478390366
704050863
1293955122
222010867
1054597462
2115137428
222459122
1277234942
1614186943
13898588
500097361
2101691773
1486017995
407607388
1404331576
982310173
584118320
441499041
361046778
1329138355
1304956507
971059928
1425945642
1420124508
2101616624
1792240453
1459841018
1869153419
1662901103
2005528173
483154338
2141291469
562095389
1777109460
215818688
1616692851
1744763240
438277811
746444145
1211466536
452176399
1246541506
1165674661
1938194394
1654148894
422522590
773020920
90783567
864021631
1134067698
1419921922
21494490
2105127626
698383916
1441618998
2059260602
343140722
753976369
1780930373
2006041825
612020894
116601063
1999849646
1174116283
1893710523
68184687
643325486
1490990115
506462498
1389769631
554973003
958638897
488827489
1720647665
749349644
2142976384
2143170255
1522370564
86276303
859708238
508954614
1506198225
881202728
466598592
57098494
175338079
378375546
400239216
929314448
11822271
258797393
1541335342
128423334
111163391
567967978
2022133857
179348078
1211293464
1365640324
685810576
453579448
1920613328
1644449474
942406937
1493777345
246315470
937899673
1489463952
1768686034
1024175976
201688542
130157000
382890554
1082891270
596755592
439989048
1258229349
975131138
840228264
40060149
986953409
1099025657
1581395492
1115376743
1210189048
1879822
990026952
1389537127
1213173286
208183628
2075347703
1666752734
2128796956
1572313529
461676024
1475090653
1818628999
1399575697
817070957
1439831385
276268026
1018759499
1569988385
659158580
2101650770
19260329
1099147628
1212396471
994391467
1939375892
1252456621
1981344876
890917901
686368465
949237971
2101106949
688248287
1939264923
1343160428
1901421573
2147448552
1271024484
1420690660
2128761860
695854365
1882366684
1456368866
366999717
1134458733
125956175
1806831102
1410726759
1144715675
1229335840
2069885339
1098882797
1248596169
1021549319
163795620
95503989
813441563
1416252241
2076848865
1704359464
2102620706
878603189
1657982766
643385345
670384464
853659546
397323271
670349368
2124684030
1818013931
651627581
673054748
1552896967
2107996447
1040054465
539872052
86468974
699401919
1950598812
1231184649
1928737759
1873000503
182583798
1029850281
747066175
346379419
1125354270
1560507738
1762631660
1054719487
1117383555
1717768719
1933322676
627882673
213670416
456223493
1481542219
610993687
1126572861
1458742602
281523970
1778200442
2131797350
1834420937
1738713241
1024368167
226809342
1825182216
1723770086
29924506
908883217
1505024198
1902925009
1091467016
387390831
502507536
1437846435
1512745101
2063015275
1052994447
419980940
1032915182
623279518
205819969
1660797855
836949935
662043462
994856426
1447943622
1788616323
306115380
1729467593
1419333118
290429082
1416404882
1010562711
1314797249
1643214224
688261279
891083688
1673138730
1597144497
248624238
1428580092
541127865
636015069
1931087628
1978974300
1276522
1846619255
884485099
421257462
732050789
1507764618
627077431
245364996
197230905
1289120893
1240221423
1645174527
930253569
1546336803
1227158472
202103039
1836765886
496079707
1212665750
1004079487
2139293931
1900927030
1895163175
1664949014
1350587879
2143787413
946045458
1891715744
632318834
729649438
1723206396
633595356
428785046
460207847
1054852819
1160835835
1967972465
1681930250
1406200832
17719722
823567496
498938607
1662894250
1753821065
2045275410
742569074
1955924104
1734557648
1238648781
1021106206
591153488
1230459065
774549588
338833015
747924431
2125137467
335136781
1693969889
1869369563
967455615
276135679
1445092311
1601050972
704920725
1905300159
508420143
1865756561
1725788976
42866745
1124473745
1743508699
866434241
1623412352
1258919301
472771658
1521204114
2001488375
281212114
1108278115
1092653509
1302318321
1699431603
175628926
2076867909
2038264618
923553357
2054521729
225917751
470039598
1776407644
1193373367
746175277
1074016308
646940691
1451096003
831832819
1155360834
1169368916
410138147
1198227579
146359013
6163198
2064661821
1769771365
1265082499
389949831
1143491831
1119087227
671161946
104286298
64257088
1973480267
1803717901
239886014
1902864528
1694498872
1163439371
1809902609
1920416623
1633478969
1438826606
966306342
232170598
365359266
1613247033
1683266601
1197192085
621124219
705151869
1607330232
1819351799
851510882
1613493431
1736529972
473798599
731092282
2126479803
1617290431
1850179509
650158101
1721576729
1914436597
476154720
1377810983
6838963
231535601
924826207
1170278334
2041438210
697759182
656273655
1332781168
1664065525
888444254
1698140434
1129828910
424227207
747848871
1750953130
1129379077
207695456
1422821281
1980889959
1821188887
1011867605
307204911
404797521
990863760
1924495342
107493383
1641021862
1498588423
2021929980
2117176582
728915758
2028768944
201228535
1653741965
1051563630
95183098
204017500
1707837286
1427964266
1868083025
448797892
978621053
850428287
873025099
1726469924
453897769
2002404176
1934165380
1876719050
1835810488
1607870619
741103007
2143015399
2012668141
1731966768
1920027093
2120161524
1225504982
1271131868
1994607856
1195197916
2000047627
1875893152
1396426452
1506305944
779973135
1491609550
1710323444
340326773
772090168
1430922821
789124665
1750711221
133867461
1662149764
1329697498
587765230
1517070293
1116379230
317000633
1205397133
576766202
1058103640
1200928884
441950695
642586760
973472329
414628571
1868091742
97120549
261752779
915806011
2097168176
2137645932
164748815
1455990473
770135419
1656358365
1018830269
1110462192
280964885
302269443
1899586857
2031676107
436136904
1414252973
1213889957
1023902134
783839618
182785539
1340902767
1989236751
759551741
251522760
1042681987
1201502436
894109520
2016154316
1616131007
614717615
2113274866
1877883787
1530523626
2062959394
1868046071
1695272441
1371466219
490697842
1204147158
242812841
1601160034
1485112043
545082284
1353263243
1369304502
981219188
620032568
435710811
2005121322
1403872187
618496351
1198540442
1245625290
1378048092
1450063202
140823630
432066881
196689074
9494298
2048197888
811406689
2122769164
1778598027
194446667
2038244911
1499160450
1889719108
1262227482
1989858292
946382618
1505040323
1443534678
284011014
2050122607
649314273
1653315516
883858147
1269346842
2089026328
741495822
525735381
560039031
1940036264
1771360671
1938087123
1242615818
1912184301
222670356
1439304892
1921678600
123384597
103227934
1896964116
1901982624
297674601
1787725379
1253659427
39910062
902469214
1096034071
986292680
260025889
392085102
1270303694
162664849
1041399375
776135563
1046522996
163262569
717678243
1788018818
688997950
1277717274
1580571434
312874974
1068320749
675703604
77575627
1290991106
2115008497
1999254227
1414375703
70752783
1748734696
1168874679
368427384
1388976427
275050458
408337446
143961993
1371084530
1394630127
403987883
1763169632
517450173
566652732
657085359
1293585736
1613175728
820347929
2011263979
1253710899
1509345879
1141497605
686798685
1822220853
62334707
1362502290
1899796481
1353325813
1330027139
1751567060
620217868
1400779922
1352818108
1789092547
1769207306
594310888
2064143006
30061105
738272881
1287743888
1424691232
1142260764
903429872
1942141405
1708913496
1560515231
1088243494
1174605577
233379512
952023825
280832828
1742725392
2093521431
967631513
1417462597
8372490
182650155
1169775430
1361698303
1512677294
773858843
1981916171
765973568
2126676951
1623525070
387697227
573504191
1540184428
417758332
1311777073
680444668
1842449564
306554189
1583874540
1637107321
2015467686
996906124
577867167
1042589615
1230285636
1529890993
1323422443
825527380
1475928776
143570308
95506330
1484301266
326220464
1265281760
698515921
1838897758
2039140603
532948444
457387679
2018333907
8989866
845084906
444354450
1549174295
1262843238
1756131523
82135315
957809154
2062685713
1666009856
447432827
1930669751
515432332
1025299995
825775718
1745717968
407707340
1714513
423761701
1883636116
145284821
519268031
1220453734
471505285
1784549791
1918969655
162919396
1676206747
304434451
620307075
1547057006
313424317
1465391981
1991411456
1862598612
580751571
1600059332
1944733928
1538560725
1515261397
1463260136
1985993552
1298447500
1978692468
863809899
2124223218
1576926788
1271517239
2125937731
2000688489
1007669707
123738904
372472872
80639793
595244190
9539016
1999609448
758163586
1685745763
156560251
1378470661
1085319121
469984569
696378994
929246929
185099533
1277130565
381822613
2129833461
668207642
1897084010
1445609949
506717546
1048047862
1276818769
1370527446
1024787432
706261910
494561037
1003241515
559466751
1502230745
1126980420
931939624
1582870538
1722224610
941478640
1434996339
332904548
479740755
1591556590
1711375209
1565059876
2061541159
260270555
346823157
99157045
1537401120
728645771
81506858
58125114
478246133
1527116808
564842660
1526293996
656451929
1935370106
403597780
1362713839
282447496
1406839296
1922180591
1784678241
386336068
706636567
1220065131
2108560678
1648115207
507577822
293981578
2127855962
2099134413
2005356787
1545432190
2013191924
118143694
1892255347
2112348969
1655544814
473417470
46372180
1713669928
951663604
1573488988
131028940
330473952
82457269
2066399047
734071732
1445171109
201362895
2140911028
1219868052
1986041136
379763448
1926504619
1058622619
340840478
1427136178
1566200442
634822056
1407508492
1517851207
492695195
805457034
1383559483
610838889
550228733
1348424805
118900055
1023646204
1394796985
1832569983
1975309808
820802325
1963598924
158300112
903259594
1882514323
892371844
200947055
2083877218
885799225
1420815107
1922434706
1265562673
1199836078
833573677
1606403152
479488608
252290471
93741560
1886997100
1770141678
586436756
544970486
1006217514
1197275645
1095199220
207158671
1316175701
2118845424
1601955656
1001262036
1946671584
275274333
817377312
2104971696
1178533927
552407987
849859892
1379480983
488801557
1735659117
652812442
263752615
853738143
1852648521
1097326293
312657647
184653481
1349616764
406399207
2071650582
972274795
992835963
469137420
1978492309
42627961
1564336640
38167332
1358803662
1535698416
1640122988
212582050
1334886352
1915397321
1029959363
1292374400
946447600
1582367350
2142234293
178444935
2071168908
1730409762
831257378
187437875
436664257
536422251
1284764168
749321904
721075732
486897285
1155721112
645242666
1459172080
1073427
1114380087
1290180741
43701388
531233079
1328348073
1402505050
2066931496
820987413
1615087101
1254334200
588901086
497562816
399224953
1535348686
2079930166
393975598
1713793622
2003615426
2124385360
397567352
43569654
413565970
933989603
1328333822
1162887874
1655065335
1815231107
171125338
152824354
1126919539
172198766
1267204441
269616632
215900154
1798437520
1597964705
1618405205
1717885368
271468470
1086008658
824735921
860369556
1583571474
1223960874
248234595
1516017992
1617936472
1962028217
1372149771
1594838184
212111921
1415719425
2008404154
1146101524
596569599
1023808381
653683211
264317059
1194933719
806507565
1391236598
1367132485
2073712006
1660853231
1583032640
1724665879
1111334288
1053954197
1295067599
1382802759
2139962855
2119803520
95688667
1576050681
1196280746
343923262
944585025
666733570
158467831
169251148
114088107
370579752
1584970573
2122492261
1516681276
34056525
998816994
22880840
298373584
46267066
829388405
1689610182
1413399551
755616764
1202979765
848948543
332798995
166830406
1902902740
1627866594
1549633165
1895381947
1600186467
1645321832
1323948980
648983565
1989245095
121050358
1315717136
229278
290301506
1429805243
370809031
1875272080
1404813856
1887490307
1909328605
256147203
1910371147
60218541
302414269
592275905
1749828723
1715813820
1347892669
805324841
417278716
1680691664
972155247
172697808
1161074610
374304764
2068079756
613777429
2019626596
1244545088
1262760995
1861388043
1365595446
430994483
1861617322
1655896953
1860799726
84942705
1383685385
1118129934
1972433012
1145530342
1374277137
1735320512
1205748883
1676691406
180112769
808093958
1245021579
1528005438
1613418799
1662300295
1061213454
438090398
1834998103
74804416
812395162
1755594211
688581846
684538111
852655652
1951342841
398442506
70767450
234853676
112576180
1726664403
2095653402
197518885
962866140
1066299688
22468250
2108396482
293093178
1757788762
1166661717
1969784584
1937901531
1974755676
1067322515
1318423321
1440690827
582139162
232153127
1878781226
269653618
306957543
543692740
2025247829
995539389
1228230851
730419833
799398582
1626673358
801187284
1034252258
1739249538
380368039
982422012
1936768424
1343234180
2048721701
1959236674
1304147014
194331231
1569541788
323325084
16632167
1359959671
150597112
1083954683
530899344
1591287939
1666093845
763052471
1322585517
1935747463
1070010014
1866278258
1813511645
2065549404
947025461
396447830
717464338
426215171
1197635114
1751716597
17981062
1578003154
586654961
1954749486
773753686
487893014
1766502512
2077900700
682224245
1188560652
253742136
698856413
401036675
404339248
1782811096
931936019
1995627188
1301421293
1694988490
1170729057
1089685109
617514856
889523667
755713106
535580612
1836549129
1152160936
1253044951
115280652
202312403
857277900
133261714
1780315557
1443932861
2088011200
406585595
1931825876
1707030064
337002647
466566473
748107068
590744784
1165422886
1149143743
995084032
800750334
2081079762
843227572
2102171628
1628584604
2013956630
1044373089
98615813
755996649
1800086195
634196425
445062130
804763483
1887241376
560342783
1007075886
597035628
693604497
639907795
2040968490
634132050
1046493390
1825310718
193678466
1383496038
144393543
941785535
1974240822
1309816430
2090929278
821841206
2110566764
2024525393
1665068779
2065254744
1505626349
1531541761
962144185
1604242162
140054762
614746732
90954940
585116893
1419510216
1978196316
1145459676
279102454
427748297
1839064173
919010250
321233139
325712575
1965503640
2146543857
519391042
1201516030
143453752
1461176577
1028273204
1453270182
1404622207
1850114411
1416353299
1281663952
1367699542
1334124395
639806654
751757655
148784933
96565168
891812417
763531665
187520108
1476929310
35558233
18232777
474905338
314660688
445981074
166485864
1233670938
767214213
492198439
1051690930
766274422
1011589481
105723313
909728174
325282410
1133996517
215514709
1729904618
836627280
1631868008
864084922
56843174
818508755
1503891576
808600829
967293688
1600456745
1700413247
1730825354
1787976853
1029858909
1766383587
1806209630
1504764248
2081044275
104707056
1671250112
1167231565
871921269
15964903
71438848
1638195691
1027554385
177162161
400440218
1352836795
1311158678
615954927
935257765
302311
100339287
1799342688
57145485
918848042
1155750616
865746315
1886141731
608723713
418675914
1469483437
249216919
1448534823
1088383376
2055426549
805815423
1021944004
12649958
329581887
41691921
884571227
345546791
113130769
375283271
1373101176
290292930
775723489
578454323
1601451609
1391678416
1513712089
1601753920
1492017703
1165571129
1658899405
263382097
173838097
377162072
2040180
782561811
795837986
1471523617
1031778730
96889162
412423346
939721631
902704585
1434367350
952371589
1232286473
1476059271
1836942817
1577833264
1589190041
64742440
803450792
1879482971
840465929
1381905115
1333450932
84660697
748133556
787721204
1576678400
1913704685
299136962
1840060497
2087542783
676299034
1842100678
722620946
1472137021
1166140647
1754399676
1569026183
1578563993
546637659
324247120
865447695
1499009249
1556533593
194023319
1188468418
986883209
1783213360
1253210858
1790334001
1515212683
2093676787
1024755469
701179968
30853836
1772889025
1488901172
1607532236
1539110063
1788038134
1300109085
1479169198
316853521
994726115
54306496
1788990542
13383115
1808706172
1210533077
1591947108
207860183
1534780197
309911156
1706869432
943830143
503934475
747854202
1930713352
139664187
2001065060
1573563706
1654876870
1947258199
450835527
208573190
1978112035
76240904
1697474363
1438160623
1615350967
1338028849
590786061
947036517
1654882370
1585512176
1001343013
1296389264
1598895291
662565537
359438693
1043358752
870425721
1894218891
1353269908
429811505
690565386
1857204383
1177665708
473795090
1996868570
1031247120
2047358796
1504261792
831021672
350710675
1712834983
661650059
426951580
1262825698
2099810683
2042302547
453370899
543113096
841855417
2108253270
2128625272
1843198430
1257158886
1580036916
358280320
1616597580
475912020
1228706041
1363332823
1829181928
1658517546
2053898209
1538902663
688699606
380209651
1388287585
1719946727
280084800
745065729
403484751
630795475
310417064
1065134810
1057747055
1573242762
1017461845
952565955
2026613662
1560574941
1794421372
1987383284
1541716566
1490136154
1097058522
974269834
1848416474
566172454
1450181854
929638867
1929505277
1131880134
440672766
1835919838
523299149
1129372372
68645842
1911586734
701835451
348730642
509168815
1105320202
979526117
819585880
22971365
2037273173
245344994
1040433210
842355480
124475008
453524504
489293204
2111858292
1995241070
1979429358
1061433167
822027256
1680362185
1627605621
124725462
462517404
1409627251
1256605596
903190170
1098063441
1779904745
2032562543
1166709283
1544007831
586914346
1515439925
2053176646
1692234549
347482395
725278878
1715205914
237271920
970623873
608155476
1079627400
1095098881
1061679980
1568920604
1059473526
909437402
1400866314
2120906693
1731464658
933744851
1601028666
1856190120
1396262256
863172269
965312068
151968778
1961235711
597733165
37047673
980461346
2141740996
623962020
348417624
2047433995
168712921
695900019
625229225
1883918835
933171939
1595853098
344590663
2012799339
543468332
1406270644
1434236295
1602941858
168224398
687618961
1576364903
1899689057
1621363813
1029909921
1608395529
870142421
1893082191
426223950
1022111199
1706834254
1023957115
1059158873
539811952
1018214464
1683120893
888229576
918164811
1851833814
1584129595
1543394036
1588269001
369817886
991763487
1932859664
235133577
1535231819
1191646660
1669369872
990690029
1359871059
209505186
419571284
1112076468
1830868999
1449481205
572988349
553527772
1195079748
999212299
1575638971
754430354
2023169415
487314196
1294242307
893900231
22951441
34988235
1812065042
1874785255
1619117831
1207975430
1315570608
1988935717
52255269
1100946625
76585647
1587487088
145109637
1745955519
430693469
1504980696
1955460705
850264753
469573516
1638846056
152262311
1042561866
44890180
1347342059
2041774165
1620529152
2101772414
1917459932
2107843348
1248531073
663876515
2130794790
1283519308
328457909
1858096397
755153491
1536433340
1026183358
596605561
1588688609
2127129983
673191208
1028692050
124755972
271663079
1459385519
1629736669
79640137
162166625
2099310185
1718486193
314428936
994388403
1763376374
1661770995
888678921
1236421878
1616059761
658655205
1196781578
717107186
1322531721
1180092720
2000626495
1650989630
890705470
608296338
1039939322
1916888828
1204901899
481144284
1896535163
1878093107
1509836334
2021291135
2272539
821738205
1503544156
81912676
983904830
1455370694
1800398869
1298333766
302275449
1416291595
812621114
1190954370
505229825
281197227
1849609576
1702011404
998304414
1024657649
734620476
851447261
528163631
1625325946
1459743599
1568102954
1394731126
517161851
2049247238
1143782641
247771310
1411599924
1017590129
250043849
85854481
373650637
331956525
1069759312
1829021331
2132355395
220609430
2131296781
1401163342
1033230544
1174767503
1906393168
1314427772
876893431
1460920924
165248538
1901551080
48057752
1016695799
282231064
1673383699
328955750
1850334018
920631177
846117601
1752097608
2064413819
1093888912
1016213884
934520300
1343932761
1102068365
1308170937
1675889287
24344029
989708621
1660761034
244953460
973521754
914440728
1278184004
805609
673350248
445128128
877699041
2134271172
610376666
631766473
34845277
1627072465
913997537
1708228976
1956028216
616847907
481376505
654662169
221461867
398306676
1748551081
1237675751
1332826976
945000195
192260469
493514266
473405834
216604498
1483222887
2134166868
461557958
309260993
901123948
1739741963
310066602
1574474197
37386443
1187765643
1561261721
647763110
1819532117
1596106998
127351927
586046006
1156852326
2083380143
1202893914
1638228832
590558665
1424355781
2036535508
191626098
514547885
1221878837
1136626293
706808354
1715393103
1610032127
923412852
1051132342
1596715347
1384970811
1360393335
350355648
977229126
1670459937
1924829845
1014615569
710741933
1338607918
1662378679
382790402
787231269
1789730607
968836408
1944083595
1725627102
24246674
1434828779
168702119
1448602456
1323880640
360328218
1963150341
398275829
1496954511
522475047
2113668932
959502991
1445887899
1017317626
408734690
683375062
230227313
759090338
1660604188
1900687250
536436535
527736110
463945535
1875044454
42631141
846735937
514792075
1832361748
1815572346
311392022
1410505203
1839819020
1746220802
1579207322
1140937828
922617794
1939535540
956604521
1320893623
1289006404
1479079568
1287078907
101025747
777483820
156912885
509760437
1460858882
387140198
1268850776
973979423
140343800
1805287311
1501715533
604289336
1532848117
1544346674
1451025273
2047640192
1229224775
1119113971
211548567
492246330
811449344
1957769369
2071453652
1952387172
732903515
1863505545
761508046
2053797138
1005028301
93103966
1193392397
1106054048
870587786
1350305282
1615814485
183963021
1737445480
737181613
1157942444
1877789280
394985277
512174329
334594968
1927833394
2056521003
1785620242
1827989939
1138262130
757250565
2039538506
1630508460
1568699909
1849824227
1554478465
1373603434
435244094
1270500362
2135111480
341557584
128045015
80731798
1534949981
1234099063
951319585
737771615
702429900
1135282606
327733447
1439611514
145741402
58039079
1834596791
657915731
392634048
1614946537
566953086
30770642
1295452828
1705215217
788021207
1187507686
1188240029
209237469
889848265
595234846
1582840903
1325092359
1865735208
1570468735
1666649943
1993780223
1651200533
1054116276
1080395638
455036470
1791887891
1782825539
1590319076
2119621338
1074953405
1736060478
30176770
762066548
246492561
422810818
229529437
813445648
453581460
1524982266
371177217
1241602667
565006304
1559417246
1450840136
1454854570
7168445
886197391
632463281
1872903653
309182478
151629577
1719200229
1960383012
1205745853
652112219
267935834
850150097
287454110
1858254911
822287787
1362407515
1446831741
852464557
2124474063
1693324303
1275275375
206519853
359286303
1728856835
1731502119
730463520
822975855
149024775
142397118
126332343
1603879345
149565563
1012529735
88858979
2022469217
1321712213
240488556
1594185798
1134611577
1446234409
98814369
1402547412
148900858
386268480
1113318675
971188646
1748675995
412666768
1823653203
1725666411
2105991071
951444931
1932186264
317793726
532818118
1516204735
1048257246
1355793973
1665229510
1190654365
1482126317
1121625208
1340219928
347172404
1210484187
1215205497
1668884617
1450972743
661907647
656012547
749723504
760722017
2058559959
898624363
1146990497
1024394986
1869813009
748182844
1437061754
1545982564
326365607
1395569178
349943847
111068223
1713362904
882761966
1627272958
614136503
91072291
1145018821
1804790868
1573198608
119160381
997527148
1920371012
1329644568
65248998
1441771982
633133663
727156645
2097784529
1382857167
1487878662
2008860840
133997882
487385511
885772178
2003810891
1235568356
175350284
1402309808
1561933963
1570919462
1752253655
1673002187
1136798719
487531973
1152791497
1750935222
578604265
150326670
1408242442
4319225
269487051
258285942
1924690238
1599131619
323534940
1218978572
84781634
1050691586
1169279453
1467638802
391086600
1030656645
1601636684
878472112
1916428823
1457963928
2114040468
2091779107
712790088
1528490783
1515214922
317560095
1054009322
504529993
805092069
59317172
107981567
1383696334
209643842
1516224009
1388015559
479130894
1774509951
1165222149
2078262513
2098044892
236717073
15560500
1001252830
1405996526
1483199302
1392339430
289169523
937352338
123327894
58114698
247832618
89884714
2410158
960622706
1618375498
1517625080
1278182802
524901172
2022155073
2083274871
584218344
2130136640
1319487557
793862187
1498877001
560019468
1272993081
1125903304
1725241618
1203771946
1076464548
1961958691
1219332446
2077717378
1220471570
555048100
1322573161
1509641093
1492400439
1445901055
1567755792
1740233057
1535785770
1570165950
553372116
1006677620
940307382
1831554918
1531578792
814978807
1767346141
2115797137
797631799
939350050
762175676
149025152
1499369518
2035168757
1274928456
1077127488
1091457055
203909357
891602532
163305854
134143087
2112074102
718353954
1456716248
1474231547
63270745
755133656
894503691
1803503803
143435778
317185993
209392271
1150113398
1257493375
2040947189
534208542
2072472182
1660809682
502522031
722620333
452676084
1264697707
871645485
1952045602
1152382816
2146573942
881689443
96356224
202999651
1773291975
259662078
337142738
1737882429
978016032
1793858987
1064630328
1041286778
401508995
1959134020
697306933
544944773
128836365
906699204
1695058171
1386329741
800162745
81783065
1311318275
313488779
584305097
2033938609
766164863
1849002804
758100446
570726817
853901973
757190740
1452416260
950258197
960190391
1078224587
1209920275
1297333130
668623368
40452659
943708469
1733253697
1081739437
1345217464
1544904069
1779046370
1890162237
1673740434
538261926
1437736760
912586527
1338424671
1519519825
76421155
1651913450
2103824922
2110359764
270594665
1805344079
720976562
841321483
511762404
1478167303
146254095
1462020601
290874046
1224478683
524457228
1588207176
1893102051
564909887
384431997
1478872100
1646649325
1729649461
876292521
1278212047
1472328050
402549308
1816473974
762581162
1315135835
1007414997
134617340
1391556990
511844800
90958614
1354433106
782439465
1896302693
2075409669
1623760948
260581449
1406093324
1770015044
1722602050
1696967370
847010079
99575630
1137690899
592628482
664485518
1522122896
2071500583
163651195
1104288710
800309456
1441863242
429133112
1202858764
1110853568
1191714275
370510952
2118268566
1326331615
1762067942
482629718
1417290229
969017401
1265069183
1166109275
896943422
741346484
1426690724
155553098
363877880
1001809127
1852520468
1210887959
1101384757
842727719
1803516441
1765870275
217366968
1727533376
1929521470
1321655678
380359185
1223901065
1750788790
1583217949
187270985
795019417
1953728901
158055903
2121351032
1568313196
640685621
1391157614
389846949
1905754805
409783241
1286790371
499617641
1836473965
1442343469
863495521
690799444
1147380289
2074383480
1792184202
1990108009
1730416273
1410570829
59991329
1310466002
1192608652
1381647007
1690825187
269026069
984952149
1126559488
456297054
1779971567
932804742
614352958
1753838951
353634290
1255038579
997512917
743481239
1013309736
1407296158
2030271610
1512927377
1096286476
1325131431
228939250
1787085920
325028072
155839082
1431786474
167652433
1886255356
694873656
227643762
1049237710
1887482308
1609290769
592579249
9024729
446759271
1719138737
465321783
79247190
504459831
1079674741
1833086141
858094121
187229673
683115411
1601575360
1200539409
2090411569
1484363322
565983139
1039214397
662011105
794922389
678816670
987039178
950761472
2110603144
1154691611
689533180
657993152
1382335374
1738770890
397991812
844142495
183866491
407016541
1290901766
1903005228
872338325
1370148956
259981412
1952013066
1055751450
1118075533
2139242739
1738866861
572167246
1192298501
1681794782
2056530568
1758281640
573525532
571058026
405720381
1252342202
1558097204
1356481853
1215461698
565305167
2046015033
1873454851
1947640541
1637302275
123963015
644299389
1821168766
530979557
1935201155
1576690347
1403317882
1157866464
1836671759
1207847300
66134266
807263644
1199606392
1805001127
1379430890
244421245
1339312261
1288477811
2002702885
1912837793
1859535837
260939618
1017696347
1270149393
1617421472
85674398
1835454560
1515952857
1959129249
1635611454
1005771485
2083092264
132427195
679456603
466588173
2067628350
108663302
1869906055
1078011166
1945335061
930269708
1144145432
605115058
2129876100
801662911
1984545948
226813697
2140975173
1125540111
82032934
1906329318
837592300
342972552
776542018
2107741693
1960394024
862216416
1795712606
1328863234
673862017
1283840412
187151071
609470633
1416267607
866607674
1076058807
1336412309
975270977
798481214
266939828
773122390
1728750922
1411085260
1378237448
1711143374
65264524
1215299749
1937957071
58756049
193356212
2019990005
1965085367
1030948513
215478910
594143737
991206558
28389286
1456360153
639435516
1357252520
2130222170
1923275928
1544403591
592209156
1192059887
263527618
1668267963
380988549
1238798595
319265529
647928377
2011920985
2048016452
2059013637
1242674786
1611676178
2124278161
310490887
1402149602
35550562
503847099
1274655959
2000635930
1534795612
1490134869
447296019
378518523
1518524156
1903656173
1017954039
728293028
1886394695
793746320
125212972
331120203
1985806207
388740590
1999388166
219311108
1627539185
171170048
867239485
1491976522
71702852
778769475
587167660
1683379030
755563988
897658547
938044984
791114551
1401505647
65217296
644266833
788817611
1555352165
1091562852
1167336134
926392673
847735377
37806526
1654685702
586646425
831552846
1779898674
917766628
669875405
21155616
769671147
889186514
1648694801
940841195
1756425999
993187675
1012544047
387711826
1580355336
548439429
1143275815
330530235
1486484414
1934390366
1732035882
1551701710
431173551
373369846
959570227
1522736403
1540705980
1885962901
222988133
1578512506
1393164955
809634558
262581704
1025579981
1727401186
932457110
1046735597
349588685
1821643624
547946750
1290429880
1430585975
1541134425
155490279
1818297802
974006113
703929709
814089969
1304536349
42930475
600996687
889088583
1594632185
1032170238
1262458429
406718764
407422993
655680762
145198017
630411126
86709620
1538362972
1440045684
349291325
416459305
1019963223
1281748435
1463194902
1369551908
955908411
2011141652
512498141
239010738
1404792430
667988420
2057308540
231314895
1371918129
723914861
1535851244
1414848604
1324911548
277456180
861997141
209598138
1539914609
1268715906
617021132
48111723
1413913923
1247432258
134821344
804793248
539994295
484112669
1221252553
1559957518
1765861104
536963808
782025778
574285867
400621812
1294523919
813296605
1805414242
1962512340
723121498
2036729138
1186946821
1447036359
1425096734
454311778
624464260
1702552914
1316308919
834062398
1094983876
437541177
1451083530
1143095599
1851455101
551032141
1277916943
508764701
1091026436
1762029612
1730017254
503500306
1380407068
119497414
1285526084
1954692935
520119227
432566356
620505893
178049821
247595048
1343627391
67295311
1434541869
643180102
1492392046
1888853647
1267644362
1047461312
1057678919
2101706761
2142445188
1495220096
1405306643
1138057140
1199191549
1956338784
268490435
1707956250
899881572
2030520048
1290489857
1403381878
1263443468
1409987271
541424315
1070652756
1930106498
973990671
1691158649
2108156320
1221585719
887302392
27967983
508643940
1530482494
1520360029
250013940
650643209
420337694
1307692859
604866322
415299234
655429307
2010172965
1553356374
1854620857
1819028102
1821846810
1415093459
571426026
1704883210
558099668
1974807905
820843030
1968086940
368748572
1891495786
1750709790
1342739243
1435170787
1711382462
416841314
174989531
1739350446
925485254
1705472026
1112226827
1175499194
208631587
1532564521
335708405
813497909
1947863756
991137713
676187226
1353736482
698274922
347731680
1028099644
2113368381
919157707
585499206
523984402
746481964
1406342237
344587694
1115230536
1150354375
2095297484
310486131
438041515
1659196299
727327445
613031046
1251063097
1652812699
171019424
215806276
680828246
379651011
1748370798
1016536651
1193148920
1548750906
2007674364
1869336147
755003740
558465638
69584179
1783103385
524350372
988741886
221118943
1048334774
1735223850
