10000
167943
242318
259646
829990
930546
1082343
1436496
1510955
1785447
2200053
2210774
2319715
2459844
2532064
2662560
2763849
2838899
3070458
3155437
3729076
4080247
4109945
4160088
4259578
4292313
4361972
4431669
4443499
4567942
4572891
4960970
5267694
5799022
5840664
5979469
6588323
6833837
7162692
7198759
7424521
7511772
7549844
7667106
7716052
7725345
7793838
8356316
9363873
9492964
9518570
9936432
9946491
10111637
10202636
10412760
10539146
10589113
11313684
11322040
11450996
11457194
11851497
11887316
12144095
12549363
12566595
12660856
13098304
13507447
13582769
13744235
13780668
13984136
14006425
14522031
14530622
14673177
14786786
15092603
15533528
16499440
16535781
16773324
16875526
16921650
17120503
17187723
17316874
17444787
17711568
17906672
18173789
18504773
18578582
19293575
19375362
19589936
19630984
19636143
19752616
19889400
20599582
20609517
20776895
20892673
21128664
21171799
21389141
22033290
22087553
22358722
22487469
22487890
22814177
22999110
23084978
23151154
23367751
23509777
23741582
23839318
24063204
24230085
24422946
25029255
25469905
25565078
25672277
25978663
26170869
26307574
26319744
26677663
26882374
27645179
27915931
27997114
28225089
28400073
28416188
28529906
28550111
28706405
28990841
29425613
29594139
29887015
29914877
30250286
30359168
30453227
30716171
31186913
31344247
31423836
31575592
31725990
31978396
32052619
32093074
32447777
32555206
32621410
33000365
33077841
33244016
33274003
33375081
33464530
33498001
33842549
33955641
33985541
34073671
34124675
34199529
35036599
35304595
35612864
35653049
35861709
35954717
36266164
36341124
36508060
36871505
37206865
37267228
37271178
37326519
37470876
38071156
38071649
38284174
38481568
38505984
38519137
38521904
39326205
39405713
39447200
39448343
39560267
39851946
39907271
39915244
40427306
40459376
40470202
40599062
40731408
41108509
41331138
41542496
41651280
41762854
41827970
42398192
42442086
43045388
43383777
43593978
43700845
44006999
44038542
44078067
45053052
45237726
45542416
45662197
46146955
46574944
47064807
47080513
47254080
47298185
47337944
47392016
47435978
48015151
48026208
48056177
48064933
48521567
48661214
48681999
48827363
49070461
49332561
49390021
49629133
49991703
50003031
51418035
51662619
51901242
52252372
52509838
52798974
52988331
53232345
53528246
53571462
54027253
54309412
54441342
54617952
55130678
55148893
55197732
55199990
55448179
55704184
56299500
57016525
57022193
57102292
57240359
57360903
57434299
57827669
57937207
58023916
58131601
58153356
58196393
58455027
58793668
58815935
58910164
59012652
59037136
59433856
60373277
60526290
60633720
60693281
60697435
60755093
60848636
60980789
61122902
61154182
62241356
62307739
62370710
62787193
63463525
63577084
63601614
63690547
64000619
64506141
64515283
64743560
65242617
65246966
65318556
65405296
65471684
65493255
65503289
65681698
65732714
66195504
66323094
66489723
66888111
67008522
67100826
67250175
67371438
67581403
67905275
68115650
68145334
68262732
68520352
68552990
68604612
68643242
68840827
69029251
69162850
69265181
69469040
69514595
69598477
70193639
70933440
71112102
71282394
71941364
71984694
72163972
72210363
72338125
72868119
73342567
73356964
73638287
73854852
73978875
73995859
74127665
74145777
74988339
75497983
75746001
75920293
76021605
76080355
76192541
76660296
76926965
77188366
77270544
77701583
77930752
78055106
78170528
78590269
78677031
78721321
78809724
78986812
79225125
79460631
79663997
79993611
80233821
80248430
80554346
80581898
80606640
80729764
80777508
80788685
80899833
81219872
81300471
81596464
81759597
81987932
82033274
82052114
82151403
82256212
82265570
82996404
83013251
83046914
83180782
83365339
83810729
83965893
84088890
84491832
84865865
85036207
85094054
85215369
85317120
85512985
85533061
85711193
85826074
85841514
85939919
86111414
86347567
86721939
86766766
86939165
87182008
88394624
88762287
89492855
89617430
89684680
89734172
89772806
90160806
90306333
90380627
90400243
90567857
90786731
91423801
91561673
92025205
92065108
92069774
92485367
92597534
92928961
92970561
92986927
93020517
93639181
93707310
93868141
94332198
94489143
94618357
94931133
95079855
95151981
95247626
95366228
95396771
95509458
95610306
95745555
96212320
96314058
96346666
96412866
96434545
96457541
96589215
96777382
96992079
97149904
97406267
97538183
97984923
98297429
98462841
98528816
98606384
98917549
99341238
99859127
99992512
100061310
100128055
100776640
100840148
100956530
101252255
101268734
101385847
101400478
101775406
102105848
102258596
102396522
102894798
102924483
103050111
103098574
103520451
103767399
103813728
103850422
103994454
104094771
104282178
104320993
104756094
104971293
105026457
105093963
105368430
106352746
106673983
106862421
106908348
107029451
107421954
108314172
108329267
108457331
108606124
108780534
108975820
110071871
110077061
110084864
110147592
110487623
110593180
110625050
110708327
111287424
111705475
112050400
112130786
112218146
112246630
112442753
112496848
112845862
112866827
112966746
112979168
113031501
113627984
113875545
114022971
114192316
114293510
114419868
114462345
114488513
115555336
115674380
116207115
117222393
117703318
118256739
118665312
118698243
119317902
119960698
119970277
120218059
120260585
120497644
121337555
121403168
121516949
121549661
121718060
121839907
121850423
122301829
122651124
122994069
123272082
123658096
123729627
124321664
124323054
124470515
124738996
124795896
124848191
124952160
125347127
125416063
125485544
125502405
125677243
125772284
125774334
125862762
125918813
125919130
125927524
126166310
126234868
126258043
126345513
126520104
126663347
126702144
126707325
126763598
126997477
127116203
127684449
127696967
128239905
128251254
128611589
129185099
129913131
129974583
130067807
130103821
130368962
130519977
131145923
131336996
131670605
131949436
132230014
132367290
132382283
132566621
132997159
133294363
133526424
133707932
134307713
134488954
134700620
135042842
135126358
135129955
135516170
135638009
135669246
135692087
135876388
136130252
136370946
136746187
137186607
137266123
137676715
137693917
138014489
138031443
138083213
138188318
138201460
138348226
139225682
139643956
139690915
139750896
139881378
140244387
140339425
140402760
140432969
140821502
140845368
140864577
140906691
141438259
141470181
141474551
141489589
141593111
141673233
142360635
142609879
142621981
142862557
142958290
143421743
143517995
143563740
143767222
143858918
143985264
144311612
144645221
145006094
145011852
145108658
145336633
145382436
145763119
145975673
146155509
146304015
146568215
146883140
146998782
147004165
147099971
147168472
147926922
148080963
148199052
148448800
148545368
148749339
149193484
149223608
149301653
149606176
149650539
149966247
150133095
150350191
150407231
150563199
150579567
150837716
151164713
151223260
151395872
151672214
151993799
152018994
152035497
152181263
152221529
152223301
152654378
152978503
153027771
153181008
153362850
153397834
153480552
153779246
154054563
154470023
154757827
154861142
154989567
155207293
155331454
155365623
155453343
155458732
155648229
155978852
156045386
156050136
156382071
156410949
156557668
156613535
156635849
156731414
156758233
157027814
157053884
157127478
157208226
157413621
157434667
157611594
157624370
157852443
158185863
158209779
158416212
158640200
158745443
159124688
159157647
159688101
159784675
159884067
159918597
160078411
160306930
160918040
161152870
161221203
161265331
161649180
161707329
161831186
161834963
161857415
162063154
162114225
162371630
162560825
162670343
162676320
162700571
162718383
162946945
163444373
163622605
163978503
164171140
164407625
164581769
164622296
164692344
164837707
164873067
165024284
165315390
165994720
166159812
166271113
166786068
166911396
167291253
167346941
167615432
167731721
167986707
168014863
168077801
168118248
168241300
168422011
168519204
168588777
168676376
169962244
169973224
170252794
170338176
170407115
170716057
171175561
171346661
171568641
171606519
171875010
172160592
172567226
172686571
172735995
173225764
173500547
173545602
174134761
174331627
174358870
175083602
175130683
175385557
175595401
175611288
176024891
176992999
177011854
177132575
177285126
178145822
178209381
178810354
178811161
178836779
179065738
179234832
179612023
179621699
179708209
179743058
179829012
179904267
180088471
180221984
180237927
180470597
180805892
181010776
181024870
181057171
181256701
181393894
181734214
182543665
182817979
182830672
183263392
183544547
183558089
183567489
183581967
183600161
183924666
183991383
184104973
184321635
184552322
184882628
185195456
185267022
185559701
185867578
185885168
186308073
186413118
186754322
187130454
187448770
187791842
187823297
187914491
188100992
188123284
188127200
188443447
188563219
189493830
189588505
189852356
190699408
191355264
191550731
191717900
191767764
192162201
192366648
192429594
192694856
192975553
193442958
193688861
194040356
194084262
194901384
194921681
195225629
195365912
195512866
195609996
195619786
195790292
196042805
196072955
196112605
196549209
196658772
197409546
197680882
197777117
198406218
199773017
199936337
199991352
200114404
200119470
200173415
201208264
201434205
201586013
201652820
201682576
201902940
202158502
202313111
202321297
203028185
203187691
203533344
203593519
203849361
203956243
204050827
204461437
204545852
204606555
204828534
205081062
205095928
205247928
205670250
205796785
205981860
206095659
206157116
206342178
206442600
206675946
206713406
206807992
206809520
206900924
207019684
207346840
208082232
208321613
209869159
210033362
210656613
210952854
211072122
211212668
211341763
211449259
211536380
211860220
212153972
212174990
212388023
212439886
212441878
212630190
212641633
212770608
213074941
213233770
213314219
213770871
214018635
214324149
214649526
214738412
214767901
215129391
215488341
215548005
215890742
216297401
216316594
216563925
216654172
216732184
217047867
218072499
218400367
218507852
218638050
218825056
218877296
219698473
219787844
220029647
220236430
220318216
220470537
220906212
221142172
221493729
221847253
222085689
222108530
222436185
222657243
222720080
222746776
222842656
222897345
222945140
222947391
223323812
223890503
223979812
224449853
224488861
224612352
224793088
225107727
225298834
225530234
226407857
226461053
227181759
227277811
227688051
227894254
228381363
228456096
228516678
228757056
229098422
229216815
229344917
229671461
229671891
229903436
230031041
230070491
230128687
230268452
230383372
230476756
230978325
230987014
231215822
231270379
231373151
231383241
231433775
231485237
232848636
232975584
233580774
233637945
233841902
234139584
234308077
234654763
234673196
234870585
234899566
234952852
235445532
235777263
235890381
236100017
236774572
237380721
237505906
238180274
238252412
238521788
238546157
238560322
239679252
239855530
240135384
240225478
240513582
240639355
240752886
240758655
240770735
240790544
240861783
241165305
241197048
241205290
241212660
241459550
241754132
241786908
242035081
242073746
242118329
242168564
242313287
242430756
242440302
242554112
243118408
243197670
243293942
243533342
243562920
243676388
243949143
244095075
244469290
244938695
244977013
245052459
245149120
245364841
245922242
246225741
246228785
246817323
247121483
247213148
247356658
247617060
247673238
247753793
247858742
247896205
248011441
248049279
248486745
249009527
249051776
249223148
249767561
249823544
250007939
250030332
250092823
250147855
250252509
250360048
250431892
250760428
250807140
250816583
250938609
251101078
251165276
251293035
251671866
251791480
252561004
252713549
252772044
253148367
253311947
254011592
254037951
254105798
254114029
254753923
255002519
255129860
255607524
256005539
256734457
256789833
256852130
256977414
257354983
257672435
257815684
258166467
258334072
258427902
258549783
258878379
259067507
259172248
260865445
260877626
260904310
261042304
261517785
261829786
262112468
262486754
262863059
263455279
263735646
263911070
264140138
264303262
264389909
264485976
264594264
264631026
264690576
264696351
265158113
265298084
265434049
265554734
265579332
265943367
266080328
266205709
266257778
266528096
266720414
267342714
267420332
267720861
267722118
267829119
267950653
267976947
268467135
268665287
268757804
268774950
268788539
269394225
269474918
270084051
270482718
271006825
271262304
271464276
271656208
271869531
272220862
272533003
272797484
272816711
272839926
272881566
272884735
272937565
273024637
273325912
273513536
273716166
274194302
274482729
274790702
274870955
274890882
275557027
276852237
277002243
277061653
277112256
277138623
277407347
277953075
278037563
278726778
278800298
279046165
279089487
279314834
279514157
279800767
279820595
279866914
281047598
281303004
281437491
281520383
281601856
281773102
281960563
282340907
282372229
282462110
282603021
282717392
282792777
282812492
283171980
283503533
283766401
284018716
284308545
284714494
284901476
285081743
285256665
285445426
285718162
285800904
286046119
286247736
286430406
286675324
286921978
287009335
287393096
287408524
287611923
287612123
287660484
287845540
287868743
288206700
288443466
288725603
288971002
289216418
289555634
289708760
289788317
289950815
289996876
290393009
290637816
290738939
290974716
290994998
291516364
291618595
292052752
292492101
292603841
292635570
292690714
293135186
293273991
293382589
294528126
294530202
294619286
294900858
294985253
295099045
295469216
296796909
296804725
297054240
297204159
297224384
297240434
297406165
297460042
297856798
298369847
298548589
298682292
298889321
299037802
299199699
299374313
299461154
299593239
299994275
300519811
300595906
300893773
300998732
301119688
301214210
301425203
301484677
301620426
301877919
301993150
302121644
302382497
302451981
302601281
302752935
302769262
302838955
303112421
303481824
304041751
304411556
304467693
304783133
304892478
304928578
305129955
305185243
305365100
305428707
305918659
306040274
306463480
306735082
306813081
306969117
307414811
307760702
308126773
308213375
308368012
308381702
308576618
308580443
308909495
309323151
309389452
309458126
309627892
309649387
309688474
309869769
309935646
310109250
310264304
310320260
310347138
311048410
311235185
311560091
311806911
311844197
312016614
312170170
312269704
312334216
312512194
312546598
312673107
312883002
313033351
313239714
314073891
314151021
314300673
314498804
314607514
315310224
315748065
315858641
316064376
316278955
316279543
316637948
316962136
317095552
317125177
317618747
317686433
317906595
318013406
318104017
318507273
318535208
319439925
319540677
319652494
320258428
320501397
320610359
320645887
321212222
321381466
321605812
321640921
321680264
321821204
321853198
322210114
322499202
322778265
322955580
323061498
323186094
323364472
323976232
324113260
324574248
324669312
324765212
324787398
324820739
324842914
325094579
325143103
325515558
326019037
326359322
326761344
326877982
326938838
327049889
327080865
327114781
327145279
327240449
327248568
327430253
327490877
327683732
328019336
328140179
328423996
328463731
328641558
328806957
328952197
329199517
329216759
329274035
329574439
329609528
329691249
330049047
330060717
330072154
330687388
330857512
331169982
331530259
332017933
332045457
332472835
333087990
333153067
333402738
333594455
333703077
333705822
334067722
334236964
334258855
334730363
334885699
335076190
335141636
335209780
335219569
335518316
335602421
335909911
336092035
336253689
336636913
336652326
336770375
336980931
337217735
337640798
337737630
337831904
338037630
338315916
338702017
338793672
338997810
339478635
339722781
340013430
340079584
340081000
340219971
340522777
340574551
340614016
340881132
341180601
341182340
341213033
341637222
341706377
341937726
342225507
342441886
342525416
342578423
342585083
342832832
342892242
342973827
343481530
343972102
344087743
344560177
344619924
344836396
345220778
345329529
345815234
346093705
346171608
346240353
346563740
346644197
346759107
346977307
347011599
347125985
347144418
347238861
347593937
348113720
348430392
348574866
349034274
349308707
349350916
349395875
349610000
349674648
349877092
350064185
350354891
350743965
350777820
351022565
351191171
351471241
351481162
351652933
351733701
351833717
351874371
352034728
352134598
352425267
352495953
352583691
352628086
352743063
352888668
352926487
353598784
353773361
353872518
353910526
354006371
354168713
354681485
354792102
354941353
355094037
355158180
355478071
355496194
355523390
355775987
356117909
356124872
356387384
356442989
356460877
356732496
356981105
357099386
357110709
357140750
357536503
357610035
357675303
357720105
358276063
358284430
358551836
358928603
359062613
359210587
359296836
359932846
359944756
360026106
360033192
360122863
360356758
360377309
360383748
360592668
360894479
361265142
361281533
361539275
361586861
361630727
361663495
361764093
361845143
361881260
362522058
362762010
362897102
362964467
363131990
363372288
363397017
363766864
363942449
364536720
364618562
364988252
365058246
365063725
365132209
365620895
366017111
366389889
366798947
366922098
367401300
367572604
368532493
368677141
369210292
369317180
369505572
369635677
369653395
369906441
369994968
370395770
370606877
370613924
370626316
370981263
371264076
371585493
371729320
371851190
372301978
372662780
373162094
373238542
373379459
374025056
374037125
374232286
374468975
374531854
374870264
374953945
374989979
375141552
375397488
375781463
375830724
376001982
376349728
376879735
377352404
377426836
377444656
377703323
378352640
378926613
379213949
379703338
379842785
379849332
379864104
380280349
380391732
380829439
381360692
382352992
382528689
382870590
383322227
383725145
384063925
384632741
384790202
384796498
385852026
385948042
387035585
387432505
387527189
387539441
387921465
387927797
388459989
388863040
389083094
389341656
390118475
390761738
390766742
390829461
391088306
391207016
391360674
391958963
391986141
392216434
392312353
392383463
392694270
392771062
392908700
392990344
393065623
393114275
393314294
393425582
393462057
393625343
393633434
394038786
394139052
394304825
394309733
394516743
394806651
394896482
394960439
394982965
395112104
395183300
395301485
395328677
395524758
395546002
395586869
395646665
396216997
396260988
396313521
396376727
396429448
396529173
396694998
396931754
397149215
397304011
397350146
397770113
398455731
398533457
398734773
398745109
398828763
399215254
399585381
399977757
400036676
400088728
400172474
400319162
400515276
400763469
400955833
401083180
401084019
401130387
401728733
401757829
401985993
402525287
402696041
403215317
403325482
403562311
403693332
403815880
403855764
403897718
403922109
404194941
404532586
404657838
404930265
405112100
405130975
405237102
405350858
406427217
406642108
406887259
407095856
407169203
407191882
407291548
408165440
408306599
408473094
408807957
409048654
409114298
409193759
409196668
409254549
409319808
409522847
409742502
409747525
409809568
410297825
410456922
410732847
410990847
411203169
411819184
412051411
412093806
412113877
412403135
412639929
413084450
413339592
413597014
413616805
413726250
413780851
413926401
413992627
414459720
414896297
414926008
415091769
415599108
415621622
415639984
415709305
416431717
416469723
416814461
416875853
417198917
417234225
417471817
417605903
417756228
417882019
417908652
418381231
418424691
418521985
418753283
419407370
419517796
419566129
419736560
419743800
419843524
419967748
420049539
420110099
420267006
420317385
420541313
420641769
420670637
420755111
420833832
421436104
421439205
421492754
421556807
421594560
421617332
422276653
422342467
422571641
422666759
422700521
422723564
422880410
423060332
423899517
424262871
424342946
425406340
425577741
425600259
425630510
425638249
425994759
426785198
426911618
427208457
427317565
427702152
427845199
428630649
428871988
429090588
429138861
429388152
429401955
429978341
430575706
430624881
430702689
430985386
431075494
431182663
431245890
431255178
431400738
431462269
432010445
432087802
432198646
432263020
432359295
433085656
433105987
433208151
433356794
434198576
434595817
434738069
434968572
435006291
435021426
435187674
435196086
435620488
435786244
436035945
436299843
436327635
436880930
437002444
437461756
437659424
437660192
437887037
438307718
438376143
438382527
438873110
438969790
439202225
439432507
439447704
439747257
439791727
440234218
440634985
440641333
440644722
440742765
440982364
441183655
441365785
441667287
441801878
441804054
441837035
441910957
442427647
442600828
442666195
442954115
443034160
443116781
443154713
443187969
443197761
443210654
443226015
444171863
444344194
444385696
445014366
445024341
446163075
446240386
446541067
447321152
447379038
447394994
447765798
448575081
448663418
448889600
449127958
449169987
449319252
449384855
449659053
450080677
450646026
450902663
451040291
451340903
451644702
451931760
452003953
452044605
452044893
452115421
452637618
452884314
452944060
453234562
453400288
453452816
453568907
453924941
454108125
454515559
455365826
455404080
455535168
455617257
455659595
455799308
455903717
455911249
456013839
456020916
456384729
456812654
457784834
458303002
458472849
458720870
460475202
460544934
460574338
460631100
460718955
460803801
461004274
461206196
461444794
461505464
461642677
462010944
462058044
462179289
462548816
463105099
463113704
463546664
463557184
464277626
464675884
464803626
465106968
465113766
465370864
465580608
465870603
466059330
466245660
466267742
466351042
466387977
466397307
466521482
466564995
467074786
467628737
467753388
467852360
468164713
468200901
468716667
469427735
469435653
470028637
470082913
470157328
470239966
470250563
470335562
470683639
470714858
470913169
471172973
471198695
471485831
471671413
471800768
471817590
471821498
472932263
473491484
473695879
474033753
474279455
474595797
475064236
475743333
476386459
476573149
476586373
476797909
477045278
477111526
477282354
477311390
477540230
478114594
478564795
478837923
479077909
479655614
479779458
480178030
480358564
480867283
480977328
481449125
481947851
481958823
482036898
482099707
482253794
482830896
482976187
483393927
483653774
484130146
484298691
484409770
484643889
484818601
484939774
485243800
485246212
485383063
485523944
485664915
486252082
486382718
486465141
486547419
486725125
486948290
487530645
487767371
487836295
487895867
487910591
488025946
488079176
488362920
488562209
488895218
489119536
489445098
489449589
489679096
489784436
490068325
490278226
490325565
490424562
490701833
490773207
490894473
491433379
491845506
492182800
492253111
492752803
492895667
493121942
493526735
493757272
493962301
494021572
494052514
494390120
494530162
494555892
494630529
494733578
494826367
494863166
495410989
495450799
495795823
496066307
496107104
496163444
496275669
496435403
496465368
496562520
496600840
497134721
497137244
497304447
497319255
497653820
497663713
497755050
497904834
498472539
498519135
498647104
498754043
498826447
498929316
499028952
499061447
499225843
499374974
499892871
500824032
500868064
500943684
501041220
501196249
501738226
501759768
501798307
501961465
502059725
502290806
502333960
503018104
503092087
503194038
503201201
503498003
503978345
504039765
504157175
504217593
504594213
504695394
504798237
505211020
505388576
505456478
506291808
506402065
506565162
506690449
506840178
506872454
507154418
507428250
507505498
507629544
507701159
507758969
508187059
508363814
508427797
508938203
509180176
509230445
509263653
509833918
510260234
510529876
510622476
511306176
511548760
511597348
511709271
511790720
512435671
512583803
513268210
513434700
513612165
513926953
514197380
514234944
514235349
514342222
514342387
514451876
515389066
515411363
515616267
515841670
516472238
516605942
516728639
516804767
517080362
517428829
517496884
517640982
517652330
518131964
518427473
518469724
518952496
519310774
519349633
519420891
519466475
519554968
519901901
520438383
520521985
520816179
520872383
521044847
521064114
521143481
521412179
521698055
521786130
521888844
522013825
522029057
522480551
522496896
522780504
522802074
522890119
523004034
523145991
523487656
523623787
523776791
524164770
524185014
524351693
524512069
524574309
524587308
524735573
524948616
525871019
526198812
526363670
526785083
526817003
527161021
527177485
527718882
527731194
528096291
528191358
528298714
528484170
528810022
528896501
529072924
529119092
529135421
529167397
529221566
529221775
529638445
529705424
529833726
530480332
530677996
530725541
530846917
531170231
531233816
531658978
532646250
532923179
533172394
533639469
534233918
534351886
534361511
535177808
535209623
535214659
535257988
535314063
535353280
535382338
535797003
536100159
536380412
536596561
537032838
537146096
537199203
537243410
537287579
537341808
537469644
537503288
537532592
537658956
537785698
538334001
538420487
538433446
538905515
539134928
539456258
539696295
539817061
539867702
539885282
540211324
540624122
540783589
540951390
540984641
541034843
541181995
541374666
541440502
541511900
541714422
541865634
542081685
542519333
542667805
542822750
542953246
543077303
543103304
543503280
543651195
543728090
543737212
543906304
544340040
544396533
544539181
544687858
544724352
544761831
544885175
545186063
545335086
545350794
545687589
545746298
546162931
546457185
546564932
546855018
547235436
547623201
547646044
547671074
547754998
547793620
547965923
547986490
548113957
548335273
548542181
548732370
548761836
548874103
549253358
549315529
549334778
549450027
549531800
549773697
549831530
550096558
550159151
550632621
550746507
551838888
551910303
552070851
552129757
552222896
552262153
552320584
552330354
552465656
552557442
552938958
553925523
553946729
554171792
554233840
554316659
554383002
554507243
554691899
554928330
555090490
555378504
555406047
555530323
556091445
557203674
557331572
557373047
557374261
557542156
557671845
558371246
558422836
558453518
558652889
558900879
558912946
559349740
559576067
559631362
560433162
560735420
560787628
560826911
561527670
562126690
562321154
562409747
562423428
562440035
562502616
562606493
562760924
562824622
562881577
563059765
563469442
563924601
563948178
564098611
564308851
564392815
564896705
564915762
565291589
566200543
566608289
566668123
566932167
566951882
566955881
567168474
567266833
567772086
567897254
567951208
567956600
567976960
568457115
568518973
568540020
568733515
568868341
568885017
568934773
569144583
569186949
569273150
569354263
569376868
569685998
570040033
570358702
570407920
570861876
570888084
571097934
571101214
571323290
571651060
572267610
572459974
572687768
572853535
573101228
573732598
573848084
573913410
574173223
574530179
575086668
575165813
575407218
575612550
575957890
576003751
576218108
576260044
576365568
576651459
577541060
578609659
578614640
578868868
578899487
578962751
579008500
579110222
579709552
580241775
580242670
580678598
581275953
581281404
581416864
581558521
582149083
582229240
582375308
582611115
582813877
583094395
583323351
583382837
583527708
583811215
584011919
584293849
584711041
584839327
585015412
585025243
585216416
585456518
585731934
585865724
585942387
586036606
586179937
586272560
586877837
586887570
587156531
587381859
587413123
587421875
587657673
587988143
588263833
588372439
588650063
588946298
589402056
589914963
589918922
590176921
590271496
590554084
590941245
591178354
591251591
591299789
591326428
591347200
591358694
591602394
591757104
592153049
592175526
592295950
592332252
592618537
592979477
593364451
593780749
594298514
594853101
595168810
595199482
595289354
595369993
595391163
595501950
595644888
595733551
596209165
596535949
596643937
596949169
597209953
597275010
597377898
597699360
598005931
598009743
598544046
598829454
599124744
599828194
600132131
600167186
600294322
600502127
600942827
601157479
601475915
601568362
601740163
602126197
602820742
602828389
603497271
603539892
603731880
603856826
604024770
604104210
604268539
604293712
604487135
604755812
604760359
605110435
605202206
605455086
605527861
605750608
605917525
606527526
606969701
607368337
607617527
607654190
607663263
607811644
607819385
607868796
608012483
608148015
608351896
608536887
608837388
609162503
609216362
609394653
609519827
609626977
609627476
609804993
610114048
610386579
610696826
610996721
611649789
611676111
612385252
612428418
612520877
612562264
612583496
613282168
613332120
613365281
613396135
613687141
613765990
613845671
614452139
614655592
614941007
615536613
615862448
616238273
616444495
616750586
616823355
617067648
617337167
617768953
618921866
618988716
619079081
619158373
619294142
619793115
619947601
620022097
620853490
621755603
621893359
621898437
622026173
622185090
622365484
622774018
623213755
623246162
623249879
623269845
623518253
623668003
625192484
625365357
625460737
625513007
625632870
625937362
625960472
626053601
626458613
626900124
627002343
627273938
627579042
627785930
627788037
627896223
627901117
628262119
628268303
628483703
628574546
628587489
628621220
628799082
629073350
629260614
629431900
629467074
629597155
629638815
630330148
630423405
630637772
630707797
630883829
630887057
631206808
631393581
631827252
631862990
632045895
632618536
633226249
633441663
633568897
633587173
633680759
633821848
633935545
634064602
634127634
634236902
634301726
634590515
634634588
634836604
635086259
635364240
635904925
636069144
636289327
637158214
637239267
637328869
637411922
637713274
638024242
638242008
638362992
638637606
638744766
638921029
639207845
639276312
639792411
640351985
640355022
640599590
640629124
640948986
641175230
641595912
641619590
641697455
641835505
641993480
642318477
642423585
642622528
643160483
643606074
644384230
644519793
644726725
644980255
645250577
645444279
645900450
646315176
646450259
646798546
647370000
647548833
647586751
647693627
647707787
647826158
647861071
648376312
648454340
648498950
648680890
648848667
648950165
649210304
649228275
649367893
650208626
650423643
650573622
651021406
651314111
651577394
651603760
651634287
651962572
652084244
652318640
652343246
652346859
652370209
652518217
652595283
652989716
653638540
653736983
653941388
654294141
654350272
654712440
654850536
655219210
655512474
655573791
655627100
655834611
656071938
656476735
656549731
656558152
656808902
656940592
657306068
657422492
657643690
658021841
658270798
658274642
658379604
658579670
659116663
659444779
659463747
659664208
660461457
660585767
660614053
660941409
661014773
661779822
661788927
661949686
662379063
662539416
662657530
663401908
663446661
663527494
663648252
664776647
664796503
665189326
665435510
665613434
665633456
665741341
665771324
666165757
666223000
666315769
666487152
666614182
667339330
667414625
667549578
667556994
667703333
667766311
667883323
668032355
668493772
668536472
668549315
668921499
669210909
669676064
669788740
669793594
670047426
670074225
670187956
670512159
670552687
671144060
671181114
671199251
671280114
671940944
672044589
672422127
672650477
672791181
672807594
673004440
673115494
673640540
673899891
673945494
673952020
674031940
674516178
675011163
675301523
675401845
675675465
675830257
675969155
676056706
676485824
676815580
677145080
677192210
677302828
677614385
677883704
677961877
678076088
678166546
678211069
678211521
678240744
678558372
678703098
678792612
678852210
679559531
679908020
679991990
680483287
680501265
680772218
680822822
681099810
681175091
682076006
682429539
682539900
682637413
682685906
682749488
682957909
683176812
683816102
684189837
684540306
684796425
684836388
685187996
685799684
685846789
685986628
686197542
686467375
686498914
686599556
686835874
686956805
687188243
687201465
687986815
688566592
688853937
688907467
689045129
689202618
689647542
690065031
690562401
690587152
690855927
691757686
691924541
692207503
692330787
692397505
692744188
693140227
693666373
693764292
693862791
694031308
694416133
695002271
695206862
695336276
695355782
695491430
695705120
696081568
696088984
696257940
696503346
696615313
696974153
697142849
697318670
697493142
697496852
697501206
697603296
697634397
697653561
697716592
697749075
697878988
698746175
698807281
698823952
699183586
699448848
699546194
699843075
699951690
700333572
700594114
700699231
700771654
700940089
701212005
701605392
701930215
702183721
702578062
702643539
703144335
703309914
703759203
703906610
703994699
704722047
704753577
704996135
705179498
705210767
705417990
705752770
705911003
706241824
706289895
706420485
706532526
706985666
707066929
707106928
707411041
707646088
707697882
707707413
707714838
707772093
707806226
707813508
707951597
708210977
708449137
708714873
708800180
709113006
709535597
709611751
709713234
710300711
710386402
711121215
711252085
711256475
711335791
711408651
711448785
711869589
711961771
712074692
712361947
712547022
712626737
712960232
713015135
713385913
713428075
713676477
714155178
714176539
714395104
714498686
714666395
714730764
714827430
714978328
715058623
715269886
715495315
715577289
715911467
716001605
716125535
716166518
716304481
716385885
716753876
716853812
717343174
717451218
718143917
718167979
718610844
718769078
719038018
719282137
719971801
720470582
720550147
720763218
720801687
721001861
721179161
721568591
722237843
722616335
722741924
722865966
723099933
723286791
723405778
723509936
723554550
723728433
724363033
724443633
724588660
725062777
725063589
725114457
725204404
725270342
725370760
725975610
726218739
726737602
726802753
726876611
726993292
727217345
727275111
727284390
727375427
727582207
727869433
728228379
728321189
728867091
729393576
729670620
730037355
730265337
730351048
730442685
730446462
730567921
730683086
730757552
730774742
731290413
731801463
731861673
731885811
732540337
732662743
732821073
732967345
732995165
733291646
733361877
733482657
733604094
733677907
733695144
733976411
734070064
734663181
734811170
734853044
734962217
735605684
736227218
736513182
736661032
736661983
736697708
736904576
737440596
737500599
738294378
738487122
738768812
739353457
739383659
739413119
739623650
739995370
740221995
740320095
740751863
741005081
741117917
741528512
741772143
741779230
741990221
742069319
742392217
742430528
742796386
742835879
743628701
743637902
744083594
744447878
744859841
744937785
745046268
745244826
745270614
745439674
745543972
745925440
746065912
746103927
746155493
746399704
746462223
746719948
746944043
747019773
747112185
747199198
747349840
747467710
747480092
747654857
748586317
748616559
748734486
748833385
749880322
749980508
750349731
750461820
750871830
750884984
750901139
751213032
751413393
751466903
751745362
751853710
751963981
752292376
752914481
753199393
753229526
753357291
753792342
753812114
753870047
754014794
754051889
754137065
754454942
754958226
755326828
755410253
755467151
755548921
755590152
755670722
755916215
755955750
756003484
756126262
756175836
756398083
756763782
756874107
757466128
757902026
757961382
758613564
758749536
758764784
758957009
759062763
759112839
759244786
759417687
759680480
760426078
760532081
760634086
760725271
761200400
761472846
761492341
761600587
761910872
762484934
762985085
762995844
763345582
763366168
763374948
763481181
763482297
763645763
763647902
763810596
764143330
764343440
764436919
764720751
764725317
765056780
765425672
765444876
766239799
766284196
766323045
766552424
767077278
767396169
767508505
767709271
767741662
768259596
768271847
768584551
768820287
769155368
770067960
770168831
770321284
770712993
770772875
770826094
770920421
770923047
771072687
771078089
771361016
771490334
771729414
771763676
772065105
772113010
772281520
772382053
772544586
772770701
772771722
773174983
773657049
773727744
773761490
774000791
774519582
774684173
775630212
775841007
776099591
776288082
776425788
777173414
777373111
777508787
777661921
778219599
778293560
778327925
778331910
778691913
778751544
778872119
779077550
779338524
779817092
779821569
779941775
780204480
780334539
780548673
780747324
781215210
781288870
781292337
781570635
781822924
782278684
782471147
782617318
782892458
782991327
783590817
783597464
783780904
783928494
784492185
784898556
785463525
785655481
785824630
785990703
786104816
786322159
786362709
786367765
786484663
786866214
787021014
787124804
787206050
787248349
788028718
788869174
788887298
789100889
789302249
789384859
789785895
789868212
789991150
790187373
790449773
790591516
790754920
790861319
790868972
790894046
790905099
791764754
791771000
792144693
792287918
792832471
793217890
793221645
793423129
793660972
794003698
794090205
794366265
794577440
795230560
795519424
795732913
796223843
796576739
796928685
797267986
797363250
797522506
797953273
797981633
798265117
798317751
798424673
798661536
798713009
798802335
798850658
799020409
799934546
800129022
800451593
800692418
801194952
801278115
801563026
801739468
801940300
802313574
802445288
802773252
802861374
802998057
803044550
803253814
803670359
803833031
803992561
804297371
804641517
805012500
805404802
805410839
806193222
806365307
806977262
807287505
809129230
809176516
809437414
809445822
809482946
809566203
809654571
809733006
809861439
809897872
810238474
810418620
810467442
810507790
810584802
810920678
810982218
811123359
811141503
811247096
811316255
811725857
811805188
811992172
812403448
812442349
812663316
813026539
813034403
813167184
813672865
813807036
813830553
814018695
814039440
814055424
814164480
814218668
814447237
814659232
814741632
814817343
814946021
815494930
815585623
815588541
815729838
815791765
815876554
816152568
816226181
816600498
816800040
817295727
817331992
817345059
817365308
817529238
817624937
817821327
817906279
817993066
818105284
818184144
818305884
818833344
819055257
819153469
819344885
819642633
819815070
820052966
820148477
820372145
820417258
820453929
820712879
821183552
821189415
821740750
822008838
822126882
822408905
822622333
822830810
822926513
822933450
823020823
823159010
823374378
823637141
824262176
824393250
824676277
825078865
825165138
825478164
825933239
825934552
825970662
826003840
826081821
826801726
826976185
827257405
827350389
827381946
827613992
827655223
827690313
827856823
828102721
828107236
828239633
828370365
828714518
829005661
829136011
829315691
830264305
830566314
830923177
831214985
831440576
831479929
831573920
831995778
832016164
832218761
832399574
832625534
833023679
833091101
833158785
833286228
833571351
833737491
833795637
834020720
834217892
834421578
834421937
835008678
835410412
836949747
837005656
837142714
837218917
837725756
837836129
838140724
838720038
838756468
838811034
838895199
838972106
839115686
839296451
839572029
839753424
839821885
840096423
840338934
840489260
840934424
840995085
841059339
841084866
841570361
841848361
842368115
842496710
842602317
843366663
844466465
844573450
844634222
844699005
844774329
844818750
845203897
845328006
845350227
845677785
845776446
846021429
846245520
846584381
846775629
847038805
847163411
847728959
847850349
848034300
848051824
848198517
848397302
848599091
848709078
848755028
848875891
849202722
849205041
849441168
849474780
849548588
849599208
850118939
850229324
850466693
850775875
850829723
850970528
851098504
851401429
851515984
851695504
851734037
851890218
851918048
852588963
852622846
852752522
852759139
852799638
852824547
853045716
853098064
853552215
853615423
853633632
854298537
854466854
854671232
854746316
855119156
855154448
855170795
855347681
855580137
855998539
856175501
856573960
856656963
856904414
857231414
857404424
857416707
857681195
857699850
858239150
858617850
858701533
859162187
859452974
859752039
859807585
860239817
860369099
860413705
860664383
860770498
861265043
861437822
861754481
862125015
862128253
862206715
862310881
862525548
862585052
863021601
863023146
863092522
863283795
863916843
863944884
863946660
864930738
865051833
865067572
865154652
865243193
865316264
865481896
865547806
866208397
866541110
866683840
866801855
866944409
867396092
867556339
867693130
867941740
868126909
868198448
868255042
868330714
868879942
868946886
869809147
870208386
870238944
870278862
870914711
871180100
871317911
871363551
871385610
871528541
871619920
871762770
872995670
873129174
873144370
873332311
873589823
874333038
874610176
874801946
875176973
875256990
875298986
875492370
875640136
875642348
875918619
877474377
877579872
877794781
878033432
878177916
878520977
878669161
878914862
879025486
880644470
880699348
880724979
880993768
881077531
881370391
881880772
881976674
881978907
882269757
882499282
882816381
883342860
883406182
883468356
883481440
883607088
883855472
883940269
884165614
884184784
884223111
884280063
885496119
885551192
886023404
886120848
886238945
886260473
886498136
886515290
886578118
886774420
886930565
887186422
887343889
888051163
888077455
888219447
888264767
888421492
888426031
888743554
889132359
889248330
889841230
890192129
890387609
890473974
890718942
891014546
891081311
891132013
891216571
891706868
891720683
892353576
892714470
892930911
893026642
893247136
893280928
893966902
894080330
894300973
894519867
894897702
895100945
895180272
895347629
895530879
896106826
896564061
896611900
896663471
896730728
896755143
897218999
897392998
897602425
897940164
898261573
898333718
898623440
898714110
898839766
899133516
899513403
899538843
900019905
900104843
900111872
900222193
900659832
900983690
901122820
901280514
901937679
902151205
902333931
902369154
902720340
902801120
902924593
903128987
903798208
903977983
904117172
904327412
904388000
904595265
904670358
905296427
905410549
905847368
906216686
906527466
906862536
907045652
907076685
907127329
907177678
907459619
907559326
907762900
907787227
908075146
908225136
909055409
909065273
909148778
909348568
909350989
909478294
909665565
909738135
909867125
909969392
910285985
910468856
910517873
910628280
911484698
911642516
912013924
912146097
912458923
912907687
913232846
913443427
913890491
914035652
914301199
914755289
914860781
914973897
914979399
915305576
915443157
915737519
915808658
916204405
916236123
916467234
916689297
916738124
917064520
917079082
917232517
917598804
917638160
917951520
918620730
918821117
918841448
918886903
919234086
919727487
919766039
920058975
920232890
920659587
920824586
921543426
922755561
922766716
922928296
923131878
923138600
923282555
923388584
924115540
924189372
924461734
924481590
924550706
924566785
924917333
924939791
924968793
925333105
925430853
925526214
925642575
926301888
926710374
927363702
927384134
927522358
927531838
928042757
928404432
928844841
929381793
929492332
929737421
930066023
930116571
930151671
930497608
930630199
930638883
931132927
931226300
931591568
931984432
932148943
932223494
932283967
932513869
932704589
933491311
933874465
934188124
934651921
934769437
935022295
935113320
935366549
935486040
935561640
936219302
936685659
937296512
937359646
937575172
937597926
937609987
938038286
938190490
938230115
938676929
938858692
938937374
939274683
939378721
939749709
940096606
940177233
940199075
940550394
940721562
940815813
940949520
941025671
941031523
941228232
941483363
942099322
942289418
942417213
942616803
942863698
943003759
943055262
943103656
943572062
943636927
943696423
944116686
944244271
944536135
944573484
944671385
944959421
945161714
945177412
945474972
945653273
945709073
945912736
945988781
946404937
946657318
947004487
947178723
947491291
947598067
947716914
947930989
948003380
949048421
949141018
949365943
949474341
949485639
949732003
950302024
950326656
950377621
950928352
951095709
951159117
951788878
952675398
952725493
952933648
952961859
953270925
953581864
953671635
953850441
953906955
954172228
954314643
954538478
954603021
954622693
954931598
955490405
955572667
956034629
956490339
956752765
957101878
957114207
957144102
957436958
957590848
957739001
957849458
958358151
958719334
959010262
959169859
959229246
959388703
959645721
959679936
959798684
959986636
960033720
960045377
960247444
960415341
960522897
960603740
960630810
960739652
961022142
961577377
962249067
962632068
963130325
963154378
963206861
963462985
963532692
963959413
964192844
964226943
964254602
964680056
964904840
965390144
965765467
965772227
965846673
965915768
965965066
966137972
966336242
966577902
966802783
966969471
967498404
967585730
967673676
968717897
969062065
969132220
969148512
969505453
969595907
969634685
969690808
969863569
969963201
969986370
970385075
970725911
970882650
971134848
971170665
971211654
971347749
971727174
971756318
971846487
972390378
972552590
972553984
972777556
972791182
972849850
973036063
973043251
973094016
973248017
973382857
973763200
974056847
974105225
974383271
974855680
975138463
975292212
975532637
976680985
976773726
976986637
977417873
977577195
977662827
977989024
978032895
978341514
978845063
978954852
979019287
979456418
979479739
979521950
979700363
979708543
979757085
979761364
979920477
980194241
980457961
980462118
981010394
981049266
981192738
981348589
981437780
981908592
982028258
982080095
982162989
982499203
983097952
983102264
983411890
983754721
984481922
984669596
984707340
986031510
986175871
986568180
986865126
988213267
988486167
988524542
988918212
989419059
989440557
989757600
990157352
990228585
990325858
990435595
990842051
990945023
991151200
991272009
991713056
991870774
991918250
992694063
992990093
993069416
993108607
993202465
993289990
993362354
993409645
993810754
994136705
994785039
994890173
995193011
995199036
995244828
995414007
995845597
995850368
995958882
996366059
996464918
996507750
996828300
997084549
997090199
997285210
997382722
997600688
997851401
997965228
997996161
998004530
998495631
998499740
998613744
998632516
998893672
998967442
999171771
999284720
999464356
999491670
999779257
999788480
999814081
1000350925
1000919891
1001276053
1001602669
1001648482
1001881549
1002119841
1002339572
1002438486
1002511496
1002530472
1002625944
1002813141
1003032260
1003408477
1003553033
1004183317
1004551599
1004775476
1004843233
1005926802
1006072925
1006195719
1006345236
1006349267
1006577240
1006837501
1007289901
1007740985
1008050744
1008164554
1008295116
1008379585
1008493289
1008549004
1008654007
1008884701
1009186642
1009224629
1009511972
1009600903
1009734423
1009954870
1010281680
1010453900
1010775494
1010903816
1010960639
1011333698
1011481172
1012016983
1012103152
1012289553
1012422902
1012575422
1013347541
1013578216
1013631605
1013683485
1013894637
1014032586
1014076449
1014332193
1014706822
1015080799
1015178923
1015336523
1015536354
1016047921
1016069130
1016146533
1016213926
1016349815
1016352466
1016482382
1016509356
1016616401
1016726112
1017070149
1017111154
1017482262
1017694761
1017872711
1018102400
1018405774
1018748165
1018884856
1018898332
1019246541
1019986034
1020390367
1020419743
1020494781
1020626842
1020731500
1020848472
1020907587
1020999109
1021500585
1021776560
1021842156
1021854414
1022008626
1022253598
1023116714
1023197458
1023939006
1024071831
1024098362
1024619511
1024986390
1025018129
1025669966
1025696382
1025760534
1025957362
1025973211
1026034249
1026437425
1026466269
1026584862
1026863287
1026980299
1027023475
1027411000
1027927122
1028162566
1028324884
1028442878
1028601681
1028926469
1028932057
1029517021
1029723465
1029829443
1030017304
1030118554
1030912125
1031125084
1031523917
1031596527
1031719057
1031731010
1031864221
1031987766
1032415476
1032518399
1032919255
1032933368
1033773388
1033779666
1033817955
1033831952
1033858499
1033947222
1033978640
1034529617
1034541658
1034623699
1034822444
1034841362
1034841443
1034980411
1035132094
1035137651
1035485868
1035843848
1035973285
1036175031
1036995052
1037194622
1037541776
1037634718
1037662261
1037814651
1037848917
1038248686
1038376726
1038497588
1038575149
1038699825
1038756476
1039275646
1039456298
1039739369
1039922281
1040437821
1040461391
1040740238
1040861194
1041178667
1042002256
1042077653
1042101668
1042190778
1042571936
1042666584
1042694783
1042923977
1043141995
1043258228
1043729161
1043954128
1044086549
1044150355
1044197506
1044203749
1044486004
1044844419
1044938925
1044994576
1045344953
1045406496
1045671851
1046116398
1046370182
1046688914
1046761437
1046831377
1046862249
1047098738
1047106615
1047694851
1048112957
1048216620
1048234705
1048651671
1048880043
1048899994
1048995060
1049300349
1049362153
1050002702
1050268363
1050582320
1050640675
1050840578
1050917421
1051040668
1051844022
1052077743
1052571716
1052815947
1053416576
1053596867
1053913319
1054247620
1054277469
1054350825
1054375786
1054485595
1054491547
1055202968
1055522198
1055567235
1055600183
1055710965
1055743677
1056032326
1056385444
1056648468
1056874652
1057208240
1057518942
1057922581
1057972396
1058663022
1058697086
1058925001
1059174731
1059358645
1059420897
1059586143
1059893430
1060263027
1060293040
1060302961
1060741266
1061422201
1061566140
1061782248
1061866595
1061930277
1062084672
1062396497
1062442738
1062463866
1062509076
1062668007
1063134720
1063255555
1063397413
1063671588
1063710615
1064023402
1064035432
1064157407
1064223436
1064238467
1064946735
1065039574
1065523756
1065530156
1065630339
1065630408
1065861362
1065899033
1065959615
1066092196
1066393399
1066748846
1066756131
1067518493
1067743033
1067792263
1068568064
1068864449
1069110895
1069527220
1069682756
1069726770
1069744613
1070060756
1070084448
1070129201
1070298865
1070326984
1070347099
1070607349
1070607653
1070695962
1070815824
1071039170
1071120259
1071356385
1071357950
1071570892
1071607111
1071636646
1072232816
1072256285
1072346901
1072545567
1073048851
1073146748
1073237438
1073495405
1073725409
1073763637
1073818017
1073875809
1073927818
1074132735
1074142693
1074143516
1074558270
1074586558
1074607960
1074675967
1074879432
1075121993
1075223505
1075570351
1075686684
1076021245
1076312674
1076463928
1076574364
1076787068
1077042760
1077062288
1077071719
1077196263
1077326961
1077612536
1077829614
1077965430
1077984382
1078112736
1078179697
1078805478
1079208711
1079216013
1079337229
1079351897
1079404658
1079592193
1079983239
1080153441
1080163049
1080245149
1080285271
1080397803
1080496253
1080600925
1080617254
1080726494
1081031858
1081054172
1081157715
1081657745
1081751780
1081835351
1082359727
1082473638
1082507277
1082557136
1082605632
1082633413
1082639367
1082758988
1083228916
1083248127
1083316609
1083450097
1083802173
1083979535
1084767263
1085021498
1085061626
1085171349
1085205354
1085205863
1085346806
1085496531
1085513442
1085629527
1085678094
1086392507
1087113082
1087184289
1087304928
1087712236
1087736524
1088087361
1088191483
1088258196
1088783116
1088901572
1089543250
1089560698
1089748274
1090186946
1090451164
1090714288
1090725311
1090763324
1090775522
1091645376
1091755814
1091973119
1092006770
1092226557
1092467119
1092548123
1093303678
1093339967
1093584431
1093699095
1094276537
1094508295
1095031169
1095504805
1095809732
1095920441
1096645710
1096698953
1096782799
1096807786
1097182731
1097261133
1097312914
1097724128
1097784364
1097860033
1097987019
1098502668
1098987181
1099315120
1099323980
1099581378
1099631835
1099673735
1099788292
1099815037
1099965334
1100098575
1100100883
1100412223
1101096029
1101251285
1101453217
1101668538
1101775658
1101781102
1102270210
1102656130
1103247287
1103460791
1104131512
1104574919
1105172825
1105361613
1105423270
1105701913
1105848129
1105893250
1106032784
1106050905
1106183304
1106204238
1106271736
1106292466
1106476568
1106678093
1106917138
1107099942
1107113851
1107310907
1107397331
1107798620
1108215268
1108542341
1108611159
1108651972
1108686457
1108777615
1108885921
1108943075
1109099278
1109107535
1109405285
1109484572
1109624325
1109724641
1109900971
1110211664
1110276662
1110577590
1110644439
1110823227
1110991399
1111875262
1112114453
1112662214
1112844198
1112970048
1113174062
1113369820
1113932503
1113943336
1113951567
1113987897
1114146952
1114158281
1114485646
1114777013
1115082660
1115253650
1115255347
1115853069
1115901665
1116347955
1116484215
1116835785
1117356060
1117584132
1117658974
1117685554
1117741653
1117741958
1117822823
1118357508
1118585948
1118591730
1118639458
1119122471
1119185757
1119189707
1119399471
1119728880
1119835804
1119935546
1119968635
1120096514
1120405798
1120731610
1120756757
1120881624
1120990234
1121095587
1121236918
1121757174
1122179515
1122268118
1122762765
1122927491
1123113008
1123639316
1123777653
1124247447
1124529001
1125750429
1125782034
1126422395
1126561848
1126642378
1126769728
1127111960
1127265988
1127642018
1127859937
1127884885
1127959382
1128064165
1128175829
1128339170
1128840060
1129099348
1129132574
1129260468
1129428737
1129986758
1130071808
1130080140
1130253566
1131020777
1131651982
1131749311
1131998756
1132051896
1132060825
1132169678
1132447869
1132878824
1132884661
1133045012
1133135846
1133223481
1133253360
1133477945
1133478075
1133907995
1133975646
1134622256
1134929681
1135092236
1135095190
1135233456
1135243393
1135359028
1136359739
1136506337
1136671976
1136694304
1136721410
1136800063
1136812380
1136960499
1136976521
1137555176
1137717174
1138409728
1138639353
1138730383
1139502419
1139505873
1139578662
1139749322
1139897606
1140215898
1140376653
1140387107
1140997708
1141181352
1141205673
1141330027
1141376270
1141701930
1141750866
1141884069
1142138175
1142184158
1142413941
1142449638
1142674820
1142996398
1143386897
1143482458
1143518346
1143771977
1143827194
1143917240
1144059519
1144283181
1144472750
1144581523
1144746696
1144800332
1145038736
1145052763
1145089158
1145118670
1145210208
1145423335
1145569243
1145896851
1146120891
1146181189
1146490279
1146687120
1147260709
1147422472
1147512617
1147527611
1147671304
1147680691
1147820143
1147878608
1147931597
1148393721
1148432239
1148883668
1149578003
1149604423
1149656486
1149772852
1150139673
1150246704
1150253110
1150424907
1150453745
1151130237
1151481410
1151492013
1151637991
1151808971
1152008550
1152030773
1152101235
1152145640
1152347769
1152447935
1153607107
1153643511
1153714346
1153808725
1154353207
1154409429
1155149342
1155358887
1155765266
1155954967
1156002182
1156394032
1156577802
1156787205
1157019508
1157632934
1157657606
1157855635
1157981674
1158006496
1158008722
1158176089
1158509272
1159418711
1159601555
1159790710
1159825353
1159894770
1160009229
1160042471
1160252763
1160268123
1160832995
1161046119
1161152330
1161226414
1161411977
1161452913
1161480268
1161536786
1161540129
1161556350
1161748821
1161919955
1162284622
1162304776
1162631646
1162941984
1163487930
1163867400
1164064322
1164074375
1164155917
1164306558
1164329986
1164436044
1164584693
1165236541
1165324211
1165562106
1165783011
1166155672
1166419540
1166469049
1166617988
1166925206
1167067827
1167606810
1167737981
1168085380
1168707492
1169274106
1169330316
1169999542
1170228134
1170272590
1170508429
1170639045
1170874768
1170888991
1171194875
1171739531
1171857118
1172174599
1172486820
1172646563
1172750693
1172761454
1172903610
1173000538
1173056944
1173242685
1173349560
1173819851
1174055595
1174222519
1174231928
1174513622
1174728383
1175007660
1175093230
1175613562
1175962705
1176151905
1176283452
1176447668
1176488388
1176958476
1177286383
1177307573
1177319859
1177390644
1177610047
1178056698
1178099136
1178196713
1178949855
1178996717
1179004107
1179103708
1179138042
1179369221
1179509231
1179541839
1179559743
1179816026
1179857754
1180160097
1180215804
1180486672
1180789575
1180846092
1181300665
1181369640
1181796879
1182003758
1182014158
1182504428
1182564883
1182676413
1182802735
1182990615
1183101642
1183201684
1183203396
1183335616
1183349255
1183424996
1183815532
1184403711
1184494243
1184629960
1184937780
1185166559
1185203713
1186263340
1186448831
1186648474
1186706466
1187646244
1188136516
1188298429
1188868616
1189115096
1189163529
1189408493
1189536718
1189564844
1189779279
1190297131
1190463631
1190500855
1191039862
1191123853
1191700471
1191962078
1192084608
1192162537
1192240883
1192544938
1192860888
1193092755
1193158530
1194103671
1194141635
1194260110
1194326711
1194410050
1194474105
1194479219
1194586349
1195149804
1195306641
1195985903
1196222341
1196269312
1196628014
1196644924
1196870328
1197126116
1197182163
1197188202
1197315348
1197318839
1197425555
1197807030
1197999248
1198067899
1198824603
1199146417
1199159923
1200260530
1200333756
1200423635
1200711967
1200818984
1200942770
1200948354
1201170967
1201222208
1201532900
1201631628
1201955119
1202230478
1202267035
1202318536
1202396804
1202403673
1202473666
1202615341
1202881134
1203134290
1203187484
1203244307
1203664772
1203836942
1203967990
1204017612
1204077372
1204639846
1204728579
1204980995
1205073804
1205147338
1206007854
1206238067
1206385181
1206560280
1206657796
1206850193
1207074670
1207154058
1207485197
1207648903
1207722113
1207778225
1207817770
1207921050
1208073920
1208116878
1208636742
1208686289
1208719116
1208781398
1209215233
1209349718
1209628223
1209823855
1210254776
1210687539
1210875506
1211151675
1211255653
1211451383
1211453787
1211715653
1212048423
1212090629
1212192287
1212429835
1212731869
1213085084
1213122057
1213372734
1213555150
1213753628
1213792548
1213870052
1214017372
1214209191
1214323206
1214361656
1214455077
1214502506
1214505888
1215203979
1215333433
1215374400
1215392095
1215588939
1215708035
1215842132
1216039415
1216278451
1216373502
1216684828
1216856290
1216934047
1216963009
1216963065
1217043159
1217426144
1217449933
1217603426
1217684377
1218229256
1219004037
1219109867
1219246466
1219299287
1219540361
1219542290
1219735294
1219775990
1220025958
1220845256
1220941217
1221075450
1221628703
1221861721
1221996466
1222194228
1222243875
1222366633
1222477325
1222533611
1222642608
1223156514
1223363979
1223379868
1223578530
1223831589
1223841199
1223948631
1224027318
1224210101
1224687031
1225057616
1225396332
1225866622
1226289118
1227054613
1228481470
1228994410
1229072987
1229082415
1229517114
1230002929
1230035046
1230076536
1230245976
1230409021
1230531493
1230541515
1230747282
1230900720
1231166128
1231274140
1231288881
1232121108
1232198861
1232202599
1232304835
1232593466
1232622105
1232747051
1233001582
1233040072
1233096731
1233478195
1233791183
1233823761
1234349910
1234452635
1234596392
1234795046
1234818417
1235072401
1235102786
1235268253
1235745008
1235970067
1236061331
1236231726
1236277419
1236470003
1236775850
1236796385
1237039606
1237220777
1237274103
1237430039
1237989126
1238042011
1238569711
1238600289
1238805460
1239032978
1239272107
1239530212
1239719627
1239730721
1239924660
1240671362
1240786737
1240906456
1240949298
1241067556
1241387494
1241711283
1241946476
1242148312
1242268732
1242603481
1242791227
1242865467
1242908622
1243324171
1243361419
1243483330
1243549946
1243779418
1243817189
1243833417
1244371326
1244593334
1244786690
1244827012
1245034789
1245236366
1245379386
1245496844
1245551006
1245576059
1245755330
1246062941
1246480119
1246964100
1246966094
1247014718
1247219045
1247265536
1247269355
1247977580
1248446507
1248555864
1248885025
1248983148
1249123884
1249508431
1249757666
1249785824
1249947328
1249997714
1250195633
1250199290
1250364093
1250408647
1250772045
1250961442
1251114191
1251556588
1251903764
1252029693
1252214934
1252477346
1252727839
1253089737
1253334436
1253703694
1253747077
1253767854
1254036173
1254089051
1254099617
1254296686
1254362032
1254394143
1254430446
1254510705
1254572770
1254814558
1255095838
1255167601
1255512491
1255578640
1255736487
1256756915
1257045568
1257291900
1257508681
1258098141
1258168152
1258287673
1258362517
1258572973
1258585158
1259195915
1259475987
1259915715
1260292708
1260792041
1260931459
1261061215
1261221855
1261449775
1261579500
1261645125
1261713329
1261758139
1261966125
1261976762
1262131917
1262176353
1262337929
1262526381
1263013782
1263305713
1263353119
1263442651
1263458915
1263619848
1263793391
1263892791
1264503896
1264949128
1265071397
1265332407
1265438975
1266806778
1266884814
1266904919
1267407983
1267732569
1268548901
1268915006
1268949269
1269520715
1269686431
1269808814
1270296953
1270449832
1270457714
1270546791
1270857270
1271221700
1271241807
1271340124
1271404507
1271461086
1271544404
1271582056
1272316857
1273051867
1273352685
1273369827
1273793530
1273955465
1273979366
1274131101
1274153397
1274293453
1274513586
1274755189
1274893440
1275563636
1275607327
1275852295
1275961295
1276073718
1276217937
1276239840
1276354586
1276582990
1276885653
1277098653
1277136206
1277326464
1277593258
1277704447
1277802756
1277825979
1277837147
1278123493
1278159657
1278176595
1278345914
1278459725
1278628539
1278927951
1279224223
1279324325
1279409680
1279955763
1280964623
1281015100
1281095172
1281720247
1281724193
1281825928
1281847228
1282000769
1282016630
1282267693
1282350840
1282362848
1282504731
1282507279
1282570346
1282671901
1282700221
1282807049
1282897760
1283042525
1283045039
1283320609
1283589969
1284069507
1284194732
1284361217
1284524108
1284685749
1284734935
1284949324
1284952792
1285346364
1285562932
1285767484
1285845881
1286026111
1286075007
1286509829
1286529505
1286617650
1286696762
1287239060
1287259888
1287362207
1287566453
1287691167
1288407811
1288616868
1288796518
1288838931
1288919876
1289180262
1289236207
1289286137
1289368757
1289377104
1289460952
1289632013
1289722556
1290144660
1290425499
1290483327
1290651580
1290875847
1290966456
1291056303
1291195889
1291254122
1291328460
1291645145
1292065566
1292333205
1292636273
1292788283
1292993358
1293012841
1293169169
1293193820
1293749837
1293979072
1293987061
1294231148
1294580013
1294851322
1295136677
1295626761
1295828602
1296106006
1296175361
1296329175
1296418906
1296587482
1296839721
1297040601
1297322202
1297358227
1297384952
1297659056
1297865902
1298213100
1298498924
1298604722
1298814581
1299126010
1299228032
1299518425
1299905113
1299957695
1300028315
1300137321
1300366383
1301838305
1302365876
1302626147
1302656562
1302881820
1303117664
1303341497
1303526157
1303595321
1303784504
1303806972
1304468884
1304500080
1304558621
1304774101
1304901307
1305341311
1305815146
1305958840
1305980142
1306142078
1306153351
1306213640
1306444636
1306639947
1306730880
1307012609
1307029050
1307142145
1307509802
1307711430
1307797526
1307834857
1307956550
1308040438
1308042620
1308379022
1308416406
1308902572
1308980892
1309290457
1309381801
1309777133
1309957265
1309957515
1310042843
1310367682
1310978503
1311322961
1311338986
1311976367
1312073874
1312120025
1312362702
1312429900
1312735479
1312907321
1313109379
1313284441
1314194017
1314565826
1314797968
1315099931
1315114665
1315137469
1315210203
1315274010
1315352917
1315758927
1315984597
1316076013
1316176074
1316292941
1316537536
1316556211
1317153827
1317484540
1317552310
1317654581
1317683760
1317720120
1318261420
1318338177
1318396659
1318528477
1319011288
1319396791
1319825934
1320535140
1320661255
1320820948
1320842960
1321162775
1321162934
1321366368
1321489739
1321516306
1321806216
1321905034
1321950140
1322114777
1322276748
1322883627
1323214429
1323894537
1324439449
1324512669
1325130454
1325192269
1325213534
1325258144
1325495938
1325925054
1326048748
1326134147
1326362337
1326848569
1327285540
1327476387
1327608012
1327655014
1327769501
1327847000
1327972389
1328087703
1328127729
1328821424
1328833432
1328947642
1329611276
1330012866
1330147435
1330332379
1330444830
1330492311
1330757470
1330994196
1331173351
1331497270
1331926481
1332085086
1332570226
1332826810
1332926876
1333029326
1333250935
1333445157
1333533147
1333543303
1333763901
1333906772
1334566006
1334634936
1334828094
1335050229
1335199074
1335423499
1335738971
1335842721
1335935093
1336122061
1336334322
1336403297
1336905384
1337339175
1337525414
1337664875
1338014037
1338208329
1338265718
1338504997
1338618687
1338668611
1338788200
1338856247
1339009857
1339355410
1339522689
1339584753
1339873613
1340091475
1340494612
1340905168
1341121994
1341198096
1341667375
1342026117
1342308699
1342417597
1342640970
1342766443
1343122151
1343186680
1343219518
1343273554
1343339276
1343409361
1343692810
1343809417
1344058670
1344140638
1344432943
1344654084
1344727896
1344746307
1344767256
1344815884
1345092471
1345232355
1345575806
1345667595
1345714684
1345728899
1345862453
1345919777
1346020371
1346395094
1346938869
1347029634
1347429084
1347471867
1347480984
1347816475
1347821674
1347879781
1347945416
1348349314
1348376155
1348378532
1348404402
1348542576
1348716634
1348825958
1349053533
1349379578
1349532405
1350295517
1350319582
1350814440
1350855630
1351453861
1351488105
1351893255
1352131076
1352446753
1352566609
1353007434
1353193053
1353554692
1354198949
1354321728
1354358207
1354431983
1355141858
1355746933
1356295765
1356361419
1356363514
1356594670
1356836048
1356859577
1356983057
1357119835
1357231940
1357397217
1357638217
1358104176
1358585104
1358601281
1358794834
1359094693
1359287610
1359877828
1360256878
1360349838
1360569571
1360677446
1360695204
1360845913
1360942380
1361164224
1361416014
1361774546
1361945655
1362425319
1362456743
1362476090
1362608207
1362768079
1363053564
1363388002
1363432531
1363437961
1363609502
1363724222
1364025321
1364445684
1364459996
1364492757
1364821597
1364863136
1365583461
1365588522
1365787087
1365956393
1365957334
1365977912
1366051319
1366155414
1366618238
1367580510
1367802237
1368459484
1369149762
1369155536
1369556792
1369557436
1369592006
1369616481
1369722661
1369886978
1369919201
1369988836
1370057925
1370059450
1370219140
1370518529
1370690357
1371175276
1371192879
1371510422
1371560385
1371600560
1371912711
1372279288
1372386160
1372476446
1372714817
1372814303
1373439687
1373761009
1373861680
1373924810
1374157084
1374539041
1374611810
1374643722
1374979281
1375112739
1375178209
1375313024
1375346868
1375429196
1375582064
1375894722
1376123036
1376676617
1376832939
1377167230
1377230581
1377283927
1377381734
1377454519
1377456532
1377586078
1377595722
1377612515
1377874563
1377962754
1378053714
1378333947
1378548606
1378568680
1378605763
1378802368
1378887269
1379062015
1379149541
1379527401
1380200871
1380438353
1380507503
1381304967
1381306874
1381514424
1381574920
1381763483
1381813409
1381853403
1382124696
1382166228
1382419896
1382512488
1382788375
1382916632
1382938889
1383148831
1383770329
1383961738
1384142093
1384167365
1384312238
1384397501
1384487752
1384913209
1385021473
1385197630
1385799081
1385815710
1385900880
1386043395
1386670291
1387101724
1387455892
1387655230
1387817404
1388081288
1388141894
1388335668
1388350091
1388416796
1388544834
1388558728
1388814853
1388837908
1388897884
1388997395
1389005685
1389076696
1389131092
1389187923
1389619910
1390175210
1390506009
1390571722
1391057815
1391473100
1391615357
1391777042
1391878169
1391905524
1392439333
1392560892
1392590676
1392602169
1392715270
1393197626
1393224354
1393414050
1393603723
1393638557
1393689750
1394076897
1394430143
1394686809
1394810821
1394835160
1394904464
1395313951
1395649337
1395883727
1395937749
1396314077
1396336387
1396489857
1397024910
1397189635
1397199711
1398000757
1398116221
1398160507
1398216350
1398579900
1398601397
1398613365
1398625522
1398839628
1399071055
1399240968
1399903028
1399926342
1400147129
1400315521
1400741056
1400770897
1401131367
1401132896
1401229472
1401582316
1401584837
1401768282
1402206990
1402238433
1402866032
1403625258
1403771889
1403909913
1404172039
1404457633
1404537672
1404554336
1404609136
1404769001
1404858128
1404866818
1404890585
1404943264
1405143415
1405185582
1405444502
1405626024
1405853600
1405939262
1406130934
1406311795
1407377458
1407395542
1407729311
1407744705
1407858888
1408020865
1408108562
1408218108
1408348762
1408629784
1408728763
1408732827
1408899960
1409325020
1409504825
1409633678
1409931421
1410106621
1410675697
1410906516
1411103501
1411534975
1411892280
1411923360
1412525757
1412724122
1412784103
1412977206
1413356775
1413741798
1414166463
1414602365
1414631754
1414636743
1415242445
1415265749
1415339751
1415464603
1415805760
1415812661
1416054312
1416155440
1416321253
1416382549
1416500797
1416620417
1416826909
1416928566
1417515601
1417711025
1417956712
1418542248
1418584643
1418716799
1419013917
1419621936
1419715973
1420073111
1420416763
1420647976
1420861669
1421035981
1421500127
1422058413
1422176507
1422485282
1422741168
1422959812
1423004037
1423085194
1423289264
1423367055
1423547098
1423637929
1424264853
1424428167
1424843884
1424908969
1425280150
1425345881
1425692108
1425838485
1426177451
1426192360
1426390977
1426604783
1426931952
1426967763
1427054113
1427068748
1427258998
1427287762
1427656260
1427800829
1428172037
1428256569
1428483653
1428657528
1428889196
1428924838
1429414327
1429471028
1429566322
1429609361
1429764035
1429924791
1430166952
1430685670
1430740513
1431028645
1431229607
1431265617
1431460321
1431538245
1432082245
1432303838
1432419787
1432587391
1432761471
1433035937
1433333578
1433812383
1433952127
1434129877
1434408546
1434485762
1434571671
1434835985
1435012597
1435211192
1435463052
1435803902
1435938287
1436084972
1437017867
1437041339
1437312672
1437659423
1437942902
1437952478
1437971903
1438404799
1438522631
1438722777
1439287548
1439367422
1439418672
1439654190
1439763611
1440091771
1440126953
1440463722
1440951180
1441364593
1441569561
1441618382
1441794769
1441845322
1441921538
1441929176
1442059527
1442190551
1442578074
1442634044
1443232802
1443612545
1443632511
1443736386
1443749044
1443874496
1443924319
1443986677
1444181363
1444242656
1444360290
1444372162
1444378288
1444768018
1445136873
1445214110
1445989144
1446054376
1446579998
1446662158
1446710256
1446976510
1447051285
1447254492
1447836186
1448202634
1448222487
1448296139
1448474224
1448813817
1448836444
1448848721
1449138963
1449142662
1449611114
1450126700
1450186825
1450308407
1450625917
1450738283
1450780056
1450840649
1451008181
1451009084
1451131712
1451148268
1451522174
1451706108
1451830083
1451900199
1452245177
1452253834
1452382575
1452526671
1452531297
1452868052
1453015475
1453217274
1453439421
1453508226
1454289605
1454471070
1454613034
1454797447
1455082553
1455378007
1455794067
1456279023
1456374657
1456763334
1456920452
1457310893
1457549352
1457631613
1457780161
1458183021
1458260591
1458291061
1458333901
1458682348
1458910635
1459251138
1459265704
1459341961
1459527889
1459628764
1459860981
1459886297
1460426498
1460553724
1460648560
1461054280
1461055435
1461069594
1461539356
1461870388
1462653312
1462664767
1462697679
1462958016
1463215914
1463572244
1463792775
1464058089
1464072518
1464144271
1464204442
1464246425
1464386497
1464443661
1464508648
1464830510
1464877764
1465037390
1465796096
1466443383
1466829130
1466909291
1467066326
1467100638
1467433077
1467595727
1467686103
1467778515
1467871284
1468465380
1468482640
1468680629
1468775725
1469222262
1469510620
1469556619
1469563094
1469944383
1469964817
1470337676
1470454433
1470458675
1470711053
1470719231
1470829298
1470985168
1471042105
1471161810
1471357738
1471613194
1472328143
1472381571
1472855049
1473057537
1473069564
1473179606
1473993863
1474645962
1474665524
1474721770
1474748896
1474900439
1475117820
1475483806
1475738291
1476070476
1476114458
1476360052
1476420095
1476468737
1476627568
1476920331
1476945902
1477203562
1477220302
1477634293
1477825536
1477832231
1477911300
1478240595
1478245726
1478571197
1478962120
1479093200
1479305175
1479333532
1479746003
1479800953
1480014535
1480089780
1480180816
1480473681
1480521726
1480546118
1480569751
1480677612
1481555016
1481778644
1481928019
1482042855
1482393260
1482437297
1482815921
1483797862
1484038800
1484207952
1484318072
1484760521
1484768858
1484932841
1485217913
1485283969
1485295064
1485487630
1485611253
1485678493
1485715136
1485779197
1486549881
1486587758
1486684899
1486723923
1487305498
1487422287
1487494649
1487548966
1487640425
1487860508
1487871208
1487954369
1488004344
1488683434
1488800219
1488990176
1489618780
1489718448
1489724926
1489873970
1490270420
1490834621
1490847771
1490856000
1491085707
1491266534
1491332543
1491334267
1491459823
1491493373
1491526247
1491574050
1491579413
1491617297
1492126350
1492365263
1492518371
1493019661
1493117226
1493714839
1494226577
1494354641
1494616541
1494660072
1494756235
1494878968
1494918106
1495101973
1495263068
1495481711
1495633428
1495764237
1495941923
1496039688
1496807557
1497119197
1497177557
1497209005
1497548556
1497715020
1497765665
1498155571
1498266558
1498432134
1498565439
1498738267
1498806499
1498917003
1498954493
1498955053
1498978756
1499301489
1499716238
1499831611
1500161584
1501048887
1501058038
1501784635
1501892131
1501959248
1502348046
1502396989
1502493660
1502631615
1502746741
1502853506
1503120108
1503393680
1503447456
1503897728
1504230642
1504517222
1504761858
1504868081
1505029386
1505033820
1505279623
1505485956
1505622162
1505683202
1506181771
1506302651
1506519622
1506639427
1507429719
1507491445
1507604734
1508149902
1508250722
1508316955
1509025315
1509160992
1509299097
1509418525
1509673848
1510072938
1510430308
1510655621
1511447273
1511681616
1511708147
1511853706
1511918464
1512114575
1512355237
1512502078
1512723818
1512763766
1512803216
1513157401
1513274073
1514104398
1514264080
1514428607
1514677017
1514829752
1514863603
1515011293
1515953253
1516212274
1516491364
1516934070
1517350039
1517393124
1517579995
1517627135
1517648527
1517765990
1517801735
1518035913
1518479405
1518595519
1518834913
1518984689
1519306865
1519941232
1520199464
1520263163
1520391964
1520699169
1521023446
1521325816
1521544486
1521966725
1522210628
1522276694
1522886445
1523569529
1523809978
1523886800
1524178969
1524188505
1524296313
1524884752
1524928257
1524988183
1525131563
1525233839
1525249188
1525427173
1525890561
1526127912
1526170418
1526366929
1526368015
1527304227
1527438135
1527461277
1527539073
1527804990
1527975087
1528388207
1528420930
1528590276
1528617094
1528651707
1528743245
1528751308
1528753107
1528773063
1529023937
1529330995
1529745212
1530113206
1530233816
1530266385
1530399257
1531188524
1531320867
1531389244
1531864740
1532121822
1532461352
1532895461
1533084843
1534321631
1534326794
1534385218
1534414957
1534500474
1535663054
1535724608
1535796987
1536127629
1536213036
1536370494
1536524954
1537040389
1537444879
1537679582
1537704055
1537869490
1538490803
1538514761
1538745390
1539143625
1539632704
1539774516
1539807158
1540034329
1540414312
1540688808
1540714144
1540851094
1541041097
1541162454
1541167867
1541540627
1541663573
1541803191
1542036676
1542102124
1542162322
1542721411
1542780575
1543286118
1543443397
1543480321
1543509673
1543569588
1543698228
1543916299
1543979715
1545007886
1545220791
1545261546
1545349233
1545414201
1545506380
1545825658
1545926743
1545975904
1545998342
1546061239
1546247106
1547107830
1547132346
1547166350
1547291242
1547863057
1547962597
1547971197
1548211022
1548592615
1548614951
1549155456
1549395520
1549776241
1549880240
1549908771
1550193959
1550255066
1550268218
1550372371
1550633417
1550646073
1551048890
1551330871
1552265808
1552325527
1553359952
1553462401
1553830810
1554157570
1554306158
1554347571
1554380635
1554611914
1554932825
1555182401
1555434791
1555495077
1555497723
1555501354
1555624101
1555674170
1555849590
1555867462
1556037184
1556239233
1556479292
1556933033
1557260308
1557887045
1557946731
1558634530
1558918885
1558937713
1559246680
1559333110
1559571123
1559702972
1559737462
1560088691
1560431165
1560584908
1560809753
1560837949
1561299436
1561370411
1561409088
1561417610
1561676777
1561857075
1562283771
1562958118
1562985392
1563446725
1563533932
1563910991
1564075941
1564361194
1564376302
1564386715
1564388805
1564462289
1564608668
1564635428
1564676878
1565274175
1565746158
1565871185
1566004697
1566633140
1566762614
1567043862
1567061210
1567169073
1567176255
1567180038
1567555555
1567691274
1567819641
1568063134
1568174435
1568204750
1568356052
1568435802
1568464139
1568486499
1568779206
1569119851
1569406056
1569451818
1569522672
1569830934
1570857035
1571044005
1571065117
1571240953
1571316961
1571889370
1572106472
1572139782
1572345078
1572552024
1572603877
1572724035
1572770707
1572799443
1572920382
1572950512
1573170760
1573356949
1573685817
1573752711
1573835899
1574606724
1574706198
1574844420
1575122417
1575223680
1575463028
1575610388
1575679317
1575835614
1576446079
1576464244
1576501259
1576688958
1576816748
1576986180
1576988890
1577000236
1577149681
1577173204
1577272878
1577297935
1577471289
1577732817
1578026246
1578458664
1578708563
1578852911
1579163820
1579164329
1579671415
1579829438
1579848336
1581080701
1581085513
1581316624
1581566082
1581628408
1581709074
1582207249
1583018171
1583626936
1584168744
1584686226
1584884341
1584933304
1585193416
1585903619
1585997737
1586022770
1586053651
1586272270
1586437589
1586959893
1587204873
1587433197
1587602103
1587792978
1588136711
1588505687
1588567317
1588973094
1589001657
1589068211
1589113909
1589201394
1589756116
1589995846
1590323576
1590352107
1590465350
1590631108
1590652174
1590687194
1590946888
1591063661
1591116550
1591283690
1591319313
1591749271
1592196714
1592465927
1592788543
1592840144
1592858856
1593552277
1594538931
1594603555
1594651531
1594740891
1594787413
1594972682
1595180444
1595230992
1595986542
1596193302
1597103928
1597190867
1597373911
1597485995
1597733095
1598119990
1598214488
1598287523
1598612188
1598930456
1599614517
1599713725
1599912676
1599947918
1600067245
1600078463
1600206071
1600239751
1600316305
1600640872
1600660978
1600723457
1600787384
1600816564
1601152412
1601350171
1601507278
1601611365
1601913242
1601974014
1602572149
1602615245
1602640709
1602721761
1602907492
1603485347
1603742800
1603935232
1604152117
1604435911
1604456714
1604483541
1604681498
1604729437
1604778450
1604781939
1605186284
1605394016
1605596592
1605629924
1606077620
1606331763
1606357547
1606426568
1606520816
1606922327
1606939926
1607070360
1607173134
1607184932
1607297878
1607357358
1608215193
1608256883
1608426863
1608477240
1608484720
1608792012
1608853138
1608950874
1609098716
1609550754
1609610342
1609648038
1609793165
1609805692
1609892069
1609999885
1610169694
1610253517
1610337652
1610490483
1610493180
1610745290
1610921017
1610934299
1611059551
1611111966
1611119899
1611160808
1611255832
1611293935
1611453613
1611731017
1611805937
1611826888
1611835235
1611906769
1612219794
1612260900
1612983721
1613023432
1613141620
1613312722
1613516615
1613643141
1614137731
1614226538
1614272601
1614323972
1614384723
1614619378
1615171066
1615346649
1615363603
1615663198
1615747245
1615758987
1615761849
1615920155
1615989012
1616139975
1616140821
1616284481
1616455803
1616465173
1616598726
1616644498
1616665457
1617069484
1617493866
1617498565
1617713616
1617829277
1618627867
1619230124
1619291533
1619377591
1619508779
1619782846
1619897472
1619996984
1620002953
1620084699
1620759608
1621097846
1621311231
1622063622
1622596788
1622597515
1622891973
1622967952
1623008236
1623444863
1623506136
1623575391
1624177029
1624632099
1624893131
1624981304
1625231906
1625687645
1626098147
1626167295
1626181804
1626880514
1627013795
1627077182
1627179609
1627284258
1628237610
1628259285
1628352829
1628884133
1628998071
1630007305
1630147359
1630439974
1630587609
1630694529
1630958425
1631012788
1631093317
1631277223
1631383452
1631894219
1632064293
1632276126
1632338741
1632804723
1633040614
1633190136
1633533075
1633574653
1633833775
1634496704
1634555013
1634903005
1634983250
1634987887
1635113379
1635237680
1635491198
1635523844
1635593029
1635756748
1635819031
1635882346
1635928909
1636128374
1636614245
1636748264
1636851200
1636916412
1637316494
1637800457
1637894198
1637929041
1637944514
1638170926
1638374342
1638783050
1638832841
1638956505
1639222308
1639357457
1639516342
1639688607
1639760811
1639814887
1640004592
1640128573
1640695120
1641138216
1641184586
1641355145
1641545531
1641681509
1641702288
1641709442
1641992617
1642002532
1642006881
1642157044
1642397565
1642595385
1642791797
1642882704
1642978185
1643001043
1643273071
1643336028
1643354737
1643954341
1644541962
1644597088
1644622682
1644918090
1644995269
1645810379
1646459172
1646594915
1647022715
1647595150
1648027379
1648155569
1648263436
1648361806
1648766561
1648768539
1648785895
1649270436
1649604188
1649733091
1650072815
1650178663
1650282321
1650573707
1650796556
1650797919
1650849429
1650886606
1651068602
1651259687
1651279855
1651411261
1652203793
1652241958
1652332305
1652655730
1653012639
1653284135
1653746876
1653764513
1653830518
1654026406
1654695736
1655929290
1656140982
1656346308
1656449433
1656775657
1656882698
1657212187
1657491092
1657619204
1658193839
1658624267
1658624833
1658742587
1658998153
1659023452
1659323278
1659441568
1659831702
1659958984
1659967879
1659993384
1660034379
1660356838
1660544002
1660682049
1660932657
1661453469
1661632620
1661849250
1662296790
1662824452
1663248051
1663433119
1663535980
1663742534
1664832344
1665204676
1665690942
1665845516
1666466929
1666562506
1666703855
1667055392
1667120514
1667258531
1667266733
1667451008
1667499053
1667631503
1667820942
1667983924
1668083994
1668286526
1668442737
1668538876
1668921431
1669297081
1669482116
1669649936
1669679534
1669724102
1670254094
1670702831
1670902582
1671484584
1671636999
1671824920
1672087458
1672360336
1672735200
1673475010
1673610344
1673962252
1674191413
1674233325
1674555042
1674557370
1674679145
1675236577
1675288089
1675415980
1675720751
1675865092
1676211082
1676365272
1676397156
1676552609
1677081621
1677259648
1677518974
1678068532
1678348930
1679592091
1679601632
1679815807
1679977317
1680036146
1680242349
1680454979
1680900491
1680918495
1681237370
1681493535
1681651151
1681801319
1682000162
1682423528
1683065228
1683137932
1683396019
1683486838
1683938655
1684357696
1684829802
1685003564
1685043793
1685088805
1685223014
1685227206
1685369314
1685370048
1685409036
1686172956
1686308802
1686459985
1686564130
1686609116
1686719356
1686781781
1687128576
1687312219
1687859516
1687875202
1687944358
1688041347
1688504942
1688754610
1688904942
1688976170
1689141012
1689284818
1689417827
1689593022
1689615214
1689635846
1690210467
1690299530
1690315251
1690339553
1690890975
1690970953
1691240334
1691248563
1691887592
1691944208
1692142108
1692640601
1692678003
1693242568
1693303555
1693776218
1693786213
1694207104
1694421191
1694443541
1694506168
1694641792
1694762640
1695312491
1695384625
1695978468
1696200728
1696247958
1696436235
1696857320
1697383183
1697544526
1697626392
1698098056
1698632929
1698711810
1698925054
1699038607
1699193802
1699273647
1699489871
1699707103
1700138538
1700375542
1700631577
1700768431
1701007548
1701008659
1701769610
1701788465
1702284102
1702387920
1702440947
1703612985
1704010759
1704142630
1704686774
1704765950
1704821913
1704906148
1704988834
1705211207
1705286630
1705375168
1705512261
1705813860
1705908507
1706030810
1706034673
1706382380
1706447027
1706736098
1707015959
1707327604
1707388480
1707785446
1707880054
1707965018
1708184856
1708437237
1708483390
1708509059
1708822241
1709961487
1710117101
1710292681
1710311987
1710709459
1710818599
1710855993
1711466071
1711800098
1711822231
1711869979
1711914112
1712093190
1712176558
1712234192
1712319088
1712406345
1712415222
1712457133
1712550339
1712880438
1713129237
1713172538
1713331324
1713633947
1714366228
1714652041
1714848191
1714883920
1715176765
1715409922
1715470327
1715557648
1715731491
1715734526
1715957938
1716015218
1716101091
1716193379
1716561346
1716956814
1717076853
1717191967
1717296555
1717392695
1717410969
1717453476
1717526183
1717661844
1717838052
1717920143
1718393585
1718451607
1718470518
1718498824
1718616684
1718722841
1719425067
1719580602
1719907978
1720132508
1720513363
1720749028
1721573763
1721786881
1722000290
1722180733
1722397432
1722547636
1722886089
1723166818
1723405891
1723574408
1723677704
1723952920
1724162336
1724467640
1724604299
1724665565
1725345540
1725399128
1725419011
1725512752
1725579137
1726054861
1726466615
1726866314
1727498536
1727671612
1727802678
1728171780
1728490555
1729263447
1729297240
1729569139
1729597145
1729656755
1729824782
1729852235
1729871652
1729976438
1730475287
1730537681
1730713274
1731218534
1731481019
1731820712
1732092660
1732162115
1732322141
1732467925
1732506065
1732592199
1732609973
1732983554
1733175477
1733775302
1733794120
1734109581
1734223426
1734354649
1734640034
1734643066
1734669912
1734823830
1735097870
1735112371
1735654340
1735692237
1735814090
1735885575
1735941316
1735971171
1736153308
1736214756
1736354906
1736595581
1736737746
1736769899
1737038724
1737127583
1737169329
1737365796
1737598845
1737612243
1737801146
1737836947
1738115332
1738171135
1738622666
1739831518
1739881449
1739937899
1740005268
1740100883
1740617229
1740623051
1740628843
1740672069
1740801108
1741267022
1741484856
1741715964
1742090409
1742124179
1742665454
1742708773
1742726871
1743041012
1743147559
1743831763
1743833562
1744042090
1744161636
1744675483
1745061907
1745113646
1745235625
1746147726
1746214161
1746293086
1746301958
1746650248
1746658186
1746859137
1747079671
1747201633
1747290465
1747399484
1747684537
1747973308
1748005563
1748540951
1748580300
1748805770
1748811933
1748907465
1748983375
1749070685
1749640856
1749762515
1750009123
1750150342
1750294209
1750542650
1750613635
1751192317
1751296219
1751461102
1751529776
1751687293
1751878285
1751881910
1751953118
1752083681
1752096777
1752229866
1752365761
1753240428
1753393978
1753694421
1753875293
1753961288
1754342836
1754537001
1754769475
1754789691
1754813858
1754912604
1755869712
1755965045
1756132370
1756815228
1756887433
1757203562
1757209877
1757353196
1757543378
1757652716
1758874051
1759335539
1759524648
1759650287
1759859479
1759902138
1760526462
1760543321
1760954662
1761641535
1761793971
1762041664
1762250921
1762762074
1763102606
1763300366
1763564752
1764051765
1764241988
1764673052
1765179369
1765194633
1765474110
1765685905
1765886938
1766038931
1766172534
1766494171
1766858117
1767031063
1767192113
1767204728
1767355382
1767431137
1767553898
1768040293
1768306327
1768585372
1768596398
1768606390
1769379012
1769490135
1769607570
1769854892
1770447648
1770458099
1770479086
1770558335
1770811591
1771020382
1771194168
1771228414
1771293990
1771652749
1771754287
1772133276
1772255390
1772287724
1772489649
1773126060
1773278093
1773336382
1773363771
1773868666
1774005379
1774343561
1774674143
1775011314
1775181605
1775309979
1775343642
1775886379
1776352628
1776394820
1776407492
1776408477
1776515318
1776664254
1776737024
1776803807
1776837399
1777384710
1777610340
1777618288
1777747528
1778479474
1778744025
1779053532
1779385581
1779485740
1779940855
1779942045
1779973272
1780119286
1780190230
1780262571
1780587350
1780630726
1780820932
1780918067
1781235537
1781497361
1781795117
1782037435
1782278688
1782279696
1782713369
1782903578
1782913218
1782999455
1783773351
1784329556
1784475144
1784514521
1784775242
1784854861
1784985657
1785034734
1785182528
1785220559
1785298497
1785665783
1785866605
1785903571
1786279638
1786499686
1786791170
1786998156
1787425797
1787656922
1787746941
1788159907
1788244271
1788679639
1788685820
1788905608
1788929993
1789131276
1789280634
1789896257
1789956678
1790675951
1791434107
1791580415
1792029111
1792252824
1792628228
1793052510
1793238321
1793279919
1794433604
1794889714
1795262076
1795338363
1795840397
1795937564
1796150491
1796209680
1796409107
1796767489
1797031179
1797438871
1797648230
1797788667
1798446357
1798675189
1798757243
1798982234
1798984674
1799037603
1799173932
1799212411
1799451702
1799477616
1799507155
1799695173
1799827367
1799868645
1800057058
1800068345
1800400876
1800405373
1800665093
1800748411
1800855554
1800871796
1801364560
1801385327
1801458683
1801720557
1802038624
1802164083
1802413512
1802466507
1802835992
1803097931
1803598871
1804037903
1804354629
1804465585
1804469690
1804516025
1804539214
1804822354
1805358052
1805547184
1805607211
1805928140
1806327559
1806675428
1806717159
1807488294
1807697707
1807823362
1807922361
1808010064
1808032238
1808422276
1808816367
1809410500
1809508402
1809560912
1809870582
1809908239
1810296655
1810304011
1811159370
1811231100
1811312272
1811619132
1811665030
1811849612
1812904704
1813077189
1813107073
1813133710
1813144753
1813464495
1814044450
1814259098
1814333547
1814405136
1814740311
1814810643
1814929348
1814965041
1815140417
1815263702
1815271320
1815389882
1815581655
1815608330
1815652393
1815723701
1815753108
1816381123
1816641665
1816921680
1817278005
1817577490
1817637699
1817857060
1818112652
1818505832
1818527658
1818853416
1818885468
1818921840
1818931102
1819244335
1819304673
1819421357
1819461524
1819712304
1819964338
1820053260
1820290541
1820338310
1820491623
1820635021
1820655480
1820827869
1820969662
1820972586
1821097407
1821345811
1822150407
1822441089
1823334099
1823625796
1823676402
1823895963
1823953286
1823982866
1824212295
1825228232
1825363802
1825589691
1825951019
1825953770
1826061784
1826155714
1826284599
1827071768
1827124876
1827235431
1827424830
1827601569
1827776683
1828135413
1828370601
1828386404
1828505574
1828710683
1828858597
1828955708
1829636306
1829636720
1829977516
1830314617
1830504331
1830587310
1830604384
1830647025
1830667702
1831043871
1831779580
1831805988
1832209911
1832330980
1832458162
1832531556
1832615885
1833081755
1833210523
1833360038
1834087461
1834209521
1834451474
1834508150
1834597340
1834617324
1835055706
1835452304
1835456471
1835523063
1835762066
1835815155
1835876918
1836196755
1836710350
1836786093
1837090505
1837194327
1837356087
1837435119
1837797503
1837911834
1838047125
1838343372
1838452404
1838537092
1838830496
1838854137
1839041814
1839106113
1839614945
1839636727
1839850650
1840124063
1840506788
1840529236
1840781228
1840858227
1841600755
1842150052
1842167732
1842392197
1842731036
1842902346
1843214064
1843293302
1844354961
1844458548
1844465839
1844584467
1844756494
1845060009
1845132570
1845206898
1845623771
1846099973
1846420253
1846823164
1846887470
1847835258
1847929491
1848318714
1848734995
1849068201
1849181876
1849810266
1850988623
1851068403
1851357193
1851475765
1851836546
1852161014
1852394611
1852463142
1852735285
1852915623
1853086884
1853105339
1853433976
1853687564
1854005825
1854023014
1854452435
1855076118
1855476771
1855841384
1855875466
1855938816
1856115348
1856141546
1856418460
1856640724
1856642188
1856796068
1857143990
1857233862
1857712966
1857878008
1858061229
1858564349
1858762336
1858913703
1859082539
1859107478
1859135290
1859320143
1859332063
1859356997
1859567491
1860188449
1860437676
1860517551
1860970669
1861046767
1861089246
1861532372
1861757536
1862441321
1862625938
1862825587
1862973821
1863029203
1863039105
1863318074
1863685178
1863922498
1863958746
1864173643
1864231590
1864277043
1864283670
1864654180
1864701579
1864737998
1864996780
1865661179
1866018283
1866181823
1866533407
1866897770
1867241415
1867305821
1867392360
1867846725
1868135185
1868618260
1869219667
1869263230
1869279758
1869353242
1869567014
1869654615
1869846001
1869998872
1870198367
1870556965
1870638324
1871254795
1871349428
1871401101
1871588231
1871607714
1872052358
1872146303
1872213783
1872245728
1872689566
1872856325
1873008119
1873065630
1873861217
1873910232
1873953711
1874107734
1874162002
1874889404
1875353957
1875636597
1875725900
1875786421
1876010347
1876403949
1876455429
1876457589
1876810845
1876866748
1877315761
1877442780
1877532001
1877578728
1877661097
1877850186
1878225289
1878261391
1879082136
1879217463
1879470223
1879725165
1879980783
1880409176
1881094983
1881365676
1881657260
1881754682
1882016298
1882128588
1882150425
1882393745
1882506675
1882782576
1883194193
1883930464
1884149903
1884458533
1884731005
1885349238
1885552550
1885646306
1885852388
1885888314
1886304065
1886672671
1886689256
1887078904
1887560788
1887888021
1888071233
1888166684
1888226085
1888276456
1888553593
1888785708
1889365222
1889601109
1889651831
1889657318
1890129127
1890182981
1890699935
1891059448
1891130990
1891149381
1891811083
1891866182
1891919671
1892597655
1892626759
1892672458
1892766007
1892899106
1893137739
1893841900
1893843933
1894009972
1894028180
1894057889
1894144365
1894600433
1895151882
1895457455
1895711245
1896065564
1896246567
1896425555
1897101529
1897367408
1897725253
1898227096
1898277140
1898350741
1898393429
1898678019
1898723013
1899057258
1899582344
1899763838
1900197138
1900910594
1900936315
1901624430
1901668638
1901735757
1902294723
1902324883
1902325598
1903102652
1903593728
1903715359
1903853077
1904280071
1904778122
1904792408
1904807545
1905482129
1905550980
1905745859
1905833087
1905869151
1906338755
1906339203
1906349002
1907335067
1907373070
1907648846
1907997812
1908155136
1908301298
1908445092
1908607460
1908946363
1909460614
1909526078
1909826343
1909894231
1910819144
1910923630
1911152141
1911288094
1911359155
1911937980
1911991883
1912427048
1912441202
1912699623
1912748062
1912898545
1912950932
1913504781
1913604378
1913669782
1914348244
1914381627
1914584289
1914916960
1915274402
1915354779
1915557148
1915686443
1915752705
1915924112
1915971844
1916286324
1916562095
1916837610
1916838774
1916940271
1916974120
1917302679
1917496384
1918424356
1918484981
1919464344
1919956248
1919977846
1920012206
1920035041
1920145089
1920561480
1920685844
1920961289
1921297560
1921372880
1921453704
1921687152
1921889374
1921985550
1922016364
1922210614
1922308343
1923411784
1923504152
1923684753
1923729198
1923961938
1923965148
1924301705
1924533310
1924550701
1924729800
1924765671
1924827919
1924879224
1924886434
1925180351
1925304764
1925538771
1925588345
1925733350
1925802830
1926010806
1926015216
1926521845
1926634823
1926690191
1926750844
1926882116
1926918573
1926928862
1927284968
1927583300
1927683010
1927758852
1928142379
1928276491
1928308170
1928507195
1928798411
1929061258
1929309326
1929426773
1929799904
1930170499
1930692773
1930904181
1931353313
1931455739
1931707269
1932003115
1932221717
1932309083
1932344018
1932596295
1933131279
1933300454
1933633670
1934193129
1934194627
1934255791
1934322292
1934403306
1934434202
1934481886
1934576052
1934713309
1934867664
1935314518
1935598625
1935629442
1935821997
1936081346
1936513334
1936843993
1937213369
1937342883
1937522185
1937986068
1938399035
1938423024
1938450025
1938774175
1939003712
1939063700
1939173612
1939251140
1939788089
1939886522
1940057993
1940163097
1940471538
1940593581
1940634905
1940639412
1940680167
1940688393
1940794395
1941164860
1941287569
1941314735
1941348616
1941636947
1941940524
1942095905
1943298599
1943324804
1943964347
1944083866
1944247656
1944368558
1944945196
1945048068
1945103740
1945146467
1945626480
1945765558
1946086727
1946263760
1946384954
1946697759
1947090131
1947190065
1948406580
1948775909
1949388483
1949524184
1949568942
1950680518
1950681760
1950952896
1951090668
1951095635
1951945054
1952018780
1952427217
1952453276
1952685204
1953260261
1953660466
1954088087
1954456496
1954458195
1954599723
1954675293
1955112955
1955797644
1956462427
1956484766
1956592942
1956651605
1956996100
1957035781
1957204977
1957233818
1957411455
1957528162
1957611358
1957666044
1957708453
1958027443
1958104446
1958697960
1958730418
1959069086
1959072182
1959174777
1959322746
1959644747
1959719344
1959870441
1959994744
1960065272
1960179277
1960196406
1960251063
1960562270
1960842008
1960890425
1960892600
1961109147
1961264471
1961636188
1961915741
1961929372
1962086173
1962198765
1962237465
1962762428
1963152647
1963257501
1963484420
1963771195
1963963397
1964400076
1964775852
1965508014
1965553337
1965649754
1966059766
1966138588
1966588632
1966712234
1966743886
1966849941
1966953067
1967730288
1967834362
1967882082
1968433320
1968563552
1968711173
1968905130
1969249323
1969392041
1970518378
1970609870
1970665159
1970798879
1970889925
1971026849
1971455485
1971500543
1971778466
1972044843
1972182775
1972229281
1972318595
1972347582
1972712679
1972877056
1972947420
1973362907
1973383120
1973572342
1973589366
1974011321
1974132451
1974203120
1974275695
1974663012
1974860777
1975064944
1975268732
1975544757
1975666106
1975713681
1976110591
1976186128
1976241129
1976442786
1976537936
1976753477
1976944540
1977110419
1977444334
1977695329
1978009701
1978061707
1979287106
1979470497
1979477987
1979492939
1979558954
1979655208
1979698497
1980014177
1980631922
1980822712
1980835369
1981144641
1981515993
1982735536
1982834828
1982857834
1983054647
1983232337
1983336468
1983542932
1983760215
1983798730
1984025833
1984255215
1984571625
1984613101
1984684404
1985105913
1985571795
1985599536
1986604606
1986801748
1987006335
1987107867
1987228498
1987444308
1987451837
1987488749
1987495390
1988414782
1988443112
1988464457
1988721681
1988743763
1988876476
1989261072
1989278875
1989376449
1989398125
1989597604
1989616541
1989663502
1990169642
1990258937
1990414684
1990813623
1990820847
1990895173
1990959593
1991234609
1991372255
1991655863
1992138905
1992324597
1992471576
1992889601
1993014326
1993139903
1993172983
1993293825
1993385019
1993406399
1993406531
1993451460
1993870663
1993954247
1994150270
1994240363
1994566716
1994671150
1994845773
1994944719
1994990194
1995375869
1995439534
1995462458
1995977183
1996455974
1996557419
1996784358
1996911095
1996952309
1997259809
1997377911
1998403794
1998423776
1998619840
2000586172
2000751732
2001084532
2001357474
2001596609
2001977901
2002070426
2002440838
2002888070
2002909743
2003183111
2003205971
2003679045
2003741262
2003743078
2003921180
2004994827
2005034341
2005973707
2006092957
2006373469
2006619378
2006926854
2007452853
2007476649
2007515693
2007707291
2007807583
2007851604
2007980853
2008042384
2008068046
2008208132
2008229609
2008277641
2008325769
2008497534
2008853521
2008877028
2009173749
2009392943
2009712170
2011131113
2011287086
2011306915
2011896389
2011911074
2011969496
2012185657
2012253489
2012357912
2012390957
2012890842
2012996512
2013078545
2013368033
2013853573
2013900964
2014036812
2014541673
2014600772
2014909203
2015172237
2015389551
2015571519
2015664837
2015791605
2016767397
2016952411
2016969675
2017329852
2017536832
2017589940
2017637492
2017673942
2018071724
2018116500
2019054064
2019141672
2019935911
2019947066
2020013157
2020308999
2020346265
2021044429
2021064751
2021178955
2021773366
2022238572
2022303153
2022403358
2022732938
2022829955
2023041059
2023060679
2023154195
2023201188
2023208386
2023349974
2023449363
2023572532
2023866928
2024200369
2024230265
2024536786
2024644021
2024961842
2025043312
2025076250
2025084887
2025469242
2025728813
2025843031
2025879921
2025907567
2025921182
2025970769
2026039055
2026044491
2026129873
2026316848
2026358563
2026824796
2027013482
2027081118
2027559012
2028258469
2028429438
2028451478
2028552752
2028655211
2028893782
2029040148
2029534141
2029623134
2029715636
2030228781
2030349951
2030439962
2030878932
2031021246
2031519818
2032389362
2032416433
2032739160
2032899930
2033447127
2033482030
2033605583
2033726170
2033899028
2034890501
2035077559
2035133105
2035421340
2035604237
2036252234
2036254299
2036358917
2036905940
2037088994
2037416642
2037533609
2037633637
2037665772
2037687385
2037722740
2038016340
2038238594
2038692344
2038696608
2038989139
2039176806
2039203766
2039525065
2040224079
2040539095
2040649430
2040685680
2040775712
2041035220
2041426686
2041615467
2041657970
2041958628
2042519542
2042901076
2043082616
2043140670
2043328223
2043372106
2043479364
2043786381
2043804896
2043809501
2043861716
2043986476
2044266795
2044513516
2044601195
2044668090
2044795702
2045210137
2045476180
2045752596
2045795360
2045818819
2045850313
2045860394
2046639452
2046807071
2046968758
2047081806
2047370811
2047594229
2047605794
2047738274
2047851317
2049281027
2050195601
2050324656
2050429109
2050450728
2050646527
2050820730
2051818027
2052347720
2052650074
2053711725
2053940623
2054046756
2054136527
2054225545
2054248819
2054260827
2054284444
2054303692
2054474691
2054665643
2054912721
2055032424
2055048066
2055091757
2055339374
2055440919
2055459907
2055485461
2055883697
2056210967
2056409426
2056465021
2056576729
2056689394
2056915324
2057324617
2057566776
2057585593
2057718391
2058023793
2058061948
2058101721
2058616583
2059057656
2059165705
2059221797
2059377248
2059906943
2060190625
2060262517
2060284224
2060358096
2060637495
2060651381
2061029145
2061149047
2061173013
2061538199
2061999442
2062021758
2062058545
2062292134
2062294044
2062462088
2062594192
2062719115
2062770492
2062806996
2063136596
2063290860
2063394492
2063931043
2064024172
2064306041
2064489018
2064507127
2064522830
2064783476
2064830988
2064937651
2065038130
2065127112
2065171561
2065323843
2065489861
2065523829
2066452782
2066542504
2066557928
2066720987
2066859549
2066980726
2067172520
2067224019
2067298558
2067422383
2067462751
2068017495
2068309316
2068311553
2068565528
2068893973
2069146026
2069309565
2069325443
2069330575
2069383729
2069937611
2069938706
2070446612
2070682188
2070756899
2071450239
2071530448
2071956023
2072083830
2072327192
2072362173
2072542936
2072868730
2072965582
2073095417
2073184433
2073210302
2073532746
2073548165
2074063675
2074495968
2074682235
2075328239
2075463910
2075510160
2075816479
2076279487
2076813641
2076991599
2077268205
2077306288
2077331664
2077703515
2077712779
2077841499
2077913181
2078247125
2078881334
2078926570
2079135630
2079173437
2079629793
2079937067
2080438017
2080553786
2081321603
2081371481
2081400391
2081604315
2081744590
2082413799
2082441358
2082517513
2082550986
2082779434
2082865164
2083138111
2083393828
2083572853
2083602470
2084038005
2084931568
2084945771
2085273628
2085335082
2085364680
2085416813
2085740331
2085784722
2085863186
2085906876
2086015905
2086017924
2086022712
2086217497
2086259037
2086533980
2086593044
2087192224
2087263299
2087342368
2087396501
2087455448
2087550059
2087822291
2088055360
2088638636
2088793748
2088964642
2089183688
2089301824
2089498809
2089506378
2089803967
2089846302
2090190886
2090228122
2090311755
2090654091
2090836137
2091289217
2091732051
2091787121
2092061844
2092171438
2092222925
2092268337
2092297475
2092507035
2092591307
2092934624
2093110628
2093135982
2093156742
2093327530
2093714585
2093717270
2093844153
2093933438
2094252824
2094298024
2094668679
2094742310
2094964933
2095088681
2095138029
2095441626
2095905361
2095970253
2096238905
2096391877
2096401727
2096404778
2096473470
2096617126
2096687739
2096979378
2097318006
2097499087
2098739956
2098744983
2099302105
2099369656
2099396602
2099462292
2099685812
2099870655
2099951478
2099987786
2100171620
2100564259
2101607997
2101798770
2102014679
2102209664
2102331145
2102370337
2102432725
2102668860
2102681817
2102690050
2103078117
2103322388
2103446901
2103564942
2103997510
2104279950
2104468978
2104578407
2105034463
2105083557
2105374007
2105858379
2105967978
2106480364
2106573223
2107318696
2107416766
2107430340
2107432119
2107440359
2107836056
2107963816
2108042054
2108387049
2108553078
2108592498
2108637909
2108785946
2109203959
2109660076
2109896096
2110010583
2110103092
2110274925
2110414404
2110421399
2110441477
2110662600
2110978608
2112244048
2112377703
2112408969
2112928090
2112982672
2113113779
2113168217
2113281517
2113409256
2113503799
2113506688
2113520018
2113552060
2114232047
2114886300
2115406791
2115573985
2115735985
2115759931
2116212392
2116521061
2117058656
2117187653
2117929108
2118444493
2118753721
2118971068
2119598792
2120121761
2120706806
2120731242
2120883056
2120960825
2121213869
2121271176
2121289274
2121294861
2121360813
2121418281
2121438362
2121567105
2121860153
2121910370
2121981545
2122073303
2122102772
2122126505
2122225826
2122412462
2122517244
2122526622
2122668979
2122779836
2123295404
2123856086
2123889284
2124109450
2124568936
2124614946
2124796302
2125111287
2125281918
2125320998
2125378373
2125429263
2125439448
2125514404
2125742173
2126444969
2126518888
2126551774
2126695454
2127052610
2127271039
2127617992
2127742295
2127862829
2128294516
2128382914
2128529401
2128537858
2128539236
2129045406
2129059985
2129094729
2129329393
2129339501
2129762409
2130014845
2130214584
2130297090
2130501869
2130540769
2130874373
2130909688
2131699610
2131720894
2132476026
2132657205
2133124584
2133221812
2133449446
2133482165
2133620705
2133667302
2133698502
2134117086
2134643853
2134832510
2135563557
2135580758
2135979879
2136012739
2136125327
2136150375
2136492611
2137021984
2137045535
2137087659
2137249107
2137515187
2137693570
2137858463
2137983355
2138059424
2138932935
2139789173
2139832234
2139931896
2140364637
2140599841
2140674881
2140845328
2140879608
2141078548
2141209096
2142131431
2142514473
2142976859
2142990685
2143316907
2143680408
2143937349
2144044363
2144323666
2144427018
2144773723
2144832815
2144890693
2144951258
2144976932
2145010371
2145342974
2145524192
2145719730
2145845250
2146621514
2146718365
2146864768
2147099061
