10000
271909
897377
946327
1126866
1148175
1200877
1243358
1599896
1716941
2210033
2329680
2700371
2855632
2928731
3097504
3119793
3275381
3298237
3328698
3381260
3588558
3946028
4679936
4820931
5350093
5570116
5802759
6102379
6183464
6207496
7047783
7049500
7334669
7400007
7425747
7519329
7797913
7827664
7990338
8316927
8610543
8637607
8929363
9095749
9414763
9424795
9660022
9752259
9828725
9836652
9930131
9956720
9962315
10193646
10355475
10666277
10768366
11402774
11511547
11565098
11605497
11789624
11797295
11956603
12001476
12118850
12290373
12571956
12624931
12904409
12924786
13071773
13076585
13235997
13365917
13465500
13794723
14015544
14312794
14851808
14853304
15385664
15576943
15726499
16285009
16311598
16492588
16795484
17062487
17076722
17124664
17342169
17517835
17817855
17908705
18184940
18723343
18730175
19006557
19084687
19247005
19379045
19509279
19751794
19790450
19825618
20200398
20224038
20228714
20926849
21022750
21209144
21531004
21987636
22036469
22056986
22252104
22324804
22398381
22491741
22499264
22686243
22937122
22941111
23104312
23345878
23498080
23723954
23752105
24299518
24444142
24577988
25077122
25110667
25169504
25352172
25393078
25461955
25861953
26326971
26996158
27181637
27482825
27589662
28160956
28168597
28347372
28472613
28509760
28548103
28779461
29150203
29191453
29389363
29480072
29637011
29664190
30078190
30366837
30427293
30668281
30741428
30886522
30987897
31876835
32167298
32371497
32755988
32845787
33097536
33594539
33665124
33720918
33741564
34356244
34414284
34453291
34960442
34987517
35002649
35225638
35998318
36309878
36400196
36408266
36591945
36761043
37019791
37411708
37771680
38008251
38140851
38263127
38344614
38733425
39098865
39245000
39559904
39801819
39883544
40295598
40335241
40508563
40626992
41007338
41563464
41924400
41924887
42155679
42569768
42657438
43265255
43489896
43491099
43721353
43754560
44329623
44333091
44864819
44869811
44881045
45175178
45267815
45558892
45878270
46453452
46565280
46617961
46642348
46859674
46955465
47525864
47795272
47817589
47844812
47920286
47935189
48055587
48077613
48123262
48407771
48458130
48744655
49202525
49215160
49585889
49665725
50156174
50494889
50711775
50960241
51661658
52013678
52346870
52385485
52460796
52482876
52939340
52967661
53016109
53107220
53291354
54417043
54450645
54522927
54603719
54900458
55082021
55567461
55701335
56140088
56610132
56690946
56754145
57321886
57421672
57502509
57548264
57717499
58107624
58264414
58516894
58654909
58688941
58853919
58986842
59629743
59829699
60004675
60041885
60073888
60124515
60219954
60541465
61092019
61104037
61220043
61648675
61967481
61975844
62302216
62530245
62628243
62633621
62664633
62756365
62831810
62937044
63335380
64151039
64285441
64307609
64355246
64523327
64858897
64859601
65594094
65625803
65842533
65891649
67208391
67422549
67619242
67734514
67804806
67863046
67942371
67944711
67993061
68085754
68233453
68372178
68496323
68633047
68724401
68817002
68991435
69184614
69298987
69306055
69423269
70152642
70211545
70300054
70762670
70931976
71011061
71099539
71127703
71198808
71320878
72100956
72146793
72257662
72535944
73183479
73217758
73347248
73742402
73791907
73802348
74071574
74340518
74579535
75045724
75181223
75305585
75445096
75492366
75768774
75849727
76134230
76231040
76317466
76595535
76668548
76732852
76932790
77090451
77568873
77790930
77978346
78032780
78071485
78472775
78757913
78911374
78947939
79478768
79802623
79935707
79971410
80257021
80562796
80940081
81450763
81524291
81544732
81622195
81722566
81828270
82091038
82131256
82216716
82355015
82416184
82602483
82745719
82787860
83226295
83238241
83263021
83308706
83567883
83613635
83735882
84123302
84420912
84485857
84893915
85027694
85285235
85365452
85444338
85681391
86662135
86743962
87034597
87302902
88115701
88137045
88280362
88310347
88676454
89188207
89210978
89490210
89691238
90625160
90778514
90960769
91459128
91768731
91813927
92024674
92058750
92192393
93050475
93059429
93181095
93303066
93310049
93433285
93435025
93461801
93530026
93545739
93777463
93835948
94318150
94699792
94992484
95020903
95338645
95380541
95770961
96042871
96081886
96124897
96418186
96539554
96763311
97265779
97635020
97843687
98208527
98391267
98894243
98966819
98985969
99301161
99569874
99581341
99584536
99737697
99907106
100038107
100317878
100415392
100428961
100443372
100939468
101215998
101317878
101391984
101449405
101719361
101999447
102775816
102878340
102880078
103562336
103625734
103982783
104169185
104201231
104477035
104763162
105054732
105185303
105561339
105620096
107665750
108328653
108462452
108521147
108699456
108820158
109022781
109029636
109171855
109177184
109190135
109223266
109317062
109355234
109502216
109531786
109564154
109566002
110041959
110304896
110337957
110867349
111125304
111601872
112034682
112191687
112564588
112875264
112888023
112893817
113148478
113304966
113328262
113538305
113622817
113822167
114137367
114182407
114331798
114401589
114781439
115142357
115188282
115597755
115807024
115829208
115874204
115913423
116219750
116527652
116700354
116749814
116779163
117045734
117170924
117187384
117649800
117835431
118039173
118438647
119584922
119655735
120042881
120067677
120239517
120609690
120835276
121017598
121846206
121867378
121903291
122060897
122193265
122715281
123028880
123199831
123237698
123347964
123599100
123837545
123859552
123883359
123936029
124505813
124979243
125164505
125419581
125512044
125555213
125585288
125638804
125814407
125945298
126231634
126467776
126504699
126584428
126604218
126814188
126822163
127032753
127185747
127613014
127743542
127978378
127996661
128349798
128367465
128376929
128531118
128531254
128697114
129087553
129216136
129349004
129444241
129581303
129642418
129644945
129720128
129829401
129856002
130125704
130221672
130324863
130438305
130903297
130937726
130960642
131008741
131205329
131295827
131651403
131795311
131898070
131996230
132199683
132280140
132432743
133145671
133219997
133223329
133318803
133428787
133438677
133868928
134458714
134525769
134630409
134703601
135059257
135178742
135288005
135855595
136373569
136382455
136507569
136545202
136555358
136596745
136601696
136754411
136798475
136823742
136908115
137048131
137147847
137172055
137301369
137312951
137729401
138195733
138283268
138422237
138857684
139114117
139198990
139413662
139415375
139448253
139710019
139780032
139980391
140198823
140371731
140479845
141127802
141178452
141627063
141696072
141817026
141906728
142237045
142279602
142318440
142569834
142583146
142817998
143055531
143461940
143605630
143717453
143964802
144212372
144393616
144567381
144880792
144903710
145011626
145090886
145534610
145960311
146212618
146518814
146597535
146630329
146864771
146994108
147014645
147070619
147350198
147604664
148018806
148038533
148309604
148344797
148439311
148589276
149972720
150432346
150521126
150618981
150747691
151477596
151650324
151740864
152048616
152311209
152374839
152447604
152622471
152624844
152755798
152908424
152965714
153029916
153223982
153395976
153396318
153468619
153575378
153703577
153983825
154038371
154060302
154114851
154121182
154215895
154357334
155073506
155684945
155930513
156523053
156556079
156681700
156708424
156752134
156755338
157003307
157545652
157823785
157844138
158014276
158130698
158139216
158462389
159310655
159311974
159756825
159795751
160138679
160256055
160291021
160340274
160441096
160582432
161593627
161713313
162231307
162243585
162266560
162758092
163285008
163448201
163890118
163921567
163980575
163986649
164144267
164171220
164284210
164437922
164460512
164613003
164695105
164812151
164859752
165128168
165313203
165683161
166188379
166260112
166577765
166714240
166901203
166997050
167283309
167296037
167549015
167636272
167675047
168319520
168448401
168551356
169073872
169372034
169544100
169691200
170079690
170134574
170189151
170331925
170441902
170585275
170594350
170790613
170810232
171644730
171846290
172051320
172104219
172209957
172645137
174014755
174801105
175049023
175060187
175104274
175106844
175181592
175899433
175914658
175971799
176202300
176375320
176378468
176615410
176747379
176784632
176940364
177098107
177149052
177327956
177446389
177523178
177734283
178647641
178680791
178704564
178936595
179426307
179503107
179620686
179869814
180193593
180589629
181061055
181206731
181781334
181911923
181989075
182071097
182075085
182197377
182636983
183030909
183184382
183207741
183223018
183609139
183909185
183935978
184014477
184027076
184409150
184522616
184895150
185781618
185991968
186376812
186533956
186581644
186957416
187030835
187128432
187168394
187169888
187262664
187366227
188136289
188252137
188324441
188357122
188657897
188940836
189145383
189615044
189721129
189729266
189838547
189928883
190014734
190063460
190316321
190377714
191041140
191062066
191124638
191329162
191730322
191756201
191948590
191989910
192137159
192205245
192245706
192367775
192620276
192933746
193237229
193243907
193633719
193642927
193780163
194037734
194202081
194445288
194903017
195188257
195321701
195540659
196336360
196351442
196496378
196767595
197083970
197286541
197360868
197375910
197501883
197778811
198265745
198286834
198577071
198656249
198688124
198756792
198776097
199357145
199414350
199595173
199702835
199799777
199979880
200120427
200333462
200417369
200423548
200908066
201042332
201091992
201328168
201344108
201580266
202028119
202091662
202227419
202363646
202379281
202695173
202763987
202809676
202881734
203021034
203267111
203644648
204079945
204490142
204737193
204840166
205470443
205482751
205540212
205680818
205711455
205922689
206002758
206063160
206209895
206298439
206314155
206769198
206913818
206966629
206985801
207022589
207095037
207292399
207333067
208169423
208345175
208370696
208522491
208860697
209170952
209202681
210165672
210183253
210238346
210520227
210528837
210753651
210864786
210895799
210901542
211096427
211224459
211742948
211896878
211991696
212028030
212302574
212305296
212320765
212559907
212665925
212674983
213543935
213900984
214067743
214407131
214923103
215078270
215144515
215182592
215205754
215225318
215513049
215596358
215609636
215740153
215970418
216010485
216042217
216670100
217106938
217279929
217638425
217707932
217810259
217927211
218075409
218117717
218166890
218186760
218382474
218475247
218557129
218923283
218941228
218982349
219213957
219506789
219507185
219730471
219741659
219912201
219952498
220055449
220332049
220445733
221430227
221669100
221861019
222045493
222065374
222233646
222518397
222630600
223063899
223611013
223924040
224027475
224128869
224240700
224550556
224560144
225024590
225317052
225736902
225878624
225969554
226147929
226202577
226846981
226986995
226990535
227478443
227490613
227654532
228094702
228119033
228138124
228242761
228251296
228510547
228589456
228793095
229252803
229521760
229533384
229589734
229675494
230123091
230281969
230760020
231026316
231128289
231434345
231515179
231599439
231728857
231845641
232050931
232342618
232445313
232813432
233568877
233626746
233677059
233698777
234024958
234059820
234393736
234597687
234849616
235005829
235092479
235132562
235761245
236948839
237086334
237725613
237917087
238166248
238643548
238907693
239087101
239225280
239296090
239374706
239640483
239739683
240119312
240263665
240568852
240858300
240969642
240980225
241257360
241610880
242074600
242311138
242664762
242771926
242809038
243166854
243797806
243903778
244028571
244028629
244148322
244199281
244265608
244327960
244358493
244675649
244764284
245061850
245272104
245413091
245483285
245764784
245850316
246066056
246320880
246610606
246690927
246772564
246986664
246998141
247365255
247606041
247616110
247870827
247974663
248822895
249030550
249180976
249303967
249824624
249935846
250035297
250059113
250398116
250403219
250446931
250664393
250717335
250862019
251042053
251209926
251323724
252031983
252227346
252350755
253280256
253327595
253779212
253950219
254081842
254178621
254434595
254551801
254590779
255199227
255433058
255514554
256055822
256230542
256302262
256328917
256487894
256494073
256548868
257106881
257146622
257826257
257968127
258536987
258645627
258709641
258799516
259044418
259327158
259423334
259431847
259812390
259857833
259954243
259978820
260208889
260293976
260304391
260976406
261545683
261599870
261775375
261805461
261890198
261921596
262038024
262121772
262437381
262454570
262649533
262821377
262832276
262898761
263265868
263568840
263595761
263597681
263655572
263889629
263962274
264246029
264266938
264562437
264959902
265288395
265302291
265604142
265808101
265846925
266565545
266658051
266864336
267259111
267303886
267473020
267517632
267548118
267657081
267760434
268116647
268141382
268604689
268786901
268815852
268911497
268955038
268997253
269196941
269532617
269833901
270075062
270580078
270828237
270844588
271079997
271160925
271171484
271271522
271567983
271730510
271937783
272283388
272348254
273567533
273770610
273775329
274000560
274314600
274341374
274535014
275018872
275023677
275206873
275236843
275328244
275424341
275463559
275827502
275911699
276137500
276178050
276516218
276694428
276886388
277130339
277205527
277344434
277507970
278241740
278340774
278564780
278627871
278694101
278714292
279136839
279165846
279587156
280111739
280533469
280624937
280787123
281385121
281394441
281578471
282001537
282031545
282212701
282491473
282841050
283504296
283830080
283939946
284095471
284174351
284718451
284756622
284981221
285124104
285322474
285361271
285501591
286028941
286214472
286292189
286498875
286516068
286645056
286670387
286920934
286991245
287540635
287608339
287699910
287779582
287991382
288136550
288859970
288934536
288976429
289269903
289542768
289793365
289892882
289947128
290536901
290571010
290767972
291350135
291527507
291644093
291697037
291979491
292351490
292733444
293154245
293377733
293463478
293647466
293858638
293954718
294041169
294373934
294465811
294795595
295717375
295912470
295987878
296274926
297073539
297187730
297811385
297893938
298101282
298210013
298519303
298914012
299055640
299089770
299464286
299502782
299876644
299946313
299994823
300001113
300225405
300682365
300728503
300780030
301033958
301279596
301282038
301678613
301960723
302378813
302418677
302710324
302718923
302837601
302930584
302933523
302995928
303043405
303049679
303053061
303060272
303127156
303376839
303707987
303709094
303736475
303799405
305535282
306309323
306967987
306973675
307390224
307537550
307754853
307854534
307995343
308494422
308502176
309240658
309427135
309864385
310349800
310701279
311429393
312084863
312377267
312575820
313126945
313174821
313580933
313688360
314000770
314276998
314603195
315270118
315360565
315514196
315575776
315696261
315746403
316110292
316637465
316686155
316907917
317048032
317163397
317224677
317395195
317467241
317629080
318004842
318058077
318064255
318157129
318163287
318364080
318467352
318561291
318799232
319029622
319310671
319364606
319398924
319445594
319530378
319655493
319683434
319829621
319987938
320669973
320836217
321556520
321712301
322219754
322233425
322292479
322490192
322638859
322747522
323562531
323663729
324037413
324397179
324482848
324502347
324618012
324704688
324884332
325628436
326169695
326291146
326487518
327101087
327160693
327162765
327497892
327890100
327976520
328027872
328275560
328395596
328600478
329212778
329431555
329702275
329929454
330460698
330503264
330571136
330659413
330730297
330824197
331132218
331176802
331312462
332084084
332086262
332098644
332444921
332653640
332673045
332716417
332792723
332852908
332940042
333063299
333512971
334205144
334349281
334377634
335074348
335323440
335512571
335584061
335771687
337119197
337123707
337240304
337415743
338428866
338452321
338467770
338861358
339066750
339279707
339346378
339488161
339492400
339549507
339639841
339674970
339866085
340025144
340066026
340300921
340418881
340428174
340484684
340783737
340895909
341545596
341921742
342181162
342640407
342665870
342825016
342884480
343256413
343796408
343835917
344255186
344440329
344480376
344555184
344719342
344949088
345034357
345268200
345556029
345731126
345998760
346039048
346101860
346381972
346483976
346615510
346689878
346851548
347279103
347373928
347495392
348301104
348675724
349174293
349274578
349388382
349736051
350339058
350424187
350443257
350672356
350700761
350892200
351061609
351475291
351723663
351752440
351941011
352226967
352346925
352649170
352866528
352908439
353111338
353166695
353177636
353327474
353713267
353993049
354213099
354454561
354892111
354958435
355196982
355445071
355526079
355702428
356962013
357096115
358205474
358360724
358522700
358739500
358910149
359001830
359470934
359826258
359978214
360128190
360293761
360496094
360716373
360719449
360787046
360903386
361007602
361142695
361301560
361375438
361408221
361628178
361935502
362235104
362686036
362720835
362855246
362905126
363183669
363417844
363650878
363684745
363716704
363940909
363971907
364168770
364527109
364657528
364672760
364891763
365157887
365205999
365619088
366024721
366741686
367230442
367283827
367562111
367694591
367823277
367849868
368046049
368051476
368307289
368557998
368867419
369109464
369192766
369477493
369764268
369954170
370655035
370725532
370866602
370913465
371338413
371521929
372061818
372139261
372680742
372815003
373136767
373166069
373366216
373992928
374193050
374465877
374544020
374557952
374645833
374649816
374938314
375001552
375340604
375823860
376054993
376210307
376318789
376321385
376365650
376438958
376625849
377369496
377378103
377552228
377557272
377686384
378102715
378188460
378368631
378930158
379130891
379690333
379694524
379957795
380025136
380080082
380095899
380114572
380245857
380406023
380514938
380726388
380992834
381202221
381235810
381269851
381551416
381595267
381733273
381756636
381952736
382663172
382667683
383039073
383174989
383619298
384223093
384242678
384353372
384460654
384682276
384908492
385293216
386311771
386344899
386478572
386555265
386778153
386822753
387382469
387630234
387883082
388601494
388928397
389165021
389484663
390211726
390251404
390258397
390429610
390430561
390617534
390863428
390927260
391190382
391402297
391593068
391776944
391918628
391957300
392159668
392369018
392458804
392638861
393602713
393712202
393878089
393880632
394001110
394022594
394034938
394057877
394068400
394088876
394267688
394284904
394531086
394728177
394826286
394836706
395262241
395700565
396507507
396554449
396773798
396901601
397201877
397274988
398015253
398086611
398366937
398538104
398718968
398722204
398942688
398988646
399305323
399337834
399366425
399567126
399821090
399828261
399957582
400194101
400317907
400347271
400652569
400842268
401094320
401095914
401205869
402015847
402153135
402442412
402898823
403198780
403712867
404356583
404468241
404830695
404831413
404882674
405341852
405411396
405518774
406306392
406734422
406936277
407486043
407526221
407547416
407565899
407738143
407985268
408404514
408541835
408564475
408772515
408877584
409028277
409281995
409330167
409388962
409696879
409764155
409971696
410002176
410486686
410649004
410750028
410872071
411133283
411639587
412384266
412394887
412733777
413042611
413056159
413078784
413132641
413139725
413502560
413560762
413618001
413853774
414049651
414108094
414264064
414317437
414674517
414780298
414885976
415186822
415264743
415803697
416087935
416350755
416362505
416710612
416789007
416830801
416952600
417164880
417345186
417609182
417642148
418264612
418662016
418880782
419134472
419156930
419494769
419717690
420095604
420215711
420488968
420865195
421025669
421028735
421159237
421195838
421207998
421459399
421554539
421853731
422259539
422358037
422631899
422787774
422975145
423555058
423728518
423758131
423782879
424004938
424285143
424757192
425039721
425138937
425286968
425354148
425512998
425645605
425905877
426174264
426268685
426333877
426387461
426479110
426532745
426669756
427018858
427301502
428084972
428333756
428410702
428497174
428877414
429201170
429508493
429578410
429899084
429953815
430008957
430191049
430299503
430420073
430607280
430771257
431057966
431141371
431564676
431618692
432137575
432608039
432699618
432950747
433361044
434252822
434340982
434368315
434442327
434501145
434975627
435178377
435320561
435414561
435447306
435590320
435843600
436443445
436546696
436588572
436664394
436837022
437124620
437238128
437421434
437470650
437670916
437992035
438005732
438106563
438456246
438593415
438993174
439118579
439191797
439418888
439832741
439901982
439978105
440096445
440243966
440425301
440754485
440790977
440872704
440982710
441052137
441066034
441232385
441584225
441847153
441901637
442173749
442296625
442343812
442344952
442348478
442743548
443107827
443208944
443548079
443559980
443904057
443922384
444651797
444820964
445080696
445431317
445573937
445630536
445678176
445817937
445869328
446372761
446446369
446706312
447259220
447329299
447453259
447534023
447695984
447749519
447818623
447832675
447889089
447988755
448216718
448275142
448360243
448414016
448422584
448649875
448918598
448935382
449139373
449378972
449505043
449526650
449609916
449683409
449715004
450186936
450189473
450502595
450507583
450677498
451091530
451747815
451927943
452126438
452547769
452569624
452609450
452721302
452888679
453143251
453625953
453721498
454331167
455827663
456023320
456142335
457776108
457875094
457886255
458064980
458111909
458316932
458511975
458582018
458669039
458676059
458717593
459100780
459162492
459262403
459496902
459557689
459659660
460068488
460255779
460526299
460616237
460688782
460844135
461269976
461799360
461867333
462162601
462554862
462632766
462822717
463112446
463189018
463454523
463500008
463803188
463836831
464123177
464541188
464685352
464794409
464874954
465046000
465102273
465344210
465443728
465650508
465663142
466223437
466557099
466585300
466825162
467132183
467419742
468055071
468244597
468487004
468824952
469332142
469390411
469526486
469647661
469913071
469952749
469982243
469985593
470009567
470277975
470280949
470488020
470937781
470966020
471132405
471195928
471594199
471776290
472056941
472342037
472436361
472573240
472684626
472781240
472785209
472857145
473039347
473234824
473291319
473302760
473685732
473705270
474468663
474707756
474761899
475141793
475458028
475526838
475591763
475836427
475861730
476389440
476590484
476664560
477864958
477965115
478007960
478050409
478145562
478312280
479079497
479540772
479611881
479622403
479940649
480105924
480325304
480480180
480691905
480881977
480961749
481045202
481161142
481558486
481575205
481578225
481721260
482441841
482573494
482925663
482926845
482972803
483675561
483929971
484016774
484027535
484313066
484392762
484962684
485619055
485622029
485827199
485862451
486095802
486101850
486123288
486185982
486259006
486340939
486510634
486514313
486729128
486917488
487526760
487762161
487837350
487897388
487937113
488016302
488269926
488320673
488356379
488370885
488803882
489046741
489165591
489807793
490099821
490598032
490754940
490952819
492331305
492739289
492763890
493184945
493471814
493884044
494063299
494329419
494444394
494824453
495093398
495244055
495374995
495397274
495513132
495691435
496006268
496277798
496312045
496478908
496621472
496677019
496713870
496987511
497107559
497392567
497517073
497525403
497532797
497843111
497937829
497964838
498167420
498182246
498431710
498619058
499075418
499582086
499937246
499937436
500242639
500508131
500512883
500861695
500951328
501175448
501265904
501289007
501294475
501819292
501938864
502400954
502621165
503130474
503603842
503860800
503961833
504464507
504596843
504700240
504991418
505180059
505271129
505334563
506293450
506296921
506618311
506967155
507210908
507510288
507808525
508029391
508091650
508106493
508735905
508745621
509160781
509442161
509485367
509596298
509737663
509764848
509876396
509936018
510017410
510186704
510831875
510949419
510961628
511008213
511238493
511252000
511486990
511526400
511622477
511640662
511830587
512199174
512366392
512558773
512835928
513478922
513686924
514021403
514355263
514382097
514401822
514608456
515087756
515370765
515606175
515840847
515952786
516148534
516374285
516429619
516943803
517427790
517472332
517527045
517639663
517699465
517965355
518031617
518313663
518438533
518439527
518443770
518460081
518629410
518692804
518697824
518730021
518966167
519345993
519360078
519580017
519699978
519714203
519762365
520289321
520556798
520647627
520751205
520753989
520897315
521286182
521398280
521674186
521687868
521872983
521977774
521980755
522013435
522378890
522654330
522981114
523208828
523273793
523313961
523795485
524067518
524536099
524628448
525393125
525796651
525824514
526330916
526667615
526727556
527357862
527538170
527543996
527752626
527765365
528116258
528168734
528469159
528542416
528923627
528928422
528932154
529175945
529332182
529378854
529396549
529558290
529839791
529847575
529975399
530898815
530924686
531336487
531483228
531530112
531958852
532550396
532610928
532647951
532863230
533156751
533204059
533362358
533498423
533988126
534170302
534229682
534255441
534387711
534630315
534946003
534976888
535974954
535984052
536326870
536651224
536712106
536895153
537239588
537276268
537843048
538087367
538323247
538529445
539252847
539423954
539616484
539994616
540202502
540227181
540231571
540696311
540723924
541109065
541436326
541823694
541898216
541901088
542778820
542836910
543209666
543322588
543419864
543605327
543691387
543720431
544028230
544134615
544218110
544300653
544498798
544767660
544896446
545149570
545683298
545720736
545721247
546856858
547386760
547405086
547583451
547644714
548300531
548354857
549218392
549515793
550052100
550223186
550236554
550661712
550796362
551310434
551319865
551455584
551460764
551713475
551729841
551740053
551761275
551783562
551802204
552168534
552299325
552548335
552931924
553705297
553724981
554148365
554155402
554184068
554207373
554312701
555019461
555144445
555211715
555255323
555526956
555930379
555955125
555998231
556003333
556103210
556488585
556495782
556548955
556641319
556694585
556949460
557097462
557183759
557258004
557648019
557975940
558421365
558980940
559062013
559184021
559406893
559614515
559615867
559902150
560068597
560269233
560492093
560501611
561035354
561157197
561240794
561521681
561567096
562027392
562336841
562358887
563003247
563148648
563293803
563354872
563454054
563642563
563666892
563675187
563684762
563701878
563923786
564115298
564376441
564550379
564622576
565462122
566326315
566368869
566409286
566548195
566730505
566863484
567212089
567232562
567288746
567438036
567672873
567711197
567749175
568530531
568748418
568844250
569001419
569403689
569606686
569679825
569725717
570148965
570300515
570825652
570953516
571708861
571800182
572096321
572145579
572550178
573075296
573087603
573472527
573494845
573568157
573624314
573658344
574169414
574408445
574413854
574719517
575068924
575278393
575364137
575376687
575478888
575549437
576091300
576196308
576733726
576956565
577056161
577074546
577166930
577220638
577532443
577716622
578280417
578417704
578799700
578876044
579129848
579333130
579445636
579679858
579813210
580040929
580125649
580297020
580617202
580618306
580743586
581531309
581802553
582153545
582209296
582833245
582939224
583089327
583653250
584053838
584141880
584168938
584333801
584433085
584532597
585012529
585030400
585179138
585754881
586244973
586455962
586572428
586583219
586756018
586882350
587014953
587289959
587332613
587431814
588208784
588434732
588589893
589352771
589385545
589542161
589887584
590534002
590610311
590724155
590818154
591491382
591590752
591726586
591803568
592159482
592287999
592374952
592534409
592584770
592726081
592760862
592784975
593676994
593853549
594528131
594608261
594659062
594771541
594832115
594969079
595251451
595461141
595596756
595952442
595995701
596249804
596286433
596364901
596611427
596664612
596804509
596945736
597124694
597161875
597383848
597447389
597958203
597963396
598152307
598301770
598386759
598750572
598792617
599258463
599607904
599759698
599928110
600472633
600483512
600530237
600987918
601459017
601577523
601585150
601601367
602356394
602514920
602767549
602785664
603056269
603372801
604117801
604363769
604400144
604513221
604677842
604808629
605173618
605229267
605256278
605370267
605776529
606038932
606220711
606402022
606777586
607210481
607216916
607633082
607789865
608079904
608087112
608536249
608565040
609169858
609900271
610530236
610593252
610768188
610858551
611164273
611509389
611566523
611885796
611990259
612085941
612137457
612158534
612196652
612210334
612339559
612415905
612895042
612921989
612938314
613291034
613578967
614030180
614404669
614594368
614621579
614876402
615042667
615327456
615952905
615981642
615992040
616410143
616418494
616500743
616545361
616588263
616655821
616727457
616823826
617212899
617215086
617352373
617382822
617607705
617646601
617847274
617876752
617952646
618357600
618448182
618886043
619232532
619241216
619723643
619839130
620337809
620908845
620953754
621252474
621440287
621653294
621724966
622224311
622320211
622648194
622654638
623206096
623327863
623332478
623506061
623608423
624109062
624514201
624540884
624547801
624599635
624698642
626129204
626346838
626402900
626689556
626695855
626854981
627352899
627415148
627490620
627592436
627779544
627841301
628079074
628111606
628179230
628228994
628429178
628623217
628633981
628705075
629039988
629845263
630159719
630245825
630553582
631545345
631753675
631760667
632107406
632217846
632298743
632305951
632307100
632438210
632558825
632919919
633335454
633370228
633487633
633741830
634304477
634470458
634662504
634801884
634962008
635075712
635138116
635467196
635802379
635915460
635976683
636224952
636439084
637452055
637681281
637765440
637808922
638067034
638177047
638202696
638920604
639091125
639252057
639387478
639491100
639574089
639932396
639947815
640302434
640372080
640589148
641187907
641857788
642334619
642482927
642629580
642837600
642958833
642959280
643112333
643259786
643450641
643511441
643599188
643728985
643939745
644152069
644230858
644330347
644610840
644751596
644836335
644858867
645444908
645597880
645733043
645778681
646212679
646449349
646564644
646704563
646766305
646805216
646808608
646869769
647041558
647338764
647707532
648393630
648428087
648509564
648517039
648703193
649240720
649428613
649605729
649606660
649934841
649939936
650656812
650790621
650811319
650907204
651909128
652172221
652438809
652517114
652546131
652659436
652668756
653312748
653337095
653372094
653431976
653623376
653936262
654111547
654230082
654389604
654627224
654794035
655005244
655246992
655470459
655634809
656100956
656428744
656794683
657028088
657392318
657820407
658154478
658202382
658343381
658577910
658656413
658909602
659010008
659067028
659360714
659484894
659539216
660003601
660100731
660112357
660181659
660371899
660378343
660429951
660635271
660694714
660860728
660867505
661237290
661651170
662142495
662150534
662280468
662584447
662609701
662618228
662657081
663181604
663533728
663722712
663988250
664363915
664676633
664969050
664980355
665252020
665285517
665958843
666014434
666246242
666317994
666329599
666704227
666783207
666806074
667474106
667485553
667627013
668065295
668361060
668606625
668632964
669036751
669387099
669616394
669711240
670380757
670574085
670618014
671199492
671307364
671340162
671382672
671526307
671577029
671883798
671936403
671962349
672099903
672303025
672401001
672545681
672610809
672899624
672986428
673413524
673460055
673561133
673585063
673589280
673766055
673846025
674526305
674576026
674589989
674866617
675191828
675318520
675815460
676200856
676627708
676699435
676918547
677222747
677272705
677582323
678222385
678700231
678970394
678983739
679038058
679041617
679085848
679810028
679919333
680050356
680255800
680440401
680582209
680626215
680681411
681706261
682224741
682481203
682571921
682750968
682869283
682918465
682974597
683453147
684010269
684459200
684854134
684894470
684915259
685052592
685169565
685220770
685403446
685596615
685685533
686495748
686864404
686883465
686992639
687066929
687287658
687640025
687750484
687847934
688272416
688278226
688421721
688479678
688714314
688752258
689319352
689677918
689883025
689997905
690390612
690960240
691671752
691958795
692328583
692702676
692888005
693540501
693756036
694187746
694401992
694476771
694578531
694590272
695047706
695580558
695985412
697852676
698217427
698322071
698330597
698604926
699054129
699188001
699453702
699642284
699974577
700252108
700816570
701332518
702376128
702455938
702574571
702772979
702809847
703058065
703259513
703643514
703649781
703651894
703728958
704200331
704294759
704435197
704654216
704659101
704788925
704855088
705081981
705192392
705209195
705259399
705552724
705818779
706150596
706460724
706580451
706639858
706673482
706713390
706730457
706760165
706973207
707347365
707362937
707449743
707462576
707633778
707702176
707860060
707922149
708039764
708332178
708596192
708596911
708656600
708808170
709429011
709592526
709597786
709714708
709724927
710291884
710945000
711287602
711648224
711925051
712294898
712305157
713042107
713302020
713395444
713764540
713883055
713956312
714466841
714654914
714950273
715153638
715300142
715331723
715391215
715618815
715676721
717598891
718062227
718111225
718144719
718490545
718496348
718657038
718752663
719539106
719691072
719919571
719940294
720198582
720310308
720362310
720448644
720859348
720901945
721196427
721537460
721742148
721761612
722584635
722704518
722746641
722978421
723290441
723508249
723884203
723946334
724195020
724476414
724493345
725040130
725335701
725456288
725538463
725544988
725718336
726020375
726155934
726295068
726592014
726838757
726986177
727118451
727229472
727259460
727692493
727736621
727859129
727888970
728155303
728856654
728914091
729107525
729155575
729211114
729468096
729496580
729698015
729708787
729808668
729831616
730165729
730246541
730303543
730485665
730635663
730889134
731417161
732008320
732104477
732164111
732201031
732214539
732392888
732466699
732593457
732800443
733102161
733188762
733350386
733580766
733891905
734101510
734327475
734781529
734847423
735054345
735085474
735091466
735198485
735228632
735240872
735416870
735642604
736021525
736214623
736425328
736578624
736948919
737247783
737579048
738158579
738392232
738402428
738877445
739131221
739237213
739760297
740159412
740179854
741072598
741100916
741118186
741596309
741627987
741986212
741997076
742000681
742456899
742464679
742781562
742970715
743159485
743234344
743267650
743508255
743609342
743810179
743818846
744301132
744526822
744762380
745230400
745475194
746097318
746260437
747099121
747303903
747379721
747782658
748183443
748324926
748443955
748462022
748521167
749070617
749493612
749594974
749627889
749629623
749723912
750288343
750754327
750961120
751017434
751324185
751464830
751531713
751787179
751968249
752528257
752608915
752785371
752971920
753007188
753433060
753534783
753654836
753767614
753983151
754096352
754396850
754410709
754421283
754595911
755390537
755460538
755461689
755622443
755942814
755956075
756570754
756787226
757179492
757384791
757918539
758319055
758506088
758635312
758703733
759022405
759064072
759551842
759670112
759757792
759972787
760372791
760476235
760880772
761109302
761158305
761396137
761869309
762466135
762514821
762541057
762590199
762744123
763055024
763286022
763463823
763483995
763535988
764274380
764318428
764487455
764570228
765622603
765910018
766102302
766139002
766160851
766458813
766809983
767052592
767070742
767213170
767240335
767345987
767524200
768401587
768433219
768473654
769024684
769028639
769122127
769279482
769313712
769600243
769651511
769669798
769676050
770073415
770387684
770474269
770968352
771003795
771278309
771415054
771470420
771556391
771587554
771754702
771968649
771993129
772008626
772300704
772337307
773373744
773684211
774377049
774483391
774587545
774930599
774957630
775248691
775847107
776264179
776641563
776737102
776945364
777052907
777191518
777400661
777455949
777559398
777848782
777868446
778002240
778049495
778397774
778444619
778681454
778832041
778896771
779056483
779142869
779143173
779185346
779301595
779403885
779501569
779783530
780168837
780207068
780479591
780944115
780992926
781347407
781493494
781556721
781953010
781959011
782030604
782358722
782504570
783221593
783632126
783654399
783789282
783795376
783967946
783993315
784197696
784366809
784633029
785005994
785021604
785321571
785465239
785539429
785586014
785796545
786482845
786485152
786790395
786797035
787312627
787731447
787763348
788066056
788174902
788249332
788352891
788378066
788477293
788652754
788653555
788656592
788985799
789036170
789329937
789397029
789732144
789811871
790130669
790405531
790894945
790952023
790966016
791053926
791076852
791220336
791534510
791821234
791922324
792274449
793001288
793291402
793715200
793782430
794382962
794489619
794559797
794804408
794951718
794980632
795138715
795487938
795898046
796119129
796270237
796541348
796733451
796949069
797074631
797167355
797205388
797219750
797226842
797348338
797351956
797418069
797797880
798104442
798128312
798198910
798328322
798447320
798512028
798652057
799071131
799108963
799177554
799220540
799341269
799372225
799506512
799615346
800260400
800362547
800438944
800629019
800861678
801040944
801041031
801064931
801204674
801247845
801284338
801294690
801454777
801535197
801830908
802316998
802333570
802653164
802793619
802901179
803130522
803401606
803442135
803520964
803776812
804228715
804291884
804495547
804639143
804840333
804926878
805102104
805306013
805355063
805450633
805619944
807035809
807059854
807438851
807698701
807847916
807928031
807976280
808593288
808691371
808750230
808857354
808939263
809041578
809786969
809837645
809843313
810301186
811248159
811442519
811862469
811960467
811962642
812382078
812436773
812777335
812900166
813083508
813577356
813805529
813953786
814037215
814114576
814475575
814511478
814551306
814555003
814639525
814841212
814900332
815200550
815326774
815339314
815367806
815411757
815432593
815541638
815596816
817733232
817821595
817901992
817917205
818005389
818088593
818195220
818340227
818792138
819095330
819238318
819264495
819521743
819885377
820183061
820201615
820461524
820588441
820859915
820918415
821059087
821189154
821210822
821233757
821319578
821603937
821998102
822105626
822134337
822385280
822407055
822697838
822937199
823022546
823251649
823841791
823902255
824016407
824145023
824196655
824641277
824809634
824879801
825056543
825411757
825445856
825731436
826043668
826350547
826611104
827422484
827633671
828881824
829042238
829653314
829802207
829907369
830197174
830234238
830605393
830628366
830665999
830818152
830864145
831125120
831178035
831449967
831494009
831799313
831997016
832090861
832462554
832548667
832556000
832686978
832774543
833156905
833275513
834127356
834643254
834745024
834792618
835042254
835145574
835217923
835777406
835987416
836398638
836457346
836562456
836643926
836853372
836922490
837019260
837129323
837419516
837917583
838004008
838006020
838221624
838247543
838674524
838683638
838943352
838998974
839111780
839206292
839900447
839938712
839990610
840066318
840277901
840625635
841357131
841383970
841634114
841807439
842299157
842330451
843886920
843923324
844187900
844391103
844392774
844954630
845210903
845256336
845492373
846130950
846362157
846666040
846715801
846813247
847291716
847361389
847397958
847398782
847850940
847904586
847968157
848040870
848199313
848296700
848421867
848869101
848971242
849105302
850051343
850082202
850170340
850282189
850348329
850473149
850547864
851219108
851268741
851508873
851756636
851961935
852183135
852368057
852375816
852528377
853103519
853752567
854504675
854647227
855040248
855071802
855254521
855450154
855527424
855588816
855827620
856382656
857245192
857330514
857456294
857540553
857832553
857846374
858121467
858420407
858647217
859384982
859391760
859621145
859717727
860073646
860613962
860669472
861318942
861331561
861722539
861899662
861919108
861955423
862065750
862323867
862323923
862640571
862724472
862849957
862881105
863942935
863969244
864029418
864480044
864481569
864492253
864660467
864661491
864849069
864925473
865088888
865532338
865536193
865849328
866164982
866167891
866467035
866806581
866876936
867490108
867520271
867650458
867701650
868178283
868482760
868780202
869454751
869524428
869809183
869931556
869944694
870102916
870284293
870527594
870552713
870561392
870796578
871043717
871215471
871216611
871507015
872193122
872337634
872470382
872515984
872538200
872903744
873219744
873754467
873888298
874040074
874179487
875332172
875354346
875442304
875748168
875995606
876314881
876668076
876772711
876810709
877083205
877198887
877230836
877236349
877745102
877780017
877859645
878137326
878203342
878242864
878469603
878474344
878638488
878819529
879008351
879341487
879754737
880005587
880071108
880100496
880578479
880790385
880826423
881467128
882203571
882275226
882278126
882410277
882414037
883025792
883172085
883955380
885455532
885665649
885820189
886008443
886530932
886753066
887343911
887391611
887436187
887722985
887867018
888081170
888341724
888602642
888689348
889064647
889087124
889129750
889539238
889582180
889669685
889973711
890262118
890561207
890606770
890649140
891008740
891010420
891493015
891511727
891672542
892064414
892397701
892864496
893348492
893972036
894418325
894594387
894880874
895065146
895107490
895309577
895352462
895485130
895560607
895968228
896136832
896179839
896499112
896505247
896741014
896802473
896842297
896870249
896875896
896908737
896972263
897135973
897193850
897441299
898059255
898070566
898172288
898402032
899599269
899932777
900141726
900305435
900821824
900992599
901013730
901468528
901894634
902093418
902532309
903166932
903401990
904182004
904379690
904544671
904631369
904748359
904887455
905384641
906033117
906091763
906485048
906624152
906730421
906785548
906887668
906947947
907304425
907350411
907393305
907690077
908032572
908434085
908454842
908701619
908943513
908987344
909063896
910160835
910165890
910166435
910321275
910782029
910970065
911049706
911089867
911381651
911768315
911836202
911883042
912025927
912078201
912095898
912100442
912377661
912497268
912546218
912599711
912615515
912663756
912685794
912737622
912994954
913142037
913707516
914208955
914502311
915219953
915522774
915577881
915589053
915619500
915729111
916361330
916588070
916745232
916803785
917073480
917078426
917116507
917254565
917258468
917288908
917447721
917919571
917969911
918183005
918207207
918436346
918569386
918934987
918968632
919188682
919224981
919239872
919258782
919465037
919528967
919554246
919628948
919682404
919693245
919764367
919862341
919994049
920211112
920592841
920821933
921072370
921325261
921400104
921450958
921453274
921641672
922238360
922431992
922451351
922545867
922637954
923405639
923488513
923880208
924068408
924162578
924354376
924697851
924736916
924792249
925021680
925741749
925841917
926805686
927049037
927116232
927466603
928331737
928412077
928486462
929254362
929338447
929610224
929679950
929746308
929837456
930087167
930159569
930219232
930488102
930599786
930616448
930776472
932093771
932199982
932297200
932493317
932701276
932832983
932871249
933141983
933281390
933352380
933688693
933779171
933854115
934017040
934385576
934444544
934460152
934771591
934964006
935143186
935383714
935617329
935968023
936477412
936629506
936632113
936784734
937008409
937447757
937665873
938150685
938216043
938486342
938643495
938925833
939373419
939622985
939647660
939704704
940242387
940269585
940411898
940508032
940717416
940921704
940967520
941047125
941166881
941620938
941950129
942163463
942517733
942559572
942593980
943639159
943865480
944459269
944564783
944840490
945016270
945203526
945326291
945629737
945655164
945800560
946091743
946094034
946609204
946651986
946758632
946779855
946799571
947044831
947171607
947878244
948022688
948473116
948531429
949269934
949460843
949517752
949742646
949765325
949802451
950045053
950188634
950768568
951173395
951267827
951383756
951394200
951549867
951897589
951985364
951994439
952077593
952166683
952398196
952891104
953032540
953077832
953188124
953275052
953727495
953745396
953784755
954031829
954788928
954872125
954938884
955010034
955157801
955288612
955366058
955372904
955381905
956006338
956144961
956439346
956656227
956679720
956774587
956807584
956826891
956886295
957081274
957423408
957664349
957997382
958552584
958560363
958574103
958928565
959230632
959412214
959578444
959679956
959717330
959734956
959744838
960001550
960037017
960338050
960350969
960591362
960622190
961133165
961359467
961729729
961786199
961842473
962053520
962344747
962496192
962753332
962985101
963506290
963859380
964239476
964954830
965110562
965426255
965587613
965839553
965895961
966129230
966562648
966660884
967307257
967577907
967626529
967756073
967890359
968216069
968273709
968842553
968904552
968924317
969825425
969864799
970290612
970485661
970531042
970876508
971241586
971250299
971485799
972042555
972227633
972239433
972471852
972546594
972807114
972904906
973087526
973198331
973212425
973503676
974297776
974337328
974806776
975037421
975796672
976207601
976511918
976524726
977300462
977363462
977550521
977767704
977794091
977877325
978049609
978240942
978346519
978633888
979127431
979711877
979729030
979922340
979923629
979925834
980066876
980486965
980564121
980726446
980751473
981111931
981190626
981498158
981578606
981646347
981750118
981985458
981989665
982479337
982821522
982942671
983454799
983641823
983780138
984104302
984190988
984574407
985002490
985081301
985254795
985746297
986097840
986539245
987252009
987833728
987999928
988584347
988761154
988833371
988844670
989315746
989604941
989905084
990034395
990915388
991019078
991518895
991602590
991911051
992502300
992776384
992801196
992883295
992926463
992953584
993060664
993402955
993550806
993607874
993672129
994212963
994320808
994599262
995354775
995877839
996030352
996172875
996230734
996540382
996866109
997819017
997843787
998297978
998369369
998500032
998519434
998538219
998602240
998788191
998800357
998968005
999067342
999335337
999454713
999728534
1000139120
1000830370
1001158261
1002083379
1002958725
1003063810
1003190441
1003437313
1003767526
1003988406
1004151532
1004178053
1004423807
1004449364
1004494344
1004741159
1004812662
1004887173
1005102361
1005201434
1005504149
1006581243
1006708213
1006962145
1007085361
1007155411
1007380248
1007449362
1007904036
1008113827
1008120416
1008265392
1008538554
1008652537
1008929040
1009452508
1009484260
1009527630
1009833856
1010621722
1010635665
1010968980
1010983850
1011017638
1011696502
1011781621
1011830173
1011904698
1012345340
1012536054
1012715224
1013086200
1013229123
1013345283
1013686026
1013751205
1013902625
1013949627
1013977613
1014074741
1014094999
1014103461
1014204572
1014685680
1015966914
1016049095
1016176662
1016787810
1016796576
1017165951
1017575617
1017885474
1018035391
1018512902
1018963769
1019093189
1019171886
1019403473
1019426517
1019658346
1019804198
1019889388
1019994191
1020022714
1020097796
1020332192
1020405266
1020540863
1020704625
1020809278
1021092755
1021114155
1021260557
1021716633
1022029349
1022509747
1022670313
1022687820
1022929295
1023251858
1023383704
1023512022
1024043078
1024136877
1024328588
1024416636
1024511608
1024519928
1024538062
1024605671
1024708093
1025343141
1025434789
1025471859
1025556207
1025599852
1025835220
1026455667
1026463871
1026581829
1026834560
1026923516
1027007804
1027515249
1027618753
1027693133
1027708161
1027749030
1028177316
1028682096
1028692215
1028752339
1028932409
1029197578
1029304494
1029506349
1029530053
1029719010
1029907444
1030034079
1030076162
1030150042
1030159931
1030440561
1030597204
1030718781
1030785319
1030959850
1031262247
1031334465
1031558576
1031563437
1031819639
1031896539
1032086579
1032735897
1032997174
1033871240
1034282056
1034368990
1034787734
1035043818
1035222584
1035761503
1035920727
1037384827
1037599181
1037609077
1038565691
1038669766
1039154349
1039180916
1039208662
1039311376
1039980412
1040353394
1040629688
1040892199
1041144231
1041415254
1041662025
1041684553
1042752112
1043096647
1043364306
1043505375
1043690663
1043850841
1044288169
1044349912
1044359331
1044740703
1044762490
1044766223
1045172179
1045896416
1045973910
1046077236
1046199396
1046437038
1046485727
1047013760
1047051135
1047155540
1048661806
1048687779
1048725498
1048985097
1049258841
1049421231
1050134677
1050372474
1050395739
1050417832
1050548623
1050674689
1050926417
1051124098
1051341710
1051366674
1051534824
1051781714
1051984624
1052320470
1052413185
1052467968
1052746517
1052902105
1052975955
1053197991
1053215416
1053246652
1053258719
1053479980
1053608690
1053719346
1054173135
1055153931
1055290464
1055764262
1056057058
1056115684
1056126459
1056597693
1056868774
1057052434
1057352238
1057721564
1057977368
1058476868
1058725190
1058733964
1058981645
1060307590
1060713122
1060726320
1060896332
1060962078
1061005460
1061007554
1061132357
1061227863
1061386500
1061559275
1061611486
1061759937
1061777045
1062250912
1062313409
1062620658
1062627101
1062771987
1062992386
1063036505
1063150632
1063271915
1063478850
1063697995
1064161313
1064680254
1064856257
1065161871
1065168162
1065336455
1065759891
1066732038
1066844425
1066908168
1066932893
1067101291
1067257805
1067427069
1067428445
1067507477
1068031704
1068405853
1068415788
1068477038
1068600515
1068698862
1068845480
1069129795
1069340266
1069348628
1069712785
1069987221
1070269455
1070505063
1070548899
1070926957
1071291075
1071309145
1071362705
1071776370
1072087231
1072352152
1072373559
1072518976
1072649573
1072676163
1072979841
1073092370
1073232458
1073416304
1073720148
1073956855
1074155884
1074392377
1074511006
1074628965
1075025944
1075356239
1075420829
1075468861
1075548832
1075613519
1075914685
1076174032
1076256121
1076274696
1076460871
1076499687
1076542716
1077321494
1077722855
1078208349
1078244874
1078354745
1078869372
1079139130
1079209252
1079531274
1081141255
1081266164
1081362069
1081386999
1081877567
1081927189
1082406844
1082672683
1083021221
1083042520
1083212659
1083656191
1083803725
1084012860
1084022619
1084211834
1084387140
1084685383
1084726144
1085027215
1085228999
1085414439
1085700677
1085729515
1085823851
1086146004
1087113263
1087195785
1087285438
1087628210
1087778792
1087813871
1088007221
1088121054
1088204262
1088773926
1088932428
1089110885
1089469685
1089753066
1089920292
1089951799
1090086172
1090336544
1090520013
1090730491
1090824613
1090962911
1091892564
1091966760
1092125674
1092159956
1092862599
1093444243
1093463888
1093519477
1093722526
1093776752
1093795399
1094134510
1094201959
1094836404
1094964165
1094979743
1095137042
1095283263
1095429669
1095508441
1096647199
1096724460
1096731597
1096821868
1096932393
1097042784
1097101372
1097295115
1097299445
1097430504
1097598548
1097618561
1097877331
1098159975
1098211238
1098381603
1098396292
1098671787
1098857424
1099258550
1099269686
1099278296
1099551517
1099812760
1100574757
1100591604
1100609728
1100760745
1100899660
1100967046
1101308898
1101444377
1101807038
1101828756
1102031004
1102251483
1102330560
1102452339
1102459752
1102775970
1102895619
1103036418
1103050762
1103355589
1104187535
1104386901
1104445903
1105027073
1105214337
1105224597
1105287542
1105308674
1105755801
1106343723
1107036915
1107119542
1107167852
1107649159
1107657504
1107667172
1107733992
1107797351
1108442403
1108537594
1108647033
1108986042
1108992484
1109305692
1109673053
1109915644
1109920646
1109994356
1110130452
1110257555
1110501518
1110719833
1110872122
1111649693
1111827728
1112129074
1112191925
1112555280
1112719279
1113167598
1113229511
1113255343
1113288241
1113653975
1113659773
1113880201
1113996976
1114055389
1114160201
1114335084
1114403656
1114458849
1114713842
1114955359
1114963668
1115365059
1115462304
1115617429
1115672889
1115869896
1116145772
1116443895
1116464177
1116651007
1116923530
1117315982
1117906630
1117964828
1118193674
1118266577
1118885326
1119240904
1119686642
1119700511
1119828368
1120498024
1120641318
1121110982
1121152262
1121480035
1121492216
1121591030
1122421322
1123190319
1123760222
1123880105
1124108512
1124161062
1124554065
1124640896
1124754595
1125195129
1125676031
1125765358
1125772273
1125962742
1125983589
1125984651
1126203090
1126412327
1126453547
1126531561
1127135268
1127253847
1127363046
1127659180
1128014143
1128314938
1128333980
1128575591
1128703327
1128834007
1129046031
1129403507
1129417766
1129579774
1129613519
1129897237
1130079295
1130714358
1130734889
1130799110
1131180433
1131518228
1131645912
1131982780
1133122481
1133362405
1133520571
1133664878
1134399404
1134404949
1134604832
1134841917
1134916341
1135453695
1135522731
1135676661
1135889724
1135988901
1136219034
1136431630
1136587249
1136630544
1136659000
1136844726
1137214792
1137363462
1137514193
1137671168
1137895649
1137979089
1138000497
1138243817
1138259126
1138275201
1138356531
1138475117
1138498907
1138621482
1138705595
1138913750
1139449786
1139487969
1139746665
1140372540
1140537200
1140583967
1140835137
1140880846
1140903878
1140962734
1141357539
1141453125
1141588694
1142193342
1142238400
1142307904
1142395065
1142434075
1142638629
1143185692
1143210182
1143589339
1143712926
1143745076
1144226256
1144651297
1144996411
1145075437
1145953896
1145972681
1146149543
1147200745
1147298661
1148555310
1148589579
1148630970
1148699033
1148811430
1148913466
1149193541
1149234724
1149301142
1149603207
1149721585
1149984404
1149992659
1150049436
1150390774
1151403161
1151492339
1151501966
1151560496
1151808398
1151849999
1152113187
1152505736
1152688078
1152693442
1152943073
1153403008
1153558219
1153616126
1153644734
1153908945
1154367315
1154403862
1154428346
1154712279
1154838124
1154857356
1154879698
1155179743
1155186678
1155220656
1155301143
1155537654
1156247455
1156969600
1157078726
1157249293
1157338471
1157469687
1157700217
1157799296
1158250348
1158589263
1158620887
1158920445
1159010708
1159600941
1159852606
1159901021
1160037977
1160839328
1160950701
1161345810
1161451142
1161457823
1161830506
1161964309
1162105841
1162465148
1162468269
1163360466
1163400433
1163547714
1163987202
1164016744
1164578551
1164690730
1164861820
1164878841
1165112956
1165175486
1165265084
1166606590
1166625569
1166693662
1167238973
1167299261
1167466549
1168161596
1168307052
1168401414
1168412317
1168536444
1168693256
1168824441
1169039283
1169148426
1169290844
1169950766
1169975967
1169977283
1170211262
1170230478
1171142185
1171789682
1172002060
1172099851
1172122791
1172615887
1173040091
1173110618
1173308738
1173328337
1173352687
1173355181
1173432800
1173548312
1174130797
1174222256
1174230328
1175063459
1175208076
1175277569
1175475995
1175500356
1176073638
1176215773
1176679552
1176770625
1176959196
1177296463
1177350478
1177375766
1177485007
1177633698
1177679643
1177944705
1178186236
1178522984
1178602303
1178640353
1179074315
1179088974
1179272098
1179660581
1179998533
1180403777
1180467750
1180556734
1180828639
1180904045
1181152192
1181316657
1182032561
1182109171
1182130907
1182323904
1182408918
1182455959
1182534749
1182546984
1182586216
1182610959
1182782571
1182938669
1183086328
1183094662
1183276022
1183393107
1183481198
1183655088
1184467982
1184917190
1185253193
1185304217
1185387253
1185439443
1185975764
1186128982
1186237187
1186702529
1186769355
1186854833
1187368760
1187631259
1187730266
1187741103
1188141004
1188792286
1189183252
1189350747
1189415555
1189513526
1189811661
1189865774
1190135152
1190639396
1191110613
1191191170
1191291109
1191672058
1191763752
1191930794
1192781296
1193249049
1193339315
1193378292
1194274555
1194423364
1194429104
1194529252
1194919502
1195071331
1195278114
1195415124
1195613900
1195843795
1196059687
1196166587
1196467616
1196614394
1196766976
1196799032
1196962868
1197170203
1197235499
1197822927
1197859055
1197925898
1198331758
1198458693
1198594773
1198755630
1198848862
1198955026
1199248753
1200506894
1200764992
1200852863
1200996596
1201132529
1201492331
1202093208
1202375153
1202692481
1203182027
1203246126
1203518751
1203528212
1203740374
1203908208
1204167279
1204212095
1204284600
1204284993
1204346420
1204626727
1204657967
1204762385
1205044705
1205104384
1205205094
1205542416
1205652978
1205788286
1205992049
1206024588
1206068191
1206161720
1206556288
1206585675
1206642231
1206694190
1206740282
1206768178
1206971215
1207146486
1207276816
1207432196
1207524710
1207776384
1207861884
1208153666
1208212910
1208475090
1208491565
1208518203
1208703706
1208838832
1209089785
1209095849
1209160041
1209191141
1209262020
1209589547
1209602428
1209662448
1209980514
1210039854
1210339035
1210515835
1210583921
1211008177
1211104557
1211268696
1211663271
1211862372
1211878014
1212961930
1213277690
1213291579
1213366267
1213561752
1213610776
1213874573
1214153510
1214210038
1214284675
1214549690
1214665139
1214824346
1215056855
1215116965
1215356707
1215407639
1215781706
1215832903
1216833054
1216962834
1217184711
1217208291
1217218091
1217257235
1217321489
1217561313
1217589242
1218126438
1218178492
1218496671
1218695191
1219232126
1219357835
1219412368
1219481082
1220459229
1220514763
1220655202
1220712538
1220910124
1220910781
1221069015
1221075650
1221355059
1221357362
1221565199
1221761146
1221920393
1222166721
1222217851
1222473527
1222527090
1222731083
1222758543
1223042833
1223753094
1223810262
1224169729
1224579057
1224861564
1224874421
1225010792
1225387134
1225505406
1225528044
1226006636
1226123290
1226210446
1226486467
1226584670
1226723453
1226728376
1226742940
1226979904
1227091963
1227389814
1227605267
1227732207
1228068880
1228186628
1228437052
1228474238
1228608536
1228684688
1228928993
1229012075
1229185492
1229419633
1229812078
1230259233
1230418863
1230559903
1230703877
1231044094
1231225839
1231524828
1232375954
1232405773
1233249936
1233882407
1233935507
1234006781
1234083935
1234359158
1234962805
1235087346
1235369716
1235527178
1236015373
1236608730
1236622818
1236740869
1237046364
1237252815
1237644171
1237670833
1237684958
1237734367
1238252884
1238400426
1238659049
1238875970
1238896945
1239311478
1239536716
1239686736
1239733181
1239740106
1239998883
1240173888
1240347391
1240666101
1240849880
1241053506
1241160169
1241350138
1242020885
1242118214
1242160129
1242204701
1243320678
1243413359
1244023725
1244707268
1244722640
1245005555
1245306953
1245766709
1245910137
1246009382
1246143305
1246479765
1246748446
1246925322
1247268833
1247696724
1247976267
1248176722
1248606801
1248712623
1248946964
1248961026
1249631422
1249655157
1249733708
1250015372
1250088990
1250495362
1250547031
1250583302
1250922805
1251503309
1251656078
1251822487
1252356754
1252625976
1252655968
1253023000
1253291253
1253649908
1253756962
1254158774
1254359621
1254647128
1254815647
1254935431
1255008535
1255082223
1255478430
1255478710
1255521207
1255650720
1255689071
1255918124
1256358861
1256371042
1256464206
1256613757
1256934321
1257068618
1257313459
1257369062
1257410534
1258010371
1258075803
1258097202
1258136090
1258165039
1258415936
1258978705
1259018500
1259068218
1259236915
1259310574
1259717519
1259941305
1260095167
1260240627
1260976793
1261016911
1261113907
1261123801
1261443751
1261479923
1261604188
1261803079
1261972113
1262017646
1262288585
1262417437
1262624489
1262652655
1262775826
1262840337
1263040536
1263080238
1263087046
1263093513
1263112442
1263122405
1263586374
1263879369
1264227781
1264762420
1265571829
1266172218
1266258912
1266271415
1266315754
1266507734
1266657070
1267167195
1267635821
1267639898
1268385711
1268650593
1268860151
1268917529
1268933954
1269278629
1269336368
1269620882
1270385919
1270576160
1270696968
1270966665
1271340240
1271387366
1272576346
1272635569
1272809250
1272883423
1272982846
1273422365
1273438908
1273468450
1273562619
1274139508
1274448675
1274694095
1274969294
1275204613
1275443578
1275483343
1275540402
1276772062
1276871368
1276874505
1277299379
1277330784
1277583635
1277739866
1277750909
1277802321
1278075682
1278087054
1278276021
1278370736
1278719624
1279371587
1279682600
1279746398
1279800590
1280024515
1280075771
1280239962
1280337553
1280419235
1280676537
1280771507
1280832954
1281041758
1281062530
1281344151
1281429484
1282092745
1282163279
1282288286
1282395484
1282439013
1282479346
1282542908
1282634917
1282694179
1282700735
1282815316
1283110514
1283288228
1283530092
1283547982
1283592892
1284187794
1284288036
1284392481
1284792078
1284883043
1285087083
1285207163
1285267242
1285337441
1285438372
1285545327
1286079139
1286369263
1286523496
1286738996
1286748154
1286876666
1287093858
1287339598
1287378807
1287547052
1288215617
1288298754
1288333273
1288798057
1288847258
1289221741
1289257985
1289515095
1289861194
1290190721
1290203819
1290784612
1290981508
1291176771
1291265234
1291422082
1291519920
1291770277
1291944568
1292428661
1292428947
1292621383
1293020561
1293228032
1293312303
1293316030
1293493101
1293665005
1293958558
1294152329
1294513522
1294556847
1294942355
1294987972
1295495001
1295830375
1296188849
1296314292
1297052081
1297197016
1297202593
1297271568
1297355900
1297425177
1297585143
1298068569
1298420877
1298434230
1298837078
1299124925
1299225859
1299380283
1299616056
1299714584
1299738074
1299779650
1300415096
1300551424
1300658265
1300809377
1301006193
1301652233
1302614360
1302849989
1303014421
1303237928
1303266189
1303356685
1303469730
1303558149
1304035501
1304188444
1304489830
1304871446
1304927684
1305121989
1305155237
1305277918
1305984823
1306178358
1306308786
1306803152
1306896629
1306922376
1306950337
1307009555
1307030688
1307124717
1307256074
1307412518
1307520889
1307550055
1307800510
1307983691
1308348204
1308649000
1308865893
1309253202
1309516787
1309775849
1309931833
1309957642
1310353625
1310372157
1310408627
1310552692
1310743612
1310829742
1311232691
1311495256
1311835345
1312444479
1312530134
1312713450
1312724089
1312844643
1312914413
1313548147
1313549263
1314583900
1315041941
1315633612
1315654796
1315657108
1315732004
1316082386
1316137888
1316310081
1316331565
1316427439
1317253155
1317354956
1317480315
1317565223
1318308907
1318587919
1318610698
1318615023
1319563391
1319696661
1319734766
1319789691
1319853268
1319970293
1320539674
1320552070
1320599451
1320665623
1320709042
1320829807
1321006219
1321145327
1321237935
1321539238
1321602179
1322202402
1322709436
1322729270
1322766949
1323153589
1323341598
1323796543
1324091776
1324768738
1325004256
1325111345
1325372154
1325408296
1325726837
1325783411
1325929535
1325960664
1326204508
1326361705
1326421132
1327162022
1327267086
1327322739
1327567821
1327740018
1327900164
1329419342
1329601634
1329782159
1329797040
1330305696
1330575155
1330798602
1330848955
1330882898
1330920925
1331009821
1331119226
1331462342
1331685329
1332419569
1332877666
1333089378
1333101931
1333405785
1333480692
1333537450
1333729102
1333824137
1333975020
1334374915
1334382932
1334495766
1334520761
1334655445
1334810048
1334984880
1335199876
1335567640
1335581733
1335699492
1336359452
1336738760
1336947593
1336971441
1337146186
1337329430
1337496828
1337740082
1337963015
1338520237
1338959460
1339317717
1339432878
1340245363
1340356661
1340410001
1340473659
1341219064
1341227009
1341470895
1341747640
1341826650
1341836065
1342688958
1342965915
1343274266
1343490461
1343647028
1344349549
1344450030
1344730729
1345032343
1345887643
1345946902
1346043775
1346286356
1346334042
1346649111
1346672152
1346689195
1346786156
1347026941
1347613730
1347806649
1347972047
1348358756
1348581223
1348978887
1349031493
1349099578
1349476453
1349720349
1350098961
1350333627
1350366392
1350635223
1350644376
1350839185
1350921278
1351184859
1351863548
1351927630
1352058102
1352214627
1352240100
1352338591
1352745785
1353198108
1353437934
1353466781
1353721409
1353771315
1354005426
1354064479
1354573075
1354637901
1355090072
1355354240
1355560493
1355773464
1355830915
1356427761
1356821394
1356872144
1356895195
1357050592
1357186087
1357440748
1357948243
1357967153
1358351034
1358446559
1358746676
1359153736
1359321246
1359375335
1359517330
1359567163
1359574311
1359667293
1359939252
1361136866
1361213513
1361396496
1361536441
1361875712
1361988489
1362129131
1362272205
1362273396
1362694175
1362792903
1363140119
1364168108
1364392799
1364619526
1364870878
1365546409
1365800313
1366725364
1366863973
1366931677
1367385299
1367581438
1367638586
1367860450
1367867836
1368270807
1368566873
1368808628
1369227376
1369632315
1369689897
1369790366
1369800696
1370037432
1370604119
1370796853
1370866146
1370872808
1370964682
1371246384
1371657974
1371768332
1371936588
1372004673
1372074077
1372318283
1372485828
1372620877
1372758740
1373096171
1373409133
1373452128
1373663825
1373921858
1374381341
1374488913
1374511809
1374557276
1374573647
1374735200
1375070603
1375148185
1375220788
1376198011
1376377347
1376532745
1376782466
1376882953
1377208479
1377294882
1377397441
1377582857
1377677575
1377680339
1377847431
1377856270
1378700319
1379226775
1379251940
1379757150
1380280238
1380393157
1380570982
1380783755
1381197802
1381838668
1382361158
1383129007
1383312320
1383389590
1383489506
1383725652
1383743271
1384010770
1384082048
1384302083
1384579716
1385056413
1385282925
1385327600
1385581040
1385648005
1385789150
1385813169
1386502162
1386976390
1387071969
1387086355
1387325673
1387740397
1387790112
1388240968
1388445660
1388510213
1388595492
1388834211
1388925562
1389110705
1389142886
1389651152
1389850959
1389944599
1389950539
1390039806
1390449793
1390671417
1390824625
1390865426
1391536971
1391571299
1391881149
1391958258
1392575976
1392779149
1393071445
1393120081
1393325216
1393541183
1393678668
1393917023
1393966538
1394230515
1394390847
1394503243
1394523926
1394882227
1394984092
1395476456
1395629471
1396287448
1396303690
1396442973
1396750575
1397177360
1397295542
1397531874
1397748330
1397829513
1397926248
1398083939
1398180241
1398402428
1398565643
1398633824
1398711046
1398833055
1398856127
1398970582
1399203801
1399304988
1399335322
1399543622
1399875622
1400550923
1400582570
1400606044
1400636496
1400750450
1400831201
1401038776
1401253763
1401316444
1401329993
1401340368
1401645468
1401882068
1401894296
1401917238
1402039010
1402231437
1402374955
1402698248
1402819404
1403312385
1403465245
1403797996
1403902922
1404369561
1404509920
1404784115
1404913917
1404941863
1405060264
1405475136
1405617678
1405639774
1405752236
1406251167
1406290962
1406300538
1406524741
1406619364
1406844113
1406911477
1406941325
1407015535
1407470893
1407494541
1407523983
1407821935
1408021363
1408242215
1408669410
1409459251
1409641410
1409908775
1410279075
1410772755
1410991245
1411059956
1411824926
1412041276
1412124228
1412960564
1413044092
1413352292
1413488746
1413715172
1413771058
1413869371
1413910151
1414223684
1414308562
1414785326
1415019707
1415071211
1415370226
1415894453
1416201862
1416312306
1417077409
1417088895
1417121271
1417387924
1417613965
1417777489
1417792970
1418231977
1418413151
1418950421
1419160622
1419195887
1419371098
1419570454
1419795655
1419961612
1419992043
1420021256
1420517306
1421128245
1421177333
1422005585
1422262654
1422268678
1422299643
1422327568
1422449746
1422456976
1422486492
1422622694
1422704811
1422834346
1423246351
1423742064
1423917280
1424485763
1424729822
1424950244
1425177872
1425285894
1425347674
1425409661
1425912304
1426148918
1426217192
1426347603
1426356163
1426408205
1426509453
1426523082
1426531431
1426784323
1426967299
1427030859
1427169758
1427300981
1427401531
1427805550
1428915880
1429437709
1429497270
1429539001
1429662457
1430061093
1430154468
1430349121
1430518354
1430602714
1430785761
1430963306
1431044403
1431063839
1431663379
1431716063
1431859201
1431970620
1432917791
1432960504
1433130408
1433725618
1433799318
1434226146
1434572044
1434741380
1434741981
1434945787
1435011732
1435604224
1435755367
1435840680
1435998195
1436518629
1436570430
1436786065
1436858600
1436981427
1437130510
1437235482
1437315899
1437526738
1437714075
1437807374
1439535736
1439939714
1440389183
1440422999
1440561856
1440885917
1441296053
1441368409
1441524853
1441688964
1442224810
1442802412
1442984777
1443228168
1443416039
1443822603
1444073849
1444380363
1444640747
1444723545
1444849892
1444869417
1445360926
1445789595
1445796031
1445849162
1446082357
1446084624
1446091167
1446207256
1446221265
1446273800
1447702499
1448773221
1448829499
1448905220
1448957028
1449004574
1449120673
1449190737
1449293864
1449378528
1449546097
1449578084
1449794014
1450122629
1450205391
1450247851
1450402870
1450508701
1450953208
1451011208
1451083525
1451217602
1451669501
1451762394
1451834185
1451936736
1452086989
1452163468
1452364791
1452492815
1452791387
1452811880
1453014986
1453072816
1453242529
1453530211
1453891326
1454040426
1454075853
1454092024
1454421888
1454462153
1454628170
1454643858
1454922281
1455000806
1455088012
1455090540
1455518623
1456215621
1456424699
1456548271
1456805986
1457100025
1457258965
1457315085
1457709271
1457852799
1458094642
1458149078
1458150800
1458165484
1458236962
1458407236
1458534935
1459122766
1459536044
1459537037
1459794222
1459908070
1460346668
1460390893
1460635291
1460897331
1461079096
1461158871
1461167774
1461202471
1461362173
1461553339
1461557948
1461731028
1461978646
1462220516
1462272599
1462290121
1462899156
1463028208
1463469068
1463511910
1463532220
1463532452
1463807345
1464753324
1464840353
1464840814
1464924481
1465718986
1465929457
1466845285
1466884608
1467090471
1467737559
1467912660
1468070310
1468109602
1468331584
1468349748
1468407416
1468408978
1468689820
1468697149
1468883478
1468969809
1469033720
1469400030
1469426804
1469680469
1469689539
1469768410
1470173848
1470505237
1470708651
1471318844
1471365571
1471395711
1471504518
1471664293
1471670605
1471680770
1472207065
1472759012
1472920187
1473156452
1473238387
1473400750
1473558511
1473737653
1473779888
1473925294
1473989857
1474075652
1474103572
1474443650
1474490938
1474654972
1475413367
1475445595
1475610688
1475787067
1476026993
1476155065
1476175249
1476229375
1476434282
1476735155
1476940149
1477709405
1478145991
1478832238
1479055309
1479130869
1479143796
1479378241
1479932227
1480267283
1480273317
1480283387
1480368794
1480554621
1480586249
1480885564
1481140772
1481702228
1481840471
1481937150
1482055648
1482245043
1482334072
1482403495
1482620286
1482631598
1482666449
1483291614
1483350796
1483459438
1483769391
1484122597
1484194540
1484240879
1484343920
1484461117
1485330969
1485411599
1486122015
1486597689
1487241740
1487272879
1487564143
1487574459
1487795786
1487940810
1488316720
1488322613
1488614649
1488659720
1488722634
1488802521
1488926384
1489278956
1489563376
1489585664
1490120661
1490420858
1490649667
1491159690
1491180421
1491219905
1491578366
1491820042
1491941601
1492309061
1492477315
1492804282
1493486439
1493719878
1493934531
1494045345
1494341062
1494484194
1494497163
1494667457
1494852019
1494864963
1495335782
1495612685
1496101834
1496401535
1496687518
1496892664
1497000295
1497338401
1497521597
1497761598
1497936076
1497955473
1498394776
1498531031
1498988635
1499186843
1499280658
1499526816
1499632680
1499688860
1500331652
1500580098
1500630528
1500829663
1500858165
1501479428
1501791754
1501879316
1501970457
1502282884
1502423906
1502425435
1502598470
1502647417
1502780165
1502983037
1503092172
1503206740
1503398080
1503773069
1503923127
1504013328
1504069893
1504077683
1504256358
1504554636
1504566775
1504810487
1504938204
1505004828
1505049889
1505285564
1505451383
1505737459
1506155600
1506170199
1506356857
1506725018
1506743115
1507651878
1507711575
1507727196
1507860088
1507900677
1508244457
1508399223
1508640712
1508864936
1509471378
1509510894
1509766741
1509810381
1510026605
1510144062
1510392163
1510664002
1510995905
1511096260
1511406079
1511482595
1511499547
1511529326
1511863688
1511979743
1512123472
1512186049
1512644790
1512793292
1512988129
1513225763
1514088805
1514196946
1514258396
1514310748
1514939818
1515223731
1515297189
1515518053
1515780846
1515912720
1516028161
1516175855
1516318194
1516436433
1516688122
1517180316
1517686623
1517690989
1517797833
1518022328
1518134168
1519133173
1519721539
1519726639
1519853795
1520101758
1520206546
1520451742
1520524449
1520631013
1520651559
1521127155
1521362781
1521474487
1521553695
1521854886
1521914903
1521938219
1522962019
1523236572
1523492572
1523667265
1523732252
1523756191
1523990571
1524141450
1524300989
1524642203
1524720172
1524794058
1525007006
1525327811
1525388456
1525396621
1525541296
1525543560
1525576569
1525717906
1525725219
1525881186
1526612091
1526708145
1526886400
1527128507
1527325122
1527391555
1527488003
1527525806
1527927174
1528155679
1528162362
1528523065
1528654508
1528715594
1528763230
1528943712
1529323401
1529523829
1529623018
1529627086
1529906318
1530009962
1530211032
1530457156
1530716440
1530814033
1530958443
1530978800
1530996305
1531031745
1531039740
1531260629
1531328155
1531539520
1531541414
1531615619
1531708116
1531825801
1531870864
1532636514
1532993420
1533002952
1533006027
1533173381
1533298263
1533674212
1533896928
1534040863
1534095447
1534548496
1534763082
1535358209
1535429729
1535446842
1535879390
1535983482
1536268629
1536573483
1536926094
1536983350
1537030730
1537784551
1537895711
1538314732
1538386427
1538441662
1538490189
1538872621
1538942709
1539474994
1539942123
1540203260
1540544593
1540940880
1540949572
1541312275
1541345338
1541346122
1541424666
1541836698
1541851106
1541860953
1541960979
1541965576
1542116235
1542542179
1542700567
1542754692
1542955152
1543255050
1543627566
1543685117
1543918166
1543946609
1543975709
1544606706
1544743105
1544933228
1545204406
1545277468
1545742917
1545764202
1545796532
1545804653
1546428146
1546774192
1546810339
1547522291
1547824382
1548000735
1548020257
1548052720
1548347122
1548485477
1548492075
1548763097
1548925295
1549071887
1549205840
1549289790
1549625067
1549827020
1550114250
1550815393
1551181393
1551487613
1551593621
1552057586
1552279094
1552401302
1552488962
1552593999
1552776405
1552984016
1553240021
1553386613
1553778788
1553817473
1554049617
1554742948
1554785613
1554925198
1555048197
1555058929
1555449553
1555570658
1555721961
1555928764
1556232893
1556253384
1556268828
1556466833
1556515707
1556724340
1558469362
1558592108
1558711568
1558792680
1559083996
1559452960
1559782016
1559861254
1560012767
1560697475
1560734803
1561064408
1561298904
1562637636
1562743906
1562873561
1562954438
1563229154
1563336114
1563875662
1563927598
1563948972
1564516803
1564643847
1564811678
1564829966
1564895059
1565432015
1566220764
1566542824
1566635569
1566659937
1566754301
1567091832
1567158005
1567518700
1567521030
1567590576
1567740926
1567871494
1568141373
1568371474
1568679919
1568758285
1569726260
1570052731
1570074235
1570291594
1570489729
1570909180
1571175541
1571227669
1571644806
1571681690
1571810525
1572254432
1572330626
1572473043
1572738673
1572833152
1573011836
1573145198
1573202385
1573221480
1573253452
1573887673
1573944684
1574452634
1575282696
1575286562
1575329405
1575346364
1575373599
1575518719
1575787131
1575918747
1576192968
1576290750
1576365861
1576383765
1576684947
1577039126
1577079660
1577155037
1577177875
1577182869
1577547889
1577934944
1578011253
1578159516
1578283159
1578435585
1578692923
1579086540
1579196840
1579268416
1579711823
1579774371
1580129254
1580228565
1580410050
1580504008
1580560090
1580578003
1581030337
1581134618
1581209782
1581447947
1581646556
1581842738
1581920099
1582022831
1582238208
1582322216
1582435879
1582764939
1583308258
1583705640
1583940847
1584307799
1584628336
1584644065
1585077699
1585087570
1585187738
1585370447
1585506676
1585874042
1586575147
1586752549
1587149855
1587228204
1587311746
1587321054
1587341745
1587559317
1587609159
1587775663
1588197565
1588237525
1588557790
1588584057
1588587132
1588764340
1588803275
1588989349
1589011457
1589047275
1589403602
1589585450
1589624107
1589799286
1589909943
1589942902
1590014392
1590072570
1591248660
1591261478
1591592299
1592592706
1592856742
1592899418
1593225258
1593426851
1593517426
1593592641
1593788152
1593949312
1594121529
1594281996
1594321766
1594512462
1594540349
1594608818
1594707438
1595099813
1595314767
1595690098
1595829786
1595910192
1596101301
1596121759
1596495353
1596517241
1597303465
1597345195
1597358143
1597460550
1597876679
1597943886
1598225012
1598254217
1598679321
1599093487
1599353683
1599705692
1599834059
1600451949
1600548416
1601287040
1601310289
1601414473
1601486122
1601534261
1602161829
1602221787
1602239616
1602280071
1602474528
1602531142
1602589907
1602966603
1603089437
1603207828
1603256085
1603884643
1604285430
1604293260
1604316328
1604631282
1604816468
1604894657
1605471802
1605905265
1606397956
1606738336
1606837206
1606910405
1606956869
1607037556
1607159342
1607270019
1607434284
1607505723
1607623157
1607636672
1607789601
1607921509
1608189645
1608808167
1608923579
1608979673
1609186430
1609306179
1609487907
1609528825
1609763252
1609781409
1609899247
1610174396
1610596837
1610858048
1611113831
1611546208
1611766562
1612009960
1612053302
1612559128
1612854553
1613328362
1613419306
1613612340
1614063882
1614202141
1614281777
1614428748
1614456627
1614919696
1615385397
1615403043
1615420276
1615656803
1616566690
1616746678
1616990473
1617598477
1617644465
1617651788
1617815926
1617881295
1617984024
1618174852
1618346635
1618583602
1619109792
1619790359
1619918725
1619997465
1620100713
1620796668
1620816520
1620865418
1621116109
1621144368
1621231823
1621345698
1621851779
1621864694
1622032892
1622054254
1622615983
1622855493
1623340384
1623469626
1624144820
1624823152
1625310540
1625373267
1625410635
1625451735
1625461979
1625883292
1626056642
1626200151
1626243498
1626378351
1626473214
1626548824
1626963494
1626974751
1627026729
1627145579
1627340230
1627503007
1627571187
1627878405
1627918616
1627992232
1628057788
1628389796
1628459061
1628930256
1629064935
1629329036
1629715975
1629753144
1629770464
1630481373
1630673910
1631472821
1631540661
1631574673
1631575964
1632053716
1632196614
1632488486
1632515179
1632620099
1632659622
1632723226
1633221482
1633385186
1633458691
1633710452
1633826238
1633944536
1633989777
1634282118
1634367580
1634955395
1635047329
1635293659
1635459436
1635652305
1635719944
1636525125
1636544153
1636633885
1637226897
1637394062
1637601305
1637626240
1638010997
1638214340
1638694581
1639107203
1639122707
1639241883
1639650311
1639878728
1639900719
1640309973
1640710247
1640880322
1641028496
1641555542
1641893949
1642059339
1642529467
1642821329
1643285920
1643573274
1643883077
1644534090
1644816953
1645006873
1645225401
1645469281
1645589734
1645639462
1645780696
1646419946
1646674848
1646987924
1647076817
1647214153
1647337200
1647338784
1647375761
1647921844
1648254443
1648417483
1648472638
1648483068
1648549103
1648621133
1648632974
1648989297
1649214192
1649621149
1649914420
1650052530
1650131499
1650417170
1650476644
1651252618
1651303067
1651788111
1652330871
1652379374
1652819805
1653243762
1653270661
1653403340
1653407662
1653835361
1653984189
1654040635
1654055567
1654442989
1654781917
1654894959
1654913139
1654940378
1655005541
1655111091
1655268079
1655394905
1655518396
1655532181
1655643063
1655688046
1656243563
1656244187
1656297610
1657133464
1657216600
1657575428
1657922403
1658038305
1658123251
1658347232
1658400673
1658472421
1659101863
1659104545
1659168260
1659802125
1659905846
1660020539
1660524868
1660544804
1660817111
1660853021
1661315821
1661655869
1661662046
1662561608
1662652664
1662846661
1663283405
1663342385
1663496344
1663568477
1663688911
1663737131
1663752755
1663835611
1663940233
1664296332
1664591485
1664837693
1665129278
1665343618
1666154732
1666312187
1666365665
1666429850
1666643851
1666677055
1666875053
1667086255
1667274981
1667370514
1667402276
1667610826
1667671914
1667823328
1667848217
1668324906
1669006582
1669017865
1669768234
1670007458
1670379811
1670759198
1670784133
1671435922
1671724994
1671788478
1671935715
1672119743
1672318392
1672412512
1672548243
1672570620
1673330984
1673627475
1673787069
1673834079
1673917087
1674215761
1674258626
1674359551
1674527388
1674542050
1674831728
1674847771
1674861355
1675080078
1675347021
1675383165
1675643489
1677148502
1677241336
1677274620
1677590951
1677614406
1677816024
1678324568
1678630546
1678827465
1678871777
1679009007
1679240914
1679892584
1679966958
1679979928
1680383989
1680776451
1680855223
1681697574
1681722368
1681938354
1682299196
1682314807
1682695092
1682769972
1682909780
1683025144
1683143700
1683300575
1683530688
1683619863
1683796857
1684146138
1684280979
1684678294
1686034574
1686324313
1686421513
1686724802
1686760409
1686796071
1686851895
1687046732
1687085176
1687138553
1687359672
1687590519
1687736425
1687798734
1688068579
1688775566
1688783256
1688906819
1689010299
1689121995
1689241286
1689448554
1689624014
1689983371
1690013942
1690183019
1690568103
1690783481
1690856431
1691205377
1691296618
1691346821
1691716154
1692035891
1692365606
1692951124
1693035526
1693238857
1693497596
1693878457
1693954858
1694123268
1694240000
1694608884
1694906483
1694968393
1695167880
1695511663
1695607420
1695921561
1696088898
1696371591
1696762165
1696946961
1696991116
1697258973
1697692845
1697732179
1697947407
1698359964
1698476317
1699094713
1699207190
1699330366
1699493440
1700731052
1701044245
1701082878
1701412088
1701568179
1701806537
1702065831
1703527324
1703905134
1703969364
1704078716
1704215956
1704284698
1704436872
1704862305
1705008192
1705266816
1705985134
1706152862
1706229109
1706392380
1706571371
1706779416
1707325886
1707396868
1707780170
1707780922
1707939669
1708111933
1708173916
1708348070
1709332599
1709581380
1709781155
1709886806
1710098014
1710123828
1710189870
1710331150
1710949278
1711050000
1711360573
1711489296
1711534587
1711573109
1711614287
1711730052
1711813163
1711969360
1712011592
1712460212
1712630081
1713058423
1713505812
1713521104
1713621130
1713626083
1713744174
1713861892
1714576995
1715139058
1715556067
1715619115
1715885920
1715917866
1716074006
1716309559
1716653241
1716774155
1717206271
1717258576
1717285815
1717648537
1717815546
1718048701
1718062392
1718072428
1718264538
1718356287
1718376035
1718708268
1718785441
1718794103
1718908191
1719070011
1719251476
1719274419
1719462816
1719841908
1719876553
1719888328
1719915444
1719947167
1719992303
1720177835
1720400510
1720420492
1720439748
1720498171
1720681725
1720848041
1720955030
1720981093
1721058186
1721404861
1721461366
1721661891
1721818457
1721934916
1722204662
1722257964
1722309044
1722545878
1723001594
1723298692
1723589703
1724039943
1724098197
1724429232
1724908909
1725415135
1726240965
1726404391
1726658541
1727063253
1727268852
1727316978
1728524897
1728554355
1728921666
1728940360
1728960104
1729106282
1729348472
1729670712
1729671970
1729723861
1729724935
1730666408
1730899302
1731763190
1731851408
1731919242
1732334516
1732516850
1732777972
1732915570
1733635522
1733733867
1733886033
1734271841
1734313075
1734317699
1734397941
1734829257
1734923739
1734942284
1735023376
1735122466
1735170698
1735286417
1735653531
1735664857
1735710544
1736214973
1736438455
1736833917
1736853533
1736885490
1737576762
1737593055
1738410196
1738721528
1738832467
1738963482
1739150644
1739464409
1739490374
1740745386
1740898269
1741535897
1741652574
1742025728
1742127316
1742183993
1742284109
1743002134
1743780489
1744124466
1744150157
1744176682
1744321001
1744335731
1744806109
1745005740
1745032153
1745367155
1745472704
1745669303
1745950306
1745977543
1746341556
1746654798
1747260443
1747393748
1747439502
1747744412
1747857050
1747887786
1748829920
1748842620
1749439060
1749605603
1749668508
1749685204
1749832276
1750362566
1750397634
1751293590
1751880645
1752208511
1752228338
1752414928
1752444425
1752724513
1753183528
1753198653
1753302628
1753394716
1753659678
1754069300
1754192721
1754350919
1754506456
1754733437
1755033314
1755079568
1755229884
1755453508
1755490309
1755726796
1756331117
1756553038
1756586728
1757103023
1757280529
1757286633
1757812219
1757831043
1758273052
1758589925
1758692219
1758733199
1759099934
1759477206
1759508362
1760287488
1760430475
1760559374
1760584112
1760641753
1760725083
1760904609
1761728425
1762218586
1762559340
1762898837
1763277671
1763458751
1763680290
1763866393
1763943693
1764330640
1764394164
1764684891
1764780011
1764924679
1765612024
1765635291
1766041758
1766250541
1766667227
1767357845
1767392986
1767628889
1767643977
1767929172
1768053579
1768666186
1768675948
1768819713
1768905494
1768956594
1769337531
1769412309
1769584412
1769865730
1769979916
1770355157
1770374159
1770527291
1770701669
1770737037
1771068634
1771447221
1771529383
1771539511
1771745051
1771883795
1771930094
1771972458
1772099096
1772533464
1772807196
1773055118
1773148628
1773234753
1773368841
1773372582
1773772882
1773951903
1774165627
1774309204
1774471208
1774669835
1774856019
1775123264
1775142222
1775798558
1775818480
1775952163
1776015725
1776062112
1776513700
1776764554
1776823711
1776869817
1776888660
1776967681
1777112122
1777191157
1777836080
1777849989
1778168297
1778380421
1778891768
1778929576
1779143899
1779357069
1779383748
1779768658
1779790005
1780198918
1780352535
1780554854
1780797189
1780801201
1780866963
1781037533
1781553046
1781579098
1781632045
1781783823
1781830280
1782015501
1782054265
1782125578
1782131341
1782313365
1782580039
1782739877
1782752409
1782814405
1783250182
1783417174
1783422169
1783623316
1783854876
1784002190
1784219378
1784250488
1784951189
1785121273
1785232467
1785411227
1785414654
1785566656
1785618686
1785622112
1786193456
1786560081
1786928292
1787240510
1787430373
1787497126
1787653769
1787722399
1787816415
1788069974
1788367881
1788596557
1788596974
1788677543
1788720852
1788758621
1789422166
1789444982
1789453972
1789525040
1790094590
1790160731
1790250651
1790845852
1790913275
1791210965
1791356831
1791842906
1791910539
1792335469
1792595033
1792813805
1792921432
1792959863
1793083526
1793143940
1793488104
1793489325
1793506286
1793766659
1793767802
1793986271
1794054470
1794246677
1794478938
1795036635
1795421124
1795614897
1795670036
1796123567
1796131831
1796179257
1796289617
1796296208
1796409766
1796910782
1797230001
1797324485
1797478010
1798098260
1798196722
1798361965
1798421357
1798707770
1798889646
1799552797
1800078543
1800632320
1800696031
1801296089
1801641801
1801883020
1801892298
1801950334
1802036082
1802234901
1802460810
1802503705
1802619718
1802858022
1803089798
1803309440
1803322121
1803802177
1803823793
1803910265
1804027459
1804259682
1804442208
1804736118
1805706085
1805710619
1805938450
1806368225
1806389097
1806677849
1806976981
1808775012
1809448396
1810556791
1810919529
1811119522
1811180965
1811414889
1811879251
1812104968
1812682477
1812766217
1812780255
1812882065
1812966393
1813026615
1813129965
1813359292
1813364191
1814166925
1814418914
1814455328
1814830307
1815060320
1815239505
1815587875
1815835120
1815992957
1816272552
1816279224
1816280355
1816310161
1816694020
1816837061
1817197639
1817197822
1817734739
1817785582
1817806816
1817877728
1817961572
1818207270
1818227688
1818669053
1818931326
1818965298
1818974091
1819021370
1819083597
1819144907
1819317198
1819439637
1819643586
1819646445
1820024323
1820230634
1820416320
1820600679
1820705639
1820958838
1821012624
1821585820
1821682206
1821786652
1821847700
1822132513
1822295129
1822309462
1822363878
1822552639
1822998958
1823376640
1823377777
1823442383
1823451593
1823928389
1824229517
1824440813
1824561455
1824715650
1825578743
1825942070
1826028145
1826440079
1826593010
1826896577
1826901818
1827210240
1827525128
1827618372
1828241182
1828387545
1828635741
1828727713
1829525449
1829663637
1829718817
1830047222
1830208867
1830596492
1830656952
1830684993
1830901301
1830958787
1831460877
1831624712
1832121166
1832146579
1832353903
1832612565
1832617608
1832657961
1832876160
1833255329
1833316033
1833490367
1833514639
1833543851
1833670512
1833784741
1834108959
1834315208
1834402230
1834608338
1835015677
1835307828
1835397212
1835724950
1836028556
1836263047
1836297247
1836872549
1837373746
1837411305
1837421061
1837789763
1837947471
1838082844
1838330539
1838373969
1838467013
1838492001
1838621526
1838662828
1838709736
1838971263
1839032618
1839051817
1839085751
1839086479
1839098564
1839215432
1839275499
1839555182
1839722949
1840555380
1840973454
1841108920
1841343385
1841746341
1842323079
1842334578
1842351078
1842674636
1842676290
1842798575
1842802625
1842876862
1842885455
1842916343
1842938715
1843147118
1843634312
1843689970
1843773401
1843845399
1844174099
1844235293
1844704234
1845119204
1845119237
1845267020
1845401370
1845516367
1845578358
1846624444
1846914094
1846998437
1847054455
1847127651
1847523971
1847721376
1847814898
1847866948
1847970132
1847973270
1848227249
1848248458
1848799562
1848951746
1849006835
1849111442
1849406670
1849644252
1849656998
1850441464
1850472287
1850499891
1851113226
1852112794
1852897502
1852940966
1852972717
1853057920
1853089830
1853372804
1853420056
1853590138
1854423651
1855823022
1855926909
1856216442
1856346725
1856602544
1856641949
1856673059
1856757006
1856893776
1856971486
1857050117
1857165094
1857352057
1857561884
1857945166
1858315807
1858430107
1858507000
1858664819
1858845358
1858854276
1859090391
1859215048
1859230496
1859251202
1859476443
1859830592
1859840069
1859899519
1859908227
1860341357
1860564524
1860615258
1860995387
1861039399
1861054653
1861250035
1861337952
1861343047
1861413521
1861426422
1861810926
1862123621
1862201756
1862237327
1862531109
1862738752
1862773579
1863722593
1863840617
1864127817
1864230856
1864316148
1864543969
1864566405
1864980127
1865053289
1865113923
1865341021
1865471306
1865645374
1865816529
1866055624
1866209592
1866226209
1866647025
1867078851
1867095576
1867206956
1867266252
1867281867
1867437662
1867484900
1867714776
1867917996
1868158296
1868212668
1868455869
1869379955
1869401557
1869457435
1869540658
1869985731
1870613801
1870840681
1871449853
1871989214
1872120392
1872884667
1872941314
1873439191
1873444297
1873548407
1873754111
1873842703
1873993019
1874385519
1874430678
1874462889
1874535936
1874661173
1874727121
1874992215
1875214979
1876049996
1876063769
1876889259
1876993829
1877011746
1877303748
1877376590
1877540356
1877753713
1877791236
1877922015
1878141728
1878237273
1878358994
1878748482
1879223252
1879233726
1879411051
1879626456
1879965713
1880237283
1880892088
1881103885
1881360388
1881434852
1881663149
1882891035
1883114844
1883460118
1883544361
1883672176
1883769255
1884017901
1884423960
1884425629
1884681079
1885481606
1885643796
1885769292
1886214772
1886424271
1886640518
1886766030
1886875173
1887216335
1887262563
1887358251
1887810119
1887983362
1888109893
1888135415
1888293543
1888437360
1888583794
1888660446
1888736782
1888965939
1889384337
1889529212
1889931590
1889966910
1889993974
1890779385
1891166860
1891904254
1891948604
1891995782
1892268595
1892368233
1892376337
1892398248
1892750596
1892846288
1892904135
1893070433
1893422832
1894175235
1894215712
1894268251
1894391138
1894409262
1894420756
1894883580
1894901180
1895364479
1895479839
1895800627
1896019797
1896237197
1896322840
1896404038
1896546065
1897060273
1897180372
1897253900
1898000816
1898761666
1899188397
1899265505
1899265834
1899488762
1899505520
1899758210
1899817278
1900065497
1900217969
1900386118
1900513612
1900763177
1900766161
1901029651
1901047372
1901191890
1901667727
1901713303
1901739024
1901947642
1902089267
1902114283
1902160881
1902186258
1902208297
1902243088
1902682746
1903043746
1903496945
1903516001
1904578448
1904646260
1904840880
1905037054
1905317255
1905412060
1905412744
1905589145
1906192971
1906207661
1906359080
1906484142
1906496913
1906646333
1906970479
1907117055
1907732711
1907879665
1907915845
1908336644
1908351521
1908371021
1908558807
1908562425
1908613423
1908709896
1909080197
1909219430
1909302174
1909396348
1909403590
1909456505
1909777104
1909864449
1909900735
1910126752
1910220715
1910347013
1910443440
1910699269
1910869652
1910995812
1911027603
1911138916
1911176059
1911615497
1911619001
1911725315
1912055157
1912306190
1912422638
1912653761
1913336049
1913514856
1913744764
1914399687
1914584863
1915556475
1915743823
1915774672
1915776346
1915799162
1916029806
1916169422
1916326830
1916442675
1917142314
1917154618
1917391393
1917626907
1917801145
1917808001
1918122420
1918151307
1918255094
1918413398
1918973271
1919398839
1920010123
1920194508
1920385655
1920407356
1920660250
1921027429
1921199162
1921210084
1921310653
1921483364
1921579764
1921747923
1922283645
1922489630
1923058220
1923074190
1923241291
1923721652
1923798592
1923932441
1924303462
1924380136
1924489955
1924624823
1924790891
1925379410
1925504706
1925852543
1926360444
1926767649
1926780874
1926881819
1927866889
1927953373
1928271709
1928331125
1928380275
1928563571
1928688404
1928798634
1928853685
1928986456
1929022967
1929149848
1929487459
1929572260
1929698934
1929724318
1930144028
1930634413
1930869522
1931008134
1931314504
1931467055
1931486073
1931737710
1931918770
1932052950
1933000023
1933135955
1933745206
1934042333
1934197522
1934445432
1934504790
1934903474
1935175767
1935226112
1935278185
1935283767
1935714588
1935737907
1935765013
1935773963
1935778441
1936076493
1936082027
1936084034
1936423151
1936465972
1936528231
1936593298
1936726337
1936986364
1936999297
1937290665
1937522559
1937839121
1937910302
1938063618
1938186901
1938495777
1938559029
1938672628
1938708197
1939037980
1939074052
1939153948
1939216930
1939230568
1939238107
1939363335
1939686672
1939827789
1939888212
1939971720
1940134400
1940154471
1940326609
1940931068
1940936633
1941137358
1941996482
1942170105
1942532778
1942764611
1943225487
1943568240
1943784068
1944197555
1944423442
1944576607
1945011892
1945068973
1945149986
1945385653
1945451068
1945646897
1946220098
1946559792
1946890856
1947419418
1947776621
1948023588
1948058439
1948271755
1948382070
1948408641
1948968255
1949020415
1949047084
1949079879
1949158539
1949176997
1949190031
1949527867
1949603385
1950016187
1950065686
1950069753
1950269919
1950656059
1950952612
1951278401
1951601161
1951832219
1951871942
1952163035
1952244331
1952333967
1952665889
1952985740
1953099990
1953348213
1953533203
1953714621
1953800481
1954047576
1954263396
1954456814
1954614522
1954630552
1954786543
1954949091
1955020520
1955362186
1955567303
1955682558
1956095272
1956210719
1956228775
1956514900
1956647412
1956847576
1957447769
1957511361
1957563743
1958005792
1958033492
1958534907
1958712088
1958750525
1958836895
1959119595
1959582684
1959738152
1959800637
1959829143
1959889683
1959932169
1959961027
1960109498
1960220497
1960371524
1960654989
1960712811
1960891981
1961009585
1961260914
1961515567
1961539336
1961652149
1961951735
1962549439
1962879841
1962985301
1963124137
1963146863
1963484456
1963740806
1964151606
1964677956
1964686222
1965194081
1965342568
1965397038
1965713926
1965757680
1965765181
1965881147
1966145565
1966177512
1966525014
1967124159
1967303106
1967817961
1968468531
1968688229
1968895611
1968990081
1969204933
1969466974
1969549990
1969592350
1969738677
1969867011
1969899671
1970135286
1970151274
1970248577
1970261103
1970332585
1970929031
1971009538
1971101768
1971732982
1971743558
1972276684
1972560032
1972634222
1972706015
1972908561
1972965417
1973159267
1973183757
1973342826
1973458284
1973459672
1973874811
1974005752
1975094870
1975293300
1975295097
1975401863
1975536007
1976049485
1976137233
1976860860
1977164391
1977809444
1978545287
1978772887
1978987752
1979032218
1979109333
1979227448
1979362893
1979489130
1979569926
1980436444
1980772919
1980792559
1980905770
1981343137
1981473258
1981516118
1981839912
1981938030
1982154811
1982815463
1983743199
1984189451
1984192660
1984326318
1984478972
1984834767
1985364279
1985671085
1985880368
1985916588
1986158956
1986204294
1986523719
1986868603
1986957186
1987179401
1987273511
1987981598
1988011394
1988641574
1988809704
1989472509
1989508256
1989616241
1990175363
1990190226
1990332416
1990903080
1991030683
1991179539
1991193071
1991668109
1992146645
1992850577
1992957834
1993242258
1993442615
1993527600
1993637139
1994332350
1994389967
1994653780
1994757581
1995276790
1995357582
1995445920
1996148303
1996419812
1996499467
1997033629
1997075422
1997200593
1998041159
1998120310
1998672100
1998702440
1998740861
1999070727
1999493042
1999579449
1999678746
1999927762
2000134063
2000319107
2000369760
2000617415
2000802200
2001073177
2001110771
2001242472
2001985279
2002207964
2002250545
2002258792
2002264137
2002615294
2002754007
2003080180
2003122499
2003506301
2003558770
2003612122
2004261351
2004513193
2004650925
2004670575
2004674214
2004893681
2004962296
2005197654
2005633919
2005900765
2006043857
2006241996
2006489710
2006495073
2006591041
2006592159
2006666393
2007182020
2007487715
2007902458
2008494375
2008545632
2008565758
2008963172
2009291284
2009540234
2009573225
2009636470
2009814532
2009832455
2010154477
2010265272
2010456449
2011331762
2011676086
2011739539
2011749955
2011781984
2011811109
2011871392
2012136720
2012197446
2012387973
2012465768
2012509134
2012663641
2012748723
2013023271
2013213740
2013266551
2013320365
2013367154
2013522935
2013695325
2013874292
2014098586
2014128463
2014371408
2014443428
2014747221
2014807209
2014889351
2014957578
2014985871
2015067195
2015279042
2015374297
2015414168
2015428445
2015951566
2016047761
2016400802
2016784728
2017083084
2017279903
2017359454
2017800718
2018241951
2018460337
2018520504
2018987460
2019026439
2019120628
2019236510
2019564591
2019707257
2019841060
2020018875
2020046217
2020137688
2020338877
2020352577
2020409527
2020608093
2020708393
2020852415
2020867814
2021209870
2021220320
2021611058
2021777100
2021813078
2021855362
2022133096
2022196966
2022597289
2023068005
2023149090
2023204361
2023221800
2023330901
2023556789
2024312577
2024733499
2024740652
2025153618
2025370446
2025556518
2025992590
2026089948
2026366031
2026461196
2026739305
2026766090
2026844203
2026880003
2027288256
2027473705
2027495767
2027560132
2028034816
2028485056
2028548662
2028646059
2028714593
2029138409
2029649844
2029662058
2029766221
2030365756
2030609160
2031358232
2031400089
2031948464
2032387421
2032455471
2032620690
2032738642
2032825136
2033002294
2033349108
2033385174
2033509089
2033588104
2033662385
2033913605
2034284901
2034329995
2034343925
2034399370
2034586096
2034769205
2034780937
2034782746
2034968632
2035031450
2035483804
2035589120
2035630719
2035805865
2035816486
2035836559
2036120331
2036478038
2036652079
2036783691
2036892209
2037046538
2037271069
2037375657
2037383772
2037852854
2037861923
2038410933
2038497464
2038994657
2039321631
2039543841
2039685275
2039979050
2040345331
2040770542
2041683753
2041696298
2041735110
2042009415
2042165591
2042181902
2042266174
2042713147
2043059618
2043301169
2043508084
2043901188
2044299699
2044384266
2044512810
2044909477
2044948981
2045632431
2045645211
2045846083
2045891750
2045993972
2046216849
2046284609
2046541971
2046549014
2046888029
2047001959
2047100843
2047573852
2047785443
2048090235
2048498437
2048517395
2049000385
2049438064
2049706851
2049727434
2049935153
2050152457
2050322922
2050711706
2051123418
2051432634
2051496401
2051499074
2051552343
2051679007
2051905011
2051937001
2051966541
2051979000
2051998215
2052056749
2052256541
2052704818
2053178431
2053299052
2053308580
2053747661
2054027349
2054040345
2054150210
2054190858
2054324624
2054487859
2055066020
2055156108
2055436033
2055911486
2056388721
2056409162
2056668888
2056938364
2057257370
2057294038
2057588256
2057659146
2058029684
2058257777
2058340794
2058549061
2058583826
2058870306
2059087065
2059142874
2059720733
2059830367
2060073655
2060139276
2060228845
2060576924
2060993757
2061435299
2061520157
2061732848
2061761879
2062119338
2062209396
2062348578
2062450196
2062472306
2062662437
2062715792
2062895396
2062914548
2063151033
2063160970
2063205199
2063230862
2063322630
2063761674
2063773168
2063818017
2063838559
2063887044
2063933685
2064364111
2065019240
2065096706
2065671542
2066000241
2066059367
2066159593
2066325609
2066513150
2067116931
2067291076
2067551352
2067815514
2067830776
2067925716
2067997204
2068040800
2068068080
2068303306
2068496419
2068721308
2069037195
2069061531
2069147486
2069244069
2069432650
2069538055
2069578403
2069825403
2069921984
2070200256
2070229812
2070362764
2070381061
2070656254
2070680299
2070797734
2071049992
2071152571
2071306976
2072022064
2072433994
2072441072
2072468494
2072545983
2073131480
2073382090
2073499396
2073554520
2073627071
2073917825
2074233361
2074622108
2074812482
2074945336
2074959385
2075228435
2075536656
2075754647
2075841588
2075859422
2075948128
2075953453
2076117106
2076142294
2076190478
2076473376
2076569955
2076823889
2076833155
2077428237
2077567082
2078281532
2078423210
2078517905
2078644164
2079042276
2079160629
2079543059
2079775032
2080132995
2080229179
2080254920
2080309320
2080330305
2080383863
2081087173
2081924912
2082396994
2083184609
2083367460
2083485195
2083640617
2083997201
2084084780
2084098557
2084146584
2084326529
2084330324
2084331645
2084600892
2084905252
2085100851
2085328936
2085398693
2086334197
2086530234
2087118833
2087523214
2087590297
2088403286
2088801352
2089207779
2089452074
2089566337
2090645851
2090810090
2091020345
2091253691
2091674292
2091704737
2091708350
2091743174
2092128623
2092159226
2092455314
2092603392
2092615340
2092774172
2093024039
2093119401
2093159163
2093256683
2094108567
2094163204
2094360424
2094446412
2095114322
2095604045
2095896037
2095913869
2096070170
2096117791
2096149230
2096404803
2096474625
2097042506
2097157681
2097192649
2097369690
2097455163
2097466030
2097607428
2097784889
2097892500
2097988545
2098012650
2098114149
2098262546
2098350489
2098633050
2098740673
2098961969
2099027056
2099039994
2099341231
2099500505
2099555301
2099602992
2100142073
2100638127
2100701881
2101186005
2101204662
2101261034
2101267835
2101569813
2101745068
2102246071
2102638579
2102859520
2103374344
2103500332
2104075428
2104257953
2104453582
2104686123
2104955661
2105077139
2105131410
2105363512
2105607663
2105650482
2106068671
2106363048
2106415817
2106458230
2106461673
2106875800
2107398427
2107715020
2107784089
2107798668
2108121999
2108122822
2108406435
2108590665
2108631425
2109133067
2109409100
2110174867
2110327936
2110406652
2110476508
2110820011
2110950064
2111010540
2111027252
2111258342
2111293917
2111493693
2111705035
2111888657
2112154602
2112208947
2112281230
2112387593
2113009476
2113148301
2113241369
2113255199
2113619273
2113692147
2113988743
2114122969
2114181728
2114661487
2114955555
2114958719
2115175485
2115425905
2115823650
2115855070
2115936700
2116106980
2116254935
2116611430
2116641855
2116800773
2116845727
2117053665
2117086312
2117260509
2117374604
2117391047
2117538673
2117603153
2117609262
2117721957
2117750724
2117760592
2117878324
2117955552
2118264128
2118291732
2118328733
2118822920
2119016761
2119137505
2119324505
2119325388
2119380972
2119488520
2119719030
2119805108
2119976218
2120101161
2120368707
2120538466
2120913601
2120966053
2121054468
2121353959
2121614494
2121823650
2122131130
2122195012
2122201643
2122457066
2122627297
2123053695
2123482751
2123524718
2123553782
2123748933
2123825362
2123896257
2123934220
2123936898
2124357133
2125690688
2125806041
2125878512
2126012245
2126038884
2126329763
2126630762
2126807753
2126857358
2126941930
2127205829
2127697361
2128034220
2128082100
2128296607
2128995863
2129179130
2129215798
2129357651
2129403825
2129460782
2129471464
2129553196
2130088525
2130229617
2130230609
2130328173
2130488221
2130591562
2131542332
2131565160
2132225067
2132488349
2132515804
2132854899
2133774311
2134307356
2134619197
2134662032
2134817713
2134861899
2135050548
2135078456
2135264045
2135309530
2135339439
2135371006
2135386246
2135486537
2135726946
2135984663
2136350683
2136400420
2136851584
2137309271
2137654304
2137709463
2138370949
2138389272
2139123044
2139233705
2139281415
2139334341
2139399113
2140112411
2140130461
2141393117
2141833015
2142014893
2142175440
2142257125
2142461613
2142636778
2143463311
2143545266
2143572415
2143599393
2143799049
2144476397
2144518712
2144770843
2145343875
2145349149
2145466202
2145786288
2145803902
2145805475
2145815673
2146222258
2146292687
2146448740
2146471880
2146484372
2147069982
2147168448
2147295077
