10000
120008
419357
569668
864061
924240
1380889
1944897
2138540
2279005
2320217
2391998
2399280
3184687
3259038
3392331
3825978
3888739
3924835
4684745
5107218
5367849
5516332
5538667
5575994
6400451
6513383
6539665
6639128
6870630
7370761
7578464
7755718
7780412
7840641
8105840
8122618
8549811
8886521
9921818
10064361
10136418
10386983
10404040
10757382
10838243
11467185
11789039
12116449
12238016
12380785
12584738
13448311
13550575
13723478
13758514
13773823
13809600
14050755
14247629
14374264
14580148
14645560
14790335
14832531
15044845
16040800
16075369
16276779
16328839
16345617
16401513
16718874
16950485
17215994
17533781
17574958
17607904
18167702
18608221
18674176
18933513
18997630
19047506
19944341
20053784
20195044
20534314
20703197
21131486
21135164
21182783
21241631
21528118
21539004
21566616
21612845
21767658
21834754
21952728
22153580
22406172
22490215
23160877
23322229
23351051
23546722
23798638
23881122
23901495
24049720
24330204
25123910
25189803
25199251
25213564
25250852
25369390
25620736
25679687
25791731
26433781
26586585
26665200
26865217
27058818
27317704
27474329
27896878
27913862
28064798
28162289
28181056
28437938
28478768
28485670
28515254
28603663
28772286
28981712
29034749
29138545
29194525
29370436
29553579
29856773
30451186
30544511
30769630
30817722
30830268
31147102
31195992
31646596
31702587
32047922
32110712
32128429
32273529
32289767
32378068
32648670
32689376
32706125
33106387
33615028
33701279
33770497
33966625
34077558
34852085
34866978
34965213
35397636
35517836
35704166
35795828
35833357
35965133
37035821
37194366
38494912
38655037
38859572
38947977
38989314
39106084
39204481
39335329
39508065
39675003
39748115
40074464
40274888
40811188
40915362
41198744
41276824
42089570
42128185
42518154
42836093
42890052
43107633
43166747
43393502
43701055
43915800
43956186
44157585
44456417
44505803
44527808
45051942
45289792
45655703
46249873
46251312
46314547
46972505
47079860
47115038
47381102
47397044
47554660
47838949
48552452
48709006
49375111
49924034
50399131
50737382
50903007
50938801
51301374
51337455
51403087
51431749
51443030
51511923
52081835
52209151
52799933
53364794
53377689
53899413
54318206
55299528
55475753
55868700
55999372
56000419
56229013
56536083
56968565
57037918
57339553
57550408
58154049
58184857
58268566
58510564
58601746
58627143
58669405
58994686
59423071
59635183
59931341
60190911
60232212
60356317
60440297
60596024
61024478
61067721
61249145
61350649
61550005
61678138
62028623
62330214
62341490
62385591
62536560
62668648
62691945
62808101
63088193
63700295
63781257
64543044
64624160
64776606
65600680
65680450
65682434
65724224
66342434
66473428
66617454
66735791
67244198
67846108
67883475
68078496
68161276
68269096
68525304
68877074
69030948
69334855
69723687
69825287
70156274
70276868
70320922
70603404
70798887
70894657
71145670
71156124
71184481
71423693
71549415
71608976
71637648
72183195
72194125
72400163
72415662
72647801
72675632
72889285
73116839
73297203
73358787
73651077
73923557
74095102
74314284
74665651
74716428
74971395
74999916
75504944
76826444
77265142
77609741
77954471
78242804
78296078
78333653
78564278
78958675
78959601
79295060
79394256
79837630
79980363
80047925
80285090
80854776
81437472
81665802
81720896
81758307
81880359
81988844
82094743
82458475
82526773
82537670
82839508
82884552
83659808
83791747
83958339
83985321
83986002
84733844
85107519
85611149
86176282
86281385
86957841
86973674
87164338
87231507
87363563
87390287
87412287
87822764
87970114
88250751
88526263
88650579
88956189
89087016
89142036
89317320
89602811
89659433
90062116
90681645
91176287
91196316
91379526
91711274
91725633
91956130
92069637
92228644
92914741
93668813
93865715
94158886
94228032
94469799
94599989
94942841
94968972
95468758
95514305
95741224
95909832
96258364
96336736
96374570
96412932
96869079
96965951
97051116
97370196
97608734
97631468
97739215
97875427
97918135
98371298
98402204
98416736
98436566
98853320
98858623
98945330
99022169
99103370
99121086
99133703
99262925
99349519
99421995
99511861
99563658
99632096
99696343
99712472
99723333
100423985
100518155
101332651
101426141
101441741
101653409
101754405
101884113
102103971
102710654
102774217
102866439
102952114
103135259
103144280
103404595
103602245
103767487
103820708
104358336
104772554
105214093
105526632
105527227
105653561
106284699
106313368
106476185
107051728
107287476
107329591
107390436
107749160
108094910
108106473
108142352
108556150
108998151
109563721
109951808
110175257
110338704
110432980
110518250
110731163
111531338
111852396
112458999
112636161
113163552
113179637
113562287
113695413
113797972
114434612
114713847
115121078
115148348
115227093
115470775
115658430
116033626
116145939
116265073
116317452
116389668
116436870
116690584
116717516
116951082
117222508
117262856
117528114
117853316
118626961
118698393
118819435
118846774
118991051
120353405
120436638
120454874
120661955
120666612
120704701
120805960
120920687
121380494
121503316
121603509
121651871
121805196
121921463
122021249
122155491
122260755
122306804
122431924
122508125
122768234
122787546
122910010
122917343
122995445
123093753
123224016
123561624
124369504
124789862
124943371
125488485
125659450
125829238
125978646
126623674
126694640
127015899
127531147
127633189
128094783
128278639
129188984
129375854
129661454
129812535
129932549
130341418
130354891
130363108
130389860
130556070
130561670
130847570
130918826
131030040
131333848
131342707
131534083
132247519
132391030
132733095
132764874
133100897
133151063
133537666
133585744
134597506
134639497
134683496
134819088
135288399
135318759
135580556
136338007
136388697
136510009
136713966
137703718
137980969
138065591
138509408
138604904
138834823
139253114
139341670
139653102
140034995
140176799
140318281
140475930
140847865
141128640
141432659
141517366
141625657
141823975
141999872
142715128
142811199
142902855
143056544
143206793
143956887
144147384
144312780
144760529
145875250
145890708
145907174
146424039
146537845
146709276
146745026
147953203
148630723
149069670
149294495
149437816
149654787
149730654
149919890
150665851
150716254
150784547
150837126
150923700
151531000
151609307
151653035
151719375
152125146
152150951
152246938
152370294
152431942
152526860
152567647
153082254
153104489
153567881
153674810
153684997
153718987
153877200
153957160
153999033
154044076
154825165
155414590
155455896
155554249
155741500
155751648
156124859
156449195
157249894
157441644
157786570
158201682
158393806
158625235
158807758
158911951
159200640
159435605
159685052
159850604
160450969
160626068
160997995
161073367
161142410
161144934
161287482
161357847
161570893
162095848
162095852
162341986
162390564
162527522
162574136
162606237
162889732
163388103
163600669
163700579
164152427
164441088
164526604
164968843
165226115
165845176
165879674
165974260
166006758
166027407
167025188
167143515
167248025
167411474
167504291
167545838
167615117
167831520
167939048
168254860
168264791
168276525
168933327
168953298
169281682
169292634
169365794
169777728
169976683
170261905
170318943
170848656
170883837
171378400
171509208
171685408
171692286
171805130
171830308
171908779
171923609
171936493
172419290
172806876
172807430
172888503
172930443
172956259
172956445
173117958
173314635
173738589
173926902
174201933
174292663
174322895
174423748
174438352
174455224
174498246
174562398
174564505
174678338
174764129
175055193
175092713
175093986
175109187
175144363
175177916
175220039
175231984
175287069
175393869
175507575
175911308
176119513
176156336
176580220
176629931
177115501
177232093
177233526
177350961
177352120
177354083
177404327
177518190
178121023
178307580
178460632
178536492
178810763
179207383
179783611
180040762
180076992
180425343
180560252
180680178
181132594
181474270
181835736
182117045
182372298
182407023
182615332
182725934
182969074
183017231
183678603
183718998
183976028
184308660
185229330
185298830
185416150
185947776
186055464
186159659
186218058
186332819
186425262
187129227
187749396
187996305
188039651
188296312
189043092
189280082
189390701
189502717
189713092
190389289
190824801
190964777
191136533
191566073
191581598
191678918
191941570
192090933
192209559
192343162
192380412
192469551
192626381
192728170
192943011
192967632
193128354
193224447
193335898
194429801
194489932
194677045
194756562
194971421
195222100
195274131
195518194
195793878
196096457
196165092
196252461
196289445
196680070
197055835
197227979
197236150
197290176
197557468
197742668
197866561
197887492
197999470
198130491
198742945
198966151
199417492
199492907
199792744
199987843
200032970
200211897
200711003
201114369
201449606
201475852
201715409
202521936
202639540
202773431
202906796
203710355
204853520
204946522
204989820
205290843
205470965
206220101
206489919
206497599
206697936
206716828
206771027
207076844
207496589
207816961
207838695
207940013
208073886
208256867
208387063
208387534
208756240
208818137
209006520
209107331
209761138
209857175
210239446
210425442
210730910
210919546
210978919
210997623
211088802
211207693
211226726
211506672
211562495
212098755
212204358
212220310
212295654
212645527
213046153
213633601
214008331
214155146
214365945
214471093
214813657
215130448
215297898
215361034
215529064
216034489
216382822
216402284
216746268
216914658
216926765
216980975
217032493
218026382
218592430
218674530
218812289
218852231
218933709
218949014
219386517
219734134
219891806
219955627
220044020
220060456
220172707
220203528
220385877
220417486
221162890
221241509
221413022
221491077
221550562
221636861
221769366
221892739
222093553
222285717
222363402
222478059
222538855
222582997
222613899
222856168
223367314
223367639
223690713
223755318
223897318
223919710
223970565
223998204
224203566
224631056
224952163
224994358
225040253
225226172
225683969
225867018
226430018
226492946
226494219
226805840
226959215
227015958
227240182
227530246
227958000
228185397
228625713
228939234
229479997
229514760
229525896
229641600
229870881
229976084
230754495
231316431
231456303
231537027
231618556
231655804
231944145
232072341
232182140
232191512
232501057
232840483
233150533
233298217
233503716
233761616
233783109
233859756
234032180
234080561
234290262
234360232
234609868
234635077
234664076
234738470
234775549
235422431
235435146
235847213
235990096
236006417
236536542
236606070
236772525
236781667
236929598
237204352
237268358
237299454
237460032
237871827
238171233
238827140
238885816
239163297
239420682
239472273
239779044
241284208
241984808
242244531
242382795
242406063
242560018
242929944
243217788
243401382
243533716
243766546
244470749
244493901
244902366
245579256
245743125
245817730
246050733
246179609
246433789
246783087
246865559
247175382
247179341
247307117
247365985
247457122
248720909
248749172
248810880
248862323
248864357
249085267
249355726
249646615
249780576
249821886
249950443
250011328
250173481
250399295
250555317
250827902
250947130
251166165
251287107
251339743
251391134
251557456
251631077
251894945
252035939
252335861
252416161
252627711
253346479
253480090
253685291
253803585
254003948
254123957
254465556
254708662
254775587
254956232
254995574
255089482
255261390
255272682
255314308
255431423
255742435
255773633
256058968
256099162
256156678
256311245
256360650
256671699
256823133
257050305
257226304
257250494
257517229
257837394
258766853
258822587
258927441
259057431
259601782
259629796
259687553
259740879
259909847
260217579
260331903
260382396
260831114
261039131
261054045
261217881
261311943
261615913
261647837
261876421
261897741
261974243
262038666
262141598
262356547
262686483
262734952
263247946
263557564
263813060
264018766
264027872
264114117
264290274
264387964
264705937
264789009
265056673
265322724
265406429
265701316
265791299
266030337
266564073
267333252
267417186
267452293
267500122
267815816
267853015
267901058
268402179
268810932
268864382
269188807
269429732
269514851
270220156
270326862
271200202
271250184
271487452
271516761
271556322
271827244
271939662
271968262
272560701
272593774
272699912
272864460
272966667
273022133
273102390
273989143
274178782
274276469
274897048
275118747
275147418
275196493
275223520
275291191
275327861
275601031
275791238
276624127
276625483
276721880
277013012
277307656
277606902
277958709
278006031
278351991
278500461
278619826
279049605
279314951
279434740
279592134
279708263
279776131
280074555
280508394
280585843
281304733
281645457
281694997
281772805
281893855
282022153
282062790
282550434
283057030
283522426
283747061
283899015
283968789
284224316
284261276
284482541
284601070
284973647
285327139
285942957
286197335
286545713
286697054
287383420
287646501
287671046
287760707
287840424
287926062
288019215
288181736
288272246
288337008
289279656
289356490
289452474
289472018
289767950
290394932
290625610
290695979
290807162
290811201
291071092
291393442
291437218
291657096
291719825
291802440
291865832
292188361
292277966
292641587
292681850
292765528
292967763
293020452
293059920
293099978
293392946
293676976
293963759
294052039
294159548
294304979
294437540
295007491
295011480
295498029
295612663
295654125
295740083
295882131
296018700
296366270
296465691
297517488
297582896
297890461
298249440
298488006
299005587
299009470
299250340
299271765
299311095
299962277
300061707
300709537
300761136
301196593
301302081
301552415
301571517
301921240
302165140
302221407
302887299
302917647
303276556
303295841
303363501
303759906
303847594
303863330
304133153
304187248
304376568
304435210
304442520
305532958
306263825
306273985
306435132
306566867
306830052
306980829
307138269
307321200
307630449
307726995
307798902
307953428
308150834
308294968
308668354
308864508
309550021
309783265
309967831
310153621
310279251
310453935
310640130
310898234
311079384
311353523
311407160
311666879
311865593
312057034
312100260
312492856
313134042
313158304
313580733
313622099
314186821
314376161
314423035
314431945
314463003
314776537
315695666
315811337
316175304
316335516
316383893
316407843
316654625
316726761
316753672
316820214
316932842
317013111
317114886
317751385
317776648
317944535
317955878
317990079
318023581
318427765
318786106
319001537
319008601
319338580
319364295
319407294
320081181
320101223
320360741
320738113
321021911
321206347
321379267
321849624
322102917
322307702
322596113
322666900
322888601
322947869
322974365
322977870
323018264
323059570
323241073
323342773
323496586
323529329
323677443
323767663
323998504
324012203
324365548
324524144
325800758
325854795
326318295
326324372
326540757
326801609
326941989
327069735
327448086
327505164
327507436
327590174
327777712
327791072
327819576
328194666
328231833
328554679
328739252
328900822
329020177
329333502
329368081
329498697
329508768
329578872
329625598
329693919
330384077
330490154
330843063
331040367
331080969
331417447
331420373
331486101
331499586
331972595
332000793
332787241
334456834
334527309
334792376
334816885
335250943
335366643
335570259
336527110
336563462
336589456
336610083
336701036
336798722
336811999
337046015
337112364
337251973
337379000
337880812
338088540
338122122
338379060
338444230
338526930
338778712
338875646
339013928
339048650
339133936
339284779
339485564
339884340
340043771
340331845
340704552
341324117
341549111
342237217
342589156
342735440
343297161
343406260
344791172
344821877
344897544
345081682
345615919
346028200
346624749
346906137
347090395
347349855
347724568
347821838
347938558
348234830
348421406
348535447
348685010
348775186
348915265
349140335
349159760
349500679
350586835
350761238
351105219
351111127
351835515
352142889
352174902
352263698
352346330
352775433
352861677
353134798
353253814
353362380
353593790
353758383
354517068
354633247
354635146
354900319
354916176
355252670
355304463
355401582
355534601
355589808
355681646
355846114
356466719
356777407
356870072
356996958
357045620
357066175
357302792
357644448
357695910
357811590
357825491
358102919
358259463
358269977
358415263
358594502
358609204
359056797
359524422
360005041
360323346
360399604
360470956
360472063
360489026
360710489
360871803
360963486
361314010
361556347
361613225
361670527
361760390
362359151
362395340
362982226
363103551
363191361
363329465
363867446
364171056
364617158
364632950
364726604
364815323
364901355
364909425
365304440
365557478
365627892
366084487
366617942
366729239
366855578
366864195
367413150
367560586
368003277
368321757
368327069
368962469
369064213
369067995
369215262
369389633
369633349
370196362
370294408
370734859
371022287
371267813
371385970
371428122
371455863
371463270
371864316
372061775
372195577
372349450
372419157
372549310
372579249
372786315
373054987
373234564
373298336
373724114
374158705
374232191
374273607
374861807
375653947
376013247
376077763
376137344
376428278
376641534
376759366
377042238
377077946
377226062
377541581
378103874
378119984
378138809
378195389
378298011
378777504
378884916
379756431
379762304
379860364
380200063
380452502
380563042
380603166
380955095
381561719
381917264
382254597
382405973
382484383
382645177
383477735
383495736
383641617
383811798
383916848
383938997
384073747
384085463
384085936
384092883
384209274
384544600
384849706
384863395
384883931
384886753
384924425
385037368
385343573
385842101
385958095
386056211
386316935
386454058
386769212
386892481
387078816
387097084
387137112
387698907
387942017
388278078
388915456
389214783
389368743
389468402
389730683
389887472
390146582
391015148
391148151
391599040
391617687
392257893
392297668
392426033
392578219
392839310
393233404
393349516
393536469
393861770
394165398
394188656
394308600
394765669
394939418
395050557
395078772
395134108
395882663
396306381
396424263
396466627
396818483
397035674
397044807
397265030
397479014
397787506
398104439
398124805
398150423
398152134
398252355
398439091
398545186
398629358
398826107
399019932
399066332
399077962
399252260
399867146
400048380
400257669
400643956
401053689
401151008
401390791
401484175
401612365
401656821
401875624
401949174
401964491
402915192
402962592
403401571
403481663
403596692
403774251
403961944
404192938
404333624
404697843
404958757
404996586
405233411
405404506
405855839
405889326
406001479
406337099
406384300
406555355
406765132
407096348
407429396
407500202
407721125
408765005
408801354
408833847
408845725
409153137
409217337
410770510
410980600
411394435
411456993
411607210
412824904
412832159
412884322
413875183
413879164
414036241
414753334
414858634
415052311
415057927
415140206
415613386
415657396
415781964
416133592
416276036
416414389
416529908
416826954
416990810
417284946
417312522
417332394
417428149
417520920
417533184
417712825
417963578
418018359
418029113
418045018
418045808
418309626
418538340
418634364
418687995
418781009
419373906
419452237
419571153
419948732
420725081
420742303
420829921
420892411
420925868
421014809
421098316
421779635
421907860
421946469
422040564
422090193
422983037
423534691
423807459
423881421
424419591
424642082
424650267
424774968
424944558
424998022
425162912
425284031
425310128
426496446
427007449
427163827
427296600
427733598
427904472
428017158
428179833
428275779
428685776
428936940
428960957
429321038
429753679
429933160
430445021
430510115
430657335
430884934
430975736
431078873
431889920
431912719
431955948
433075366
433104765
433243020
433300173
433957040
433964439
434058570
434182747
434254914
434315370
434638806
434781539
434910546
435227032
435511386
435871867
436030504
436133016
436324568
436374590
436536712
436570851
436775219
437011852
437048030
437056941
437434621
437488383
437513595
438283102
438723791
438794446
438840723
438943476
439413101
439486892
439632020
439707508
439797897
439826359
440053193
440083833
440701077
440969774
441127690
441238711
441310014
441556449
441692905
441796162
441999325
442171814
442275450
442355334
442511572
442897790
443102483
443276994
443767924
443787783
443795710
443835013
443901327
444910215
445220775
445357925
445425056
445512827
445569224
445892262
446030471
446036853
446434007
446539105
446826132
446998136
447610723
447743726
447941586
448256475
448379279
448495339
448533572
448699585
448896571
449609730
449647988
449952502
451400747
451951531
452267243
452778962
453122539
453657579
453660045
454106422
454413871
454494741
454692299
454805811
455670748
455746108
455947356
456904859
456950219
457108204
457562462
457844758
457928925
457941206
457947592
458114697
458161286
458304431
458332288
458448077
458483789
458502313
458556952
458724891
458739156
458849056
458849323
458871443
458877569
458892423
459063707
459597614
459695320
459853518
459989881
460371461
460571974
460793754
460976723
461409971
461419555
461766600
461835481
462269199
462381903
462551217
462776044
462854614
463064637
463093176
463214904
463374911
463573059
463982161
463986239
464022789
465688044
467132759
467207261
467421319
467436117
467603267
468043591
468103581
469277745
469352355
469554757
469769625
470019209
470391742
470433315
470720229
470738683
471177927
471422722
471666527
471868568
471938173
472045318
472497998
472999289
473083085
473683618
474061305
474959235
475139770
475250808
475282773
475421901
475458974
475483880
475696476
476861875
476928793
476952119
477107855
477259435
477264465
477333301
477580048
477818218
478074448
478204155
478701412
478703535
479034409
479121575
479239635
479347074
479511734
480030170
480030703
480347942
480356915
480459556
480648402
481519530
481537453
481814440
481861805
481930552
481969533
482066894
482159591
482420892
482749797
483147087
483147853
483239545
483539966
484001212
484082678
484132937
484400794
484882730
484950810
485110114
485283582
485347853
485407994
485664791
485819287
485856000
486084986
486260655
486391628
486703784
487027840
487626202
488114625
488408365
489955608
490385768
490462728
490485174
490600595
490667736
490967152
490978615
491209419
491377342
491414717
491488351
491564831
491567514
491980816
492511945
492739721
492752484
492819350
492822260
492913153
493769623
493859317
493964949
493965335
494527208
494703729
494725591
494944335
495025371
495169360
495230349
495408092
495483389
495519156
495586747
495660912
496211619
496493971
497134393
497186110
497752421
498291554
498567333
498694525
498723474
498773576
499029594
499280569
499464761
500009163
500071099
500253780
500551231
500694414
501025557
501136627
501207794
501724205
501985984
501990181
503177457
503538085
503598244
503639776
504087923
504839018
504853199
504902801
505101425
505491028
505516604
505592484
505838410
505869398
505898710
505952898
507393383
507710204
507720913
507729031
507983854
508435207
508927036
509146500
509325015
509545260
509861629
509888958
510337793
510395621
510902115
511352524
511483726
511488538
511843721
512125308
512270034
512389705
512734076
512927710
512929745
513123164
513194971
513342779
513446784
513609742
513612178
513891955
514070038
514353535
514381716
514595513
514695102
514809648
514973857
515051245
515140239
515447684
515777588
516015192
516042477
516094509
516264269
516350132
516565097
516907630
517006414
517019688
517784089
518162732
518303374
518797759
518896469
518934763
519245329
520161263
521387424
521487240
521727319
522122662
522158489
522178822
522301955
522515379
522726675
522996296
523657668
523871975
523973442
524312259
524435932
524721579
524828774
525616058
525771618
526312227
527042858
527043252
527068504
527412666
527443397
527478757
527634360
527668125
527709805
528022469
528305310
528400403
528701962
528828695
528866196
529048378
529187859
529393081
529539138
529775553
529853385
530394501
530456521
530541009
530708341
530886198
531098700
531529932
531732537
531748558
531833106
531866318
532002918
532364985
532445155
532840998
532982561
533005821
533022193
533238398
533605592
533743597
534031632
534050937
534224956
534498573
534635239
534752311
536047818
536209834
536244029
536580557
536661697
536968362
536989899
537245178
537400073
537531931
537764641
538046018
538097232
538497713
539255828
539568274
539933320
540129649
540413460
540424129
540527838
540755957
540792901
540842327
540919060
540998346
541031253
541281304
541435009
541523194
541813098
542174866
542448888
542525342
542555932
542726646
542993730
543320705
543397832
543623099
543767938
544014794
544079680
544166407
544293516
544333029
545081728
545092519
545158900
545649083
545838113
545915647
545916971
546101973
546326997
546561076
546736334
546740298
547134319
547817202
548015403
548031172
548059438
548347900
548464844
548628433
548842228
549039502
549138329
549738361
549782677
549811562
550001375
550169829
550399746
550579772
550617469
550656784
550695169
550765623
550829842
550980751
551288874
551535170
551794994
551824040
552032256
552183604
552251672
552565538
552906537
553062092
553069952
553425828
553503457
553760564
554124753
554500783
554589463
556112111
556885779
557003044
557165747
557223425
557442289
557545451
557867380
557925379
558439371
558499636
558620732
558641173
558673351
558888175
558958944
559569618
560134205
560426934
560438920
560484206
560735728
560740676
561416051
561430891
561520685
562780998
563097435
563117551
563958814
564207429
564312789
564323225
564537695
564687188
564733871
564867969
565232574
565542383
565621766
565869774
566394194
566417954
566590590
567145149
567415377
567733401
567970016
567980426
568002858
568285702
568843289
568956573
569116832
569247489
569513600
569522988
569673125
570484146
570490913
570556568
570653699
570718221
571602577
572038291
572108098
572121182
572249748
572358130
572440438
572583230
573452779
573596838
573847961
574080442
574085779
574399307
574575915
574623244
574663677
574687545
574845096
575173582
575277814
576008902
576440638
576572292
576622815
576667420
576748526
576853431
576990338
577257768
577593530
578153018
578201765
578422768
578440506
578693477
578842498
578940954
579051004
579300848
579861318
579866730
580002963
580135060
580533994
580772466
580991261
581288629
582456207
582532670
582688155
582787898
582811749
583133362
583518936
583789727
583917263
583938422
584136737
584317172
584515466
584954062
584973745
585109789
585469286
585723030
585919839
585967253
586464873
586591097
587195198
587341427
587443860
587459683
587560289
587668762
587975657
588203592
588268387
588322833
588532836
588579314
588679005
589114416
589356870
589440366
589485417
589568578
589587043
589742068
589742737
589900670
590028013
590231453
590401326
590493108
591220303
591228245
591277718
591744687
591888924
591909024
591932360
591963639
592131397
592306395
592312279
592766872
593018773
593039811
593103630
593239869
593257893
593779143
594261220
594448430
594474360
594699431
595053185
595186508
595331837
595340067
595881842
596992015
597555142
597703815
597886412
598027215
598216317
598552943
598717174
598922126
599104010
599141139
599311930
599324321
599878945
600153080
600343852
600410121
600809846
600871852
600914318
601294665
601713850
601768387
601909401
602149293
602216671
602277989
602323127
602407672
602612020
602797731
602992505
603298888
603864728
604009316
604019383
604093169
604101273
604639772
604656211
605668333
605738244
606526935
607272709
607410003
607480562
607613280
607777726
607997345
608043183
608108477
608119891
608393741
608452183
608552740
608832188
608875219
609184380
609288415
609529968
609712254
609775518
609819449
609962167
610162453
610558424
610883618
610930179
611112994
611265262
611880160
611953273
611963876
612079339
612329144
612493427
612966530
613257849
613269540
613362485
613542341
613560404
613609784
613668266
614024085
614090411
614472046
614601124
614728437
615069907
615111274
615229945
615257567
615300728
615468376
616049409
616235887
616366478
616640457
616941176
617028885
617980093
617999313
618359054
618376536
618754115
618787269
618862329
619005073
619050336
619085951
619476646
619571844
619859759
619988997
620365883
620482801
621188808
621480575
621751385
622006836
622228323
622418579
622426655
622644115
622749749
622816216
622871816
623033276
623233892
623312838
624198691
624251072
625010001
625369060
625754441
626297374
626409514
626615081
626750050
627074337
627298086
627322964
627380194
627615453
627822319
628143560
628257715
628872372
628882559
628993741
629280352
629593755
630068845
630139228
630347606
630354138
630513691
630551634
630595198
631001764
631329024
631536073
631696973
631853647
631945928
632131304
632149054
632395521
632539972
632716297
632929247
633188635
633237654
633280145
633497172
633800899
633816662
633851679
634824565
634841832
634929696
635147976
635243059
635468216
635585040
636057900
636125873
636323576
636327345
636789289
636887215
636905854
636964588
637113266
637162781
637205682
637767628
638226295
638456802
638654955
638697556
638821154
638882054
639230644
639441784
639823801
639909290
639913200
640011278
640126721
640224510
640305861
640528333
640609043
640717020
640731943
640928949
641243178
641276405
641635417
641927054
642284247
642783004
643008155
643027711
643081603
643110951
643406854
643607771
643968744
644022547
644042541
644975437
644987481
645022516
645172208
645394359
645968587
646174095
646210208
646602545
647016970
647060024
647064839
647902031
648139837
648183541
648738811
649154628
649476181
649491153
649933484
650194128
650747906
650865207
651264591
651347238
651508710
651710118
651788030
651961265
652305296
652507312
652587825
652686690
652857352
653032632
653099636
653147143
653463716
654012477
654142140
654225733
654887212
654963731
654975064
654992165
655031818
655422926
655477922
655726441
655749845
655794671
656136538
656143498
656317628
656327248
656356650
656368209
656405986
656488386
656976706
657170272
657263258
657575860
657776076
658291977
658469970
658893374
658916271
659419014
659421065
659459594
659490567
660008459
660113021
660714319
660920255
660964311
661132896
661242662
661422591
661905948
662022855
662111490
662599042
662607207
662629823
662689256
663207520
663215312
663227815
663273378
663997660
664000775
664044488
664570444
664614500
664626370
664729610
665020773
665750156
665869925
666047283
666230190
666264085
666295952
666333603
666915115
667447960
667832041
667900750
667922887
668520795
668916164
669249584
669267043
669435494
670061581
670119149
670170474
670266750
670385071
670530876
670735391
670848361
670861746
670867554
671186931
671944411
672196187
672486533
672605014
672649177
672705422
672785743
672979849
673607202
674169325
674496995
674771530
674993176
675154584
675306127
675447607
675478845
675560318
676047825
676093890
676415033
676485302
676520255
676682241
676935962
677041177
677387021
677535813
677728400
677828404
678440458
678453728
678633905
679401721
679588269
680160483
680185788
680272744
680936260
680957619
681461587
681995698
682468265
682765914
682776618
682873440
683006775
683012919
683308211
683406497
683819630
683849843
684273980
684335867
684558537
684585504
684704730
684886279
684919962
685152557
685642594
686049594
686322476
686941774
687035268
687137842
687163308
687306996
687404937
687429697
687504350
687770895
687807196
688372907
688475746
688553842
688705512
688856875
688882630
689218431
689520775
689595090
689605068
689823998
689936763
689950076
690037997
690104617
690144769
690263811
690492620
690963879
691033350
691397876
691553586
691707022
691774598
691924377
692176173
692205273
692281378
692513265
693438293
693439789
693488307
694063242
694321354
694435085
694726674
695372886
695486551
695816944
696357029
696483211
696507289
696646189
696900897
697320098
697359890
697491268
697962633
698177738
698650487
698990036
699158637
699239901
699434212
699498572
699817790
700004854
700244370
700974945
701107686
701209293
701397089
701399862
701658722
702114297
702295985
702410092
702601995
702634617
702637039
702637989
702914285
702967221
703136506
703165494
703297400
703354769
703374630
703478965
703545185
703746623
703852624
704235628
704285132
704339001
704360238
704649950
704810820
705242721
705397674
705411302
705455508
705640829
705671689
705734024
705819450
705822474
706256400
706322199
706599204
706683287
707078657
707149937
707559449
707768603
708455464
709101747
709414736
709568399
710095612
710211797
711003172
711063281
711267560
711388749
711406814
711477993
712147860
712218329
712660092
712694573
712906352
712908227
712930438
712997631
713633536
713678006
713713340
714715683
714864919
714891733
715075191
715406045
715498725
715730221
715968464
716194780
716252399
716399934
716515329
716643609
716657722
716666679
716971409
717332707
717691857
718048616
718517485
718763431
718817933
718917710
719092791
719144621
719224806
719297075
719572639
719623551
719646513
719862314
719881568
720404477
720565827
720914738
721151377
721205630
721291787
721349294
721523108
721812028
721912844
721955733
722331632
722682161
722739197
723298296
723542913
724603830
725540567
725850225
726389926
726576141
726924682
727088110
727244965
727502177
727607242
727814019
728010565
728264071
728419985
728554302
728897849
729003642
729605717
729631919
730143167
730414990
730447897
730602382
730626082
730653268
730676803
730765364
730812053
731092706
731232980
731281751
731420914
731791578
732657928
733916813
734022065
734441961
734631795
734769684
734974386
735349380
735578876
735891119
736166820
736352163
736389294
736583714
736704841
737397495
737433768
737587663
737789881
737819003
737848378
738211459
738278903
738370149
738397966
738457786
738539132
738654586
738660844
738934961
739109498
739157796
739229344
739323008
739382981
739446016
739630793
739632812
739638473
739771260
739793895
739842682
739883019
739960201
740124714
740181236
740248645
740478674
740555777
740557053
740665437
740667752
740776176
740898080
741190700
741427175
741649604
741682063
742082240
742141797
742423454
742664926
742757468
742782044
743160519
743324713
743462528
743771019
743845695
744041608
744460235
744700226
744767553
745314700
745390010
745550080
745746654
745814315
746200587
746259059
746742611
746802659
746881462
746883021
747025163
747074574
747276316
747313331
747720951
747976253
748030670
748496528
748790859
748851411
749104551
749129179
749248724
749558841
749612499
750079598
750479676
750528952
750614483
750653612
750738051
751041629
751074275
751382978
751437204
751474587
751617861
751658482
751813123
751904226
752217237
752335578
752614400
753030867
753357395
753416903
753607293
753991786
754038138
754408775
754473371
754562373
755048806
755119335
755253671
755922684
756311896
756458967
756534452
756921781
757201985
757462312
757537141
758021322
758050498
758229905
758254377
758396772
758489457
758508740
758526959
758601700
758746335
759153355
759328755
759383331
759386881
759586920
759705891
759771204
759961114
760203412
760280761
760552125
760871581
761035925
761051506
761064724
761367195
761608584
761731872
761887891
761929621
762041176
762170312
762182230
762381321
762480133
762660401
762866753
763943122
764397463
764451146
764573304
764744806
764870921
764917898
765270532
765337550
765391609
765674007
765730903
765987772
766052943
766167760
766335782
766530725
767106628
767975612
768112930
768142178
768620278
768799667
769037003
769060812
769263520
769303961
769424216
770015578
770156460
770173341
770234072
770751300
770992781
771166483
771428319
771665480
772104048
772502800
772849648
772908727
773264275
773727341
774396075
774613225
774794886
774838717
775033519
775171784
775296247
775299460
775919414
776060979
776065426
776076832
776196352
776239349
776588189
776626610
776920046
776980833
777224788
777425875
777906584
777943891
778091838
778262301
778266129
778276786
778659234
778860286
779028179
779212234
779422549
779539317
779992076
780506646
780972431
781086090
781377384
782442060
782447710
782449780
782848852
782868299
782873362
783163033
783186563
783435700
783677028
784196273
784240611
784287726
784439116
784767908
784916600
784997196
785383118
785511325
785603481
785829151
785911698
785924017
786032501
786054785
786993861
787057046
787758651
787776565
787810760
787932936
789291408
789325305
789547470
789563792
789591374
789862035
789972564
790336830
790612739
790639923
790905329
791072492
791096240
791473368
791646396
791998556
792240373
792416221
792625809
792666532
792744233
793116545
793371701
793524540
793705058
793881122
793989271
794046963
794132572
794441637
794451403
794498038
794841202
795027853
795656712
795701567
796293657
796419200
796973459
796986467
796992545
796997449
797098020
797315672
797582783
797631347
797803430
797807358
798849391
798918451
799060312
799223091
799506042
799745825
800025555
800035208
800608118
800725535
800787226
801113460
801203834
801270864
801943136
801975700
802011969
802155204
802278256
802295455
802732506
802816601
802922717
803298689
803420119
803568449
803595678
803806441
804259564
804494859
804524181
804754015
805009677
805039416
805749679
806251499
806666781
806878138
806979932
807334445
807418674
807473492
807892937
808041832
808121665
808151694
808633065
808940871
808995261
809304144
809517156
809763619
810140415
810267160
810587690
810834967
811062666
811160423
811211031
811309097
811310741
811397858
811783855
811818147
811989703
812040627
812069607
812241006
812251608
812732632
812817944
812847970
813047482
813575741
813626634
814326317
814545940
814591541
814855407
814973012
815586993
815860903
816259969
816476059
816547877
816715790
816818054
816960981
817006686
817107048
817681288
817768478
817918858
818130991
818375598
818417028
818464956
818717870
818878454
818895640
818938648
819320072
819392763
819603907
819634264
819679733
819864498
820100249
820171266
820208800
820228543
820239917
820579884
821314318
821340739
821421147
821505124
821625805
821862269
821922254
822086366
822570051
823079639
823401582
823439832
823594198
823996270
824016570
824043065
824115924
824122952
824418363
824510761
824926973
825287959
825516954
825639593
825948911
826116163
826975285
827009845
827194876
827248943
827311984
827518586
827551656
827784611
827937767
828391169
828575262
828595118
828975829
829388463
829553332
830015172
830245764
830369430
830621258
830668782
830689763
830934477
831474342
831756255
832017437
832061727
832147959
832150169
832238346
832348285
832434590
832697663
832928507
833267364
833380277
833644346
833680286
833783195
834498389
834752291
834851991
835060565
835516696
835580273
835969357
836220674
836321405
836360043
836502144
836514215
836748266
837361718
837688040
837743447
837915908
838035655
838038354
838286795
838405476
838675827
838825676
839260145
839667816
839755811
839828409
840831009
840979113
841077003
841108158
841210306
841261355
841713358
841784157
841785933
842898901
843329135
843894355
843932407
844224170
844522119
844533068
844585526
844624061
844628376
844713173
845674995
846093329
846456020
846849965
846916831
847168300
847180355
847301168
847391438
847486151
847502342
848146376
848154113
848209287
848216730
848999250
849154895
849179817
849393469
849805236
850034317
850296586
850607425
850831554
851204653
851448740
851504539
852022219
852114142
852224464
852391416
852394030
852545944
852790024
852948504
852956032
853368730
853368966
853423356
853724804
853890189
853915627
853922912
854020424
854546459
854560275
854581730
854645859
854884890
854967490
855422546
855635769
855764483
856920143
857139655
857670150
857953156
858908422
859007347
859034191
859226826
859318535
859324168
859330193
859349518
859367602
859756082
859962017
860475895
860873367
861036735
861201473
861476148
861530064
861781892
861954019
862146005
862181346
862305442
862314593
862357072
862611512
862721003
862722226
862734485
862807669
863256399
863355854
863558339
863935442
864384442
864461482
864550396
864599993
864835617
865199233
865202768
865336069
865410355
865648812
865758825
865791167
865912838
866346689
866613656
866718945
866965032
867309160
867584575
867870422
868279809
868439643
868521755
868939790
869068458
869080175
869275105
869285600
869354791
869718488
870016225
870395574
870703026
871051962
871365868
871529418
871572096
871705087
871766918
871876654
872188553
872209987
872596006
872666420
872738803
872768468
872845601
872918677
873037650
873129831
873198124
873854023
874538757
874829709
874878166
875113400
875363654
875497413
875606972
875636612
875816082
875877643
875916152
875938063
876242479
876808898
876814569
876886471
876900873
877335928
877336943
877648936
877741856
877834027
877837849
877945948
878139048
878423585
879107776
879382764
879686571
880137132
880369740
880387793
880677611
880742664
880869006
880969618
881229828
882050325
882051631
882071008
882114863
882186800
882623234
882765352
882799465
882802976
882875770
882913305
882960802
882990466
883312537
883426229
884288867
884292907
884445132
884579039
885153638
885191558
885849900
886202492
886521655
886619124
887041699
887220823
887494647
887507425
887554756
887678055
887689674
887708380
887863016
887961047
888048922
888132178
888276142
888358559
888540436
888628481
888808779
889241006
889439634
889529427
889603412
890237458
890321806
891645737
891699360
891858015
891859082
892135538
892259919
892638752
892701488
892973279
893254050
893414925
893597114
893804923
893912393
894411561
894608145
895062810
895165896
895492728
896008126
896268917
896694908
897131788
897259337
897357527
897444803
897560536
897562835
897638467
897719442
897740896
898514242
898751855
898889532
899077164
899130556
899683428
900076192
900472822
900529246
900591443
900638553
900803602
900803861
901317387
901410093
901674558
902055199
902108669
902167525
902214493
902385169
902951270
903097212
903121509
903182968
903395148
903409806
903482384
903836284
904275571
904399099
905131888
905210294
905276481
905677209
905933563
906311849
906840316
907183960
907269047
907321464
907322035
907348719
907495483
907669808
907865952
908093791
908526339
908703083
908703387
909139106
909191602
909407218
909706594
910286509
910304563
910549426
910767841
910857582
911177270
911519311
911526621
911881495
912026398
912156799
912621693
913026294
913208196
913251470
913417214
913466950
913617587
913704155
914162705
914181717
914200962
914210906
914216136
914342185
914920801
914940017
915314924
915334683
915512954
915701429
915821819
915896312
915898889
915937716
916610444
916654714
916729956
917087925
917204870
917267111
917899845
918312004
918706322
918776756
918915084
919162773
919534118
919879163
919930143
920080166
920763636
921727795
921735028
922062272
922562790
923333290
923621222
923792437
924036500
924303078
924496961
924523370
924622878
925143996
925230455
925321311
925372507
925506386
925799295
926054262
926228418
926298089
926390012
926880503
926887898
926998448
927042153
927186669
927399515
927714997
927827508
928060431
928556906
928655280
928704116
928849365
928957640
929127854
929401959
929574652
930421428
930501527
930552084
930872447
930917507
930930439
931058421
931081116
931186350
931279146
931374026
931452660
931510770
931580580
931606611
932304294
932318545
932480006
932524029
932605223
932628470
932753106
932797736
933000129
933068619
933345230
933405044
933721465
933733463
933746925
933778049
933862470
934057308
934175347
934634767
934852505
934904002
935020354
935702067
936124992
936438374
936485144
936579664
936810248
936945377
938001989
938019273
938360361
938437209
939056263
940348152
940467245
940673549
940824225
941324697
941361974
941518152
941648202
941697802
941776598
941786891
941916610
941922946
941982973
942194367
943199725
943208498
943252121
943359480
943385375
943580687
943659659
943781821
943977285
944004999
944325913
944329755
944345922
944379343
944579865
944983942
945135255
945372217
945411229
945511176
945519887
945547974
945663821
945734873
945741223
945912842
945938504
946219778
946399570
946449721
946467477
946544363
947035984
947431194
948528523
948796678
948905519
949264547
949410837
949511132
950195586
950647448
950653100
950798453
951007723
951159412
951574216
951599071
951930197
951987365
951988389
952100429
952244618
952272479
952285432
952312365
952321704
952406528
952430740
952574651
952954970
953013319
953034915
953165932
953230079
953334481
953406733
953698855
954345201
954413970
954713287
955032659
955035896
955040623
955083212
955155287
955172704
955320484
955553567
955579606
955645154
955834435
956467395
957242446
957244613
957655389
958194824
958196043
958529113
958564521
958822832
958918847
958923088
959027292
959085074
959124298
959147785
959322992
959591642
959880022
961220811
961388762
961843243
961923912
961997131
962155597
962347913
962384083
962503843
962631261
963196523
963260010
963326779
963665812
964198490
964398464
964519000
964619634
964867426
965050724
965128558
965137034
965146502
965150847
965272504
965406019
965444473
965565585
965784490
965944925
966099146
966168461
966176237
966350455
966425761
966576473
966646373
967027088
967109707
967285586
967472202
967486673
967558500
967684014
967763008
967774917
968003256
968146807
968267456
968284751
968327317
968328449
968361249
968508444
968539842
968642402
968733129
968845216
968918504
968992084
969425388
969520861
969612302
969923956
970105955
970341137
970420459
970592932
971188713
971240924
971603320
971697593
971746123
971795216
972049053
972144309
972208200
972478103
972493646
972562092
972965492
972970234
973265468
973275897
973477243
973718410
973810326
973880392
973925721
974417487
974493170
974504934
974660472
975489593
975534951
975619465
975744567
975795277
975873509
976152127
977107872
977435757
977718522
978648934
978903186
979014831
979159359
979237557
979336236
979337914
979488510
979600792
980155581
980214894
980656291
981081996
981114565
981186172
981352795
981382113
981413521
981452893
981745853
981852669
982407162
982424492
982439073
982601905
982982237
983067640
983071864
983184032
983383839
983491387
983786933
984460598
984814926
985327258
985561507
985643044
985910676
985912917
986698029
987578065
987823837
987883240
989423320
989522477
989522962
989692308
989894917
989928898
989929052
990819119
990852241
991084269
991161862
991309093
991710120
991957823
992097884
992133465
992331407
992569091
992603724
992988340
993015433
993073333
993081934
993290978
994134197
994463929
994615899
994857650
994954941
995072551
995105013
995185826
995435809
995504815
995560540
995685646
995745344
995910962
996043685
997037348
998082087
998128085
998396722
998498771
999060314
999066289
999715232
999773464
1000333513
1000652963
1000666407
1000766446
1000947182
1001023092
1001127851
1001244861
1001498789
1001639402
1001724210
1001733753
1001879580
1001947835
1002096696
1002603981
1003533543
1003816610
1003972134
1004449613
1004480755
1004636845
1004911038
1005078129
1006290465
1006476211
1006478868
1006714550
1006887268
1006992208
1007028371
1007332753
1007534740
1007718971
1008254198
1008335289
1008343573
1008568811
1009171094
1009358800
1009376486
1009675603
1009824840
1009844283
1009856261
1009884005
1010090955
1010275337
1010519985
1010759331
1010876141
1011280437
1011380066
1011567990
1011606037
1011740118
1011766627
1011832527
1011958268
1012083806
1012811856
1013019778
1013626817
1013830919
1013892280
1013959233
1014203108
1014321359
1014527344
1014683852
1015387586
1015600048
1015925380
1016172426
1016424619
1016441507
1016640245
1016880046
1017772935
1017987475
1018399863
1018826891
1019036934
1019390505
1019455921
1019515445
1019535032
1019636137
1019764026
1019798008
1020035353
1020210867
1020786102
1020882674
1020934748
1021197070
1021363705
1021475381
1021931610
1022026714
1022268314
1022792062
1022855650
1022924210
1022936886
1023294622
1023848525
1024817578
1024828051
1025488137
1025941731
1026039335
1026162057
1026198381
1026209297
1026451686
1026486302
1026562919
1026647035
1027206724
1027719864
1028000433
1028030347
1028141437
1028330510
1028379233
1028438553
1028593497
1028797581
1028868890
1028892189
1028938506
1029280173
1029732602
1030669404
1031055775
1031136774
1031215615
1031336584
1031664117
1031741695
1031786828
1032333618
1032483448
1032979609
1033021719
1033053479
1033220034
1033265948
1033645499
1034145769
1034157933
1034333002
1034663798
1034935724
1035008086
1035250414
1035413383
1036130321
1036167649
1036272572
1036814895
1037255229
1037605289
1037666044
1037760915
1038146159
1038247874
1038359538
1038402973
1038543133
1038698712
1039022282
1039241015
1039384472
1039714369
1039716730
1039766950
1039914648
1040190949
1040624471
1040919330
1040936415
1040942946
1041249675
1042331187
1042332084
1042475144
1042510185
1042733239
1042910454
1043201332
1043243042
1043572483
1043792879
1043841616
1043926409
1044238993
1044346155
1044350045
1044596502
1044749624
1044919812
1044948182
1045343550
1045558029
1045670117
1046034236
1046095183
1046102093
1046181445
1046224152
1046375766
1046467094
1046711656
1046780797
1046783524
1046895341
1047424803
1047454626
1047580096
1048128058
1048434970
1048466161
1048537523
1048655575
1049037981
1049247278
1049326716
1049568482
1049580971
1050047419
1050059698
1050994892
1051168965
1051333253
1051377943
1051792764
1051882162
1052441462
1052646467
1052914225
1052919544
1052971995
1053154666
1053299846
1053407615
1053498761
1053754479
1053795212
1053949990
1054440240
1054530391
1055180783
1055298725
1055908189
1055931307
1056005985
1056305968
1056335204
1056451951
1056646466
1057231250
1057687819
1057789387
1057873258
1057879168
1058035516
1058266218
1058475933
1058514355
1058821849
1059066185
1059198883
1059688609
1059847889
1060013273
1060052524
1060350806
1060595918
1060675096
1060793368
1060874634
1061149502
1061441476
1062270921
1062602727
1062714969
1062730536
1062819167
1062874693
1062875665
1063226743
1063385329
1064002458
1064431071
1064723387
1064901052
1065122100
1065258201
1065932262
1066012306
1066297093
1066569713
1066694856
1066823560
1067299312
1067669705
1068348675
1068516022
1068793130
1068878124
1069116212
1069164428
1069598790
1069755375
1069808505
1070050144
1070090385
1070135728
1070143153
1070301308
1070621313
1070686689
1070946239
1070979989
1071170790
1071175625
1071323909
1071789737
1071794030
1071824909
1072055324
1072289900
1072618791
1072723818
1072968149
1073021531
1073286560
1073788606
1074157690
1074228415
1074279801
1075200810
1075279276
1075569834
1075920217
1076052509
1076053545
1076410234
1076433548
1076595906
1076843397
1077572310
1078107613
1078153181
1078253447
1078626661
1080838098
1081355605
1081450740
1081618716
1082184710
1082187261
1082364137
1082373913
1082414691
1082910975
1082961811
1083024585
1083154620
1083223773
1083251304
1083332289
1083377157
1083629885
1083653400
1083714200
1083906001
1083994350
1084233418
1084235620
1084603456
1084811346
1084862607
1084862635
1085378521
1085496181
1085560723
1085964638
1087252466
1087288932
1087378468
1087530975
1087656270
1087746841
1088069424
1088075296
1088115610
1088453576
1088758092
1088832898
1088892922
1089022863
1089028355
1089453952
1089667373
1089872498
1090010210
1090343103
1090834726
1090909984
1090947742
1091351337
1091403160
1091708209
1091812784
1092139637
1092370446
1092403554
1092790741
1092976231
1093095139
1093718158
1094041033
1094111221
1094269888
1094633711
1094740404
1094791207
1094807911
1095086269
1095201864
1095278789
1095704994
1095764946
1095867183
1095961572
1096862593
1096957846
1097246622
1097295731
1097376114
1097727098
1098246993
1098375743
1098380888
1098624491
1098638216
1098892499
1098892601
1099529721
1099961819
1100220980
1100255550
1100424766
1100862483
1100871330
1100917294
1101014063
1101333373
1101567800
1101644806
1101673245
1102270716
1102478061
1102707380
1102810314
1102940181
1102995679
1103100326
1103230401
1103259253
1103335633
1103824900
1103833413
1103907021
1104030532
1104474898
1104723097
1105193324
1105291493
1105313824
1105447645
1105752248
1105843558
1106052117
1106228073
1106676542
1106737493
1107174713
1107417116
1107677049
1107784969
1108461727
1108607962
1108640368
1108643449
1108790325
1108872044
1109192671
1109272443
1109364401
1109631371
1109686480
1109777899
1109968052
1110519953
1110710886
1110819848
1110993957
1111156852
1111243601
1111620170
1111695972
1112148734
1112162314
1112163837
1112361610
1112448115
1112720110
1112818869
1112834665
1112891036
1112925171
1112963693
1113668003
1114098894
1114328073
1114465518
1114596073
1114669270
1114803294
1114901182
1115301339
1115457756
1115914024
1115936944
1116011515
1116202808
1116248542
1116347698
1116479906
1116542511
1116566459
1116580895
1116802442
1117011001
1117732551
1117851939
1118260884
1118539043
1118706247
1118867056
1118943668
1119031491
1119450323
1119485843
1119523005
1119895553
1119989122
1120394532
1120414919
1120779482
1120960936
1121050446
1121055554
1121061658
1121319117
1121328765
1121475189
1121747820
1121814722
1122201441
1122256338
1122422402
1122632070
1123242411
1123321978
1124075208
1124283601
1125072964
1125158523
1125336870
1125433497
1125538962
1125654023
1125706068
1126020048
1126162811
1126276193
1126491925
1126500148
1126774001
1126953294
1127013656
1127223831
1127386946
1127537274
1128025219
1128066875
1128092467
1128243352
1128332274
1128843208
1128937248
1129114876
1129454032
1129723371
1129830890
1130322477
1130335596
1130903343
1130971166
1130990889
1131062502
1131090253
1131694480
1131753423
1131909795
1132036001
1132064396
1132432383
1132664592
1132991951
1133074113
1133204907
1133304194
1133400081
1133860651
1134089952
1134390957
1134761567
1134833590
1135267741
1135532926
1135553519
1135558784
1135608944
1135738786
1135957321
1136248391
1136464618
1136640939
1137222972
1137313906
1137464924
1137612472
1137662768
1137802926
1137885633
1138108253
1138293824
1138324478
1138364249
1138451065
1138458802
1138466839
1138489437
1138621858
1139322831
1139417208
1139626207
1139831319
1139986318
1140048382
1140376505
1140396921
1140399509
1140657329
1141224120
1141373651
1141690574
1142191597
1142346619
1142392884
1142521596
1142797181
1142891801
1143146132
1143940742
1144038508
1144484396
1144703583
1144827088
1144900745
1145270385
1145513229
1146395597
1146555083
1146595851
1146608982
1147005284
1147101301
1147317115
1147635313
1147643282
1147967080
1148082562
1148380663
1148978349
1149367138
1150231225
1150361124
1150554942
1150627993
1150989907
1151146478
1151457642
1151506800
1151696707
1152019971
1152243915
1152629095
1152715927
1153233377
1153433058
1153684887
1153739734
1154578006
1154801308
1154854850
1155673281
1155713996
1155731207
1156016298
1156202442
1156357421
1156422135
1156481447
1157398120
1157585019
1157699354
1157720683
1158048514
1158347308
1158489123
1158719661
1158752242
1158812280
1159024658
1159122160
1159197078
1159205739
1159446895
1159516123
1159593816
1159697773
1159844975
1159892118
1160027090
1160099593
1160141644
1160464503
1160489711
1160909685
1161005509
1161046812
1161234442
1161434428
1161753951
1161947010
1162041708
1162096571
1162522053
1163493438
1163759128
1163812171
1164031582
1164136344
1164214580
1164794408
1164862511
1165131425
1165261554
1165746796
1165881859
1165919866
1166093862
1166129734
1166614514
1166829467
1167008577
1167110846
1167210031
1167310950
1167442757
1167539402
1168031014
1168095608
1168451274
1168642091
1168674577
1169005835
1169142160
1169591043
1169671871
1170212887
1170411155
1170591213
1171009498
1171019450
1171281160
1171360394
1171402485
1171485784
1171504122
1171918119
1171934852
1172654050
1172701230
1173085140
1174067203
1174237707
1174536257
1174657911
1174734089
1174759225
1174779141
1175046825
1175089634
1175212527
1175401638
1175651301
1175865981
1176100983
1176175205
1176904390
1177390851
1177403196
1177497389
1177661106
1177922978
1178190231
1178573444
1178579507
1178805371
1178939950
1179219058
1179731063
1180088699
1180151708
1180843682
1180852949
1180873195
1180964978
1181033536
1181167700
1181210164
1181559957
1181699045
1181906229
1182165096
1182347198
1182404831
1182726776
1183228819
1183378897
1183547223
1183872901
1183886114
1183987789
1184083505
1184130376
1184612508
1184833417
1185372821
1185451535
1185730882
1185843215
1185949063
1185967632
1186023606
1186105177
1186212233
1186250674
1186774670
1186827359
1186920827
1186957777
1186980366
1187392384
1187454365
1187616194
1188054369
1188278310
1188316777
1188690851
1188877624
1189076368
1189415075
1189679640
1190217197
1190240991
1190313919
1190598415
1190814081
1190925199
1191329182
1191406967
1191484718
1191577595
1191864534
1192269794
1192278199
1192698725
1192927419
1192974151
1193183219
1193545889
1194238936
1194304050
1194453054
1194461657
1194523438
1194642674
1194854409
1195152101
1195403455
1196293886
1196366950
1196644616
1196783599
1197313038
1197340965
1197535414
1197823102
1197948268
1198161748
1199147677
1199679185
1199893188
1200532737
1200661408
1200725891
1200967214
1201011036
1201193514
1201280049
1202222520
1202353532
1202385272
1202397117
1202538190
1202636842
1202830095
1202902458
1203039429
1203480663
1203494085
1204535223
1204710106
1204731543
1204918778
1205034021
1205167750
1205183290
1205295743
1205833472
1205956494
1205995260
1206017677
1206088977
1206139319
1206226994
1207175464
1207654214
1207846268
1207867674
1207999925
1208002372
1208166937
1208287192
1208378061
1208570948
1209013164
1209080528
1209121076
1209776143
1210278330
1210500710
1210518730
1210543839
1210757786
1210948527
1211386314
1212029220
1212283768
1212494021
1212595615
1212690022
1213283397
1213752475
1213855166
1214213758
1215300709
1216296967
1216339273
1216560452
1216593135
1217342436
1217591842
1217656602
1217848897
1217997870
1218153100
1218186128
1218304377
1218537609
1218647471
1219027986
1219111699
1219241125
1219529193
1219572228
1219626555
1219628056
1219648069
1219756302
1219814148
1220078398
1220372717
1220506346
1220569617
1220833434
1220868827
1220880773
1220993530
1221103620
1221285615
1221464328
1221660473
1221856660
1221858571
1222161011
1222471879
1223356409
1223453012
1224162284
1224298101
1224595072
1224760603
1224830102
1224843699
1225237165
1225314911
1225348254
1225614343
1225707805
1225845864
1225891190
1226174039
1226195982
1226282917
1226967207
1227107209
1227259933
1227465113
1227899752
1228246429
1228273519
1228335276
1228686929
1228743542
1228943160
1229054776
1229115717
1229126252
1229308330
1229793172
1230066598
1230184084
1230212816
1230421512
1230432624
1230774239
1230786635
1230846942
1230959769
1230965006
1231047732
1231335072
1231519312
1231648986
1232226016
1232271023
1232336285
1232461707
1232634422
1232811128
1232845686
1233687277
1233834379
1234042746
1234105995
1234298048
1234394352
1234448207
1234467728
1234622613
1234925888
1235076822
1235501745
1235530188
1235560257
1235667280
1236043983
1236119713
1236326430
1236456417
1236536672
1236837447
1236900333
1237033571
1237041586
1237278785
1237563420
1237602055
1237713214
1237860637
1237920655
1238218651
1238286199
1238357784
1238499372
1238680526
1238785891
1238821607
1239121000
1239123981
1239316990
1239789074
1240121971
1240132682
1240685450
1241080229
1241380086
1242124324
1242549538
1243110731
1243361244
1243478921
1243923796
1244008789
1244399507
1245145955
1245612518
1245651871
1245806571
1246090586
1246224567
1246292884
1246597283
1247163736
1247626157
1247752392
1247763974
1247810104
1248747342
1248942670
1249143231
1249246789
1249577952
1249698563
1249708143
1249735161
1250236859
1250640001
1250795129
1250901966
1250997573
1251124851
1251545616
1251579245
1252830495
1252855337
1252986705
1253096226
1253282204
1253386231
1253788193
1253867585
1254199258
1254221000
1254372367
1254634418
1254969071
1255033178
1255316070
1255915751
1256036696
1256115255
1256185225
1256185852
1256354717
1256515295
1257105146
1257121685
1257124391
1257172793
1257385033
1257809233
1258123475
1258159246
1258454738
1259027376
1259891065
1260415980
1260484072
1260645342
1260648522
1260774551
1260959190
1260976886
1261158890
1261307586
1261606366
1261736968
1261760762
1261961214
1262110145
1262918037
1263102832
1263143183
1263542900
1263730600
1263879877
1263893045
1264522655
1264819508
1264895920
1265106015
1265734751
1265963426
1266017441
1266117125
1266169551
1266200398
1266453425
1266665668
1266793872
1267031173
1267962720
1268430371
1268442987
1268927120
1268980655
1269269517
1269295325
1269349490
1269392647
1269626903
1269672905
1269774281
1270027405
1270161179
1270175832
1270401810
1270585274
1270690362
1270786346
1270853617
1271070812
1271147489
1271237112
1271777442
1271875008
1271996780
1272439159
1272624717
1272900497
1272980432
1273752495
1273813400
1273891023
1274048128
1274291153
1274514068
1274721782
1274774475
1274983126
1275021745
1275295308
1275579600
1275865991
1275910655
1276202129
1276287429
1276755743
1277035877
1277246976
1277275223
1277444306
1277504308
1277520569
1277529496
1277749652
1278120070
1278273488
1278321595
1278390979
1278503388
1278552183
1278838558
1278972479
1279075331
1279189762
1279272645
1279427988
1279833962
1279938546
1280064332
1280155052
1280466712
1280491261
1280547361
1280727602
1281093855
1281628365
1281981102
1282002112
1282134139
1282431070
1282544753
1282768087
1282788403
1282789861
1282808057
1283244043
1283623885
1283715319
1283802883
1283916427
1284576429
1284686466
1284830766
1284926943
1286002632
1286051046
1286312455
1286342666
1286723548
1286843502
1287307611
1287318819
1287481214
1287593140
1287626940
1288309774
1288645725
1288831548
1288851527
1289620748
1289756512
1290283749
1290369870
1290507775
1290809318
1291398838
1291451044
1291553042
1292254869
1292340810
1292431711
1292543821
1292573165
1292670593
1293072517
1293117434
1293405413
1293499365
1293642884
1293735543
1293900511
1294272859
1294419883
1294454909
1294810922
1294811300
1294955357
1295441515
1295675579
1295807616
1296149720
1296306290
1296449052
1296460619
1296734545
1296913625
1297134655
1297211273
1297394056
1297401446
1297676842
1298227887
1298387796
1298400349
1298783527
1299397874
1299493524
1299977164
1300106996
1300139616
1300186277
1300192955
1300280146
1300455984
1300596636
1300670386
1301441906
1302459022
1302904570
1302929721
1303401286
1303723365
1303899703
1304021649
1304237464
1304462717
1304910007
1305102539
1305225534
1305365350
1305855503
1306198164
1306280627
1306300541
1306413291
1306802644
1306835514
1306900878
1307004503
1307485955
1307679651
1307821567
1308508426
1308723231
1308989260
1309210608
1309316802
1309751192
1310011221
1310086023
1310208347
1310327386
1310341740
1310346564
1310640399
1310718452
1310749255
1311000940
1311219556
1311607215
1311661587
1312790556
1313708011
1313781570
1314525517
1314904145
1315118498
1315408471
1315455941
1315590918
1315641924
1315655635
1315725538
1316095357
1316138014
1316237902
1316510295
1316901144
1317125683
1317394521
1317395176
1317752040
1317784757
1317821588
1318517456
1318778476
1318784946
1318827968
1318898373
1318923093
1319332652
1319422717
1319618113
1319707598
1320069585
1320379990
1320605461
1320755081
1321600560
1321640300
1321684783
1321827219
1322417330
1322892285
1323093709
1323191907
1323197025
1323332567
1323899292
1324050475
1324079358
1324312333
1324461353
1324705290
1324781305
1324973032
1325294113
1325678984
1325779988
1325970467
1326252394
1326465118
1326704331
1326813662
1326902049
1327020252
1327076510
1328849585
1329225829
1329388138
1329546367
1329654142
1329694318
1330046133
1330400966
1330842740
1330896245
1330949286
1331439781
1331896460
1331991179
1332100495
1332235590
1332566977
1332635188
1332715096
1332770358
1332979680
1333140685
1333230187
1333368222
1334121940
1334133756
1334776225
1334821588
1334911569
1335075132
1335187690
1335458999
1335646688
1335648414
1335875936
1335953982
1336163396
1336186002
1336383262
1336636999
1336652817
1337542595
1337709586
1337893055
1337904214
1337919748
1338030693
1338088114
1338231438
1338261614
1338279048
1338458608
1338505505
1338590672
1338598922
1338711098
1338733809
1338812890
1338942537
1339341533
1339393531
1339630597
1339675982
1340485901
1340743322
1340789307
1340853414
1341015375
1341025748
1341064851
1341331446
1341602564
1341670953
1341998450
1342172256
1343067190
1343475446
1343513912
1343846686
1343948908
1343960694
1344812872
1344886463
1344977361
1345856953
1346441654
1346896685
1347054853
1347226834
1348175864
1348438486
1348446112
1348479434
1348500459
1348631668
1348839046
1349087814
1349094904
1349323987
1349435372
1349540936
1349982182
1350427953
1350792322
1350903590
1351514109
1351626961
1351981615
1352484396
1352766678
1353083955
1353257860
1353377426
1353763717
1353773674
1354154471
1354641337
1354654807
1354730851
1354857492
1354895852
1354911956
1355043684
1355052254
1355370301
1355732210
1355768256
1355882603
1355883230
1356088067
1356183427
1356280830
1356426268
1356657554
1356794536
1357410274
1357800268
1357820369
1357878144
1357906995
1358080752
1358382027
1358512096
1358667126
1358725642
1358734206
1358751883
1358763229
1358923626
1358979215
1359278411
1359581185
1359584319
1359595381
1359906730
1360103843
1360618661
1360663951
1361201996
1361425793
1361853664
1361906766
1362530717
1362536275
1362555383
1362750732
1363115798
1363259526
1363411451
1363450454
1363508090
1364237995
1364727052
1364897867
1365915585
1366042521
1366109200
1366454733
1366815688
1367265884
1367749280
1368010841
1368328407
1368375243
1368493653
1369194800
1369452835
1369513871
1369966121
1370402673
1370422252
1370458362
1370459277
1371225979
1371762393
1372153929
1372376150
1372481614
1372577265
1373129995
1373288036
1373456745
1373550802
1373653307
1374136234
1374683718
1374722081
1375046877
1375067681
1375107737
1375229516
1375334765
1375537769
1375563256
1375832448
1375923126
1376963300
1377183747
1377244318
1378584095
1378610648
1379165693
1379428088
1380048575
1380050445
1380155048
1380192269
1380743107
1380793036
1381237978
1381295327
1381350919
1381376433
1381435873
1381436246
1381476792
1381476799
1381514862
1381794971
1381871113
1382164737
1382222011
1382539913
1382654010
1382754733
1382862560
1383344259
1383389229
1383641252
1383728220
1383769806
1383792445
1383861901
1384144712
1384436214
1384587380
1384939561
1385111190
1385476892
1385603184
1385844089
1385853531
1385940951
1386029603
1386178413
1386254964
1386916787
1387091257
1387143431
1387171295
1387509244
1388176665
1388659819
1388689004
1388707572
1388731351
1388799094
1388814942
1388987225
1389185512
1389309868
1389310969
1389351804
1390033100
1390146981
1391168755
1391173119
1391367938
1391386195
1391882231
1392476435
1392581788
1392952184
1392978608
1393018911
1393427874
1393578526
1393581027
1393617317
1393953311
1394591782
1394667164
1394986377
1395290151
1395355381
1395390289
1396181409
1396516176
1396832854
1396864761
1397055034
1397646234
1397853272
1397915735
1398537876
1398765312
1398801062
1398869670
1399301720
1399465625
1399857841
1400185102
1400367783
1400500405
1400662410
1400683268
1400811584
1401288476
1401515990
1401771040
1401916373
1402047159
1402374848
1402408160
1402627766
1402982810
1402985436
1403039904
1403044626
1403121099
1403198363
1403413400
1403739854
1403929170
1403967986
1404417058
1404637736
1404697263
1404700390
1404770187
1405544649
1405817458
1406037485
1406661786
1406809146
1407382934
1407385317
1407408819
1407655903
1407835271
1407885655
1408221314
1408532615
1408545730
1408768961
1408973511
1409139177
1409492209
1409606867
1409772145
1409842692
1410027803
1410201661
1410583707
1410874167
1411138170
1411252051
1411453137
1411926269
1412022744
1412250440
1412317981
1412329892
1412505823
1412686806
1412815809
1412964331
1413079492
1413412202
1413588931
1413979434
1414122809
1414313883
1414395367
1414649167
1415044735
1415342113
1415477066
1415776658
1415823713
1415845037
1415948689
1416178757
1416823911
1416880140
1416928963
1417229627
1417383503
1417452076
1417798881
1417854224
1418268113
1418836605
1418961123
1419118344
1419978961
1420106559
1420207137
1420263193
1420540577
1420766256
1421077015
1421368814
1421412660
1421591418
1421641628
1421923942
1422008393
1422285266
1422418671
1422462087
1422757005
1423235801
1423260508
1423345632
1423535023
1423655997
1423905071
1424214186
1424264518
1424990526
1424998319
1425448163
1425491694
1425542085
1425866651
1426123327
1426196295
1426746748
1426830715
1427002966
1427064171
1427111396
1427282935
1427501252
1427591046
1427981424
1428071925
1428097167
1428149579
1428333549
1428451101
1428452112
1428943866
1429127913
1429181359
1429353163
1429415394
1429650413
1429728396
1429863109
1430006771
1430037288
1430144999
1430153412
1430163149
1430506824
1431069668
1431076856
1431341330
1432295410
1432397950
1432459896
1432764584
1432823573
1433826145
1434571260
1434687525
1434741674
1434967084
1435156806
1435370612
1435398530
1435432111
1435773591
1435889726
1436151087
1436390114
1436513960
1436694868
1436804411
1437385794
1437449330
1437571031
1438097856
1438344376
1438850948
1438865840
1438965997
1438989202
1439019180
1439116864
1439225809
1439282801
1439724750
1439864408
1440119859
1440257315
1440626265
1440674426
1440708173
1440972558
1441396582
1441470459
1441506296
1441717016
1441742805
1442293111
1442483633
1442572752
1442943831
1443034620
1443754821
1443972516
1444165536
1444584034
1444686646
1444779451
1444811150
1444835846
1444881534
1444903258
1445206833
1445427793
1446314515
1446323654
1446818170
1447444105
1447499863
1447893223
1448269197
1448290985
1448354761
1448775628
1448979969
1449176957
1449243974
1449285560
1449440627
1449579016
1449610929
1449840144
1450021106
1450021547
1450123746
1450516395
1450578048
1450777326
1451254924
1451304772
1451398140
1451416061
1451473131
1452181828
1452450506
1452517647
1452742391
1452778446
1453127300
1453146726
1453156873
1453212242
1453403671
1453535334
1453744742
1454286810
1454330896
1454441230
1454456079
1454512715
1454787897
1454901372
1454951624
1455461606
1455516602
1455681830
1455727423
1455737388
1455759213
1455835936
1456019440
1457301114
1457305699
1457309457
1457604799
1457694701
1457817682
1457848449
1457863618
1457967743
1458009329
1458013504
1458136406
1458492384
1458520936
1458592760
1459083029
1459162466
1459180262
1459390374
1459538020
1460084051
1460220078
1460319534
1460449325
1460526431
1460895006
1461127646
1461273367
1461343722
1461362725
1461430441
1461503311
1462463528
1462525661
1462717999
1462884893
1462970640
1463040272
1463063131
1463228369
1463342224
1463508498
1463738708
1463964513
1463965543
1464303919
1464378571
1464391461
1464502040
1464910586
1464929007
1465273638
1465510440
1465689362
1465801202
1465843462
1465890198
1466248417
1466493862
1466568281
1466813850
1466931684
1467111886
1467262976
1467340923
1467629262
1467867478
1467990306
1468313408
1468392500
1468887092
1469047381
1469250544
1469546793
1469934156
1470537812
1471179842
1471333968
1472318122
1472531552
1472846291
1473093191
1473160645
1473578814
1473672856
1474131643
1474135782
1474143909
1474310491
1474388410
1474487648
1474603649
1474651563
1474843568
1475187434
1475486241
1475618718
1475739328
1475774073
1476009762
1476490041
1476524244
1476567675
1476979634
1477010411
1477024156
1477084821
1477102040
1477940537
1477959740
1478161781
1479892393
1480039061
1480373233
1480593468
1480772647
1480995065
1481007898
1481276812
1481371978
1481504463
1481527268
1482170844
1482390750
1482462617
1482495500
1482586970
1482801423
1483292832
1483886153
1483889176
1483947738
1484241238
1484355313
1484466450
1484620257
1484852840
1484867313
1485683111
1485758708
1485770527
1486648875
1486742985
1486792536
1487145325
1487473129
1487902037
1488088036
1488176868
1488344175
1488436156
1488586379
1489014244
1489111756
1489337854
1489345105
1489387675
1489807032
1489814212
1490020183
1490622101
1490936169
1490955795
1491279718
1491358226
1491365479
1491397406
1491554480
1491676499
1491982181
1492064982
1492192320
1492490356
1493057488
1493109660
1493374095
1493460762
1493830809
1493983007
1494360898
1494662478
1494729448
1494746916
1495688343
1496698209
1496736333
1496806333
1496850842
1496912671
1497038100
1497428848
1497705540
1497715085
1497886812
1497952229
1498338572
1498505915
1498702889
1499187972
1499222598
1499257743
1499288851
1499320762
1499349192
1499398690
1499494997
1499887536
1500374254
1500383997
1500397751
1500442188
1500570524
1500650520
1500902891
1500921109
1501160287
1501417661
1501579940
1501640979
1501667827
1501782857
1501815192
1502128814
1502245809
1502382609
1502492586
1502650636
1502893973
1502941002
1503194985
1503354546
1503402514
1503427762
1503811420
1503940716
1504019624
1504043151
1504088781
1504121103
1504297857
1504334093
1504344439
1504862308
1504910225
1504933039
1505316417
1505484337
1505507569
1505604049
1505700603
1505947387
1505997574
1506235277
1506236647
1506476431
1506905882
1507350041
1507421291
1507616111
1508100486
1508874780
1508976448
1509092758
1509336267
1509398532
1509929782
1510096833
1510439536
1510652220
1510972736
1510992162
1511442858
1511675356
1511827523
1512254182
1512517838
1512911949
1513166181
1513206655
1513493112
1513903653
1513970741
1514055498
1514063030
1514123118
1514133106
1514482131
1514492249
1514624054
1514791406
1514912252
1515215740
1515229848
1515353246
1515683618
1515693588
1515870367
1515937397
1516767930
1516826712
1517042992
1517192185
1517271112
1517454710
1517489480
1518372604
1518564298
1518598664
1518607481
1518631270
1518678617
1518735313
1518922680
1519064269
1519232237
1519280846
1519720046
1519791871
1520633912
1521049387
1521241875
1521337339
1521502652
1521530114
1523367062
1523615810
1523718218
1523991843
1524057823
1524628959
1524790090
1524964928
1525067161
1525130972
1525137274
1525602228
1525795724
1525916053
1525972354
1526002793
1526093008
1526667120
1526667962
1526773158
1526880534
1527198018
1527570131
1527884361
1527929212
1528171708
1528302778
1528304200
1528473362
1528599666
1529065445
1529091612
1529151707
1529427388
1529744336
1529880404
1530026637
1530037566
1530145198
1530462112
1530934911
1530944197
1530980273
1530998164
1531133623
1531504001
1531604507
1531781279
1532876447
1532950034
1532956718
1533267203
1533313757
1534046172
1534074698
1534152004
1534277022
1534283920
1534363039
1534515571
1534516397
1534676101
1534678896
1535030353
1535319174
1535518889
1536346746
1536457829
1536560651
1536695695
1537223083
1537550769
1537900341
1538538227
1539052779
1539086935
1539338738
1539650721
1539793553
1539933376
1540082215
1540179773
1540343616
1540765534
1540770782
1540777901
1540914560
1541342797
1541731832
1541762280
1542131474
1542169921
1542500916
1542742680
1542874243
1543016641
1543741652
1543893626
1544497193
1544719340
1544811320
1544818971
1544857897
1545024429
1545167075
1545294625
1545295394
1545358689
1545383415
1545398080
1545448681
1545532419
1545738357
1546216814
1546354092
1546625692
1546897962
1547407749
1547803075
1547874292
1548139254
1548336126
1548364154
1548664380
1548876761
1549052402
1549405249
1549642615
1549850028
1550162673
1550306741
1550367928
1550680029
1550880461
1552355019
1552556904
1552639868
1552943172
1553045831
1553148396
1553309831
1553379520
1553381332
1553895970
1553917440
1553989948
1554595331
1554817837
1555148875
1555189562
1555645410
1555744805
1555749746
1555800181
1555857725
1556045808
1556200679
1556270715
1556284081
1556464820
1556973070
1557099621
1557172630
1557804945
1557840878
1558001837
1558111811
1558196312
1558250615
1558443940
1558712417
1558772458
1559219692
1559408518
1559809750
1559826002
1559854396
1560072529
1560102645
1560374990
1560928019
1561013864
1561513642
1561799593
1561985575
1562070972
1562259406
1562382806
1562467277
1562478274
1562695971
1562743854
1562832668
1563114349
1563267466
1563366093
1563654191
1564122971
1564134003
1564207532
1564335671
1564633626
1564978556
1564984559
1565225127
1565308265
1565339698
1565540351
1565606205
1565639523
1566475379
1566566769
1566920559
1567090177
1567491010
1567644186
1567974610
1568171927
1568184354
1568612531
1569201832
1569295985
1569374901
1569376233
1569532496
1569915609
1570052335
1570814553
1570844328
1570874457
1570907811
1571035291
1571264041
1571507633
1572046959
1572515098
1572795101
1572861935
1572881382
1572970769
1573087591
1573140881
1573291423
1573995657
1574056402
1574607493
1574634451
1574841658
1575040791
1575352593
1575944840
1576236143
1576789395
1576858344
1577526377
1577910608
1577948786
1578063905
1578176588
1578270992
1578311200
1578361870
1578364287
1579187999
1579196300
1579209215
1579268753
1579530310
1579622893
1579943394
1580010648
1580168351
1580910171
1580973467
1581000820
1581007852
1581029205
1581732654
1582794717
1582974380
1583080185
1583366380
1583370332
1583459687
1583471157
1583971838
1584277778
1584621915
1584630155
1584679607
1584906543
1585238841
1585449928
1585716738
1586323846
1586614778
1586623666
1587109762
1587154251
1587240195
1587443690
1587828418
1587902103
1587948789
1588160611
1588312156
1588711574
1588725735
1588821204
1588826682
1589059745
1589662780
1589870464
1590006396
1590320973
1590347740
1590551050
1591094358
1591613614
1592038971
1592071092
1592108237
1592579063
1592883552
1593026927
1593157804
1593228288
1593542593
1593756568
1593766726
1594381530
1594646474
1594978129
1595097297
1595210323
1595406882
1595663693
1596060440
1596157386
1596384477
1596462087
1596609984
1597343354
1597400463
1597555853
1598052456
1598193110
1598438183
1598787104
1598863744
1598866025
1598894013
1598941686
1599237502
1599292932
1599421948
1599422644
1599790389
1599958865
1599966120
1600102210
1600136224
1600779454
1600843838
1601768344
1602457336
1603012201
1603089321
1603236408
1604158547
1604437592
1605352979
1605496336
1605538473
1605698687
1605885406
1606329136
1606809527
1607086737
1607153816
1607174592
1607187133
1607213456
1607225678
1607518406
1607644922
1607846157
1607873138
1607902473
1608633289
1608734815
1608869115
1608916038
1609023264
1609032782
1609077923
1609090430
1609189044
1609544399
1610014475
1610520737
1611033599
1611638432
1611854764
1612234066
1612413231
1612606406
1612793223
1613297316
1613319205
1613415902
1613481913
1613884026
1613889078
1614493687
1614548151
1614624725
1614719526
1614976438
1615104488
1615454832
1615476011
1615651660
1616293809
1616326204
1616590952
1616666252
1616698502
1616883866
1616900523
1617132876
1617249621
1617254798
1617262972
1617276698
1617323551
1617359610
1617362398
1617935207
1617985494
1618060406
1618086438
1618349042
1618646009
1619187748
1619455250
1619524573
1620131221
1620343959
1620843378
1621176546
1621181381
1621684325
1621747682
1621796832
1621855091
1622516221
1622697424
1623968426
1623995010
1624209832
1624786335
1624803164
1625315497
1625513699
1625585023
1625641337
1625836691
1625939740
1626133472
1626160644
1626655942
1627067018
1627267799
1627868307
1627929660
1628127433
1628331359
1628362979
1628428106
1628440262
1628768528
1629071478
1629107420
1629326884
1629568719
1629657134
1630016967
1630250719
1630335290
1630754605
1630947463
1630960638
1631166786
1631209806
1631235933
1631253524
1631330716
1631333707
1631427365
1631647218
1631734926
1631821126
1632467651
1632492618
1632600700
1632879461
1632952650
1633053478
1633617233
1634328401
1634429435
1634533598
1634561066
1634575091
1634938617
1635107204
1635186045
1635196950
1635250877
1635909337
1635964571
1636076331
1636115620
1636349376
1636368703
1636596760
1636606340
1636678783
1636845256
1636999193
1638095190
1638136850
1638443079
1638451163
1639479272
1640238144
1640317012
1640599555
1640627299
1640947177
1640952725
1641045436
1641256075
1641295964
1641549357
1641566636
1641647564
1641995102
1642016558
1642627208
1642819713
1642885624
1642954137
1643107671
1643206343
1643301962
1643341530
1643390828
1643432186
1643538373
1643684503
1643714349
1643911199
1644194286
1644364246
1644400210
1644508278
1644857494
1644953502
1645095063
1645264605
1645291581
1645393958
1645901455
1646331211
1646356248
1647246906
1647398690
1647481377
1647709076
1647981692
1648284118
1648659982
1648688783
1648860199
1649193710
1649235940
1649527871
1649581256
1649581428
1649583340
1649814067
1650019783
1650128065
1650197822
1650219235
1650395462
1650453057
1651983653
1652456912
1652514079
1652601635
1653046796
1653180492
1653209814
1653294447
1653409667
1653461897
1653678581
1654214724
1654225281
1654360777
1654696411
1654787825
1655141941
1655661418
1655887015
1656424340
1656785454
1656797442
1656979051
1657114938
1657501101
1657857758
1658117283
1658127004
1658203828
1658396402
1658627604
1658854345
1659146488
1659302595
1659535826
1659833750
1659923204
1660043529
1660478424
1660493896
1660835204
1661000199
1661201513
1661533622
1661872222
1661911409
1662088868
1662239452
1662467065
1662589251
1662736494
1663144328
1663275645
1663398739
1663909651
1664032346
1664037580
1664049354
1664298409
1664584689
1664686501
1664878527
1664992441
1665299302
1665455885
1665766448
1665905468
1666054405
1666262327
1666344158
1666412515
1666457673
1666517740
1666586801
1666678740
1667273601
1667336013
1667497600
1667646640
1668272723
1668306913
1668523573
1669530462
1669636251
1669972651
1670029389
1670392843
1670441455
1670715809
1670838346
1670998289
1671422254
1671669119
1671776965
1672214616
1672556424
1672658466
1672717122
1673022332
1673290297
1673421930
1673510847
1673546352
1673935408
1674319066
1674411085
1674521587
1674999869
1675130833
1675487340
1675637462
1676073252
1676126891
1676184121
1676396501
1676449621
1676495418
1677112568
1677118094
1677383828
1677404542
1677511489
1677586507
1677759876
1677790101
1677810440
1677995076
1678060764
1678182523
1678567921
1678797724
1679174925
1679297005
1679990525
1680114427
1680503030
1680527717
1680609290
1680905337
1681296000
1681857489
1681945079
1682379589
1682406237
1682530773
1683259812
1683429647
1683836802
1684078382
1684408299
1685083015
1685338920
1685360621
1685437640
1685618093
1685770522
1685802219
1685814341
1685955942
1686243465
1686720208
1687044390
1687113959
1687368372
1687663832
1688183765
1688192803
1688253800
1689108138
1689823613
1690102085
1690330289
1690433439
1690767866
1690889220
1690946134
1691255435
1691590982
1692219533
1692323165
1692323411
1692517617
1692593877
1693127456
1693716322
1694362397
1694452197
1694767679
1695198509
1695390125
1695401249
1695488234
1695532170
1695565592
1695832704
1696016465
1696386496
1696549772
1697095009
1697289824
1697897166
1698416950
1698524959
1698537247
1698646202
1698815635
1699046851
1699165576
1699296422
1699647065
1699721744
1699731858
1699861023
1699882909
1700200076
1700395141
1700715488
1700794628
1700822562
1700827271
1701171269
1701190762
1701258419
1702050665
1702155350
1702255947
1702317703
1702622702
1702689186
1703084425
1703441169
1703964532
1704147564
1704346500
1704442820
1704526642
1704715753
1704875269
1705833052
1705853981
1706268965
1706504174
1706626567
1706684664
1707140842
1707536478
1707803986
1707996231
1708293517
1708428639
1708468172
1708621165
1708920696
1708935738
1709086040
1709096162
1709178552
1709208350
1709447744
1709575797
1709607288
1709753952
1709799489
1709954592
1710020255
1710493676
1710662318
1710817245
1710845539
1710891717
1711244723
1711268192
1711336922
1711788787
1712363053
1712542676
1712645698
1712889620
1713001471
1713515574
1713785143
1713818668
1713870477
1714134954
1714199124
1714239936
1714515101
1714554873
1714572033
1714696838
1715391066
1715415727
1715488333
1715601168
1715764705
1715973139
1716072978
1716451133
1716762971
1716776645
1717005909
1717066217
1717455046
1717489692
1717841723
1718122764
1718198350
1718243322
1718284346
1718304698
1718632060
1718675264
1719239105
1719250969
1719770910
1719804501
1720391483
1720791815
1721120351
1721389804
1721699030
1721863234
1721927760
1722279164
1722428206
1722540310
1722677351
1723758177
1724054683
1724257430
1724409728
1724715969
1724860668
1724917803
1724999268
1725038909
1725066708
1725235109
1725390941
1725593372
1726000243
1726469066
1726876315
1727335581
1727651585
1727784954
1727853609
1728703825
1728925696
1729520292
1729817941
1729933028
1730216183
1730329694
1730417258
1730447813
1731245232
1731259812
1731349609
1731439118
1731507885
1731781011
1731930796
1732058026
1732307367
1732653229
1732674774
1732932179
1733055546
1733538561
1733553606
1733768707
1733773201
1733857914
1733963005
1734003021
1734335571
1734508395
1734630661
1734722977
1735220195
1735700998
1735830991
1735846055
1736147002
1736316511
1736634913
1736744888
1736766744
1737159000
1737693346
1738076775
1738163551
1738168210
1738169742
1738360329
1738365552
1738585929
1738661740
1738909754
1739082457
1739091931
1739106267
1739518503
1739636673
1740056095
1740186408
1740205941
1740400499
1740503239
1740712591
1741405048
1741457062
1741724388
1742169855
1742520144
1743092635
1743103323
1743132592
1743861139
1744270171
1744346440
1744415293
1744832364
1745477431
1745753193
1745788226
1745845037
1745905672
1746447916
1746642110
1746738303
1746830485
1747476088
1747489256
1747575202
1747773990
1747791609
1747949505
1748090711
1748123429
1748194266
1748872214
1748873555
1749054643
1749221215
1749416996
1749622129
1749693478
1749912488
1750115965
1750146799
1750406932
1750590480
1750619116
1750682825
1750997268
1751234665
1751270680
1751378691
1752183703
1752464029
1752480283
1752518358
1752768238
1752926543
1753026183
1753228844
1753280307
1753428529
1753593281
1753617102
1753785568
1753866533
1754272160
1754322744
1754349909
1754520398
1754587442
1754736259
1754859207
1755175340
1755658991
1755921329
1755996636
1756105732
1756240159
1756540740
1756588390
1756621041
1756626859
1756757403
1757150397
1757201770
1757299107
1757454704
1758083548
1758282739
1758370408
1758767469
1758998763
1759087797
1759806318
1759889282
1760022992
1760039341
1760236647
1760475390
1760713939
1760751678
1761040423
1761527489
1761608158
1761927861
1762032771
1762041737
1762317093
1762348251
1762416304
1762506356
1762760186
1762760708
1763615048
1763633162
1763669283
1763892403
1764317072
1764462679
1764644838
1764702743
1765046507
1765207289
1765528141
1765937306
1765979417
1766009810
1766206264
1766317237
1766537200
1766634300
1766944396
1767174568
1767236168
1767298315
1767345223
1767369107
1767524946
1769074180
1769238998
1769289252
1769395592
1769785955
1770077242
1770078707
1770564891
1770599591
1770781900
1770950902
1771038136
1771559025
1771748329
1771837037
1771925244
1772312470
1772922861
1773028673
1773054846
1773136797
1773330847
1773417070
1773457064
1773504249
1773670901
1773840993
1773942845
1774313838
1774976754
1775078086
1775090906
1775776943
1775930580
1776057026
1776330239
1776337216
1776650747
1776670574
1776733619
1776836493
1776901067
1776968947
1777152693
1777404721
1777556235
1777754311
1778261292
1778693257
1779149502
1779153160
1779216062
1779969734
1780056432
1780303475
1780441104
1780524673
1780546528
1780827554
1780932092
1780982979
1781338195
1781473512
1782025111
1782632172
1782803071
1782894663
1783086891
1783397727
1783828695
1783988070
1784502761
1784674772
1784778246
1784807880
1785226540
1785415660
1785536439
1785718836
1785961805
1786222168
1786281195
1786564638
1786750703
1786958376
1787135234
1787184953
1787368347
1787528567
1788327135
1788481917
1788517944
1788555446
1788623006
1788670900
1788693024
1788726887
1788767895
1788841296
1788906089
1788957676
1788969331
1789053032
1789326083
1790012755
1790185015
1790292901
1790457037
1790841875
1790856676
1790918764
1790936606
1791040998
1791637066
1791805939
1791857897
1791959931
1791989844
1792233406
1792291304
1792748279
1792877445
1792975262
1793037357
1794118228
1794849962
1794996159
1795482000
1795858628
1795989648
1796445501
1796724769
1797397175
1797869833
1798386103
1799106035
1799291438
1800460072
1800497090
1800632711
1801330861
1801344544
1801569473
1802277975
1802294551
1802456402
1802518240
1802685875
1802804797
1803026354
1803035622
1803066688
1803119208
1803694379
1804077350
1804332848
1804415369
1805182164
1805288971
1805401216
1805593382
1805853030
1806094204
1806143474
1806447229
1806501770
1806532393
1807370548
1807720746
1807784875
1808071676
1808176170
1808537535
1809136653
1809441040
1809600416
1809797724
1810648153
1810783773
1810978596
1811356500
1811452059
1811502599
1811631422
1811837820
1811911580
1812167306
1812416359
1812482981
1812932997
1813158662
1813163257
1813914944
1814021344
1814280930
1814324182
1814606301
1815428379
1815503503
1815752152
1816227202
1816278562
1816559277
1816582936
1816667063
1816725629
1816862638
1817100135
1817132093
1817201002
1817259105
1817979733
1818229972
1818336775
1818398868
1818421401
1818487201
1818775555
1818809161
1818872874
1819006170
1819731092
1820308252
1820374160
1820472454
1820472927
1820551674
1820882638
1821130577
1821322261
1821393631
1821979665
1822172094
1822201456
1822254697
1822261652
1822271609
1822549025
1822737357
1822764910
1822921456
1823104383
1823170028
1823329445
1823390774
1823531251
1823584926
1823652891
1824106182
1824231731
1824512001
1824913412
1825606723
1825831394
1826282582
1826347627
1826899239
1826994036
1827014489
1827179338
1827993508
1828156876
1828166056
1828241663
1828307392
1828357451
1828840889
1829013914
1829271768
1830132526
1830150281
1830264123
1830446754
1831571189
1831610363
1831721965
1832065198
1832353573
1832438439
1832630832
1832760043
1832870737
1833028991
1833083175
1833317223
1833320519
1833369346
1833381779
1833481933
1833651731
1833722927
1833980522
1834242917
1834361850
1834478085
1834758129
1834901863
1834902941
1835092240
1835307790
1835394836
1835422108
1835665323
1835851418
1835916745
1836074386
1836112596
1836158149
1836474940
1836496318
1836603923
1836647019
1836725315
1836821369
1837067599
1837147214
1837303518
1837625038
1837711417
1838055732
1838125227
1838330066
1838606793
1838775324
1839151141
1839320210
1839648295
1839722504
1839749417
1839819506
1839977861
1840038838
1840104072
1840306193
1840565608
1841002013
1841138408
1841191750
1841282016
1841349781
1841455306
1841596490
1841957936
1842107471
1842330062
1842516848
1842699717
1842855801
1842953078
1842955948
1843198111
1843268363
1843289312
1843468523
1843595297
1843963853
1844309439
1844398765
1844520709
1844619042
1844736589
1844813600
1844916980
1845604244
1846210977
1846360599
1846682220
1847091569
1847351149
1847582116
1847847849
1848230809
1848592805
1848598399
1848805393
1849430326
1849565710
1849611699
1850353492
1850382434
1850571039
1850576914
1850647030
1850826979
1850909019
1851152876
1851220404
1851248718
1851330155
1851398598
1851404070
1852090484
1852216382
1852286106
1852613524
1852737613
1853098853
1853183964
1853633433
1853954520
1854269283
1854464891
1854655318
1854916413
1854935621
1854984939
1855029697
1855560938
1855691989
1855795560
1855900005
1855952632
1856066401
1856194546
1856751459
1857119727
1857248697
1857275045
1857814823
1858362117
1858451904
1858509927
1859167667
1859407325
1859425703
1860103384
1860278299
1860312279
1860330557
1860508403
1860714854
1861194923
1861490517
1861643177
1861707022
1861765215
1861766438
1861769281
1862262638
1862603905
1862736319
1862741079
1862789909
1862994781
1862999499
1863212884
1863490617
1864532022
1864571062
1864666809
1864930757
1866052193
1866330401
1866755390
1867647707
1868276727
1868899471
1868948291
1869050228
1869255246
1869305007
1869426642
1869573243
1869864458
1870064245
1870161372
1870999303
1871302048
1871344914
1872015970
1872043817
1872222386
1872273896
1872301778
1872863620
1872889729
1873036912
1873051873
1873294868
1873306602
1873313704
1873357465
1873609646
1873707226
1873886155
1874163670
1874835254
1875167261
1875239628
1875478964
1876012149
1876533962
1876729812
1876882994
1878024427
1878642190
1879185751
1879245571
1879322938
1879385080
1879399848
1879525101
1879835600
1879844531
1879923777
1880226473
1880480686
1880570679
1880914757
1881202296
1881320376
1881361000
1881698268
1881744105
1881984346
1882032837
1882310360
1882324774
1882401661
1882485713
1882760503
1882787073
1882857407
1884122950
1884241192
1884367602
1884634938
1884715957
1884770273
1884846424
1885037869
1885284489
1885297771
1885530996
1885554625
1885669521
1885673235
1885775555
1885796328
1885962187
1885998420
1886228661
1886882856
1887716365
1888296797
1888326580
1888339462
1888417610
1888448046
1888642944
1888821601
1889230351
1889388547
1889471025
1889538855
1889985759
1890034500
1890338008
1890642179
1890847277
1890869169
1890881891
1891027684
1891799922
1891919471
1892253477
1892594461
1892703715
1892739856
1892795467
1892822681
1893194244
1893358662
1893443763
1893464305
1893528761
1893736976
1894005356
1894068475
1894173017
1894564698
1894664991
1894975000
1895554541
1895608321
1895937731
1895942838
1896139495
1896489226
1896803044
1896950048
1897218467
1897459468
1897475563
1897867296
1897950885
1897956638
1898021250
1898088666
1898167448
1898353878
1898708491
1898956146
1899006714
1899084664
1899257390
1899493778
1900288926
1900408751
1900511600
1901480233
1901894485
1901982587
1902081722
1902366624
1902496347
1902768511
1903026032
1903307308
1903389022
1903542979
1904313942
1904364442
1904533673
1904563040
1904632556
1904810569
1904939715
1905403693
1905644721
1905677942
1906580146
1906693037
1906738755
1906744495
1906934357
1906975520
1907523433
1907883944
1907977098
1908239428
1908316032
1908786883
1908843721
1909004341
1909208986
1909524907
1909626643
1909642636
1909951793
1910078386
1911358088
1911813649
1911914880
1912182071
1912215570
1912444679
1913026623
1913111376
1913289547
1913752618
1914024087
1914082234
1914373358
1914438018
1914571634
1914843379
1914879692
1914900392
1914925904
1915325276
1915367471
1915520727
1915849940
1916127554
1916166414
1916284634
1916351680
1916471447
1916597278
1916703991
1917021895
1917022317
1917302005
1917610909
1917856052
1917956199
1918365732
1918543304
1918630452
1918887491
1919221367
1919736407
1920043618
1920874497
1921611041
1922170749
1922252704
1922649319
1923010198
1923129542
1923321137
1923444506
1923725614
1924146103
1924205626
1924522772
1925006903
1925141517
1925153192
1925252388
1925585581
1926014367
1926102626
1926126476
1926468656
1926545806
1926851900
1926996498
1928675595
1929078074
1929078449
1929407272
1929584883
1929586061
1929646852
1929888054
1929959482
1930210284
1930443174
1930890968
1930906006
1930959834
1931012017
1931173585
1931606365
1932013332
1932025204
1932055709
1933131155
1933456458
1933667951
1933971121
1933991349
1934347226
1934817424
1934950259
1935067564
1935107822
1935785862
1935820291
1935880308
1935982743
1936042316
1936264114
1936443577
1936856364
1936860726
1936916253
1937161646
1937384866
1937628160
1937686595
1937788764
1938014689
1938269290
1939381178
1940304627
1940558180
1940572083
1940919983
1941761332
1941880169
1941982541
1942023462
1942081883
1942720029
1942772490
1942962113
1943027094
1943386219
1943460282
1944055624
1944130758
1944145384
1944676801
1944894679
1944959283
1945130030
1945211514
1945317234
1945330027
1945548776
1945601036
1945803526
1945852280
1945912506
1946688398
1947112061
1947187755
1947449703
1948052296
1948323143
1948545064
1948712238
1948793701
1948814499
1948971431
1948987462
1949000538
1949604389
1950086815
1950372404
1950472506
1950666726
1950766604
1950809693
1951102744
1951469556
1951830992
1951934023
1952100211
1952140436
1952140702
1952322999
1952378489
1952906233
1953004570
1953090801
1953112813
1953277284
1953843633
1954030533
1954066634
1954134602
1954281319
1954615370
1954822370
1955047567
1955078405
1955318420
1955785589
1955835411
1955863269
1956059373
1956070600
1956416971
1956581406
1956621708
1956699732
1956725632
1956833480
1957050278
1957336356
1957472797
1957614543
1957652002
1957687995
1958223003
1958583522
1958814370
1958821544
1959172488
1959413144
1959510698
1959575672
1959603248
1960041865
1960146937
1960307374
1960527002
1960869136
1961378754
1961527314
1961658037
1961705830
1961709182
1961734818
1962116276
1962309853
1962335234
1962887301
1963007434
1963608923
1963764005
1963963172
1963970072
1964070249
1964614927
1964801543
1965326013
1965459392
1965477008
1965730808
1965907539
1965966009
1965993653
1966124219
1966317878
1967002041
1967046497
1967108623
1967125236
1967588872
1967629816
1967646521
1968522864
1968611575
1969438185
1969684323
1969712811
1969946528
1970147443
1970819501
1970833810
1970929817
1970999637
1971061987
1971775883
1972005211
1972403961
1972650614
1972882994
1973113214
1973144613
1973308542
1973317889
1973395308
1973464276
1973506426
1973555698
1973620602
1973627090
1973638464
1973662125
1973705954
1973896040
1974302563
1974614898
1974631462
1975381276
1975392171
1975512323
1975609187
1975650256
1976041826
1976150951
1976218833
1976384352
1976387906
1976437544
1976483285
1977053980
1977339214
1977612694
1977629757
1978029128
1978413741
1978497660
1978620840
1979434253
1979952297
1980025648
1980137040
1980187013
1980647697
1980762711
1980865736
1981381339
1981862745
1981920765
1982014026
1982283890
1982644418
1983224111
1983481859
1983800571
1984089293
1984275490
1984710044
1984712110
1984827819
1985160714
1985245264
1985331646
1985434829
1985482130
1985976702
1986385401
1986436127
1986633789
1987134670
1987307631
1987429737
1987799038
1988031013
1988480196
1988853964
1989327130
1989500485
1989666794
1989751275
1989994936
1990223150
1990229769
1990290371
1990365305
1990490817
1990652531
1990695404
1990859299
1990907501
1991054900
1991508803
1991555892
1991882260
1992066075
1992096294
1992279708
1992362255
1992375173
1993221516
1993253324
1993285158
1993474238
1993801760
1993830225
1993881534
1994397341
1994401742
1994712525
1994806901
1994899103
1995375121
1995379058
1995493547
1995548963
1995577781
1995704499
1995770050
1995972634
1996458511
1996541183
1996957930
1997148775
1997231971
1997260548
1997334347
1997348557
1998014166
1998386853
1998425554
1998475123
1998789976
1998961635
1999138916
1999177752
1999342291
1999558146
1999933726
2001119359
2001166114
2001246218
2001267113
2001293390
2001345632
2001466275
2001481090
2001497674
2001783902
2001809864
2001872672
2001939329
2002395064
2003049040
2003155534
2003306630
2003322272
2003631033
2003762296
2003862190
2003888655
2003942351
2004370093
2004592419
2004654998
2004900145
2004928569
2004937027
2005390911
2005692937
2005889422
2006313379
2006867240
2006943042
2006976054
2007169536
2007303202
2007345702
2007617868
2008073661
2008118271
2008137805
2008459308
2008806322
2009286645
2009326134
2009395130
2009434732
2009644890
2009689076
2009715489
2010023596
2010242947
2010255024
2010439195
2010598046
2010885065
2011029193
2011141360
2011450672
2011936281
2012185139
2012246780
2012453393
2012731703
2013034395
2013205981
2013316133
2013588587
2013710144
2014568460
2014659293
2014704531
2014815075
2014843457
2015347197
2015395186
2015427734
2015766959
2015958912
2016428667
2016473560
2016480736
2016842255
2017128184
2017176496
2017200754
2017216276
2017448198
2017636645
2018569260
2018705302
2018717565
2018776953
2018776977
2018960450
2019550307
2019751625
2019983365
2019990347
2020684202
2021156735
2021488223
2021573796
2021709082
2021901200
2021925037
2022074220
2022250350
2022461624
2022482587
2022870867
2023005390
2023082800
2023179231
2023675783
2023874746
2023991873
2024480943
2024684784
2024734782
2025042108
2025042556
2025387665
2025523765
2025552847
2026553569
2026835637
2026877242
2026999588
2027262181
2027264668
2027318541
2027334853
2027373669
2027775466
2027969597
2028130705
2028155253
2028502494
2028842137
2028904699
2029068847
2029071543
2029183341
2029251984
2029473327
2029491134
2029518157
2030001805
2030051143
2030128690
2030247818
2030249812
2030441283
2030699710
2030725689
2031278890
2031482445
2031882865
2031902385
2033386567
2033462380
2033625985
2033873589
2033897600
2034221992
2034640532
2034646221
2034907497
2035514924
2035629698
2035982787
2036031265
2036275398
2036596147
2036672936
2037162274
2037273832
2037295285
2037595925
2037600969
2037673468
2037885134
2038087304
2038168789
2038189915
2038254569
2038321091
2038563406
2038617056
2038659221
2038709248
2038764774
2038852191
2038932426
2038952016
2039309086
2039659884
2039837065
2039877830
2039996729
2040107908
2040391722
2040446028
2040562072
2040582705
2040645708
2040678495
2040959626
2040982730
2041041772
2041376777
2041547098
2041710828
2042182514
2042829611
2043093896
2043113040
2043162257
2043207115
2043429318
2043589921
2043632023
2044203264
2044343284
2044399551
2044581438
2044972365
2045236744
2045459219
2045570761
2045881278
2046213638
2046289219
2046299398
2046426710
2046497173
2047011319
2047039980
2047386766
2047461677
2047533410
2047715433
2047929191
2048025817
2048712587
2048718349
2048920603
2049128892
2049694396
2049965903
2050807145
2050809341
2050874293
2052424623
2052824198
2052863286
2052922751
2052949804
2053440132
2054272254
2054349381
2054375949
2055073177
2055088319
2055794371
2056044647
2056224120
2056696973
2057170075
2057496717
2057766693
2058085860
2058283857
2058285738
2058359680
2058373770
2059171348
2059225625
2059701640
2059822120
2060139530
2060195764
2060465655
2060649282
2060664405
2060898916
2061219286
2061510684
2061737262
2061797415
2062094426
2062201258
2062690243
2062811167
2063177483
2063814021
2063841726
2064351460
2065050252
2065092036
2065117053
2065157643
2065181699
2065240009
2065520029
2065627140
2065762682
2065797643
2066334264
2066339733
2066428861
2066514692
2066842102
2067043587
2067442903
2067569319
2067756757
2067931414
2068208921
2068918608
2069194063
2069348124
2069489635
2069609005
2069664091
2070421038
2070657365
2070705463
2070814081
2070861359
2070907144
2071084374
2071579514
2071612296
2071618318
2072080991
2072501268
2072658187
2072765028
2072783853
2072788668
2073077676
2073217995
2073381264
2073578523
2073585269
2073631245
2073785582
2073817292
2074732497
2074938402
2074986100
2075120613
2075129417
2075438632
2075584391
2075893805
2076230427
2076483107
2076709504
2076873244
2077014115
2077938046
2078037803
2078275071
2078323096
2078367831
2078607651
2078795409
2078799573
2078813777
2078986563
2079158736
2079297802
2079472409
2079504450
2079872526
2080872254
2081055683
2081882476
2081949997
2082014329
2082583569
2082745853
2082763267
2082904344
2083233244
2083387910
2083455119
2084014771
2084416433
2084532454
2084964088
2085178864
2085269697
2086094612
2086522531
2087045035
2087066345
2087180717
2087458721
2087555846
2087722564
2087936342
2088331866
2088516071
2088624939
2088629865
2088653457
2088734486
2088758970
2088824746
2088935154
2088987036
2089173683
2089740792
2090169930
2090346244
2090395425
2090410895
2090820950
2091247389
2091520604
2091521718
2091635465
2091812076
2091955343
2091969200
2092107625
2092207755
2092648114
2092792908
2092942462
2093249586
2093599984
2094285507
2094327146
2094615401
2094775829
2094849095
2095058149
2095194841
2095445833
2095903261
2096163542
2096330643
2096478602
2096571067
2096763649
2096869028
2097090779
2097300480
2097914599
2097993703
2098057987
2098346034
2098373288
2098517998
2099415721
2099505226
2099631494
2099679989
2099828442
2100372336
2100419975
2101149552
2101276062
2101506210
2101533356
2101596017
2101602491
2101669606
2102335313
2102352185
2102404111
2102451420
2102974685
2102994386
2103320524
2104422887
2104489433
2104539311
2104585325
2104711905
2105080902
2105118406
2105302379
2105457857
2105480949
2105717130
2106021674
2106023804
2106056784
2106115823
2106304016
2106818111
2106843028
2107064415
2107088732
2107456335
2107738432
2107806615
2107818880
2108142719
2108185750
2108997975
2109078547
2109762961
2109832310
2110018282
2110092089
2110455286
2110599187
2110828619
2111043733
2111177884
2111247168
2112200543
2112306969
2112311833
2112315274
2112339397
2112396401
2112666575
2112826851
2112871031
2113083295
2113273568
2113612952
2113691712
2113767032
2113926198
2114062329
2114335092
2114502421
2114702112
2115013349
2115536476
2116136020
2116314657
2116474019
2116617423
2116788689
2116922082
2116982061
2117417899
2117509861
2117610298
2117816446
2118100528
2118669817
2119043308
2119629517
2119817330
2119861957
2120006126
2120083591
2120290159
2120428050
2120522572
2120591063
2121017952
2121563661
2121670688
2122256268
2122576835
2122747633
2122792541
2122807913
2122811792
2122820317
2123563595
2123611529
2124415168
2124442902
2124633836
2124865507
2125108590
2125250079
2125393123
2125502360
2125907912
2126056924
2127089372
2127229708
2127303339
2127491636
2127663059
2127772223
2127878270
2127980806
2128207838
2128305338
2128407747
2128447471
2128540656
2128857028
2128921101
2129112468
2129429872
2129527598
2129751961
2129974591
2130215808
2130346793
2130353100
2130810476
2130824693
2131632385
2131785325
2131836718
2131897907
2132023252
2132059269
2133167807
2133323168
2133404174
2133881919
2133950104
2134096308
2134456148
2134696225
2134871183
2135306289
2135620990
2135764694
2135853375
2135871898
2136082876
2136187446
2136855971
2136903782
2137202691
2137364848
2137409762
2137534870
2137710331
2137870813
2137919492
2137921406
2138208164
2138447745
2138484867
2138517795
2138600476
2138721420
2138809224
2138914652
2139206967
2139342393
2139623045
2140031631
2140173449
2140525601
2140760207
2141254906
2141422705
2142386774
2142608568
2142630207
2143358199
2143496978
2143809574
2143889072
2144862005
2145033701
2145323512
2145400129
2145497777
2145552916
2145803471
2146326049
2146344689
2146381826
2146504468
2147327921
