10000
399195334
1063269556
259402136
17111995
262225348
1219299984
280159627
304714859
1009693123
1091886264
905254597
851863655
1277759430
277866735
758297848
2090943925
664838198
25319709
1413446949
105334066
1232843162
2011813063
1945099403
884515951
672991262
345288706
1558725212
1964523491
706607289
1209649366
75875128
1105802623
125435274
335277264
1122914619
387660622
1554577249
1403074246
692375481
416786724
347476862
1597630079
1268650379
1625236292
1875496814
2026948228
1568696569
392851364
2052267937
834659870
498185430
1137627452
698989286
295801186
2022143403
1371980548
641089892
1433384968
1189020391
1347697182
495550686
1264895519
306016157
620985960
1600172784
1428930776
1008646583
1007266385
684521374
1701022064
1424053109
1031998236
1151168495
545219840
509750880
879181661
424684420
2078447450
1272033026
329468710
765623672
1770218456
1467096162
1464612958
2066019642
1341755917
689109859
559625887
627657237
1878130250
1907323069
1123207923
995542122
65855578
1744193884
448231258
1494786355
605356819
1455497643
31824081
158895235
732067104
1063822318
1310063731
1277286944
1573573198
41761744
1701971365
1504537000
1313794770
2031440075
122677025
936529579
1351052589
1587289983
855065573
545324858
128916194
1414691460
1172982096
2007046445
1174530881
148706371
855104919
1240386460
1892900255
1303336177
587689167
350773426
611350172
619513248
509668662
1343417276
1683335566
1819732393
473220572
1109425117
1861494137
27708289
466478469
1027805260
2059148364
589155494
1964334839
1262717305
28961830
671916764
1808042164
157878024
2086608225
833540612
17440821
1113655458
982246983
872545740
206558270
727663591
28398269
794247437
1078437017
639748441
1413760686
1588105679
1983165717
949612604
1260354424
308902642
2059037721
974364914
336610931
378032543
2002170174
248275648
967188037
1819021365
1510992953
996149867
343454481
1171551469
1154027892
282579058
2005092081
1171468713
1396234517
839855417
2044014454
1602792787
1567519008
2072412723
249556577
498472377
564677517
1663317263
2086578057
400359586
465446219
1199448833
709262228
377000293
26330099
1045873160
755032836
2028500273
1294148808
1722220873
1700037990
657658113
570887093
2043492472
1829209583
1724914985
178587882
1686818016
748900050
1574822399
379189785
645430856
1030131539
1946708793
570359932
1279688116
297697523
1135037449
795521731
236791932
1535397035
1260967950
1436240765
97175616
1637968243
1462570865
1143048776
245517431
1343587490
289713936
1967738305
896141833
947372049
391141750
792150657
629097984
2116056735
970738539
168432353
717473137
398077291
547622138
1362903994
1428208830
346847284
1933263926
560413298
644544807
920817727
1355935029
881336739
308731114
469419331
170093856
405906730
2107387575
1632664721
1548955506
205421358
828768564
1838669442
25676015
1724910397
638557844
416817765
369577406
1267655828
385390852
1340315945
1436088181
1102863990
1738393236
1983710320
318284336
1019118418
183073956
104064614
1579531716
827618763
1024882341
787983097
1708955502
1333613455
1257402429
1879049358
1739520186
1217306356
1364230432
1140992044
1422727714
45515348
832177839
1448403730
1770425745
1470735683
1865221495
2140003151
590907863
103128700
1332835448
2026996045
1205992690
923745037
1863222717
1524277026
1942863455
2046296673
1628341640
1374911524
726431788
505740333
15410973
287903642
1839353788
1272813402
19469352
1431390326
342636110
1383699784
424898723
1765363825
1429215132
1257076562
1066283907
1052157229
580328597
784021754
1044676732
1171236460
887150454
230028533
1050748857
2093143144
1153773570
766487926
1469936522
949153377
665300951
950794514
176581253
1391732739
1456534847
191992227
1679636381
1148404988
1464805629
1699105734
432311666
1807441740
935321870
857210389
1425321917
217053355
2114286951
344122176
1269210584
547131900
1128143930
166403669
1718368361
2015294385
396432202
621633570
1960953881
1550205772
1388121497
1283406756
351875501
2053422448
86717622
528456755
1297671540
1543252470
720448982
829824273
544173810
37770963
381446359
976485476
1845212703
1316768230
1833695866
1123050972
1533821585
1800499169
1467173148
655548521
200147422
447833431
821952190
1918515783
315644168
1218384392
392665705
129114401
621106516
1780787202
1412521157
972982018
1686726003
1499238780
1501438773
836913895
895007602
74404107
1666738168
1439181412
112175070
2048184528
268183240
1957387774
1217469110
2101879106
932955098
603807047
1754894628
252644599
1259355568
1955042050
700478030
2081307759
1726074185
1016122198
1152208503
2118739890
1145236599
1773315020
1752043445
410274109
598813390
1291285800
1909512889
2100252163
2128199695
657036843
27172622
1647454215
2096218255
139347692
1548155095
216917847
2096735466
618140557
171313306
882206917
1221947604
1926207934
1134851516
333819525
1733766336
1835329546
267643636
1312356873
703968096
1419852139
1283613115
1849204695
1045683511
888172912
111995156
1644496901
31975064
2021508045
1597265416
12691111
531061240
1624438038
1660145327
479795847
1763785731
1060816774
696713695
1713037549
1678957332
868027001
447760818
753421288
646751287
1582612334
1087240813
233033975
1270458232
1354884449
1545390848
1974426328
627252941
681520315
1676147376
1672936452
1569693228
1788142532
1169949706
1601668292
1662166930
619731474
1614359404
45744522
96685865
1127021083
525540370
1860471596
40354209
1222254065
1426025497
1719311541
2090281066
1873786316
325249182
589548705
1308915002
1412489995
822582680
431889587
619890797
220489880
258832267
1247143738
902010195
1934979643
772596542
324219775
1575638528
1942546248
1925888068
1090321810
414794075
1392763824
1136066332
511479940
372301259
1661606702
224467888
412655468
736377119
1650493385
2131967010
679174537
1376796053
309732544
1268723242
538227408
1722222539
2091305922
970116995
194629688
164312154
1228949262
1441773426
1066322350
1016445258
66886321
1390542125
444600138
2009432569
1168946545
1534921948
276742996
414226721
523504632
788222936
786527980
37627687
1012690824
1199183449
774004806
515700562
1183666811
1453179344
1892496615
1493399355
574418938
283240375
1068138246
518241213
1253357370
1262767935
682553367
334822985
557057713
1748875717
1351268243
623944034
991934195
1795868381
485892956
13397092
1183306681
762635952
427623814
1706811313
1550858889
1214151794
1744439000
416066065
265851595
370960159
931766627
1449518406
1824139503
676779595
795434113
251074793
960019970
1863572360
769316006
65893693
978856647
1451869374
400716678
1535914360
1053261443
1751984921
12374747
2045195638
1400369654
498267703
2058592731
436192687
1260903655
338732897
2143004000
664278896
1552884691
1739959353
1080344962
1818736287
2110919512
2012111589
1120771045
1787575367
541407536
1916205159
2038650160
1501427507
1632293871
660482519
1567321200
463666870
2112351893
1968037878
1999581230
1018129688
1572539151
2011955977
915841679
825425157
362740032
826950762
1261617844
1623643688
1165683659
1257138196
140438936
571084702
849613901
1220783898
242337341
813049765
1085411840
1363108387
453141484
1626819376
1131829898
344307997
980763235
616640121
1004790516
400600787
1080306991
969658761
221155017
932404573
1987788449
1793694168
796876903
756146480
471635677
1159616935
1583097242
1733253521
635776975
601297253
842908070
776215912
1172381956
1692521971
1996999810
1414719297
358088089
934928002
630344036
811229573
414263731
1762173934
1155537570
1395026966
231330407
12844438
1795627754
1311637398
982503199
2016782771
96558324
822808001
1662993292
893435227
1578954481
2134628969
2053052162
1014568076
1720398843
541345490
1615865329
415823265
1317561402
640763637
2108345236
1167077564
2055482935
318949677
2102005567
538343323
1130179251
368785650
153033610
138233173
1763812616
384364017
151077612
1411956722
1696001416
1133580811
1281255846
1792559740
1956388812
796765490
538511319
1387859646
783910811
444079833
254944074
356826006
985425323
1870809403
772649271
155503077
364089393
733510860
1322580642
272088680
1052460537
1277102561
810432003
35156140
1645888211
963465613
173389314
1262217179
1347829631
324466926
526690254
896347399
1458047737
1807946100
541423491
1266952902
457227942
1079934810
507328900
1241138753
1524014643
762272974
1597964760
361956319
485598729
223130383
517459396
849688122
956641243
1840040038
1121776802
2009101781
969658951
1932208806
2044257921
468063514
748190771
70163587
1730280694
2096020402
394630513
109487300
844884153
1852678251
1917433400
1386307644
972147505
227177694
318758806
1479476405
1468316447
1842773450
94265731
918797559
57246121
579864460
1141927943
574705517
1429552583
2098569186
267261908
403845737
1960187319
1236920859
188570895
1856961593
1704984374
936761667
1927125180
1287781420
885298421
174272046
1397268720
1730182575
2026950297
1167218472
969006571
851614154
1394396166
1287765378
183606911
715228965
983055180
277872642
1634026525
1040301301
857737102
628470820
1615006818
139806037
579556358
1882268726
543651775
392260030
971705938
732222670
101737975
529206664
1668984337
2028863155
1816988084
406799111
55651553
1066773156
2136981686
2082601850
86507980
958504609
786732356
1480904146
98786339
970339267
48649463
1081841519
1248211909
1682675988
2122142820
2105949012
163663160
1589665991
98271401
743219519
1324451069
641923176
1135479549
148673359
1374145847
1237217524
677880023
895646536
1118597031
347384459
1302445647
1174248585
1414157615
1291943685
1109366787
1500665595
102964647
1896099144
834086093
201750986
718954763
882735557
1283592506
1967166673
417927897
1258251678
1925632037
581591058
700434021
2023903438
1324810577
2024885091
518342967
312806478
26074802
1892488814
1550024002
703954826
640651702
521137385
1051339285
1943097350
1695385970
318013253
1087557387
657269110
1818678848
1190522034
405884606
505281294
1392273021
1124839369
1388016851
528381879
944522394
1805944748
1786633557
722670783
240052158
339583931
599090574
1564862735
216985374
1117433541
1877669213
243060176
862438707
1280209567
947015002
1503090409
1801346953
1998354288
1298704111
1349249275
168883893
238777851
2006518385
1987562741
1429299885
264919343
345360387
674089258
1389758713
1733377238
1202471137
186797459
1391838339
841621047
909468243
1631890497
1181204978
1508558817
1049269585
1398190352
478508710
779455150
1641250528
1340947417
2059664718
440781883
696554178
1713528023
291652523
1995258290
915293650
460536416
86552493
774328388
300615509
1515852378
1039247731
645975897
42457989
281522796
231869487
1244929126
468320256
1623707826
2086550173
1377788499
1108114676
1120271503
738863668
9900613
370978207
1217372378
789355763
2012228736
410836147
701536833
305526971
1107390325
267581208
597179494
955164967
1182874859
1057715910
1041717460
1957203247
1358331419
410086191
848967330
2004307316
452544180
1130490127
88693156
1697473306
1598810383
1712400982
1636539832
829115234
673032010
609327687
1567978902
682932623
980305895
637867632
1472288387
845050983
1048703779
26341572
1150577954
8610456
293922781
1747757448
963775424
1476797640
657989710
2005492884
1286517239
2016321129
268095427
2135484569
1873144798
720639607
1118491048
1961837954
270629266
569817783
1526755288
1907169098
1398933017
52303651
369013137
819428271
735236274
1349319032
1457295903
60041013
46886367
358516034
86382586
1197464321
367126491
380305367
797738121
1330901915
1857103007
1455727831
1188911151
996136598
1324565313
1457006579
984137519
1050226463
30162538
2102628568
864580769
300791804
524962703
243852409
60477254
1923895721
296156060
429490392
595840344
1031392335
1778809424
2053136248
1091433348
1825695792
264168634
1177815934
875676465
631295125
1558121301
1673414587
1962197040
1267740660
981658770
1003624544
116393610
158740435
313147475
1100531130
1208966898
343310013
1055676050
2073547667
644101818
1580638753
169916429
704579072
1357050826
466072489
1134069464
1952891171
1497464824
765395241
1858543771
441414525
443607385
2122712405
1619230459
1319283850
606523883
1029868113
845214789
421237275
150125125
1826873560
1424861819
266518736
1985613995
1738009294
1367049866
1047097246
2081319308
275242268
973161265
577937478
1855881021
1143077694
1282516550
1065448200
1609150184
269102367
870855723
959131360
1034497608
581915846
1400545885
1478104993
557144603
872292697
649905195
1163668486
1902160810
1495119985
1584905762
2052285935
1174509897
862283933
171321023
1012640244
452809580
1538370889
2059737490
386645240
1813613157
885415108
964582718
1522010531
2028492802
99615620
439975083
1490159338
368717987
1310830806
301807051
1403215595
1892746652
1702352936
733836940
302407607
427161985
1383742136
1466076094
181839147
731378473
903498208
86641435
1905888370
1765782141
257962458
771044966
71108073
1796333348
683298809
457753313
1462462857
1568713917
1422336031
836989740
1449723071
1521951652
1276964823
792398762
1890669639
440311981
1094205813
1146401587
185574985
649075101
1880238527
487982593
1076237087
1116497015
1954058687
1258076234
1847875488
710073247
1344717669
1606280210
328371740
1602680128
229841529
399479814
1251529828
913140338
857233127
566509037
334370607
132085511
1403498778
1784093678
1654037163
532979953
429008792
1397223154
973291935
1523214605
396141093
1158866920
24806059
128895973
1646849513
1101043146
1245392988
1453424552
211635732
945784829
16014151
1556353402
404581391
344385892
1011549882
634422920
743865706
115596062
1547563258
1601098833
682105099
1881933865
1733184344
2085603877
1518543896
1239737859
471100183
1947552688
489477366
1444392118
1323283646
885618459
455775390
1348089705
1014514432
2102624904
301649203
112423773
1408565808
513284935
1058208602
1424579960
2069638337
1462789993
1768965852
933704571
2097212914
365347910
1049300633
1497292524
1966446743
1731405733
1231742742
1552147440
1669525962
602802990
644401651
2140626145
402872030
1133879017
1437534615
1726155676
2019497477
1893310006
926761733
886528261
1848451262
1228410936
998952034
1109533422
1741695872
2057160636
386629734
1663850561
1372466982
8111938
450071485
1322196248
373459848
1499372118
672005124
192422944
1083294203
1903747866
1744570384
605336518
359067208
241488387
598479015
761939239
1375367405
2036013631
340611267
1247381234
1781839989
1267373001
2133909495
1482807603
348300289
985377882
444857377
2089996161
895054870
831487112
1606363075
120038204
839599050
2056434560
1442234452
1213058899
1408323030
2114239577
1405481843
344133586
1870503795
1002568579
949470104
82087356
1244056966
1547949119
844026595
471940723
1436479102
1184637862
1719321957
1070835443
304527215
1705747805
406159398
652827505
543642039
851016776
595340018
1438696909
1682503888
54219445
1558735114
374619290
2110654005
853485918
1587678189
1371493388
820241847
845676384
1715626974
543261995
1848244963
517613430
625349351
944818282
2065562549
1469375946
1416759005
1354558004
506530160
988597315
277909799
811057376
546861472
684069198
1463884881
1090503511
1535085974
2059224899
381716772
1070106214
2113444345
1940451886
1444725504
2076614702
646454157
884920046
1300624442
1466696004
1730596430
868767768
2009957999
1431357746
1386381198
487823702
228692380
1304460100
1957199648
1645451385
511534456
316246161
486565052
789444255
1127303537
1033426524
1473513453
443704770
2123930035
861115779
355446021
358163160
1931221993
321406718
151131398
1228463850
250537773
797585555
2113383896
1551162215
116797912
1696496678
272446336
2126755911
980370776
1658827534
467095966
1209063156
815803986
276811966
707030894
1327338442
593058127
1193595946
2116782698
1720361664
79538823
1442812503
16582786
55985210
156444635
372028808
414148370
2087666628
693435526
565279769
1168646830
943973299
1362865324
1134547078
347651867
1479663236
683560109
620098203
1458935500
1663930885
131442089
1926031466
725510394
947246076
55359784
1432541288
127100870
648417912
478653586
96399920
221295928
558192409
1539212424
237878715
614177620
1695657059
609907523
1028325990
1635840039
1303343049
1593605759
657003222
99832701
808987436
1791550300
447484568
141167024
327626761
1067582771
1600102524
1991557647
1199024860
1378650342
569584393
2146270936
1434010127
2002125681
125888159
2082428039
333295619
222288079
156240319
891488029
1761500503
394119034
1505665649
1309673914
1004026557
386507991
798030306
159885959
1980113751
1455033528
259718660
641617539
1099100180
707203228
782784563
1426726942
1774785999
235403440
1270800941
826327211
1614053782
1840385334
825114500
900580261
1695027367
951002659
835524652
2028322986
1173290738
991764972
772327367
787307594
1385884006
130509368
2096981508
242426916
517017360
747528166
402312875
349647463
55078046
662031535
991265002
1154178227
1369234763
1774049565
433421521
996537114
2009453005
1704222462
1822864325
1476023140
1397124148
500495177
229119753
944667867
1451497836
1064644406
825507205
477304927
2056409378
1597834573
1264612521
1294809736
1728343941
1214110381
1537236652
97877653
1961638548
1939549527
447525116
2016716594
454097414
1438790118
1023411173
1823332177
1065356036
1456832694
672385643
927325393
1013571508
347766321
255864885
263212008
848261498
484984639
1207879875
152275687
1549629045
2033387081
629580614
1458554775
1483738006
1894193135
605880863
1064598299
960819868
2143117516
1162475953
774974768
1935183395
1610001069
644207715
241797162
901307540
1667618888
2065129339
1966663576
976967935
590031335
746505321
1990539443
937797656
1002370207
106267804
1786059154
1487354846
1314147679
1938334841
889500243
1200051112
420431807
200571370
536305470
167141294
806452233
1600903770
1127961163
802086101
615896075
1902935931
589785849
78413496
399659998
831583011
979721036
2067278887
749228702
798900964
896763174
1339260037
1545406286
739818969
129574045
400292845
846086773
1915633200
1887647691
12750805
1706484393
629664286
1212801917
2126916201
830235656
1749107388
146573847
1636687889
1202527510
1274535010
291290343
1818423585
1029987294
881076192
1896837081
1429647292
1712659203
729074470
1349442531
314404257
1527975434
98722057
1653664295
925898072
838541027
1783238340
1326190917
1684627800
1551387892
1066354960
1697378605
1110388638
1696019246
762696875
1089821191
378771254
364320615
1236395038
2015459144
1566848125
363446401
159265839
1237788062
1393433695
1040342031
987141495
675597339
605517586
1716215965
2025039871
919921843
1096707752
2123761928
426102490
2022605824
814819307
61857183
1201313094
351963460
1613245075
120184406
2049342065
576150065
1816203653
664555292
1665971256
47491259
1028875907
754882647
2062950403
448240384
1118329048
74732594
1686028446
364279095
1115074625
525686294
1039876434
1720592211
94418611
917432657
493030407
1191126363
893710938
919132897
1066248540
1708530245
980990080
120077986
2060493705
446751508
240262392
1962352123
1022901573
2056466045
479423767
541389182
2103957305
1508299675
1296271829
2019424060
1956540059
267117229
2094156655
1495084858
631396324
1061747632
2020771152
1671272758
634856196
2115189763
441221768
1127886603
1158832479
1334932706
2047019500
77597371
895979303
880525933
197675357
808989361
1327277441
437937749
623857836
202695366
346920147
1103281603
744084548
303393804
464097630
2040356377
175334216
273154042
159989958
122007223
1768238900
791386282
1183754856
1641526404
315175393
1818611052
1609232519
756397161
799014007
620581350
2091329867
698549859
698178721
839825522
1579075792
895854078
1648814883
758869585
1333791828
125189071
961564952
1680711975
1228470675
1705649500
1984105779
1692568305
1598522230
11956347
1965722347
1758512188
133963571
1586477599
402414823
1317718427
1080520355
717590216
988845831
542269227
1473987377
1787859838
1162850577
1417833596
338926049
1861029299
110175470
1918001842
609399729
1758990354
529387779
1943191557
1884179425
1490952731
1476419884
965166452
1049118584
1313042015
510251110
500157166
1324998363
328489809
111185706
1458961934
1914967409
513600529
629196713
848004116
1231190745
1618042544
1390273343
557694474
1258418734
405640273
1975528070
1597344783
119185924
2085703541
1367862977
728585653
1697210247
1897250757
524293563
1433906024
1240719840
2000713447
251588829
142354776
1166271815
761839939
642511942
343786530
1090329748
753697649
1802748464
857813509
1267298178
284461529
1705817626
351005276
1902504073
948607321
908699750
1013439159
1354247594
736744173
463300294
1473433518
674964066
1831163272
54535524
224690665
1580930381
578829087
1658596689
674166573
432058886
1910185518
816521350
1598330701
524541809
1459033292
1942117231
1614871558
65247293
1597382047
325201419
1332545472
1881843576
2031019045
1683550748
1636864001
832142719
444766850
502819512
38906665
1181511023
966119807
1512340184
1856475089
649799431
1566875708
2081165754
83246164
2145704795
1592278796
757412737
430280033
1354980666
1573934087
2028610735
1879522476
885483732
1823244318
1346910386
950731025
1273142718
1672111805
135792849
1007502646
1555647203
1819343597
496883000
240306274
116626800
999702512
279212939
1298137823
1965822319
1791553123
1007129265
468138102
1210945183
940811371
551384266
1209166330
385606519
1308797004
1639446364
1740587186
735247443
1520573451
1472626014
1620731175
1196334121
672052752
423978553
321993191
196680909
559771402
1329495838
1752328112
231631352
1826378838
1992634386
348258152
678597702
124363678
1646395975
496936374
1915916801
506041592
965074476
979378337
1446852964
1516458743
41061019
1832459483
677772099
1680507383
1425563021
1413019542
1053597186
750705387
886267070
102447660
1422758139
1310245623
424440851
1619439049
1870017025
1753936689
1224283513
2101648377
1432831879
1069434252
302422881
2111429582
1193797930
1948818857
460882308
962231083
307376801
1425956784
1941609420
1754229765
794931879
1982670440
1439205601
1472703978
1515694175
717284974
738239873
421807714
1467990362
1624506943
524255374
743264853
787268918
948696225
215220254
509802295
555149267
1439503768
463967025
1987981146
361454372
766389906
1951927080
1555252302
567725115
265325740
369999737
875101917
1691282525
164125510
481848034
338730756
2146795950
1921053635
1811434735
1515006477
490854962
402190960
1936814191
1958845324
2026697903
313585917
554626529
666483173
1262282143
769846784
1176285468
1817431410
61866904
1640252493
1657928908
423321276
259158752
1462372341
1978573578
826883867
1727698081
201089667
1701985784
1271496958
365215177
36350171
1610227715
364527479
1957403806
1274178802
1879533957
300775120
1676369762
1668864500
112136796
1555584017
1982450418
666763326
74583542
1097248913
1436610110
1250869010
767196675
1498477014
743637856
277641935
1921798290
1002796608
1740014276
1752888220
1829680475
1320228710
1953977887
1384182612
444242020
171709417
1420532783
2054469735
536236896
1230452941
1181164889
268287205
1531228062
710051003
1937151706
1643364858
118151372
1772118476
162644536
192734914
721883741
1599254646
1443603925
1489080416
950248012
39758133
1766722351
724562654
1042554741
1359252980
329967226
724751568
531998042
136461466
2108934180
976240062
308170883
1381983315
883226150
844407779
464952609
2064391039
1112694985
1996180671
626958395
902363043
1492061881
745109767
526997871
1654706418
937844682
1248881612
1106477416
233964959
590478380
2056725429
273723092
209717083
633804435
1316277833
1568970063
963771662
2041029401
2100968105
1100233128
2002479934
929724520
1408404011
1236979601
1812950670
105328142
1701932210
1729858061
1218023127
1550629233
209332808
2120386170
895207467
954442576
499900393
402430237
1892287258
1748782005
1508907653
2126252217
191776737
1418149434
252491661
401493821
2051953870
1568769494
1970463884
868241884
1462315247
1923948342
1968475012
1317311533
706189214
1229395375
406807487
371656236
1334723517
2108739697
2101514297
405262997
1511885283
163363458
378165519
259609102
1117806034
878065913
662039339
862609644
479364270
23463344
841378213
671141008
1441612779
1093869874
1072634829
1346083001
515155720
895615065
66841237
1977470967
672079759
2035316249
1147298853
1378268973
1117227976
1554106340
1749925209
304467845
1515362389
1703955859
709730842
879764024
1867319317
1087896362
1139373126
837641703
1965962275
1801412465
1700251347
297842897
1824875810
394145912
968983905
1119004941
1488015786
2041618734
317604294
2003171506
789750152
384445531
1833158825
1461829911
272278132
832974030
692615237
1389506108
239596722
295056798
1693973953
1754959112
1999012657
256221148
487239488
1718848326
1344117510
1626612615
409006381
1162596137
1280541432
2109257728
1460439034
957933594
355919992
281939292
2076938535
1843935778
176074378
247059181
1699623636
965824530
631504712
1385298814
280170794
903782844
70789196
972786031
145805304
310385919
1267842829
1839779258
2065345031
1119371839
2096000406
405100871
690736517
1292634268
2031713486
1099742899
307746757
1164771271
1061516979
1768185791
2122704865
1417436972
2050125083
2052159753
1113889102
78715814
151735286
666029091
1044540344
783239999
2051327905
1324711138
1687022843
2122117101
150013521
1832828148
285019372
1417856351
1525123758
202880755
389744542
1473640516
607981627
1080481059
618791136
492211465
32740310
926537893
1656982736
1094257290
547240036
1632203954
364210614
449881472
1536880059
1478099716
528597286
1688615345
2144128807
1573137630
324371696
2047973064
750365121
2011394540
2022606518
900378642
1696739040
160142242
170751345
1074379150
363022998
560495887
400536018
971004625
1640976947
1019327154
1463216090
1673717257
1945865047
972715179
620490899
345621435
457435485
984701513
795502907
1994315544
315317582
1324100193
1535447241
311962741
749754176
1859818938
212452158
1500119297
1723729830
87575028
253014291
1272985222
247717270
423765637
199880724
610740268
984261524
600416742
1581744893
477754823
1619743896
897477336
3988433
1418125295
1870192515
624479332
1763746730
180144352
1609180846
411765990
26976248
1924498428
1735866183
1562423489
88977521
338136711
1274758779
301429679
1838256008
851004961
389004707
2091270300
2123990183
636721978
367552289
176387259
1247462246
1351813813
776804001
681723492
1829568637
249064249
1579200828
1833557070
1667189544
1301909695
310552754
1283452627
1482054047
1919733600
1695218617
1509030295
1696748380
1283601152
923970136
1785725902
1621737864
51245268
2087155581
1312510224
902250229
328676641
1256296876
878756765
965398619
1623849165
1055144024
65377217
828179331
1831948026
747100709
510264320
2081012275
178817889
196337742
1600718172
1480727584
506890496
736687151
815297983
279140449
284422120
176844630
1975888829
1568023272
1100814767
1614131083
1042277488
1152060035
1553803017
207304065
2054310264
1882479658
1463600941
785583381
700394629
939966459
1840727406
765771846
1768145790
1525191784
1512872556
130926462
1458720411
1691690445
327264204
911954935
1024934382
834154700
1648642086
1840232365
1113295149
1933064206
2017076996
941700331
1353603831
970408115
408347766
248397671
2122468150
1962150783
455701736
2029294766
1697146793
1919302678
667394500
250057774
711785489
360638258
1015829621
332447631
1885830042
381218529
463374093
1197066805
2072908974
790638297
2109021741
950359708
1624792997
1610180179
643108426
590604499
1395760738
512701774
1532304830
601880921
1483109889
1940652596
850278592
1458094391
1755319732
1305980329
1339905509
1304982877
1077799359
2007300009
1555040652
1789584848
220454619
423386625
2122032479
2106284661
804605154
437922924
1155867819
730030480
1228561221
1117405912
1680390189
705870570
580102443
176014967
1296475069
1975863181
688716741
681296251
430260454
24342982
474465200
1280539047
1482437373
82301284
439035728
674859234
1387284161
1516835087
534675596
794841165
1158936287
755130215
1218227790
1133485118
713931229
2022832944
1571408042
1869799048
605379777
652485615
839721312
138286318
1358356185
1419823755
314301285
507347607
1248203289
1003018026
1188643858
1678463743
1027361008
1663109058
811519142
362314733
1745410342
1250554870
1037173967
985210856
619906309
1571849563
1780052021
1778842596
179496131
850796164
764844066
893427360
726145460
188768460
615742760
1331525237
841254075
1455464072
1469811555
52126613
727804179
1784112840
559474220
1976007468
639647218
1748118078
1506987564
1667008226
1263743489
171023058
2029322959
861670183
1421577929
919013279
1846881039
2041484238
343379194
1479449413
1672843187
522875325
182761929
290203605
1416302685
908907389
478972066
2032045445
92948979
1320226141
1340025869
1562760534
1372352754
2067830049
1199389727
1931826974
1896353869
1839036945
1532461405
1255857785
1358561524
648721246
1426880844
1240400835
1510391429
700975125
11930466
1209788821
594975715
355309661
541754586
120335254
878184986
724516515
410538860
147004024
1633423904
889510926
31565821
1726372883
62253419
1371591691
1141649770
1434606174
1291938092
193555849
1218949500
1040808313
2032592794
603927257
149182451
1243670670
1252648503
1576063295
336587858
615556285
129554772
348518324
1825345106
724530487
703827985
219616044
844865742
1582012972
944132559
1255404602
1729016996
430072815
2144915528
1760582817
8962051
59685299
984690860
1150611821
1494291473
129145304
1344167670
565757326
1169953618
1229276816
1169684583
1319136069
325463839
274849439
747715716
662051697
890405724
877270488
1010570021
568267182
1601800975
1714398007
787883226
299183069
1148927331
1732015785
1554587671
730460679
14604952
1552019551
343559848
23567003
1611704851
1328250709
1174178824
958512676
1457396013
370862846
1524270002
479865983
1600139663
546470938
1799002052
1925603502
821320377
399234120
440171551
1711726101
1276504608
1450741572
132509635
730821936
1017655931
920392861
1030005005
19099614
504924998
437109029
749560293
519529950
1989128580
1093120142
543096954
1453349783
273887203
1717275778
264378812
1731283216
2088138625
1788648814
63665552
1540794640
187636104
1862667604
1318914494
1008956481
114418077
1759086045
573198934
1390922685
1062343969
705708569
2121744621
2079999901
1626101430
1004265979
2099099515
2131026428
1441375008
701176161
503072731
1283019940
1794296303
1046169685
588886076
2068183506
615961815
853264888
1651983074
556616792
494430054
1715648626
2097411432
682066159
1430832583
1268842278
1691022640
1545250660
880444675
116737927
788689697
1942788645
822446496
762950671
1875304898
301064279
1767216650
1826920765
284607059
1061108010
380613278
787679790
196644302
27425933
1833849475
785530378
2095609439
302327643
1638795266
1600108866
858944435
2133225321
1168273844
808872220
667807832
451622779
2077714498
211346824
1996873439
810675526
328084751
638079489
605980523
1150531248
1401030160
333801773
1451595527
1020763162
13238890
1736202586
2081871172
393852169
376398729
131031826
421278102
62764556
916562205
369403894
365092199
407873823
1969512760
1224036635
393615496
990302956
2032908855
1061423328
1441925736
1963139705
1272770153
1291315527
626331583
1600854904
1929395016
1232312106
603902504
1182941528
1566113879
2055498031
56221042
1579352770
1644216970
2138092214
1973204939
2020615699
121640393
246999393
2083380255
1038202598
616403287
300988807
1446076421
438432399
1525025442
1839691918
1428735356
1410450649
753631598
723177444
1226106706
2026401751
2014492971
1852438290
1479773008
1796404340
937266748
2083675512
831862220
355896980
1991689896
888083263
1935249750
1488423218
878691829
1760971041
1361555269
1000332222
2007970434
1297451876
2038534820
476890074
1598440683
1337127594
915322473
975982477
1029335864
196574181
238949478
1782967462
919751625
1465056185
1661885566
786760949
1170010827
994174926
435681641
2107277575
930366790
1267543861
315690907
774573038
8143476
103457009
115512608
886835306
1864428050
1477067877
1887167528
1724914837
627036106
1778218701
54321263
77993141
967862647
969643736
1053975619
1997198511
1166217918
1292925097
1632682325
2085969543
610497634
1147084243
725246844
1780508461
2141259169
1160928485
1740302389
924142312
280988699
2055993296
1698715350
289132175
11966658
1814227959
1175967481
1876394708
1143812188
915651362
1453825897
1770848294
546386415
1508147160
1848841436
1514249062
330307249
755333407
1363963925
1496525167
2048258504
849162602
1435011062
511272491
1996246846
12774259
144297304
1990022367
1173702744
1884599693
766681031
1454691443
1793109342
317912734
1743823619
1805076000
2132140693
772307452
1533987060
1128469233
1687958814
840329310
751833880
86861581
200992822
453191668
1601110643
531300071
1208525075
817590920
2027825238
1109299931
1666753523
1315352653
1620572422
1515516721
1328126912
1764869727
1358055440
354346008
1501985772
2124736472
1809037452
1147611466
295165558
1405377423
805203818
279822603
30201227
191707231
1408291836
1718160042
1032036541
12642068
1805021623
1233029363
465833736
1258648619
1764329435
1674358811
2076239539
1644671025
636175095
1595509414
812540030
109263869
963542487
2140666942
1874133596
174114280
347529303
1228635721
151367104
9083107
228763539
446532662
1414460530
1033967358
726355265
1444661757
1225674589
2134647101
1015338151
110227482
2147289170
672876127
1343256845
465639258
1931524746
960102632
2139998070
1860280637
457290010
628689517
1308306404
1269830040
737953386
124365243
1263013335
464603335
298479523
1610542638
1693239056
449846627
1619625745
1922002595
896379289
886602627
808486305
1622734554
183780736
2034160894
1609898008
1199118888
2144388376
1609703530
1871995015
1340161574
2075342788
1656036113
152780558
2067857210
1368833102
610070568
549063079
529655858
1879900609
1287016466
654021102
995430296
1751619801
952500625
458489286
1297375209
1402347253
2078115031
1071894156
151242894
817234010
1880380462
1773977449
1001014746
1767057708
1236391809
52649986
1763962437
698611691
1924645001
956640363
626470831
1433197466
1109420921
546844394
654546921
1719491490
1095907473
1184202779
1451908451
235440291
1838223881
299855099
1987060092
643240859
758344385
1136951653
2045588112
688975768
61362162
49347358
1506209778
1941742624
1823324807
359740876
1561316684
912232968
412390863
1177795473
1610844659
189552216
2134435836
89831843
1622749683
1096373110
636676237
129812956
668380952
1732583710
1314015735
2120289403
1968024002
1004755969
272660854
1807600446
1647996828
1031005239
797068452
1546101292
1719981007
858430614
1595448650
1078707137
652689590
1271289810
1438448013
66522626
36039130
1850838876
1244318100
1646883790
2040391093
1231270288
1736715633
1515657128
180159750
225908222
1645470084
848540702
1958491932
812002171
821346457
1779032286
1816758140
1094007311
1439149085
1317271320
2125012550
88733889
715888964
1697509909
947164503
163853967
628733398
1599854093
1435143777
2067181412
1666376719
1471182907
1770536640
763211171
970583049
1663444085
1994481460
559815034
1031617565
27157562
785723256
529604001
875698265
596731541
1341606173
1697044722
228280179
1010880665
643568386
1667429264
180668338
621097288
1756163153
896557302
171123550
555844008
1060411269
799856948
8214453
348071398
719554712
1674591173
1819254306
342607705
290318696
642353707
2006051790
137316508
1202168742
890185708
164474071
1987891998
1419789709
1040172336
437139891
613912234
589733410
665420071
1624792900
1233301796
185365687
1805461238
1854399085
1941528841
554534892
2025522635
349889201
1614946162
677895935
358103655
1963017560
1397450648
2032694828
1634788218
1740058353
175529876
129658278
1598626495
312846385
1331827020
341328555
477320456
1172235370
1761118265
1517492792
1609375262
227546851
2107226202
127311685
1852339751
1193044351
312677372
1510317341
899959788
106722565
2064852234
777998775
456611767
1532314748
1455894710
814715422
1347848660
705861710
699926602
835153231
298436415
875456478
964811509
1897062911
1188302863
149154881
90907818
1665623319
1321390251
1852026083
1035632463
783281865
2079572935
995375018
910593550
1784429038
40935721
1223270923
1147262732
940895509
1329993488
1064631318
1718894284
1786605255
449462418
1027305346
453837029
1797311078
1733167057
1153763631
484980661
2031603472
2029220110
1449792170
1781182735
1070039325
1598947051
1872090554
588178997
772853655
1576632989
1623811460
1556135520
1508722276
471702830
319245423
1145667667
512638551
1542516346
145446751
1453534060
725026186
1210078069
1024944696
364147794
1659540487
2052250043
817984823
1309367917
1637933452
1971748455
1794348579
1522053276
1853484917
1096657101
1155752364
776040594
548120505
880359270
1364219591
1320974160
309508611
840547404
729626032
1818230888
1312250234
1048871455
816414907
1824888786
443904153
961861658
1130939198
1168930340
24456079
8400247
1533078134
1683996566
2060650290
203579309
845880835
1551100094
27844116
492745766
925669722
1881329033
1589402868
2081422086
509885980
2137523373
814297708
1874105571
1311013885
1123806320
567169327
2040639917
794553560
1879419562
942027725
1610968467
1556824700
1385931878
425346477
540280250
407378570
449802556
548680497
1940456704
2133799122
461847139
2144036014
832196309
2012947233
24396482
1324942076
791133308
1905725516
766861296
725071746
268127848
756901021
1539369455
2142233419
2067914906
515692127
561919099
1961071175
1310245687
293855013
755615252
773730506
1850679713
2141547131
1199076983
243476315
401442053
1648879539
792156813
194415110
1635195013
1254003952
190967476
319907674
1119467538
215363958
1644849750
1910600846
2121089474
264227398
488188944
241733674
1021128419
2027558399
236483446
941559677
395766878
798402545
755147205
1706012565
1092257558
1510762457
332259423
795453623
1504825940
1531336406
1038929938
1906267994
1032732297
1831086751
2100683104
520443662
937607056
144166932
840351337
2057074594
359530890
337717439
1820191792
333136717
601944838
160897088
574870391
1623073257
40971840
811353837
417149287
436738718
1609756382
1172296492
2142751284
554530292
535575301
327527059
1349983915
2040401242
1858863466
241430206
1799185588
744112115
2072516957
1752385044
1264555778
862640365
1896551976
2104907115
772231311
108599218
295140906
444939455
441735935
897085744
605836544
1016606327
372675354
646808384
1827960164
789824641
1083547102
1290232899
1962121133
1078814738
1844763191
350212786
1406341798
1047263459
243130380
1117721616
1288693665
2042315968
1861833731
1213726974
1647217364
978905861
2076367340
1396285692
936329328
701115003
1504884911
1231470235
1146054459
1946620846
2128555979
1751891003
815743525
353747685
251215739
496220042
1143572326
1334762841
1786452941
958209811
266093932
1483732484
1308422598
1672435730
383512295
1551552978
642673698
1672205960
1446385299
357023781
738449287
946119015
1335929643
667332979
194921060
124775323
1368447982
1699805971
1356245558
367018793
1498943169
1337317890
2118909796
167203047
1691065575
222641887
663423089
687154254
1557404729
302392382
1645364065
1823498661
1786124866
806303015
1348450743
22153514
210372346
1991124441
1694359474
1656757645
200664574
285325113
455393012
1536594217
952658092
650314072
1661369541
173622427
202636395
870131451
540641220
1701579565
59965693
512067369
1868782612
1751031269
734709256
384722053
290701875
144630337
687114435
1936065940
1968128998
325755653
594885308
1169096093
347909167
805257654
1012736886
2042268642
314531651
1213401461
180110107
769924663
602512030
1132768200
1420238736
116397923
1306390627
1622875131
986529375
1847031847
1176971048
1046495068
211615568
898270012
650042689
946324825
1282992065
940744564
1090955162
1970106500
729326857
911600513
148378506
1324212165
2080696606
496287673
2129469819
945949845
391072667
296517822
11867658
571182775
1066442485
614379688
1703950975
339197573
730777612
862857954
1962072705
1717306987
562406153
991560105
616318407
774021722
1889830118
1266361097
1720346547
1025338535
59622013
663818061
847961388
788948870
1575418574
996339894
2113161035
1508631533
1492627567
2095147206
307097730
1883700235
244181380
318965388
307399362
1310623866
933345076
2011350337
1649821439
1664122688
726724643
1464410496
1233946027
1289130796
308486954
1850264435
2063152518
50833424
969141884
1636015417
1076171959
1028763897
152349831
1924133347
1817712768
1727768405
772989593
1783390155
1088916290
118133513
1731053714
1396014020
2001833748
1975235094
1714979408
161749462
1138375312
500840837
25616151
640713104
17479877
752340794
2105123600
1251425905
2041471590
266126906
954206692
1957140461
316960330
1923348576
1445672230
1393132290
804628825
1598022061
1169781989
474857945
1178306819
1942771583
110764453
119739461
2060905096
1841818167
1515753482
1915255196
1669569613
1083249242
2077004658
660461278
1584090079
2102620809
1301174382
1601569957
707477955
1258814334
705512214
601465897
1524941241
1659718906
411122710
1841901571
1435583834
1856794941
1087550213
92729011
1307333354
109848555
567586957
338156525
2052620138
678351410
457895987
1966041586
372685929
1973649469
1733813134
2042255542
909415063
1663334144
555233172
346021495
1618471305
1856407554
1947591452
178465612
967738241
505620018
779931509
345195834
17855276
1191054220
39613757
1453439110
900365513
1127163971
1546168121
60215219
1237012526
2113755078
398371745
1142149016
644622840
856267732
960706954
1017308769
682433553
547036440
912080664
1591848616
62886936
1467313836
1937870111
1681358241
1176237743
1737977915
1859823853
2143975984
96114285
492271714
341688170
113969561
1683325934
381301927
1567408671
436207799
1508465898
966093145
496423019
597994776
932364575
894794764
1740143792
1576987416
1751062496
553367098
446812537
286012401
1100403538
1358893201
1877861017
1163290474
678723390
1668247481
697165067
1854961133
1258741748
409505272
1851453469
1354856034
901776987
45657991
1468825595
437619273
426959918
888750619
873827073
1935425817
1854843764
1370250092
385936945
639724691
117561208
2126080738
69228459
1868623704
531964188
516040997
7152457
1632367727
1874934198
1885013474
648174553
406173940
1405777307
1345339621
113651425
517035408
1754844893
1965104894
1871891442
509138232
2010762885
1193233389
946757506
290239156
2081984008
1820584579
78181325
1789344124
1043351023
464118270
281585168
1160912231
442715360
350813627
882052287
974679549
866854624
889204744
459563628
594305175
626734570
1107738181
1000479115
2032511878
305594154
1114130541
402063638
2060439048
931751787
126471432
422093632
795031025
1319704821
1368851138
1085270181
1254205182
1041952069
1163451506
896065658
2085303092
1627569776
1177650826
1098731675
2070285137
1528464454
1980783962
897481038
247835430
722505058
1357044666
842140605
1349239629
317299199
1842619721
1234267859
622893354
809266614
1636331497
535848754
1741018401
1762802929
957942386
388565778
935024102
179309877
1473835959
41745636
1221261946
489803817
937811295
1159081391
2117373594
2115462121
110329418
2040175083
1496442927
2091113381
790172473
1744278358
666134791
2147217139
438935315
2015374420
317032690
134071388
1102158631
939926044
943338002
591006480
1475774798
536872756
206325761
286233537
925438534
1141349864
465543414
251790846
1183095500
1686805360
741594663
2120906795
698403103
711484609
2088885269
808732522
604176044
1437844548
752362255
1394348517
1034639258
1418497046
1394082008
1473574574
1286387819
1711114699
1607645962
241062802
503557095
403500317
832069283
1979331894
940373073
1038395044
118081783
1865811607
32261260
583625197
2117602453
1215356761
122946909
711713469
1188779908
821350013
1423198078
1130181529
1630082535
2027374123
420542430
234961142
1274238992
1455181688
1653458188
520837353
781272614
792362359
84468404
241434929
1033425162
588025499
644935246
1865494445
419873745
1585308319
756405841
537955528
1303636278
788667102
1121580725
1273755084
2004023863
1244527635
1985468553
1045320123
2065877648
1261182983
28018005
1548476535
1141073458
448560435
1783437677
267828803
1903742123
1289412217
788666156
537531090
2081774577
873134560
778966019
967716091
1461160059
1423901265
685726888
1881033805
861725936
1442132729
271505685
17878566
83316183
1393086411
1291633650
2087340046
490130398
1129618555
985176522
408524398
243317891
1013194527
1957000933
1384391349
1461754962
1592954962
1652220152
1218013437
734883531
293402660
1755544527
669174460
1166537220
387026898
1636890551
480213632
1810928163
175133791
213763789
525170451
1617266521
485269474
543049018
1700582704
1878355885
1834682668
1640439103
221002635
816817576
478131977
629527033
1060135467
1491326504
439044318
297043168
805597818
2031999280
1949263321
2023611255
619399164
95182333
1631672135
1288573624
1261719554
2018699033
777980528
1741933186
1682143549
953114319
1955696975
59830352
422897192
293482801
602879370
2123479897
24355039
290078391
1616435352
245357674
1106895967
2094567329
874884708
19547786
1438410185
1313929026
316590954
96524355
1198444659
118370627
2120135610
1817843823
213552961
1604324097
958933799
1475272515
1475539483
1736914327
1069722053
1010199384
542544999
877935380
1070029736
965442191
1171418181
1672909107
941438440
1195773220
1962987498
410390144
1441130895
922399817
357473825
168531955
941947603
1795884010
1482460981
1258538557
1892408365
533421992
1376909185
1865060328
203782167
1590462146
1321900777
1162715967
918251013
649956612
752146646
1987973066
1660155996
1294691645
718424798
582702085
112650189
1889842979
108127544
1054088629
938132552
2071115042
1464478774
231779799
846031211
1821952599
400311754
1787978814
1470352962
1882772735
899033723
1215277679
268711080
128459260
932854359
472493247
1718921406
107271489
1635209214
489688771
757228101
239872213
330178189
269900450
1534563858
1048602987
852602535
1647214047
790962319
960730079
553819029
1729094871
884361473
2018297803
1960874670
1730392684
1692766754
213702776
1370887850
1015636068
2096475511
122437925
83430100
217702943
250897186
1016284459
690196191
1969818592
1123555948
177921757
312023716
1880784050
417793970
642201905
3200852
1952357829
1690804893
855803387
1452088228
334283564
1816533466
2005907257
2063378435
553411291
1876721412
1876769457
136320327
1422004519
2090472233
1507208177
290156939
2039464096
1629646102
373587039
109683392
1880543288
1389871499
799879583
1702878233
365943799
977801340
2014901949
99244201
1395595311
509620206
102445053
1200469492
52941451
958248440
505074072
387225015
627298258
363497682
303119802
1180709549
92735446
32405611
1317029876
1514739965
2122877844
676754405
1804896905
2014858293
158916860
31000296
2124541685
2039460148
1420871795
776937620
1594854733
1786815595
1754738960
1462273034
1886059796
1002850623
1971893241
1988504850
55836467
2024834692
799269642
560910540
264576060
1426567901
924408222
567695862
459793802
1017143668
600101474
1776823679
384399986
575495670
306094436
41813243
442870315
465011296
72813539
419928352
356987797
1493685335
1196865972
1951842530
1133017282
804121285
1266631917
871593430
1806971908
1091041510
712614632
1862808376
968392554
1511884275
276235268
1232968614
790968528
1200643490
1800664477
1250762330
70303510
253282303
880102361
454703496
828777973
1186196798
496516739
1271648289
1651208094
569330279
1691576641
2008195891
2063015614
740958966
1812554774
1048549248
1545080251
931703043
1920142678
1204568511
2022744553
485273663
919893239
843653459
1997157938
1196128507
2076622074
640642818
249288349
1729802903
1891405148
319591860
1983085206
624023862
774295356
664379531
1810220660
1270812096
1936027820
1313945106
1840142375
1480120814
1174657350
1755674341
73596132
839728476
656739941
1618676383
1771431519
429398971
675761246
1646692424
914672634
1595654486
342862235
764346924
644299345
272000661
1404989742
893587695
2001803564
1148911243
1213179555
1837405122
1772935105
1987474911
354301006
1435672117
1110803359
142845178
602133575
803462086
1622965992
1776790925
411652779
1696562124
469035753
1068392720
1167754859
92983624
1497791692
1843516106
1739676048
264980678
1291686944
2082538284
1029327603
1935986289
207055297
286833697
682090336
61375214
1435744940
1895269891
1898780336
1061196397
1735261155
105597694
349384866
698580866
248442873
951518442
1502042953
1871408865
580825719
1913695732
1420487342
1049861473
834604805
440758553
1142845097
184912849
136791011
735037498
449893527
1428477955
670092134
1479221130
1216980597
877147431
1766054828
1899070933
938522645
1054316120
1646857177
689819334
2115512518
1234634684
795417028
317413736
1933215550
1043859901
1268932178
1287774855
767785119
1849757898
1053986940
40788813
752135723
1888591745
481547366
1894980820
2073504594
618338378
482534670
375914473
2046816333
1152626804
1855135604
1116313282
2029774236
1473706784
867900568
820813233
380539256
367274097
1510632567
348568126
1601908781
158565948
665981863
1387640683
1202425849
1934914041
527931891
1970210968
1637188291
1581918831
2010999781
241840366
1323026928
345063500
2136821187
1249047874
963401878
471872209
1624962347
862734563
1624499014
1332614303
1979047846
1506789602
658837439
699464766
180119187
1039376696
1066738863
1690751755
1387944822
521163996
1849317703
2053926685
1908804679
904259904
1841357079
289252922
726987225
1331061722
1871171753
590503358
1572902089
1046715033
935566858
1562239628
148279259
1898968736
2034111837
1773241607
614219652
1511127203
958372262
445783850
870433157
1617209702
1145248616
1050552345
509102750
64503831
593820452
1897047572
585667827
295654507
1803490610
346988858
1199914411
1497364041
636241781
1926901636
680942115
359929886
369921347
106360556
1406644920
1305488205
1668600184
1554924179
1056973294
1555228374
1180682138
1671192946
918871929
2139054401
2116976796
1789305087
1608780455
1114741764
692373784
2117883205
1179245595
1286194236
1867447129
1764913422
1581848743
1523454091
2111902280
634279506
873334484
600660413
413697495
1554276600
960590300
783618842
1660637156
219751572
2089107047
1181753693
1774675751
998596693
589498419
807874242
522305991
1508370348
799444995
491799139
1150191787
260741802
1606540903
1842565571
231141359
638302850
981276159
2098588488
255732624
415641254
1474558932
220151257
1049920761
200409768
820811670
1463618256
1754686368
1781401970
99753450
1267839877
2001153542
41376849
302109922
1628345646
1039973543
891608341
288736240
1562279534
252495041
1088181235
2054078674
1402686829
1348923037
1513135929
1097768752
1580064396
3955132
2079044912
1531169236
259687756
347202518
858244520
479839013
1397123279
1058654289
1300650684
713257887
665857009
934569006
813011337
1933696886
788238901
854388187
88323160
269100899
1894361730
979931501
557837139
1309157616
1232426543
1646018374
1215752642
487629724
847457763
581404924
1585398476
280038511
585360056
1516959740
1811207747
845047812
1864162259
521968620
1324886826
1113801890
1580622909
478053862
1827059778
98996270
1412622868
492587467
2032693157
53378121
1346975654
2121016317
322479020
1093853736
953464171
880316159
255527705
38407066
378850885
1471280347
526036790
1226308648
2052685271
2111435266
1506347159
490561679
1480911359
1170071259
1335609492
1197589970
1692039879
513012670
163908212
1125179140
991066532
1990967990
1224175410
256205752
336071810
1109384919
309583874
1683047464
1082917589
632062894
629417553
2036381760
1512379054
884945258
2074788826
1891229939
208741957
453341968
970054940
113943581
417293586
328918451
604505260
1898204945
1498989710
1940114752
948311267
1043545941
305643774
1112219480
21241433
1296710306
955703822
1245416844
1552916059
1291775632
207318115
1862499933
827339449
1290235704
347079179
1456757002
1179133816
1859458233
194218612
1106438994
1603204525
402960569
1559780962
425775817
516904150
1977074549
754694268
1121409411
1727795846
106200331
914040515
528623466
1149746272
1219684290
1640842946
1170987706
368910948
449063120
268920902
1921827007
1740838753
476239017
1636843292
420694554
1766474722
1983922472
1877451556
798124890
1695897057
2071670168
1904563885
1151617934
327147089
1316861199
1577393751
844051240
1146452100
184604372
1965460651
726764299
290804703
732017518
1255387765
1440550975
1951701808
748747063
464055033
173129109
1197810183
732975935
2094956116
791165288
1209214953
1584315761
1211859842
828206027
1420754585
941827750
1626330917
969167994
866014270
1383411154
2120785929
1193161360
552788706
1550696032
2037212600
1699240806
1735300404
1855189603
278521457
2026105107
439723473
1533909222
1319172435
243941634
135172637
1783227468
417070743
1332982821
368719756
364543211
2124148109
1577934709
1948858972
1188524304
258657088
1222129909
2130352054
1884988005
43814256
848882677
1120915512
17116537
2042044037
1673704218
1567812569
1931772989
1225461376
1155629326
1639478944
1503982834
1034250785
2079202417
890408408
205939572
175660403
1025581046
1989167041
592731146
211080219
210403149
957274358
187744680
1788337858
758649682
1376268984
2046994946
1980779592
1359137391
1784499303
2024593848
60536420
757931167
2041710385
2102580457
284151737
1462039306
1886869798
1509613114
470184984
1378865094
866112300
1504435770
1310583863
1756520708
1710375342
1486244267
634618106
1552058735
2078975413
845698325
1762461884
888766123
1033443006
1403316094
1647415806
262228342
1302827392
1480711750
1621365733
939843048
1357821950
1681902153
1697774215
1252048687
1636998962
1981925953
566604345
1376385112
1344055419
1036789330
607766558
62684071
393741452
1918350422
1819204779
2104116794
1257111041
306339238
1508691882
1188602806
1152037563
1123670118
2077368930
37996921
379502565
1577301088
300225264
1682329957
910529190
1921590997
474689357
120867492
1456009503
24979925
1372916179
945524817
2006905878
1939520524
174426282
1203477649
828826206
782192840
1266161720
1222567658
553059614
937882851
1179200805
1810170655
1244222089
540409039
851289814
248776005
1664079157
781175096
286772926
2043581722
210992536
586998190
1578428032
1121521726
361105540
2053117389
1242389218
1817115043
2078097314
467821749
615156212
1937519544
259858625
789582494
993513545
1088684832
1571775335
112191617
163768842
2124834949
1050074469
1342969647
1787521957
146812910
1883378686
491328123
395588915
1399974196
1272503219
682361842
1296072270
1483495755
1269360032
727016654
457533833
1630465572
632650396
1699923051
1300096967
563264062
20261152
1915253180
353299959
280119777
557352026
1346813504
1368804609
2129127361
1459005122
1532573452
2106478663
361595943
728059451
1746516972
508408853
463954490
90361447
903997769
1863928686
1362864666
1586359611
1012517308
698876773
708235995
1739533963
1156410606
191217920
224700711
708850009
1491314887
787964773
729111161
1259084419
1141264732
1009230938
1816436446
340594589
230551900
1798080159
1799599711
1763125352
1757075174
13712006
343701155
1356108498
522120859
807655645
1446469945
1426118628
524100683
661850963
864994591
1536617992
1360727736
1573230587
1128668307
369654694
1764448507
1353369018
1078504703
1108279746
2141333791
1807615864
219880518
1135114876
669363155
2036316964
1475709465
899915055
1686913475
1127825528
515556759
1296505002
1141537534
859257914
505129852
1663658393
1666913560
1951599798
942293374
43530595
465967113
1807287965
1580148587
1826694850
1233034904
561333246
48865896
849999763
1914702264
1127370600
1958279510
1908552408
787502816
30676380
896183636
1456865971
2066993344
224409453
209297378
1606423171
1352234981
724854137
755444525
346288867
1584112052
1260574378
2009947260
1103541964
1064690528
804756986
1147072559
1530657641
464561304
579737499
1209868843
1697596208
1141070745
1258734740
400112324
908289362
238621692
210908186
669358122
1026124508
241584566
1565541758
335506832
161094262
1789951211
544804210
1767517433
994702544
1269658348
375478311
1340991411
706286752
1636052689
1203455023
1809828716
553259569
2008212010
809417627
2083917210
325289666
1389155126
1146302406
2022885874
382742224
257553498
275514550
1291031586
496175190
486422736
1960389708
1522299698
728007302
1378447818
1857806530
889101564
1020915381
255127093
509135350
2015617925
1524785441
884613661
1209125688
83588545
373182702
265097063
1893417261
926442271
125825425
555351240
862875833
451115091
1944506367
2009178239
326517318
179764943
119248089
602031868
1470796529
615423279
1088454605
1283702589
2137722978
1816461907
514666759
1848045860
558079824
1535582140
2103172953
1067215174
1403716417
1480474746
1951828835
465358457
1564063291
177527889
730455520
1309996904
1103970160
856280946
1865348145
1966845993
1307396037
1662370864
1828540585
1633913355
1842135807
1947788674
88461576
1165448688
415728306
1176916181
301667629
405967636
845894440
816334388
106529848
1403974264
204432880
62219154
323705790
1608149297
1542693900
128050977
2073507754
959273544
305578866
656479626
121786800
1409549026
1512760572
1987134945
1228911372
672672962
1502022161
909968309
159102669
1196674320
710273335
247564245
214639360
1126001641
1424480426
516306989
1531969277
122891219
1332641377
1638499126
1526865483
1537074257
1700718280
1850571274
997739906
1095928532
1978622251
923764012
2055202076
136717470
1580243639
29505229
1546266496
945520563
2016640174
627694220
1618193525
1371178688
1537662529
1777296195
420369360
100452217
2024860440
635008721
1226453858
1301857219
1151315710
610939488
1424748438
336473440
101954966
804130273
1873547697
1802673246
507217899
723803956
751118130
338356503
1647567968
658836559
475073973
1080327959
688341788
2021340469
2025848523
557498314
501551042
1496558400
1928677002
2039213571
1126370947
201562715
2139665788
1003747740
836571436
1218635999
158121311
1987887146
1829575487
1582869749
176876938
1931530453
239516374
2050424636
1586720051
746734274
626744944
190354533
1085090777
126829264
849191092
1560164750
1207157224
1537532880
1434021571
1085522099
2095031195
1935572613
434596851
1876224549
1827302537
1560967799
2077787264
1819484677
417231891
766875052
890637028
575353202
607278551
572728867
10739303
784155489
356775672
250255677
687096477
1943495723
996989951
1313841421
2133850257
2082080728
1440670686
835557701
1494761830
500344262
225606934
781299754
1585866361
173154481
569388719
2020463212
2049379030
249207608
1433947363
1979682647
2068692286
1851179254
599074051
811845666
279048808
1206352602
1384574534
289788111
1990508092
1741350206
540043789
530120921
1537362282
1537033740
1843962343
1523728891
1471630821
1137149381
211802944
818909003
1637493643
437409878
1600208757
1075876356
610564359
22113829
948855920
512459742
271321437
235319636
344658741
192530075
2086498890
943732792
1004375742
218064051
2601747
241466628
507852162
1993109839
1982816834
1047895951
375747112
1372695468
437446044
72225807
748940711
1909076865
1209375188
960743656
580502220
699385183
1398153534
33227330
1775261539
2008717894
55341159
576633812
373693988
326662596
811953448
718352729
519192672
750968690
1662085521
1523568414
969032741
1664687268
1765035042
1476884904
1510313459
1600368228
377297207
1886060572
825580049
814743251
1958286379
1574520760
576336468
1020177920
387780768
1156838689
1719563103
1785934303
1190066019
1347340995
1647168549
1245407178
1923974807
2020862537
1572069774
588444607
591731618
2091262446
1339413297
106333491
1467347212
160962391
1771020760
1084898606
1637847295
1133850571
537783187
2015144502
872427495
1363363236
682404106
683230227
790400348
1258740574
1703408147
1178181117
268095615
1275487602
816631772
1458161634
475344949
316316673
556085164
251836108
189695562
2128154939
840280715
781427180
2071933737
32210365
887760671
1391797302
193172756
511297783
329212260
1831020051
1645148355
866995447
1698680905
370092202
82875035
233601363
1053322429
873275384
1492341938
609246928
2051456501
1760437553
1884734531
720604625
1071115540
212595832
1036921298
1627200704
464431941
1226616860
1607871995
1304712656
2008044040
1532322085
1336923021
748321063
776635739
1530095777
1259618847
1105847999
1213632180
757283554
1972843447
764829438
1127375756
2055718482
998430801
33214538
781510218
343289091
642461466
685483071
2103726645
379712349
1406087696
1027358537
592308182
295525346
507075593
1056740123
1522142206
2114947589
213969131
1382702598
1499786026
1550892153
2131023662
128938117
933504282
1243158861
1234786116
2147136463
2000442415
1060145915
764482253
980334523
968380750
1762913054
1013549061
1749890968
2106202146
1656010528
287890392
2062445143
2035722877
1693978088
942320032
480547411
1989503435
1449395625
1537287534
1364161993
1416859566
1751256666
599380944
769161944
1154665171
582920958
898100061
2088169453
1826079819
2132886178
2087822268
1679038586
1045548445
704820873
511889461
2013929195
320250280
1525438523
1616336516
278968778
1033965403
1904226908
193930273
922204632
1450721348
1136250305
1402752044
1292741135
438162282
792555930
509419481
1855021849
396328948
1108800425
476700145
1550994119
1691721383
1374800207
1491679925
1370317554
1360202737
1432018545
901872492
258267534
2136839419
1413761953
124713082
309606051
791716828
1741049598
588574829
1825682231
1497792858
782505102
600403216
801030558
1918755407
2003155260
2093771694
209434041
648227542
455707527
2064455890
1044556491
1564507952
393672388
448066962
1108745687
1768472595
1939746887
331579593
981191684
1224281785
1233452085
1239459218
1213637556
499730390
1364172300
1523243607
1291447219
957738250
2111818436
969645802
308047460
746839890
1570049018
1109078019
518111649
1425720630
1055366065
727545690
2073948173
1511073592
644517933
971021016
928097896
1038190321
1419087978
2036843583
659179268
1211351218
220939528
1640370952
288149355
1454391613
732346522
1501786911
1954122003
2096518823
877546870
1098085574
906773425
841881658
2067731377
1214820886
1588721548
1490296747
176415257
2106833197
768533730
1231781322
686895239
694998255
595371266
1331413172
1666019271
1523469162
222119845
937623601
1412829097
881299113
1491171
1633768625
374186417
289640526
940676590
1106532940
1791427437
747314945
1055568115
521490659
1845400520
1962341540
1363372317
1765648249
1029678778
804610217
1108461348
1206094035
763959766
1876995078
290391709
1450855006
424509685
885762975
634784530
2090528956
261748489
856904376
880668910
1674577586
1738203489
882160081
1160862563
2112389907
1171800608
2101539153
1071439199
815744397
701370451
2127007314
1337235057
399287323
1941865206
553123726
17451924
824060337
1357733944
1125913272
2030154372
2121693710
855424703
173062434
1425065068
1279934388
1058825409
2059849599
1222979697
1320573899
769270327
2103648607
847667837
359990168
838325040
2008530401
324896427
2010125648
1962585906
1396335626
678386398
516472709
1375859292
2015621455
915760032
1170240851
421261533
933211956
1994301188
1778995477
2059125229
1876971912
1753205540
767066284
2050034346
1030786960
2047000672
961376108
943152911
1122496721
134466359
1712423238
1078661680
982134196
2072413407
1916986721
843180949
249826186
1779628721
658283208
1646161813
310531471
1174755917
874537457
178669278
2090515950
2044778308
599930812
876244258
1891595848
231442641
787885839
1621084113
1984648181
1554952123
1523634811
867951494
1454469148
337527271
1811104405
429482221
471993630
1376043996
1508143902
1454127827
1300973755
1277646975
149825128
1550799941
909792048
808108336
1049478106
1220323520
1982864254
1924015564
1398992798
1925896556
1821310224
1998923610
654657166
1565422425
82882604
1442543006
1039022890
2067530785
850011481
415174053
787998631
156996981
752701325
451619389
586479203
1224694955
1827663385
2094623105
531339134
981153492
1224786432
681164263
384469785
2134578480
1489272599
1433947892
1207418352
1324653205
1210479808
458927503
1103066113
884306384
310367465
1757723280
302245161
393250069
1052782638
1341268051
313297207
1902794119
1756442105
1101295838
2059791101
361659782
1552915227
498786656
1586354737
1233094964
445926113
2117693872
66764808
1670712545
651374487
451234594
1657807377
2140647086
1885182486
717742082
1317816644
948178646
1176669585
273399109
1832485030
1487037050
2031122389
2134730192
1880287120
936421379
1328514595
46100679
691731851
937473052
1147396517
604039304
1299132834
552828097
1102825960
738003924
1785923061
1548752073
708214148
1852687870
1071980970
1359588635
156438816
582304699
1352752073
2041621302
1300046781
523085069
842316300
329232718
796484179
527317682
1816269769
680122920
514564226
1549073241
1616544300
1843078822
1595173920
160792503
633068226
595086789
764831807
1932201061
1147914886
1867657767
522721337
786354300
1268926192
1230935485
491558522
193423514
443040472
647997338
775728213
1795792545
542134992
2075774995
171393967
1384451292
257524065
967878146
1911768974
2073793834
1648001066
278849553
1475383427
1117061718
2121928375
923073699
1277854221
607512953
1518160489
2042686028
392230366
518591727
1762860147
914951703
1304946027
884302691
2145887188
1796504549
1077726205
441444012
297018239
1853454419
89752910
839153231
1781745766
261146877
76120875
2039269831
1229025023
1987889850
1965580018
729542441
119255755
1293479797
1846604160
93700482
69069849
976974733
701213435
1587230338
872177114
1093443802
2105822065
487553613
2008395505
1263284445
1371856305
2006799046
912305346
302098862
300759410
1209323586
8069633
390512320
2048476817
1789815399
651659197
2124597693
1681601583
1880684220
1965003895
1499697953
462743014
2084259650
645694102
161863526
30476484
714763951
1138838259
731689919
154510641
2011015373
1825133721
112849059
351085339
1686045579
1376133504
1722941644
1545360977
140955202
2025040506
1846120387
1350278788
2033110140
89149060
1251271958
1675441891
740808257
1228386003
1209559826
474008830
1045906250
561774131
936751844
982682252
1207468234
1098615370
1013158736
1922232185
89969981
1744848655
2076742827
2100985355
1422498729
42108238
304587046
961060660
1418241742
2027528690
358937989
1559196944
1905085548
57574728
761992085
1790712040
146723788
2013264043
1318670284
887532046
1094166398
380746462
1361540876
2140072648
942520594
150809072
975271252
2505180
1249424442
1988429988
1924737365
1339394423
1585794995
1853996544
1292896130
860810076
1896104782
1597483176
1821870736
1166862876
1477528218
33325077
578576173
1235130119
90899806
1340568258
878358511
237623594
1206348653
49545147
1125155640
153031403
430291610
339212868
145620403
1372812204
490021940
1120891655
1375317384
1739446382
961837995
1152571101
931357158
400149342
859083998
76769640
1260959419
607705132
1674252817
935346507
1774568009
1004297387
968671585
205660534
91943858
1059571391
1546228792
970302370
1297194985
605093797
1019847517
274866978
758125200
1450139127
614079846
903745603
675467683
1104101787
2024637258
2050785067
696064521
838991605
1055872521
1627421679
1239140947
1914956519
1704191320
352616718
375178003
1230960489
1287963226
2262364
87774228
109151163
207922898
179718087
1168722554
1754151690
1150020457
318433891
211761839
22384326
593300869
969887039
1472523454
1207380716
1873632642
507489
163998855
1750786252
2051292557
860063376
442294209
959681430
340001408
1681435157
727154301
2044192728
2034051875
1102332304
1127669569
1174531453
1104594669
1215443797
1283682616
1312517567
1395161884
304921522
919185610
397698693
623355414
1130947449
420083020
1216656283
2100834489
1892606474
276553351
1826983483
1893113963
440552206
1430286088
1796922872
1300615583
1872580297
609120654
1640616991
1406531806
1336274955
1537326071
1293100034
291123612
517511992
320147839
1395718281
1732955789
1603830456
560752200
980634026
1908751978
1479937810
1378332719
384623744
463401612
1798415739
1601280028
416752453
1543538565
1877833379
96252288
1289168881
170901938
1526538376
938608105
1471517521
1251635026
1547728760
964650864
510683184
736520067
354493287
1803783218
1027643679
872005279
2123931058
275878312
457477420
1580277866
836630513
1438111446
1341546196
169084675
668960518
1726169941
632486287
319892609
1179966321
1049238740
1863431175
910316052
1145491029
1005116408
1081217990
524545757
1943724513
405251863
1776180783
1343969625
1369902727
139380320
2080489693
1724396014
1943163538
960649724
448917645
1919610948
1236528037
906395066
1352405166
2073158550
197022864
546467715
94759577
865983382
125154008
727245865
1185875992
1305120329
1776484605
901823519
67952733
774491986
1906939927
1149170724
1299037744
1703180792
1554422587
927734879
899666770
776841667
1067115199
832672815
353754033
862795090
1793322539
802671679
634922390
882366928
1709066745
1987327557
808041830
1906089609
386311624
902801408
624589344
511465632
1630047273
1810465336
1816585961
1259048230
564805207
1884538694
2033540217
324261486
886225770
1185094313
2027442278
293164710
2112829192
779625400
1070006377
1032460744
1612298215
1423760410
1895255834
1258137107
78948441
382694576
2140504035
1788015186
222538485
801062218
1546621148
608850109
1703863626
23726844
1120315741
1186427251
1834192180
789418054
297991833
251513739
526473101
184048402
575775225
1412698871
1369142715
455733855
1705863581
1334488260
1235359256
628386310
219465356
700173823
2052146721
2114721190
1958310930
2131095162
349932118
1951331318
1771626701
572470604
604909888
1170764201
1181320713
161289866
1194491045
154152807
1347717117
881199577
943570861
1645708950
1132713316
1470043962
1829757353
1708488541
735259186
1051416420
16738748
293639119
238421032
1252098004
922025430
457886388
1952271828
826688503
425123930
1763099110
810300017
775056049
1566946780
434443070
1347526653
24373020
1605207271
381363718
185662886
652214668
535516525
1533380003
1533414245
1479087387
1031605306
518643913
801647701
713879011
79648806
1536906887
1765295431
96387555
1830546007
2003716464
1348485559
605087789
314119204
1153273739
1431776292
739243135
768889202
94592661
1514299184
188352334
529035732
714342189
212725355
2134243003
1095705907
398388241
638974024
1631222433
1931768245
24904621
962826172
815889903
543548535
1764473873
1529768914
623197341
1153897113
1147580697
719584896
836959472
1003813513
2068070456
1442047261
1317932718
1073860547
726339905
2057175853
1842749749
820932566
1423991389
2031102084
1349968298
2138333578
96343791
1336727654
1086555837
494732032
1975701678
570294622
279016629
2000606299
1533120794
1094906532
396671186
1150111020
477191798
1019868528
156524485
1624772496
1739453424
993483957
481102361
1660040232
288047570
1799035079
586417132
1014387475
1708727284
281683233
1835320041
985235025
165301669
1037804692
976084955
261645460
227048698
2062640793
756377493
55266728
485451767
1035394122
2055873027
2018572562
2130300655
305060566
1021199934
460008805
1324929094
1177724419
2084781301
916898870
23724728
418400015
429455455
311772298
69951446
1015872587
1326159773
1778678731
1297555820
1013996166
616430108
1462857490
2051800858
1592515064
1724502950
131365908
1507672209
333396795
186632636
1993123976
1368790918
95022016
1864212890
1351607925
400082582
737929176
1811616730
1725011676
1915653595
1748914384
494426898
1939378323
19830751
923882353
103666973
89782197
1939754940
1429826746
1868460928
1089827113
296339265
337407389
405200955
200656475
1929922453
2129703905
332022384
1290111014
315617053
518655020
1135751342
1684407971
613677036
852480585
888532248
1013759618
1590409761
552665330
591287646
1358579709
154096066
1085714545
1150474384
173926817
2009596898
1254141358
263709015
1801868191
536484456
2132169943
744211656
832823721
322093684
1149412611
1033480197
104532489
1131632868
1365502581
1394643503
1447249921
1884157601
382911198
984174244
350350990
1235391783
1872706492
1364110608
678317896
277888175
1955398255
2036897605
431984241
893629152
1039888342
605911059
755742402
146546052
869620074
410126945
683030508
854306369
1154338601
1515854230
1176400054
156267564
401850779
1280932543
1287900433
1767353360
528092399
587666706
1504027313
911003597
1571840951
1854378303
2146395380
1297063795
1071005264
677229628
1574951970
878919871
566643586
2006936212
1772549023
1606531928
465363623
380807777
1753077980
1334983697
790934723
288624840
41806418
1945273324
1804479070
1218206472
2101540889
58846201
351655368
1241957674
1826199561
879747767
1829624380
1182743227
1790751364
1253981683
889637882
1789663096
403561831
1960643146
319409076
1978513801
692079369
886052662
1837966365
317144744
345100942
155846340
697952522
2098178922
1490830037
1488887245
239320115
1532636456
1286676921
2043799185
603359280
1240734162
2102645387
955014648
335208188
1781361300
1834762415
17348921
816620879
1478030131
1271330604
1706258762
1120209579
1674892435
1519418260
1439618656
1505922589
64013982
178187670
1196405306
381158726
523288613
1352251647
1079111248
473983887
695598036
420514845
713304002
80750844
1707191767
609619540
684110125
800442281
564781279
1639124773
1135650470
198658931
1326403541
1152999391
1015279811
656950024
276846347
574054925
1777159604
1951738783
2093473185
1069294612
1310177724
10003519
1247482282
359099382
391162246
1770770895
1711351029
1470273494
97271135
259465418
1890788340
810575137
340216262
1450496459
1420194677
1024326387
103455092
1984975956
515967513
1239105562
36151240
1842371054
244621305
1051431051
351837430
521467653
1625485976
2128997034
325722788
1571475513
1050807998
1635900512
1581479033
150806633
1994999894
1972641279
1921577528
1558867276
1295431125
2018848663
1818332694
1038735817
681940153
11065308
341748628
2102134830
1035391696
445203721
1939627139
1551359209
1684309283
1975778379
1246246615
1928930589
879725782
1598084045
302914594
357728110
1579597432
628637382
1929203623
482921782
117054246
1363199008
633728415
2112054140
1188356639
407822296
1523437768
336304117
279187311
1194286814
1375039934
961127464
1205352123
1716788563
915778647
93260171
14508636
707922138
1644619380
1698817919
536216869
743382347
1480264860
1415942651
193982744
1783179454
1773670761
1773580176
264333188
1555390736
109018311
381387434
771106097
742746726
345957927
1959462736
1150569022
1869395695
148283205
1429756334
916198862
1523323140
243400150
2121550985
1092628055
1159178797
67327508
1107136691
1867100935
1711946888
658470962
255834156
307845587
2138735823
1671776807
501828331
1774431629
1297963920
127924860
2038764818
705871009
236943171
272668604
1476977106
979689897
618626531
1288956194
2130258920
340538579
1437239400
1412531606
1256737441
813078892
1655931756
1230804778
1905706947
667626906
1298132286
865359990
387244193
862595526
1523830952
643078350
1170441113
1515083127
167371509
1672269444
1142031109
1465335430
1800194304
1033312279
23722791
2037137475
1305980883
1500699897
869343725
1924607415
642172443
852118997
117662346
2079411843
117166955
1374399787
745007087
1773098711
457720917
503230386
293241969
1755853203
1368590376
680486163
470965081
744937681
1323564513
1641406194
112537160
1490936022
1166191990
1254568269
808787804
818902647
140396900
832510595
708556474
1446377784
185726844
1577900199
1223501551
827899288
282535548
1341163897
759827483
399702503
568080036
1504834571
25317567
1025800953
2008064957
318559536
634170508
1229171686
999045699
1105135589
1974109367
175126564
599058135
2086646527
1666062587
1765250125
1193731149
327366743
436669124
1334128049
1159877339
1145225599
633022185
1345604183
575642150
1856523736
26019823
858177699
1050203985
785847307
1257880202
1618284021
143198230
1283197769
496601326
3779539
1601757306
1130771834
1232951225
453319357
88423775
1059576944
628445922
687481910
998739824
147024861
305248388
44987325
474391604
741917512
1379115374
1634268943
1887143111
2012137560
832389479
315301614
1721177648
858409302
1173479313
623897986
1644256609
283875867
94698359
1787454839
1567073637
591299686
1791234379
1021347295
1722071520
876701956
1474666652
1810495296
1936278901
2103112574
350493558
787535077
102653787
655741946
832522402
577045392
1397659459
64154128
63830687
1137318922
2076291688
896220166
1452620536
1649985689
1754629469
478616201
126400027
1251402430
762492069
221098386
891373622
182082058
812398072
535124353
1203429353
386985945
1411826309
530612357
49997593
1200621562
486241284
400491151
1988156639
588895071
1056233098
673195393
1165940463
306408909
737349522
1229771151
1443727831
666157562
2125991317
748864720
168659603
1733137138
1227480921
295059630
837055921
1989972990
516158017
1728429543
24571400
1328556089
116070248
1228000753
1715542034
1527896557
1758613111
1765539627
581034472
97370747
18547131
421707463
686265818
1074780229
1094902857
1852206282
1381189138
1832252379
934493785
677433321
350926293
913001454
1426298041
519585897
498654945
506295315
814645527
1335710866
348784657
1330803544
916656761
373356058
511875986
1032727009
1601356811
79934372
413139918
1212486274
1845474000
994174390
1309857021
1864021131
1415881854
1996122840
791317712
363301063
1700845474
25023202
48069794
487855611
702456523
398996087
1400857065
2128754565
918581984
1899512010
487566232
1733227512
1087739228
836350889
916547408
2004395989
1209706947
1428423394
889639350
663580111
1508357767
1302779269
1876066385
1206348119
149470011
1038439759
922885602
1565351865
887078951
1714203314
1928652928
440440777
1739226516
1976722722
928296388
294199391
228235162
181669805
275470308
1146817146
2081181816
763036540
732561010
1021437396
1599387430
1649108419
878349738
661610729
930048165
1767989088
1325190840
290922284
923284709
1053773578
1497270403
1072754721
2092213337
272672357
490622938
831808640
1986875671
271792219
1272249417
1578618539
101031293
53062157
1872817931
329266455
234731962
804591
1476083602
168430130
763841132
61160964
1189867527
215744914
1710269383
2068217265
877355643
492833901
1688722705
55062836
783756185
464523767
1108836414
133542941
1537278488
1053566103
406215298
2027901426
1885374743
245607322
152209997
1010140512
1824225861
253241291
1063202669
1549560144
582507746
1297934631
1550364736
2058591348
1466364762
166722220
2119752313
508748641
382467134
1682538048
429482258
1259822777
27888301
2118204963
1314885613
811644487
435245082
276238379
945187428
1972523570
1329804482
1351402726
1852941349
1067695577
1597010048
2005151346
2077836089
1273752262
110908989
993555110
675828758
693416736
144006094
78709846
604524436
1610370856
245432066
576793101
2119119497
627899200
111847502
401118107
1887721978
139735803
371839422
1055123943
951380290
807084505
1331362323
1896567718
632124427
513683157
1100486797
337582128
1581378735
550013197
195249827
1511731176
1823765459
306158816
357802639
352110570
999575552
501808733
430820416
1604099989
2112179589
676252483
33409442
2083815438
1304151683
145256944
337449897
1044390013
284992748
709289319
2099513957
1236373038
1516373824
1283392632
985457109
1014604
1797075789
2085943906
338596732
1230970876
488473455
533846559
595218405
164755267
840005376
953021044
516865837
1839580928
1454829777
947686253
1296197269
1419525718
1623938736
1329606712
1355857508
780606772
1474863656
1693307405
1824996785
1759856404
255113076
1777027094
848745795
1771486901
912936078
1834202904
1772501505
562528220
1772663162
2111098237
1793499096
113652969
497461149
241233853
278408236
1337466525
1194254897
795274073
1029563805
501601026
1742960327
178277427
1921126744
1219415415
1507884139
1129500604
2000022187
835264147
675324361
1677535325
447636904
930437438
1307078771
1296382699
554440691
72531202
983101955
179458548
635059422
608281469
143073137
281074870
721934438
640534286
522308724
1000342675
1978000811
1716563621
1795616748
860080969
70681000
1391093427
1038358396
1991807744
463025195
398758887
973824701
315563734
1234023034
1649149062
1993099059
1681659938
432102852
1152694183
830558989
986543543
1225225385
1813660944
1166002091
1860284807
274458765
1309075229
2141359677
996393204
1949609515
516184753
1996735879
1780126679
85264727
1644868979
492724000
155945727
888478759
1531082396
269823
1351503954
1929841283
974094524
1667067688
1016380669
475759939
1512683100
550556960
907862791
517893635
1381115949
1894406335
1743119020
1047293246
912924778
1455920179
1321752011
74516359
1449796208
170661567
2024125875
1965980962
19913798
1656768906
2051245689
1664782778
2009258
59707768
405777889
1533091654
59977591
1757281843
1315449289
1034072116
1276865883
184346310
1509832055
642065335
734903270
270211198
1159958970
2116019220
17133885
755594342
1015828818
930058664
64030873
190097181
1004575023
1513827082
360758749
881217250
1332324396
380672547
390502508
1236086437
2045455325
392511766
1295794205
303749566
1925603420
1355771796
2061031409
1093569061
242360264
1190413645
1277915372
1752192319
1832478980
2012818642
2022403518
844954303
1981354214
2039537403
1600548645
849699384
822112419
1664579519
1039796566
1826687443
1030922953
1400555315
560421045
215763701
1781227862
950923554
1451850138
1679199540
1343435320
600160695
1982949106
1121555093
1955932491
1896496868
67640506
50809108
939426865
1345555878
1803001427
624422197
1210890873
1677921297
1469376500
1044761439
1569975053
922441498
1894460824
244603824
439537369
786773742
2071291267
1470460322
39845409
484228665
1686224023
1821073271
1435152219
990590513
1352789163
631103891
1590751208
1188254622
1752658984
1399200051
937267842
1820299491
1450009159
1876694707
1018371721
1105526939
353633256
81778946
635964588
1823009757
1126540386
58455993
597967607
873517562
303059818
1037504976
1660291304
226867437
360481650
1700136713
711096102
2046705673
1373726336
2146248321
889812538
579031852
629868565
333080098
1767286474
235043901
1732280149
557070668
2055343392
1034805661
286281727
926231466
2140332600
639914983
1008010412
628813540
315441092
2134550798
687269534
913408699
860584712
990329352
1950913675
373392368
1217196789
163911677
2073529081
1928292892
63133702
1299771770
1927057565
952946240
1878803622
409442482
1286026338
1498606448
644486384
870822840
2055677116
552346128
1905628501
194475195
1478577594
1898477453
834390178
339104359
379807345
1149831271
326171509
1067076879
2063239970
1186756222
2057406231
1866669998
1560148590
1127119373
2030581675
1486194024
907928617
2093715378
638482146
687502534
899177970
369802120
1096945017
37720661
1868408568
1741431401
908543501
1776602036
146293881
666688354
1971077231
1624871476
417682159
657983761
1963975835
797489504
1807815032
142663696
1864566384
1723571355
1329419918
1774488967
1442757705
742084861
754124692
1325855732
80795237
1662053309
1272087462
719277383
202072196
23781785
1089079503
1299017213
61502446
810004423
892964966
970045947
439122811
1039258847
1636734301
262716394
516646675
2054416460
920700155
333138862
704422316
581031540
475802559
421505052
157119247
1805222477
48510372
1599876952
399823690
802635064
778249036
480618927
317204726
2050336499
1199896310
519276922
2074118284
141492165
1818294135
2135620730
951496588
563775453
958183029
1390619399
1603034300
447433682
1653335793
2119680976
354366494
426552301
305336190
1058788810
1007583841
781138749
1480293863
1164703088
438877579
1528804235
617096392
838701269
183955651
1395345428
1319320197
501160377
1298198279
371732859
1020437299
1224832915
513225025
691247786
1212969997
1464721613
1255023239
23669378
707857365
710573892
471103060
213709510
682771220
825469554
640261811
988107410
1884258365
1647845652
1769246160
1217068580
665065092
60640091
598389167
1282161484
899341360
782344818
530023265
71177909
1283505196
1828221544
442910769
156458847
905570812
956135794
847706634
2118540809
273373759
2102729873
2142210188
981231124
665820117
465829600
1194940635
1348591337
1291299155
1835202446
189215100
1028073872
1335564451
1958461260
97658804
2000629543
2019101351
696047971
1135307380
770959063
1478392789
1665330645
842136973
614414337
1346068541
1285047742
770873185
104155705
93699888
1618579819
75212867
367073647
1573826044
69939407
1348304772
92162514
535769007
395761759
1440753851
1827068162
83480557
1629968951
707658386
1419045008
1440946563
805317190
1272190904
1312564266
1501365161
260014636
2083523330
832274303
1925345281
778176655
1446688640
1123930174
2063224397
70078177
1228085880
9440637
1688657996
1303298747
376514284
1115000393
1373238154
1724819056
1207162907
1909007161
2120580815
500433110
1588591676
56577725
2130402062
148766414
1475622733
1423864977
954083605
600329989
588945596
307965118
860344625
524985278
1140239421
638206258
1303161933
439444414
1762136433
1218902682
509522591
842738665
1228343319
50696940
2146037412
1604857603
1165697333
1371791918
1182193012
225376592
1133315431
1155290179
725809702
574423459
1211867904
708728116
723189874
540006990
2132593094
1677273479
1140336979
574055042
1985238597
2000681605
1099040320
977994371
491404215
254718605
1417438785
106057000
1473621287
1926961376
948795665
554480958
1977658316
947349429
11854913
995872001
171657699
1194047925
1221248593
1304973131
201854457
1947058296
1879396590
1413722361
508302764
455102816
1953729351
493412210
2132376295
946582683
1067467252
1970131245
799780640
19023924
800641968
1291184855
273742529
70597105
1397241856
1747363816
1997558481
198553873
154361126
1827733150
1145903303
166216040
676121503
1317561002
1360263965
1897370097
475050485
1562118422
1696944745
206963428
828357136
57763861
662066244
634602839
551176072
646958892
1581185522
1618643324
469606489
233482514
1637667249
1270248457
1524667370
1911409778
1340845562
774425578
1511289947
1190920395
972979451
1665651073
871169897
2118882754
1831867113
1547291401
1288960109
1044647431
1297177850
1764010594
459282205
846638947
1970974022
1287639341
904402808
485556619
1922242181
1455578880
1132515511
1355944055
926738557
1602122000
1589426570
416922158
724886809
966610292
180848288
2065732371
1741035870
1692138235
1109169118
566531673
1210305661
1980339016
537930780
894689126
1380146769
1826890889
1939336557
529840971
1443417835
251135115
1376479918
1266908210
1538774456
133399078
1752464829
1313532989
1588977959
737496692
521993397
368232868
192135044
2111419967
785155026
917021853
930546611
966003314
835270576
524098833
510657902
1944439694
1090630506
1720963563
1777295062
1628561286
468169041
1009958183
1307968527
260021951
1539799154
603902715
511157066
768795424
1870810925
2049931522
902194503
1475792106
1215980864
343688814
65805150
1737974261
711921682
257940194
1701910580
1497076708
1174962047
484973543
315596374
2010232623
1009072376
826254276
1807188669
2099702882
399734191
1437000084
1580780521
867903233
299474619
741265400
1127925184
1839273774
1345168115
1639082250
460585550
1068495392
1541530124
1362780053
396803850
610027340
1706468867
462609000
200517953
270906901
720549194
1902428533
1767983609
1895511241
239918428
2083579984
1758260216
1248990804
762350612
1417965238
1201210039
1162084804
707481674
634506912
2029988037
1006956293
1375772312
1010429573
698746419
573456780
502028175
1159331970
1641952172
2043558299
374628375
2038756023
506101992
2081097243
353881375
706619945
204520496
1074430570
461564831
1972504106
822458163
701483259
1908600442
433234732
1950474064
523467406
1851199970
1004200455
1685552210
411197996
1638707367
1568056599
1418154289
866996031
431002524
2116900709
1440452811
933030699
1128749031
934921336
829105351
1503377406
826193711
1335207343
1436991001
1180075086
2041827288
1641511498
107022008
355908471
1466531956
929480172
1057391731
1227648750
1362714904
860382147
1751116156
1066431226
1864582602
1289184719
1477629222
1355806321
709757670
748299863
75318704
1140760195
717716924
1515771516
2073790894
1846465955
303209204
755412597
1202359714
1129402915
2090619940
491867067
161994353
1984963581
2133378565
269016362
193388404
1452426873
1198496534
1250780135
532591975
413727790
2111162282
136224484
1480159016
1828261236
1425409203
810304590
1036583909
2135166873
1558604453
1111902614
1128443420
128837730
480190482
1054750667
1975303685
783399686
1810163264
1030179751
1912802601
1753299557
1522046819
2074796954
1590779490
1507941736
196329668
1784167894
812884962
1394826202
887464382
1345476937
1808553992
851143016
1481701421
1141229360
531920605
759626976
1951533950
1568504514
747310202
1362654756
532923480
1875753622
1491492486
1013113962
783020641
1319312523
1796513648
445700258
202008627
1561832601
51516167
1724055446
1489145908
1642295657
1084513534
1685475576
1278979903
1897398496
932818131
18960637
1095391786
593888475
870103654
429609559
1735117836
1402024259
1189236536
1539168138
823045125
1936546738
754339246
1355968606
1664816712
98348084
221598920
300353706
1417660608
2018112569
746053964
1619669235
1432461522
797570131
1196241033
774123782
292382140
133270919
312115711
1571362043
2030669416
1244933842
1590322681
978577554
1838822317
312942687
1408187113
1426456505
1714966946
449940001
818140996
390528423
239003091
1572480242
1746497029
1903819804
1670828327
1968095950
56689862
941005287
1838724871
802743826
413190874
1123702745
1600313957
1609431907
1897826528
1892696097
1742702826
62458591
1316574492
1625888594
1307392433
759413525
456982500
998731102
1072356212
1865169614
277703960
639839510
167625967
1095844956
1030367934
406629059
520841550
629381315
162965215
44186229
449993617
219655077
985191516
141234840
1022398903
1398382390
1264937586
475229212
860330649
1015280466
220441661
455549828
1077739057
1537016153
2081438422
237647842
148946031
390937275
1236378944
1221302243
108623241
1514082904
1861141754
276249208
462444212
744026040
682878267
983285763
1373407355
845843482
1027471992
1823400973
1065498559
2012663509
1964635813
2087897462
1263562251
1082089751
415643026
2123892901
2097370217
636084687
431959081
1027625626
25617193
365913855
1265273468
174563224
756851130
354168765
1395865467
865474371
1868251669
1109523573
1141723580
183212234
1853549613
1824601847
1166497997
1079473321
522961682
46486341
755390646
1588460241
2059149850
572542811
1528874056
1175228454
1654632563
1944517082
1151637707
1604519132
433118122
1583596788
484661111
458735315
1949510643
1749934579
633298539
558878126
2104103344
2029164006
1424352497
1824871366
991203932
418592429
2008083600
697269897
95710629
1027097949
1776743218
618672311
1073584290
384650216
59648904
985250493
957193028
1588522960
12995299
464341943
1385556395
1164633006
2068861075
1818674517
600746146
406038538
129926184
402773141
8489470
763224723
961651267
2112592814
644905081
238520117
1789980532
1636109013
657112546
1650580484
185895263
752823175
530194785
1962638481
1371495486
1603779076
199805050
1431144391
441545921
1156998078
872183703
454541220
1621340021
110256450
1619174226
1542717448
1928930967
72436724
1948755987
2058857151
475209865
1957245457
674598226
1436861133
1922354623
1319503308
1675381250
1564851508
808128673
185010148
1067948344
994023936
937833324
1598143130
809178770
161845162
1054438558
1008983820
1592989553
1495984479
18498250
317689609
1950525699
1639838271
427946059
1422216277
1035072071
209393379
1494653001
836344410
120766882
1969862866
646106219
795365109
1259240351
420977195
2114868417
787137953
1985828703
775513442
972148102
906293399
1769537379
1909981426
356952881
431232501
2071826588
1411391439
1440216321
1517332494
759892270
1458714571
1835022103
562934321
951069194
115484514
1985150598
1986141265
324877893
1332319951
675002028
445644776
1154699170
1321108247
1241009885
266455873
1742085442
1208394654
1053593827
1580430497
1983908096
2025741929
339240249
1605961827
1788239707
696193130
2037194328
1712582647
2107584570
1329927001
1082431493
719993192
641157924
769969948
1282927514
1592227118
885454463
1120594464
1430884736
1210332356
305430768
2105886764
1655977132
1460129938
1279511363
749503369
1726585811
874113158
1957898023
632695990
307060007
1794322472
510954271
646300256
1252800651
151710330
1342493387
1142511332
1864292978
1302594309
324954685
799240823
2022587501
966112610
1569210772
1158031367
410856080
307181587
131142184
1841740816
1517513943
436572952
1800143932
1026007428
1896702890
932171648
1775510797
1475805053
1806284806
1585925173
2108501044
2113344813
1232763997
471971667
612161422
338081000
623681998
1954654809
1480592332
340491328
1109765470
1805547018
1139732151
984869323
624175980
561459275
2142900691
1035032060
868640862
126559227
729289229
238671158
563132179
381949513
1264678586
312351421
1314121161
892705735
1788156474
972922319
331147260
1749173870
938783485
1563911257
73661890
1550944907
1901992258
697343888
1358116068
1235100942
1037835216
320397890
893164312
30083719
1305267213
1517340292
591542995
1300684256
404888705
1460183857
1427243483
1134177934
1698855015
1990375662
1516127447
816049953
155243435
682764961
1708755689
1943399910
1655687280
2039902949
1545090132
446987117
1456330559
1618752022
1997932024
1210839169
168612262
1208564444
298456463
1206447478
1528962334
1191620776
1236531198
686745900
561477420
1828074193
1987430156
966366125
1140774402
1267189992
2100544059
692145770
1110082006
1469187859
1508195723
1265325442
4469172
1069467764
1061241704
1660156452
961887066
458848188
2107143570
270733977
2077600211
1957591946
1481573146
98728825
1018672743
1780029609
1305176304
400151429
824166737
394223854
1086897329
1385644158
74814399
926843838
204526635
1215588801
46550182
157587047
1907734571
1156632188
1626774906
1268446647
274473982
1631244078
190430763
1335715686
1143916882
1152317829
1794563875
1103576804
1423051806
1724680438
913685103
757141304
1823409263
1932357846
389687266
981101919
185025627
1213854003
1375325773
1271922957
452014513
1450140172
51283147
656541149
518245326
97833329
814128196
278496249
1254465517
293419454
1546942896
1528939500
1924663532
1737373660
717171538
921096766
742207841
364251765
2024673571
17776000
2088932203
790875026
774917304
1764857819
575749224
1164604570
598476090
760774851
230974926
1973801864
2032697808
682989439
1276458388
2083980955
1339530588
1794703714
34330636
6175136
2073199964
1288796154
299594590
1472659212
670252006
76774474
1062549224
1387423544
997871241
1804757066
1751675310
875061164
1822533066
1693123865
1665936190
449966722
1310498036
94201766
1614571293
1908974127
854976617
1845546219
1735292343
740190778
381052010
864267083
676688085
1720582599
511487150
711018722
1726757735
437203466
1999814876
2026352326
1909862678
522583234
2103126800
824928255
1910006778
953514393
482201673
1514198440
1828575557
157251091
1059838658
1347028099
607217813
222853046
1441229865
74305458
2131827173
148722835
1919851677
1719635868
888913613
153420040
436419304
1565601698
1874002639
947906454
129136772
1453276726
1385109920
2128951648
1332145404
1147488950
504051234
1287788557
1972417205
266574365
93819302
307135230
1780772805
1922394860
464386321
693127815
1121939311
1071604135
915980862
415685529
1145909593
900324387
564408364
918277623
472476608
1453321977
1071697663
908895912
871440027
798216654
1856802366
1000576800
104009732
1094428638
982044800
1436155137
94433940
1486096035
576460046
2066851146
1752670400
670279348
226502728
1385959557
445190560
690889050
2079087373
1567129872
1762493185
847584587
1982815401
760919130
1747908974
399740117
1679196753
72901934
1853062094
603410768
981797846
577018473
1401627422
691116564
1577595273
1505637155
1785545202
412156426
794308644
1879979143
1898252461
1370768690
1799346641
1503439213
2041048038
2025849369
741915122
338754951
569254771
673518847
1905884823
184264308
1521103434
1741216576
945183439
1121528761
2140956693
476896544
1194430695
1846535139
1080307313
28744894
276069964
334451087
719861458
1853665238
1840088242
357923013
118338016
486913238
90418508
2016590477
1857681928
1889765149
1372546042
1751246319
1768130870
2114461164
2090001270
189901994
640496364
1848402445
374166302
14116150
1442135373
1319349741
1135644911
1435608418
1796246286
182591959
1134659909
729069951
211336853
1410729873
1063521038
931198311
1116911463
756125633
1289121324
1235249479
1243038871
1379539832
1104356308
953237152
1121821333
329418702
556999823
742468556
296396219
499517445
932370550
936892583
200436242
1306536852
951008733
1642571615
478402946
2086653645
930696385
127165584
121761956
2065356294
856235535
333098809
1328602519
1919756573
1264297120
298030335
528398558
405934797
1533279814
1771437430
1785474629
490152475
577190934
759812315
819571177
1134190757
1502280871
1115967396
1633708202
287167773
2052859979
1834144444
1593704625
856385065
1329232411
2072107571
795555062
112445148
51789507
917317018
30317794
908025042
1250415827
1358920313
680297968
367229299
1656950648
1208696526
773164096
1042746815
832650308
411155078
1532899290
1409841242
1170967393
204986819
396548351
525764616
1320954216
2030256553
812932389
1226330547
1716917349
259153366
2082715612
898666112
183777290
730787026
1011111260
235566797
1648104044
1041429054
1143591840
751036223
252865720
1823889808
1118265523
1909816368
885102686
1891429619
805079535
1717752995
155101049
190495177
980110589
1326068442
395481997
1376658941
1851833058
1716436213
1259431846
517281799
795283112
828865548
776435166
730515077
1727531660
960212456
1461302103
591159273
1195779253
961922500
1632588327
191887445
1712958723
1885454047
2015777253
683740598
1647786768
753396292
427686570
305382655
323665639
582787619
495877833
1303776228
1908856062
891359830
532951521
1613205472
460312395
1792383368
2130487272
1255595507
473765268
759438790
1986110584
53813280
1719651246
1299929040
644972553
767946851
114367892
130077233
959834297
1827326615
2015531280
828127902
363583566
1515834400
1581524194
791270136
1821217056
1905189833
1374057755
169611241
1061482414
1135430169
1060971071
1594433935
601151994
1521283466
1239333655
584155618
629395325
1713098923
1343594408
468022262
1766912204
915762006
1767951302
264401109
1683708857
1882319194
394478342
496059506
1562162161
262525975
1324187409
1925745727
1778360375
758227955
569532215
1452093783
515934141
1943589971
1621705024
1577416555
931536492
535192447
1024366842
1532688486
2056475913
116216850
2116844104
538387591
1829315773
1312954864
1006409853
1448744329
81233222
626877507
1713145439
1764942080
361713053
2107623781
113517938
1923875214
222666108
1437705347
1702137294
2001026484
48449655
124185861
1305636619
564383796
2067775832
779857996
2141800351
851828677
1315050443
1018683545
237033515
1224042709
1134900395
206393972
1762430300
816732521
1519348836
621356505
117993202
1600582059
1248234012
1831138641
1218040491
1609947065
1791278775
1331558429
1386338631
2013944883
621780129
940992277
1867487719
670229784
1065178139
1025640691
1234613580
985470323
1805498687
1228930283
1837299000
973065482
100130180
2074332516
49624543
1235030576
133242840
1812054843
2051763097
1652591676
285927700
22272651
1105690087
1534161712
1853411293
176246930
996625129
1497206420
1507805360
235480113
1363667655
2129585489
1176472390
1083671727
652331625
94166881
2109312418
1886945205
1079637205
1767327457
968391840
769452557
592909291
1068522020
696301425
642533835
156068948
829544265
307105030
60348397
334652294
593032731
82621049
1440342381
2127194443
1936032342
1616589312
976335925
1285755114
976911024
1211816038
501939121
959012865
240804780
1585610848
1611344490
334971662
1547439618
1350806047
1414608867
1167283427
171714239
36577776
1760192719
1240236259
732879202
255242906
1396305208
1562423467
562347936
1456653605
1897075761
1155380667
1539274654
1189934495
1135091463
1327823348
659040159
2111427388
466094814
1635951183
1175759778
968033936
447480400
1416564558
406161136
2058824890
1751536220
1953600755
1262147289
1018661439
973400534
1433861528
1055239216
586109605
526614139
1788118418
841352511
1922919347
1203058237
1403700448
1232089305
952650351
411597467
623880311
2142584846
1546688930
1951703660
654141357
1510632670
270314826
142608892
538908800
1238348762
590089292
1955473359
1644509899
501430534
1559525931
1450627006
1763577823
430703723
276543892
1049955703
1485942939
862653498
1576569842
1126577709
1704006009
1352005542
182152298
960222809
436611199
1134802649
1371820277
1060491510
1129903847
771025559
864711522
1784045204
134174582
1135026349
1926654096
673083382
225891463
369259740
481073093
1870401362
870690274
2040599025
1173544720
486784449
323819100
1450088613
1536740152
1809762039
165258463
965826347
788856100
1869264472
170348241
971008398
682003634
606959440
2105811048
2053823911
1667450950
1088231247
677365822
384678825
724792804
811540404
1519705174
503963252
1484623787
1745596637
873222993
1965696880
1468514352
1743913267
1858812257
494575424
83214069
35147709
1944664037
1619954221
1844909748
2109922500
438296920
486282200
1831703325
608645161
1457290599
366223311
1215604601
1415617999
272563574
735571904
356365598
949929396
1120250729
1081158402
1761469801
492472255
1585121655
1098609940
90585244
310861000
916823172
1559099596
2054774267
628151782
2053675021
2137988336
663299491
1850855410
1610458910
360725592
1813294263
2048755830
847007792
1497513940
509917344
156814743
1863737251
1725521945
1572432742
2136300825
313610201
1928798341
938746573
1433860930
862473095
552732726
1926333185
300111102
1651342666
2016918430
610972102
420682191
1428534378
518262722
1048833973
1334725751
508767410
1712133464
1038097514
2119226320
2072859056
703908129
2020498503
772383201
53938421
382932199
929197944
1917675672
2108454144
354147039
1906492849
274580698
135461732
697755774
1708441628
997934827
1250488501
1487291166
1298045930
754347519
1356725948
1909018032
1175029710
637776678
279797106
76380035
1972502430
788564517
1788513500
863116296
760307189
1713888908
1567024425
633322044
338788461
1620962846
1016254243
1267986406
1391154870
977224740
1622133445
1150164071
1251805438
1757595177
1847919845
812763418
608046356
950924698
152570936
1906092286
1705272218
1509296884
1667626671
732818280
2147073563
1947423777
809198316
1972092345
588504646
450228168
687724993
1348811836
16633428
107265770
1982133880
355421890
1728228616
850904476
1623408296
971899838
1828129216
1098058093
2122063909
932451006
708169622
1822500106
1745214424
1316215978
625941157
1897785361
1074824617
183729727
1259598597
594967640
916548007
1259188512
394907769
1725746323
1083797209
983412416
28490843
1771522202
184740604
45124272
1878787972
19390836
400546162
1459532940
870295312
2023954458
283949130
550940880
974528903
258529391
1483391886
1682698525
2081029498
1081122663
851430855
559487007
831424376
1926255472
743216734
2091022973
373739464
1659764741
1202727838
768647234
1238027417
139041399
1752059650
1266518260
1910563602
1936800254
1311642532
1641867926
1956191090
1712188694
953917219
679002755
1588659504
1237866349
1229943635
415704759
1496395741
565851874
2098403284
1429941591
1646974537
802350492
1989428598
330915265
581122316
585161684
274454590
954861781
97442777
1477182428
1723509015
1335470194
1616223828
1328085017
454504807
1379303782
1117401623
1766147339
873688060
926109065
1330852386
1827605279
1605111820
772028242
917987981
687571808
1187733002
266900074
1253423682
1138652638
1696841665
752914571
1941003130
1538786615
1083829836
374641799
2123948299
1358284426
1329503580
73907428
687983207
905528947
1409377623
156723387
86130316
1863882430
1536027169
1203531939
1482546121
262231581
2129641004
665914859
2089836861
1587269177
1437943102
860341194
127357337
478192456
1127241268
1380781019
1616845094
676599285
2133695590
1410364577
67902252
1070041778
1785006376
44366903
280842556
967026308
118274331
968825763
1872555255
1527651954
1125549150
1958685571
1244050736
514092671
1014733862
579113210
776324253
996891218
1245028069
718677466
436676747
535487523
1579018660
564034084
1013679979
558776280
1944815103
483041426
1235375565
1931027045
1893406003
1303277817
853585175
1530928731
1347644720
1134427732
350471391
1465919051
2103253495
75542998
846087358
1081318998
2034228569
2090138094
1595411669
901478783
521767656
224252274
1898370001
1766795726
942929740
187563101
154799601
374464752
751597185
1168479581
933241032
548928641
1651521007
21132949
332472038
1397443362
1324410766
1186057214
780888445
524571838
173001298
1131359836
1990490890
128771145
1206902834
689094600
1210090143
1093647755
631749046
658018165
1995126538
1153516703
882270439
1746012891
772828781
1825200180
1933575992
927628382
52181284
537689530
2096107963
985422317
1086618171
1600145322
1006555266
1419090209
850105036
183482385
457663775
1630993481
708054223
630665073
614869669
551061465
759436219
1821772503
1240156065
1969526362
767936610
1871905112
480060879
615579500
877938167
1362331319
214108744
1650766948
1040047851
201088
430911682
1092229135
537890618
379535998
2077651452
1624508789
1979681320
936723071
896115351
682302709
1120205456
1353779126
165812542
1828259679
1984444200
780682212
231837497
596396771
454971067
1471993562
418439485
1222907678
1196415026
898500365
1838487178
2074353193
113348036
2052595922
1577636493
1153395887
2052797011
2008548176
98141374
443203981
240600526
28309179
2067712771
72798198
965032250
816344474
755100907
2085237706
22639952
920913450
1766013737
2007084152
1701595662
1997851234
455997275
9083081
1322361149
874436761
1231990759
371292527
1772937126
922994290
298162073
1886285162
828106564
1875798566
892197401
733419927
1736863094
990338775
1176623909
1977463620
1018647954
1096853032
2050261819
1983680204
1913197506
657879078
1921434262
1935837458
1578792528
1539964352
1795437963
1132904542
1390331938
103951590
1141987624
565209439
978388351
226494735
936501967
603841829
1149489025
1234664040
342643343
1977595590
962978958
1234840744
563531869
552358405
77695872
1740155778
382338377
1096343826
689525162
285116548
932540383
455239020
942995627
706490997
243592831
374304507
98971701
2039030794
1507209050
1489303640
2142982384
501713026
2054513079
973887088
728207761
843531398
1577728917
1877696787
2078195438
1920372261
1707808729
893690749
1007729357
123856950
1446049154
1085425229
1864012729
1828387531
34285408
406054243
2113504080
966825791
861293264
909016059
1673316788
1104886095
1283320566
1772288490
996433241
643045968
1114108482
991931977
1144758994
1021137913
1965819065
1872966756
1864669312
1396064335
1603179895
1795381102
1168952948
1163504976
541588203
29198657
1287361926
1987637357
1114623887
1003891007
1668541241
1148909295
1409945251
1634561673
2115735086
123754867
396094084
1641568226
1228640962
1679414650
1266373068
77590555
174976971
232997902
1069522532
1319735965
1254135816
887857950
1045219073
971321480
136438637
500915320
619218934
1305391585
1664420296
1160807138
1334590242
804298575
1000960847
301730481
1808189582
