10000
1335199876
2060993757
1823442383
799220540
2048090235
2006043857
380114572
2041683753
2033509089
250398116
1083212659
580297020
917116507
413560762
1307983691
10355475
555255323
878474344
1945068973
722704518
983641823
1826440079
300728503
1297585143
1244023725
766458813
545149570
103562336
890262118
1749832276
210901542
77978346
1663342385
2034343925
877198887
1563948972
1892904135
1257313459
1458149078
1778929576
1507711575
393878089
211742948
277344434
807438851
1519726639
287699910
1362694175
250717335
85285235
2085398693
1234359158
1911725315
238643548
384460654
1008265392
1005102361
929610224
1111827728
1895364479
531958852
1322729270
1973342826
47817589
1209589547
703058065
1611766562
955010034
1960371524
922431992
586455962
1320599451
1316310081
798198910
1597943886
2123748933
170441902
1885643796
1338959460
421159237
1970929031
1276874505
1655518396
1735170698
1515518053
2039979050
595952442
373136767
822105626
1707780170
121017598
1354064479
883025792
2094360424
1401882068
2092615340
649934841
866164982
900141726
462822717
1788596974
1486597689
1783422169
957423408
137312951
1233882407
933688693
307754853
972042555
125164505
728914091
795487938
1402039010
236948839
383174989
770073415
129444241
979127431
1143210182
951549867
539423954
1264227781
158130698
1422449746
1211104557
1560012767
1367581438
1861039399
278694101
120239517
176378468
2067291076
1606837206
1959800637
877230836
1744150157
1046199396
1810919529
2051905011
2018241951
1936084034
633335454
666246242
1190639396
870284293
1049421231
1960712811
999728534
2028548662
956439346
1951278401
420488968
73183479
2109409100
1842938715
1284288036
1521938219
1063036505
997843787
1800632320
1183276022
1174222256
1720439748
642629580
986539245
450186936
239296090
2032738642
113622817
143717453
1903496945
2049706851
777052907
422259539
1092862599
1647337200
1471680770
906091763
499582086
1352745785
1862531109
303376839
1773234753
1935714588
265302291
1468689820
1072518976
1787240510
384242678
2070362764
1440389183
1567518700
1097101372
1013345283
62664633
2083640617
1463532220
301960723
1968895611
1577155037
445678176
1724908909
1479378241
1222731083
2147168448
424757192
722584635
1471365571
1330848955
1222166721
676627708
1045896416
1525543560
302378813
834127356
1790845852
1771068634
1906646333
1430602714
7827664
1829525449
723508249
1575346364
779143173
1736853533
1638010997
715300142
1052902105
1939971720
536712106
482573494
238166248
114137367
1961951735
1460897331
113822167
239225280
35998318
1585187738
1570074235
1258165039
114331798
468487004
636224952
416710612
1302614360
279587156
40295598
1061777045
1710189870
48123262
743818846
286214472
1623469626
1522962019
2023068005
1113996976
90778514
928486462
906485048
627490620
1411059956
1144651297
741627987
1225528044
458064980
855450154
1464753324
494063299
293154245
887343911
1752228338
407486043
1355830915
240969642
824196655
510961628
520556798
864492253
1572738673
83263021
912615515
169073872
369477493
388601494
1692035891
245061850
1502598470
1782814405
1173548312
261599870
262821377
437124620
1406251167
1004449364
1662652664
1864316148
1859899519
979922340
210895799
5570116
1867266252
1963124137
413056159
1075613519
56610132
1237252815
1586575147
577166930
2101745068
1011830173
660429951
866876936
1180904045
1029907444
1255478430
725456288
1274969294
610593252
360787046
301033958
872193122
623608423
738158579
130960642
1628057788
253327595
1995276790
1340473659
1233249936
58688941
1346043775
953032540
2021813078
1759099934
2028646059
2078423210
848869101
1467737559
508106493
803130522
332084084
1168536444
1670007458
1512988129
50960241
778002240
90960769
1325929535
1388595492
451747815
1626963494
113304966
1075356239
217638425
244265608
555930379
470966020
92058750
1896404038
1704215956
150747691
1094964165
509764848
25077122
706580451
390927260
2103500332
1555449553
1858664819
464123177
211096427
43265255
1632659622
1881103885
1556253384
1683619863
511622477
1647214153
862065750
1900217969
2098961969
341545596
2013522935
1026834560
559184021
110304896
1582764939
1030150042
202363646
1331685329
586882350
353111338
279165846
1096647199
378188460
985746297
1487574459
334205144
393712202
1198755630
798328322
604808629
1242020885
283504296
338428866
650790621
1967124159
850051343
150521126
681706261
602785664
101999447
1023251858
468824952
1128834007
1582435879
579129848
564115298
465102273
781493494
1895800627
1051984624
1134604832
27482825
1148175
1512793292
1013229123
1488722634
1846998437
1406941325
539994616
497843111
2011749955
1782015501
781347407
202695173
285322474
600987918
1052746517
435843600
1282694179
1655532181
537843048
158462389
2124357133
1666677055
1740898269
556003333
83308706
58516894
1337496828
1979109333
1110501518
324618012
2006592159
1111649693
1837411305
872337634
452888679
1536926094
131795311
992883295
2034769205
2143545266
627415148
668632964
198756792
912737622
1269620882
1251503309
1348581223
404831413
759551842
1886424271
563293803
736425328
1405617678
156708424
1292428661
1488926384
215225318
482441841
1320552070
1325726837
807059854
1179660581
289892882
496987511
2051998215
742781562
2033913605
36309878
1735664857
1921199162
32371497
215596358
442348478
231128289
1128333980
1711969360
1482631598
329431555
2116800773
94699792
68372178
532610928
831125120
1473989857
689319352
2123553782
815432593
904544671
458511975
2135984663
82787860
1265571829
1168161596
372680742
1762559340
1072676163
1115462304
1648989297
1108986042
703643514
1422704811
1141357539
919239872
1865053289
1372485828
2047573852
1429539001
707633778
229521760
1398856127
802333570
297893938
1931467055
1633458691
1771883795
473302760
1609528825
439832741
1377847431
2068040800
428333756
1460635291
1186128982
1596495353
1833316033
801204674
521687868
801294690
302710324
1630673910
1504938204
1725415135
624547801
276694428
1442984777
1997033629
176784632
725040130
557183759
406306392
2123896257
1359517330
704200331
1907879665
845492373
328600478
233698777
307537550
768433219
1611546208
228094702
1196766976
924697851
1414223684
645778681
610530236
67944711
1167466549
1411824926
370655035
650656812
769279482
2096070170
1275204613
1045973910
1391571299
1124754595
1222758543
2116611430
1681938354
1629064935
2093024039
893972036
185781618
1853420056
1739464409
514382097
2087118833
2047001959
1282815316
1551181393
127613014
332098644
328395596
1541836698
977877325
938925833
1609781409
2145343875
203267111
1980436444
648517039
972546594
1929022967
1923721652
2018520504
1173110618
900992599
1093795399
1142238400
435447306
575376687
1087778792
1329419342
761158305
793715200
921400104
1275540402
733350386
820918415
410872071
137048131
948531429
742970715
465443728
342884480
1720848041
1404369561
1952665889
1718708268
1607636672
1785618686
219741659
432699618
1567158005
2143463311
303736475
592784975
896972263
1397531874
1735023376
1332419569
1972908561
675318520
514355263
586583219
1469033720
1435755367
1862123621
54900458
109190135
125512044
191948590
1057721564
868482760
657392318
1400606044
441847153
2061761879
1205788286
13071773
1521914903
843923324
232813432
1954614522
263597681
228793095
110867349
856382656
1125765358
1508399223
443922384
310701279
1333824137
1119240904
825056543
1920407356
440790977
113328262
1635047329
495691435
222518397
1760559374
687640025
1280239962
481558486
1345032343
533362358
923405639
1259310574
1739150644
936477412
633741830
435590320
1169290844
440872704
699188001
1398083939
551740053
1555570658
376365650
2060139276
1999493042
687066929
1246479765
971250299
1512123472
1019403473
1412041276
1625451735
506967155
1907732711
1847970132
120042881
447889089
980726446
601601367
1792921432
1514088805
1525007006
904748359
1105755801
314000770
1538490189
1541346122
1483291614
1979362893
93050475
733891905
383619298
1648621133
1110257555
296274926
1500630528
1797324485
1542754692
324397179
1161964309
414674517
1736438455
639932396
921641672
1496687518
340418881
1041684553
1944576607
1321145327
1643285920
1590014392
687750484
1020809278
347279103
1793506286
1334810048
1885769292
1187368760
670618014
1717648537
1280419235
1404509920
2101267835
781556721
367283827
250059113
134703601
17124664
1792813805
459100780
1179088974
60004675
48055587
1819021370
981646347
1544743105
11956603
2023330901
1341836065
1333101931
1519133173
784366809
2020852415
392458804
1131645912
1666875053
1727268852
869931556
706760165
250403219
440096445
1987179401
1654913139
393880632
621252474
2022196966
643939745
755956075
2039321631
289269903
1215056855
1070926957
349274578
1263112442
742464679
1330920925
660371899
754421283
1206768178
2002207964
2087523214
578417704
639091125
1960891981
970876508
1770737037
1480283387
550661712
493184945
39559904
801064931
933281390
2026739305
308494422
1327162022
500508131
183207741
1971101768
1256464206
75045724
112888023
324037413
1145972681
462162601
1587149855
1888437360
1793083526
100038107
495374995
852368057
2102246071
435414561
1430785761
593853549
248822895
254178621
217106938
1729106282
804840333
710291884
1768666186
1605905265
1643573274
1647921844
1914399687
823251649
946327
2097607428
646869769
1257410534
25169504
759757792
1581447947
1171142185
1221920393
1021114155
912095898
867520271
1121152262
1407470893
1719888328
1075914685
1842885455
1003190441
1669768234
2091708350
1257369062
1886875173
1673330984
2062209396
449683409
1294513522
1520631013
2093256683
794951718
1287547052
769024684
795898046
1237670833
1415894453
2053308580
1262840337
28168597
1487272879
286498875
1250088990
360903386
1198594773
2117609262
1482055648
458582018
1690013942
410486686
153983825
545720736
2080254920
98208527
1803089798
1819646445
1771539511
1717815546
121846206
918569386
1090962911
67619242
1713521104
231026316
836643926
361935502
1468697149
105054732
267760434
584053838
133223329
1755033314
870552713
1383312320
2115936700
2069147486
1353437934
1450508701
380245857
895968228
1860995387
534229682
1441688964
1793766659
632438210
1097295115
1465929457
256494073
667627013
1587775663
1175063459
1758589925
1655394905
741100916
1989616241
344555184
1103036418
1310829742
449609916
1370796853
1894883580
582833245
978346519
617952646
1966145565
946799571
539616484
1172099851
249824624
919862341
2068068080
2110820011
1454092024
1362273396
1757103023
2086530234
312084863
1075548832
195540659
979711877
515840847
1370604119
590818154
23752105
2111705035
432950747
368307289
1067257805
1743780489
817917205
290571010
1491180421
1400750450
1268917529
2109133067
1219412368
68233453
501265904
244028571
318058077
1421128245
164613003
281394441
727736621
1526886400
2038497464
666783207
1838971263
966562648
862323867
671199492
1482403495
85444338
1262017646
1506155600
49665725
1694968393
1874462889
1116923530
1291265234
544896446
1407494541
634962008
1945646897
528928422
596611427
1017575617
597161875
1097877331
1261604188
915219953
371521929
1426217192
1196614394
1099258550
805619944
1087628210
1766041758
497107559
2054190858
480881977
1168307052
1389110705
566326315
282841050
747782658
615992040
1977809444
474761899
1732915570
1121591030
1019658346
992926463
1756553038
817821595
1521854886
205680818
1835397212
2119016761
1303558149
949517752
886753066
1675080078
228251296
2083367460
626854981
1033871240
1023512022
245413091
1530978800
930219232
726295068
551802204
171846290
1292621383
834643254
919628948
1908613423
664969050
1394390847
1494045345
1786560081
266565545
339488161
1395629471
1084387140
1861343047
1601310289
772300704
1832876160
757384791
1721818457
572145579
284981221
1950069753
508029391
911836202
836457346
1531541414
1157249293
219952498
314276998
1883544361
771754702
486123288
1028682096
1606397956
1405752236
789811871
123883359
652659436
136373569
1910443440
919224981
475861730
1158589263
2003612122
189721129
612415905
628429178
2022597289
1369800696
202763987
447259220
1654781917
5350093
955288612
419134472
841807439
339346378
1576383765
1061759937
653623376
1312444479
1833514639
1139746665
193642927
1292428947
398015253
983454799
1416312306
1050674689
1119828368
1179272098
1969899671
1595690098
190377714
1826028145
1785411227
802793619
306973675
1660524868
25110667
509737663
2107784089
1679892584
515087756
915589053
2099027056
1356895195
1254935431
1527927174
271171484
1908558807
692888005
2104686123
900821824
886530932
1249631422
1298837078
1869985731
518460081
202028119
842330451
1697732179
24444142
290536901
1888109893
1850472287
2075948128
543419864
9962315
1588989349
568530531
519699978
1549289790
100939468
1034787734
317395195
52482876
244199281
1572330626
1580410050
515370765
1333405785
125814407
472573240
86743962
1012345340
1722204662
1385581040
734847423
93181095
1587609159
1577177875
1790913275
1612053302
1867714776
1531539520
1315041941
1796179257
2074959385
1325004256
1237684958
496006268
1844704234
639491100
596945736
732008320
956886295
649428613
976207601
381733273
82355015
1491578366
1715139058
208169423
1964151606
1801883020
1220514763
1538872621
1039980412
1955362186
1632053716
480105924
1385056413
1275483343
2092159226
1105287542
659539216
1259717519
753983151
587014953
437238128
1991668109
1083021221
134458714
483675561
1679966958
866467035
1440561856
181911923
1842674636
1822295129
264266938
1186769355
1389950539
472436361
1003437313
1044349912
1692951124
394826286
2084330324
1500829663
2026880003
416952600
738402428
1154879698
361628178
1843689970
1814418914
1621345698
450189473
253950219
2058583826
294373934
1336971441
45558892
778049495
869454751
912025927
71127703
1051366674
607216916
1893422832
1315633612
1793986271
1135889724
1788069974
649939936
32755988
1333537450
1044766223
2117086312
686883465
924162578
386555265
1425285894
2079042276
748183443
1121492216
1745977543
222045493
1571681690
1999927762
133145671
1866055624
1189415555
178704564
496621472
2058870306
1090730491
567749175
962753332
1697947407
313688360
130903297
1344450030
1449578084
1918973271
1994389967
1482334072
1105027073
891672542
1451936736
1791910539
1815835120
1838492001
1069712785
1747393748
439191797
43721353
1345887643
661237290
1615403043
1198331758
794382962
1333975020
240263665
973087526
1830596492
151650324
2063818017
250862019
1114403656
1614281777
564550379
1245306953
811248159
2014128463
1016796576
658154478
1348978887
2121823650
1549827020
653431976
1766250541
1218178492
344440329
688479678
818088593
783632126
732201031
16492588
1444869417
200120427
1214824346
91768731
1534095447
1455088012
1064856257
1217208291
1606738336
981190626
1468070310
573658344
447988755
2032620690
1818965298
1259236915
1899265505
688278226
1917391393
1100760745
662618228
1319734766
1754192721
281385121
390429610
2098633050
969864799
1208518203
734781529
1702065831
1225010792
32167298
1902186258
292351490
123936029
1288798057
1747439502
1188792286
358522700
1206694190
22499264
1826593010
1780352535
470488020
1711730052
1451834185
1729724935
1463511910
2140112411
1499632680
416789007
655246992
671883798
23498080
936632113
1062313409
2122131130
1906496913
123347964
709429011
1461079096
1348358756
741596309
1215781706
1640710247
865532338
357096115
1240666101
2054324624
715618815
299876644
2076823889
394728177
2080229179
399828261
2106458230
1384579716
2129553196
1422486492
1377208479
1481702228
1839275499
2032455471
6102379
1862773579
821603937
1068415788
1837421061
580617202
1191763752
399366425
2041696298
392638861
1140962734
1109994356
2033349108
2006495073
1467090471
1126531561
1913336049
35225638
1426408205
1842676290
429953815
1359153736
95020903
388928397
596249804
77090451
1811414889
1973458284
1558792680
1503206740
1858430107
1564895059
1218496671
532550396
485827199
908434085
1113167598
1677590951
1307800510
1007380248
2070229812
301279596
2117374604
1956095272
160291021
1436981427
935143186
2073627071
1472207065
214067743
1768819713
1902160881
1573221480
1863840617
143605630
21987636
1940931068
1955020520
1995445920
1352240100
1310743612
1706392380
769651511
381756636
91459128
1255478710
1290190721
1204626727
785586014
450507583
64523327
708332178
751787179
34414284
516943803
912078201
1471395711
1452086989
838221624
796119129
1666154732
459557689
550796362
1091892564
175914658
694401992
1113880201
2116845727
501938864
961842473
1321602179
1812682477
520751205
2091253691
46955465
612210334
1199248753
1337146186
1816837061
1984834767
1787653769
1881360388
545683298
391957300
1915774672
1062627101
1304035501
1239686736
367230442
2142257125
2035805865
2033385174
454331167
439118579
977794091
630245825
1133520571
2091674292
599607904
1635459436
906033117
1921210084
1300658265
1426784323
1864980127
1347613730
2038994657
916745232
537276268
1708348070
754096352
177446389
1442224810
1299779650
569403689
1210515835
214923103
1873439191
302718923
582153545
1868212668
191041140
468055071
175060187
630159719
1445849162
805306013
1763680290
1390039806
1404913917
1251656078
148589276
1178640353
404830695
1575373599
896136832
1752444425
1466884608
1812882065
142237045
1027749030
419494769
319683434
322490192
1719274419
889087124
1533006027
1934197522
615042667
1835724950
368867419
335771687
2026766090
836922490
510831875
509442161
135288005
1316137888
125638804
1525327811
573568157
1377294882
1673917087
1752208511
1782125578
1101807038
500861695
1387086355
421207998
166260112
1529323401
1448957028
585754881
1849006835
1771447221
157545652
590610311
1156969600
2091743174
1205652978
845210903
313126945
1541424666
724493345
1150049436
2052256541
1233935507
1285337441
1220910781
1359574311
663181604
1794478938
589385545
189615044
1399203801
224027475
1291422082
1900065497
1611113831
1712630081
2066325609
992953584
1014103461
504596843
694476771
638067034
662142495
1285087083
1795036635
606402022
343256413
492763890
919528967
1884681079
1217257235
2069578403
1789453972
303709094
1207432196
862881105
1663283405
1870613801
509876396
105185303
2060228845
1909080197
329212778
1204167279
1661662046
1940326609
769313712
1580504008
785796545
1783417174
2085100851
1480273317
274000560
599759698
617876752
2069037195
1206161720
961133165
414317437
2125690688
698330597
1631574673
2047785443
340300921
1935283767
1107733992
1203182027
1451083525
830864145
1713058423
1556268828
743609342
1474654972
1885481606
1947776621
988833371
1678324568
569606686
421853731
316637465
205540212
359470934
1796910782
479540772
959230632
267303886
401094320
17908705
1228437052
815411757
2143599393
1926767649
299502782
2043901188
119584922
87302902
1004151532
1322766949
1538386427
1835015677
888341724
947171607
431141371
215513049
685169565
231434345
1204346420
216010485
801041031
1626200151
532647951
1006581243
1985671085
182075085
1486122015
797418069
449378972
1887216335
815326774
1677816024
555144445
811442519
1457100025
854647227
707860060
1576684947
941950129
1712011592
751968249
332852908
1399543622
1640309973
1280024515
1830684993
1855823022
1965194081
2062119338
912685794
33720918
715676721
391402297
566368869
1722257964
229589734
748443955
1060896332
1027007804
1197822927
800629019
1842334578
728155303
1355773464
506293450
37771680
62937044
1214153510
1614456627
1004887173
778681454
218941228
1337740082
30741428
1859251202
470280949
1861426422
1567590576
287991382
1776062112
332792723
321712301
344255186
724195020
888081170
2066513150
953784755
1636525125
979925834
1980792559
686864404
1780554854
1675643489
1415019707
988844670
34453291
1452791387
1051781714
1248606801
919764367
2056668888
2027288256
1138705595
1246925322
2058029684
850473149
1717206271
1771972458
270580078
2005197654
1400550923
603372801
179426307
1744806109
1327567821
1067507477
1663835611
133868928
556548955
496277798
2114661487
1243413359
129349004
1642821329
510949419
1118193674
1677274620
1963740806
22491741
778397774
736021525
2079160629
658202382
1874727121
1178602303
568748418
577716622
748324926
193237229
848296700
606038932
1593788152
1451669501
785465239
1191110613
631753675
1852972717
707462576
765622603
262038024
1203740374
732800443
1505451383
1333089378
228138124
2016400802
303799405
1905412744
1832657961
326291146
536326870
421195838
257968127
1194529252
148439311
1436570430
1763277671
726155934
37411708
1956514900
1574452634
643450641
1402819404
878638488
1428915880
446446369
1510392163
1134404949
1153908945
128531118
1396442973
210165672
861331561
754410709
1543255050
1089469685
623327863
1847054455
847398782
308502176
25861953
1383725652
729698015
283830080
430771257
878137326
1720400510
46565280
1604293260
1757812219
2003080180
1031262247
253779212
1258415936
1909900735
1682695092
1704862305
1272809250
669616394
711287602
1401340368
2066059367
921453274
115188282
672986428
317224677
1204657967
1296314292
16795484
2052056749
1604816468
42657438
1288298754
187030835
326487518
1719070011
1065168162
2046888029
1765635291
521977774
1657216600
1621231823
1553240021
1910995812
732164111
1315657108
1446207256
289542768
440982710
2115823650
1000830370
1842323079
2034399370
1922283645
1957511361
559902150
92024674
1014685680
1856216442
108820158
919258782
1313549263
151477596
60073888
1500580098
477965115
1779143899
418264612
377369496
1397295542
940242387
2034586096
871043717
345998760
1798098260
1603207828
1661655869
1096821868
1892750596
2102638579
1065161871
746097318
1797478010
952077593
520897315
1607505723
1511979743
612921989
474707756
1220712538
721742148
1393966538
386778153
873219744
1454040426
1887358251
1351184859
1085700677
158139216
1728554355
335512571
1098381603
1615656803
1206556288
1444380363
1266271415
662280468
958552584
215609636
407547416
913707516
1280771507
1153644734
563701878
85365452
1674542050
23723954
1597345195
139980391
498431710
670574085
861722539
1892398248
1057352238
1734942284
1198955026
797226842
938643495
137172055
955366058
519714203
472684626
2053747661
2135371006
1679240914
1350644376
1254158774
194037734
161713313
1469768410
601585150
1075420829
603056269
1755229884
1639122707
688421721
1282288286
1662846661
138283268
1422268678
13794723
808857354
136507569
1906192971
1866209592
1871449853
957664349
515952786
662609701
1094836404
1471318844
1182323904
1567521030
1377582857
1170211262
1099278296
580743586
276886388
1293316030
742456899
1746654798
1894901180
1817877728
202227419
1502647417
1309516787
890649140
637452055
824879801
1028932409
2059720733
838674524
1837789763
48744655
597383848
1556515707
1920194508
1555048197
2072468494
435320561
502400954
1396303690
1617644465
2069921984
626402900
640372080
1021716633
1207146486
917258468
167549015
1949603385
516429619
2062450196
1619997465
718657038
1417613965
782030604
1609306179
2055066020
1606910405
490754940
1967303106
298101282
181061055
2016047761
895485130
1737576762
1788758621
303049679
1662561608
76595535
805450633
911381651
1694240000
727888970
1537784551
187128432
1749605603
597447389
1104386901
1917154618
399567126
1620816520
1832121166
2019564591
191989910
1102251483
654111547
1801296089
1009833856
113538305
144567381
829653314
411639587
325628436
698217427
1307124717
2063205199
339492400
1610174396
1578283159
416087935
268141382
342181162
2110327936
996030352
1879965713
149972720
598152307
329929454
1254359621
367823277
729496580
727692493
52460796
601577523
919682404
1154712279
1255689071
573494845
17062487
1369227376
718062227
846715801
1780866963
1043690663
1544933228
940508032
959412214
1884425629
403198780
390211726
153029916
671340162
732392888
115874204
1667370514
464874954
265846925
118039173
794804408
1520206546
485862451
1524300989
100415392
538323247
2125878512
1020097796
1693035526
1234083935
1593592641
1710098014
455827663
164171220
409330167
89210978
1207861884
1954263396
1029719010
19790450
1691205377
1432917791
410002176
1844235293
2104257953
1142395065
1960109498
1624144820
1607270019
78472775
1742183993
254590779
1598679321
80562796
1778891768
1699094713
618886043
1757286633
571708861
164437922
843886920
17817855
1874535936
1299714584
181989075
136382455
1388925562
1389850959
2090645851
271160925
1409641410
1634367580
1704078716
1819643586
1331119226
1660853021
814555003
1143745076
1137514193
274341374
1222217851
732214539
528932154
673413524
812777335
160340274
225024590
1431663379
1917626907
796733451
1596101301
614030180
814551306
1323153589
1913744764
996540382
1459536044
1155186678
238907693
1402698248
1426347603
1648549103
889582180
982942671
1320709042
73217758
496312045
2135264045
1216962834
1633826238
262121772
291697037
218557129
791053926
965110562
1031334465
951394200
1190135152
315514196
721537460
1986868603
1911615497
1335567640
653936262
1087285438
1101828756
1650476644
399337834
109531786
1889384337
1802036082
1535879390
1390449793
544134615
371338413
563675187
617352373
867650458
551455584
1834315208
353993049
813577356
2126012245
572550178
1604631282
943639159
1603884643
408541835
2133774311
1919398839
1130079295
1973159267
1683530688
318163287
479611881
623332478
1419992043
2130088525
1022670313
1529523829
1871989214
677222747
917919571
1114955359
1221357362
1289257985
1678630546
1838709736
9424795
82602483
1525541296
363417844
896179839
1504069893
935968023
353327474
300225405
392369018
761869309
286516068
164284210
1891948604
112191687
1847814898
62628243
591803568
323663729
1482620286
574408445
1346334042
864660467
298914012
2023556789
1782580039
1413869371
1097430504
924354376
945016270
788656592
933779171
1027618753
166714240
1297197016
1923798592
1670784133
85681391
129642418
1971009538
478050409
891511727
110041959
642334619
635976683
222233646
342665870
698604926
814037215
666329599
33741564
1388445660
2012663641
898402032
1687359672
1888736782
533498423
953745396
838683638
1457852799
1898761666
1627340230
244148322
778896771
1794054470
1541345338
555211715
1317354956
1627026729
684854134
1140880846
2105077139
1576365861
1250922805
599928110
64858897
1473156452
942593980
763463823
139710019
1608923579
797205388
1528155679
1474103572
1695607420
1068031704
1215356707
81622195
2021777100
2054040345
1539474994
1773055118
1533896928
1783623316
404468241
1180467750
1177485007
959679956
350339058
657028088
1644534090
1491219905
614621579
1073416304
594659062
1214549690
1138275201
2067815514
9660022
1901739024
60041885
1618583602
551460764
1588197565
945203526
99584536
508745621
13076585
181206731
383039073
2067116931
1720681725
8610543
1453530211
1356821394
413078784
486514313
386822753
1372758740
836853372
1043850841
869809183
180589629
1658472421
1943225487
775248691
725538463
934017040
695580558
735198485
688272416
755622443
206298439
1239733181
196336360
1151501966
1339317717
705081981
1164578551
1520524449
1088121054
1084211834
1093722526
1096731597
390258397
303060272
1509810381
876772711
689883025
735085474
1713626083
1733733867
1604894657
1894215712
1244722640
1400636496
521980755
1970261103
187169888
1217561313
557975940
875442304
1973183757
764274380
2115175485
22036469
1915776346
1307009555
727118451
932871249
680050356
1815239505
2017083084
1773772882
764487455
259857833
2076833155
126814188
1136630544
619232532
861899662
702772979
205482751
319310671
449505043
1450205391
1719947167
971485799
1272982846
1907117055
41563464
1830958787
635075712
2014747221
447749519
602767549
2036783691
216042217
1909777104
616418494
1148913466
442343812
284174351
1018512902
68633047
1048661806
1278370736
2145466202
1175475995
267517632
617215086
2037375657
970290612
822697838
209202681
1419795655
125419581
1929149848
243797806
1398402428
1688783256
285361271
1081877567
176375320
152624844
1529627086
779142869
41924887
1745669303
541436326
658343381
747099121
983780138
942517733
1765612024
1052413185
1991179539
896499112
1050395739
1019171886
1164016744
1667610826
909063896
2134307356
342825016
1118266577
1406619364
468244597
899932777
1650417170
1866647025
441232385
1935778441
801040944
617607705
2088403286
183184382
1396750575
2130328173
1928853685
1938186901
641187907
528469159
774483391
1583705640
146597535
1826896577
1427401531
1043096647
729808668
299089770
59629743
249935846
1208153666
46453452
592760862
178936595
1453072816
1061005460
1078869372
956006338
780168837
1520101758
744301132
1581209782
2137709463
685220770
1764394164
1386976390
668065295
1545764202
1177679643
1309253202
2074233361
1952163035
745475194
73347248
1631575964
25393078
1116443895
213900984
324482848
1176073638
463836831
1532636514
1222527090
1056597693
1711573109
528116258
2117603153
642958833
1484122597
750288343
15576943
80940081
184014477
5802759
766160851
1948408641
1392779149
1434226146
1346689195
422975145
595995701
1273438908
227654532
1341470895
1346786156
1859230496
1366863973
315746403
2073131480
1691346821
1491820042
389484663
1076499687
566863484
1446082357
640589148
1094979743
1416201862
1283547982
431618692
19006557
1299124925
512558773
203021034
1304927684
1278719624
3946028
550223186
565462122
1350635223
973198331
1161457823
476590484
1200852863
355445071
1823376640
912599711
1722309044
2139123044
838247543
1266172218
1483459438
1227732207
195188257
2050322922
526330916
835777406
997819017
1942532778
2119325388
1429437709
1961539336
1270966665
1941996482
17076722
428410702
1073232458
21022750
978633888
1638694581
1371657974
1951832219
652668756
1848248458
1005201434
1008113827
1524141450
1917801145
582939224
1515780846
608565040
1849111442
851756636
1836297247
2044299699
754595911
215144515
732593457
1752414928
10193646
704435197
1034368990
1971732982
1975401863
828881824
1988809704
256328917
1902114283
2009832455
1234962805
1393325216
1234006781
1039311376
2045993972
934771591
2044512810
906624152
311429393
1814830307
1489563376
1827210240
275911699
1191191170
531483228
2112208947
1088007221
1286079139
179869814
1820600679
891010420
190063460
377552228
1925379410
14312794
205470443
606777586
2003122499
461799360
361408221
1865471306
1696762165
1754733437
951994439
588589893
1653243762
1886766030
485619055
412384266
50711775
152965714
1901947642
1877922015
428877414
945655164
261921596
393602713
2033662385
1548000735
573472527
1706779416
291527507
763535988
2084331645
69423269
777848782
142318440
676200856
633487633
604117801
1037609077
351475291
153396318
644858867
1303469730
741986212
150618981
1042752112
1227605267
563003247
1093463888
1380570982
317467241
823902255
1809448396
1263122405
1085823851
55567461
1149301142
486340939
629039988
708596911
777868446
1392575976
645444908
847291716
22941111
787763348
1523492572
656428744
1391881149
413618001
1007904036
1545277468
1058476868
163890118
139780032
1209095849
1206642231
1367385299
1772099096
152622471
600472633
2089566337
976524726
262437381
1205205094
2062348578
318004842
207022589
401205869
947044831
915619500
1179074315
192137159
1561064408
2026366031
215078270
201344108
1402374955
871507015
1593225258
1815992957
1879411051
991019078
726986177
2043301169
1130799110
1936082027
1102459752
350700761
1560697475
1255082223
951173395
1502780165
84123302
1213610776
560501611
2146471880
1531615619
767524200
400194101
331176802
1683143700
1579268416
523313961
1096724460
1458150800
738392232
1298068569
713042107
1609899247
743810179
381551416
1341826650
1734829257
1108537594
1237644171
718144719
897135973
192620276
1068845480
310349800
1447702499
2020018875
1813129965
1531825801
1086146004
226147929
1530814033
470277975
993672129
1931008134
801454777
529332182
1362792903
1324768738
1626056642
673460055
2063160970
776641563
1386502162
1525576569
1520451742
1768053579
719919571
1107797351
729107525
1957563743
1825942070
1626243498
2700371
747303903
1936593298
1450402870
619839130
1602239616
834745024
1705985134
1828387545
218075409
28779461
674576026
1599896
830234238
1203908208
1364392799
7519329
682481203
2037852854
2070680299
1459122766
1276871368
1448773221
832090861
897441299
21209144
1939888212
1626548824
1978772887
1618346635
1105308674
1981473258
218166890
894418325
1284392481
838006020
349174293
2119137505
396507507
30078190
189729266
425286968
704654216
191329162
1255521207
1908562425
1555721961
1263040536
443559980
1446091167
1186237187
1902682746
575478888
487526760
587289959
1472920187
508735905
379694524
951985364
340025144
1998041159
2057294038
174014755
68724401
804228715
1458407236
906730421
1153403008
1430061093
1303237928
1183481198
1619790359
1728524897
1888135415
1811119522
836562456
1649214192
1219357835
2099602992
2092774172
517965355
1138356531
1847973270
1093444243
1625883292
287779582
418880782
2134619197
667474106
1370866146
327160693
518031617
1280676537
501175448
586756018
2084905252
1959582684
1493486439
1090824613
1242160129
649240720
126822163
714466841
230281969
2014957578
378102715
1066844425
1516688122
1597460550
1018963769
1461978646
2115425905
9836652
1162468269
1061386500
1635719944
1450247851
1480267283
1622855493
2117721957
703649781
1950016187
488269926
1984326318
303707987
1075025944
1921747923
115807024
421028735
865088888
1357967153
1070269455
991911051
2072433994
1300551424
859384982
303053061
219912201
228589456
1900513612
1238875970
1690568103
1868455869
1248712623
705552724
782358722
736948919
8316927
115142357
212320765
2126038884
818792138
14853304
466825162
655634809
318561291
1541851106
429899084
434368315
1962879841
1294987972
1792335469
885665649
139415375
1717285815
38733425
998800357
2020338877
258645627
1227389814
1773368841
1497521597
770474269
1494341062
598750572
1476026993
129216136
1335699492
1484343920
244358493
1548020257
1462899156
1063150632
1562873561
1929724318
1718785441
1881434852
1324091776
1200877
168319520
1139487969
1296188849
1960654989
2025153618
1435604224
1530457156
2063887044
286920934
1403312385
175049023
1514310748
1029197578
1672570620
137301369
376054993
123837545
1613328362
505271129
1459537037
950188634
749629623
860073646
265604142
1812780255
275463559
47844812
1384082048
9414763
1371936588
1385282925
177734283
363940909
533988126
2138389272
241610880
1969592350
1521362781
158014276
109029636
777191518
333063299
1623340384
1806389097
2005633919
1760641753
34960442
2129471464
1226486467
540231571
1441524853
29191453
1289861194
154114851
294795595
955157801
429578410
342640407
191756201
438993174
1714576995
1577039126
616727457
2078517905
2111027252
607633082
172645137
1933135955
2128995863
330659413
2042165591
758703733
663722712
1518022328
417609182
521872983
1131180433
452569624
503860800
210183253
992801196
1945385653
239374706
135178742
2099500505
534170302
1090336544
381595267
876810709
1282092745
820588441
443904057
711648224
1437315899
374938314
675191828
2044948981
547583451
460844135
2026461196
878242864
355526079
637681281
1541965576
1873548407
1055290464
2063838559
857245192
1507860088
420215711
1067428445
353177636
218117717
1306803152
488356379
170134574
1840973454
1578692923
551729841
570300515
713302020
1372318283
1014204572
1424950244
662150534
1389142886
2100142073
559615867
1936726337
413502560
438593415
667485553
769028639
1076274696
61967481
495093398
2131565160
2125806041
1352338591
1491941601
398538104
272283388
1845119237
616655821
1579086540
185991968
786790395
1272576346
1764684891
1338520237
1842876862
330503264
563354872
709597786
1755453508
1225505406
2098740673
1708111933
1785121273
1887983362
2121614494
76231040
407985268
743159485
1152505736
469952749
1238252884
1136587249
448275142
443107827
481045202
846813247
715391215
178680791
1463469068
146994108
364672760
102775816
1419570454
2129357651
1441296053
1114963668
312377267
2004650925
1824561455
2067830776
1082672683
1775818480
1628459061
720310308
1516318194
1602589907
796541348
1924303462
198265745
1949047084
246772564
1436518629
938150685
695047706
1879626456
1419195887
1541860953
447534023
1597876679
857846374
594528131
1962549439
960622190
2014098586
1944423442
254434595
981578606
109317062
111601872
658656413
29664190
1194274555
286991245
1658123251
1914584863
1803309440
1113229511
563642563
1580129254
1311495256
365205999
1826901818
600530237
1303356685
374465877
332673045
575068924
1916326830
780207068
25461955
626689556
1374735200
1988011394
1587311746
1241350138
1784951189
1841746341
75445096
1894268251
1953348213
734101510
1923932441
1000139120
1021092755
1434572044
767240335
676918547
400317907
1330882898
109564154
1711813163
1696088898
1936465972
164859752
851961935
163448201
497532797
1427030859
2079775032
1277739866
1452492815
558980940
504991418
1293020561
2146292687
1746341556
930488102
1840555380
1821786652
677272705
1646419946
408404514
453721498
499075418
1429497270
1888293543
1266315754
2106415817
141127802
449715004
68496323
1852940966
2145803902
2004962296
2017800718
850282189
20926849
367849868
129829401
2100701881
1645589734
1582322216
512199174
3097504
727859129
511008213
1749439060
1658347232
204079945
1423742064
188136289
1850499891
1832146579
641857788
202091662
1114160201
382667683
1468407416
1073092370
523795485
1918122420
1141588694
229252803
1916442675
999067342
99569874
619241216
1019994191
467419742
749070617
973212425
2113009476
183909185
1485411599
2116106980
911768315
1996419812
1718062392
422631899
53016109
994320808
610768188
1903516001
678983739
1252625976
2105607663
1793143940
1635293659
1426531431
718752663
11605497
1197170203
1860341357
240858300
966129230
711925051
340428174
1585370447
1731919242
807847916
186957416
557648019
773373744
370866602
2043059618
741997076
1282634917
1891995782
312575820
1705266816
1945011892
1306896629
168551356
1701044245
1985880368
1421177333
1659168260
1631540661
908987344
938216043
202809676
920592841
2135386246
2063151033
1161451142
954031829
627592436
1501879316
391918628
212028030
162243585
578876044
769676050
935617329
949742646
665252020
1677614406
84893915
409764155
1990190226
1790160731
207292399
1149603207
1958712088
1908336644
987999928
1232405773
1420021256
472056941
2141393117
210753651
674866617
914502311
198656249
590534002
2075953453
1152688078
1218126438
1430349121
1544606706
1430154468
1592592706
2123482751
52346870
380726388
925741749
717598891
2058340794
1010635665
1127363046
1901047372
653312748
1334655445
903166932
464541188
1095508441
1891166860
1696946961
368046049
215740153
1690856431
578799700
890606770
457875094
777455949
1481140772
386344899
1930144028
551783562
1816694020
1327267086
1981938030
1261803079
1303266189
2034284901
1642529467
81524291
604400144
1553386613
1092159956
1731763190
1306950337
1745472704
918934987
62633621
62530245
2014443428
1953800481
1759477206
235005829
22056986
1302849989
813805529
912663756
1760725083
1591261478
246320880
2147069982
1373921858
798104442
1816280355
553705297
632558825
930599786
1856971486
519360078
425645605
1938495777
1123760222
1979032218
883172085
708039764
1138498907
481161142
1626974751
1201132529
543691387
1493934531
1007449362
155684945
1728940360
1029506349
1458534935
395262241
1942170105
1071776370
1986523719
41007338
1071362705
1212961930
839111780
740159412
1766667227
1471670605
1670759198
1476155065
1991030683
2096404803
1267167195
967307257
1927953373
2855632
1675347021
918968632
484016774
1154838124
2120101161
1027708161
501289007
980066876
1183393107
82745719
2009573225
494444394
478007960
1804259682
1566220764
317048032
1845267020
490099821
1530009962
536895153
1230259233
1149193541
2008565758
753534783
477864958
1852112794
702455938
1745032153
671936403
482925663
1747887786
199799777
1401894296
84420912
1354637901
1374511809
1112129074
1855926909
207095037
148038533
1938672628
69184614
642482927
269196941
1873444297
61220043
586244973
1571227669
551319865
2116254935
2108122822
1781579098
1117964828
1969204933
387630234
1595829786
1673834079
1090086172
1193378292
198286834
1573011836
793782430
398086611
827422484
878203342
1752724513
54450645
1990332416
1461167774
261545683
2138370949
1252356754
330730297
633370228
1521553695
56690946
694590272
2107798668
1627918616
1245910137
2076569955
1588557790
880005587
1047051135
1410279075
1267635821
495397274
936629506
210238346
1688775566
1134916341
1783250182
335074348
1533002952
463189018
1213277690
1138243817
517639663
1056126459
451927943
779185346
1047013760
1704284698
1109915644
1680383989
1078354745
1166606590
227490613
1038669766
647041558
1473400750
967756073
88115701
205922689
2014807209
1498394776
1473558511
362720835
287540635
1683796857
2051496401
1422456976
1319563391
239087101
807976280
1782752409
1452364791
1946220098
152908424
361007602
250664393
932093771
1408021363
1954949091
2042009415
940921704
885820189
1061132357
1168412317
1924489955
1708173916
494329419
744762380
1796289617
700252108
612085941
1147200745
26326971
974806776
1434741380
1710123828
878819529
709714708
882203571
1117906630
1517690989
517472332
422787774
1316427439
670380757
783795376
1567091832
1602474528
44333091
1374557276
1497000295
985254795
112893817
410649004
6183464
2037383772
2118822920
500512883
634662504
1767628889
1200764992
1246748446
767345987
1227091963
74071574
54603719
789732144
952891104
764318428
1671935715
2070797734
134525769
41924400
346101860
1450953208
712305157
1129897237
870561392
167296037
1174230328
97635020
1664296332
12001476
210528837
2074945336
18184940
100428961
2046284609
518697824
735091466
1666429850
1719462816
1981839912
286292189
799071131
2055911486
340895909
1588803275
861318942
1105214337
1113255343
784633029
1239740106
1155179743
1130734889
543209666
1867484900
113148478
1413771058
2034780937
1287378807
1511406079
1551593621
1299380283
1721934916
1479055309
1317565223
1822363878
1377856270
1836263047
409971696
896802473
1408242215
244327960
1183094662
59829699
152755798
1523990571
1648632974
1014074741
481721260
614404669
1798707770
1721461366
1769584412
781959011
117187384
1489585664
895107490
1530958443
1376882953
35002649
894880874
780992926
1334382932
469332142
112564588
504464507
144212372
1490420858
193243907
554184068
239739683
1601486122
798512028
1422834346
1661315821
951267827
799341269
1162465148
1965342568
1281062530
1776869817
1616566690
855040248
1398970582
251042053
972227633
741072598
1146149543
355702428
2117955552
1181152192
1250583302
751464830
368051476
1719915444
864029418
872515984
1864127817
206966629
1065759891
270828237
446706312
519762365
1069340266
1869540658
33594539
2020608093
521398280
1196059687
1838467013
1802460810
825445856
1307550055
510017410
76932790
1558592108
1482245043
818005389
557258004
1837947471
788477293
1738410196
941047125
1539942123
2106461673
513478922
256487894
831494009
230123091
463454523
1897253900
500951328
910160835
269532617
1570291594
632217846
303127156
1443416039
1153616126
1499186843
1134399404
808593288
177149052
294465811
1318610698
254081842
1853057920
653372094
1072087231
262832276
343835917
1860564524
2001242472
1284883043
1253023000
1960220497
1798361965
1509510894
644230858
2028485056
1972965417
394001110
381952736
735642604
663533728
1952244331
1367860450
966660884
1248176722
373992928
318364080
235092479
1182586216
495513132
529558290
353713267
749594974
235132562
1007085361
1821682206
497964838
1350921278
1534763082
351723663
488320673
640302434
164460512
139198990
2329680
808691371
20200398
1975295097
1202692481
402153135
563454054
1866226209
206913818
1931314504
685403446
1455090540
157823785
1003767526
1690183019
1340410001
1499280658
72257662
1694123268
101391984
307390224
553724981
1923074190
805355063
1904646260
1310353625
1157078726
245483285
1950656059
1321539238
384682276
1952985740
2130230609
404882674
1780797189
1185439443
807035809
196767595
904182004
1013949627
2128082100
1589585450
321556520
138422237
445869328
2011739539
1478832238
1945149986
2083997201
1025471859
2046541971
243903778
1579196840
1822132513
1049258841
1336359452
985002490
58853919
1581842738
788174902
1380393157
1966525014
593676994
1363140119
223924040
226990535
401095914
1030959850
423758131
1305277918
2044909477
404356583
747379721
218982349
542778820
1193249049
83238241
2021611058
990915388
19751794
899599269
889973711
263655572
331312462
564622576
1312914413
1667671914
1549625067
1371768332
1102031004
190316321
604677842
921072370
783993315
1967817961
1144996411
1010983850
221430227
28472613
1434741981
1526708145
2073382090
1839098564
126604218
144880792
234393736
1319853268
228119033
108521147
163285008
247870827
1008120416
1053258719
511526400
1339432878
1617881295
1824440813
859621145
1020022714
1048725498
1961652149
1210339035
1653403340
735240872
1994332350
1473737653
1880237283
857832553
1695167880
1908709896
145090886
1074392377
1834608338
1984189451
1200996596
1979489130
71099539
373366216
60124515
179620686
536651224
307995343
1187741103
1589909943
819521743
379690333
1060307590
496478908
1239311478
2080330305
1545204406
1053479980
1143185692
1051124098
1788720852
990034395
377378103
1521474487
1847866948
2072545983
1282700735
1992957834
999454713
969825425
1829663637
52967661
801830908
1900763177
426333877
861955423
2080383863
962985101
1169950766
1120641318
405411396
1989472509
1500331652
1465718986
338467770
592159482
1398565643
1883672176
1645639462
394267688
787312627
1286876666
1384302083
1164690730
660867505
1084685383
1089753066
1943568240
930159569
2089207779
765910018
612339559
2142175440
1567740926
365619088
421025669
282212701
298519303
1384010770
1452163468
1419160622
1789422166
1294152329
772008626
1107657504
1632620099
1364168108
358739500
1368808628
862323923
753007188
8637607
1716941
2137309271
1173328337
662584447
1074511006
115597755
458669039
2004670575
57321886
1224579057
469526486
52013678
644836335
835145574
473039347
927049037
1133664878
1857050117
231728857
405341852
1498988635
1525881186
1177350478
459162492
1011017638
394034938
817901992
232342618
1256358861
1570909180
240980225
1258075803
1560734803
1414308562
1920660250
487762161
1529906318
231845641
344949088
1587228204
1456424699
814475575
1639241883
2101261034
1649621149
2112281230
880826423
635802379
1821847700
1112555280
1041144231
1173352687
490952819
71011061
1632515179
1501970457
465046000
302933523
1734313075
1721404861
1873842703
1975293300
831997016
1287093858
1242118214
605173618
1774856019
624540884
837019260
2119805108
64285441
145960311
786797035
1703527324
99737697
288934536
1668324906
980564121
924736916
1342688958
2093119401
1965881147
368557998
436588572
2036892209
2001073177
1938559029
354454561
156523053
1525388456
2075859422
2030365756
1353198108
760372791
1169975967
447832675
1365546409
797348338
1072373559
55082021
769669798
1136659000
201042332
1556466833
692702676
300780030
1845401370
213543935
1281344151
622654638
1556232893
1226979904
441052137
1924790891
1663568477
330460698
1778380421
1454643858
684915259
1934903474
832548667
613291034
1817785582
38263127
1373663825
840277901
486095802
591726586
1637626240
1558469362
646808608
259812390
547644714
847850940
1816279224
1240347391
1148630970
1514196946
1453891326
282491473
2136851584
862640571
1509471378
430420073
639947815
1025556207
760880772
270844588
332716417
1445796031
58264414
1165265084
2059087065
1876049996
1203528212
1285267242
568844250
1689624014
1876993829
58986842
1100609728
376318789
318799232
1648254443
1224169729
2135078456
741118186
225317052
1501791754
47525864
507808525
1491159690
910166435
2017279903
1921579764
1550114250
895352462
534976888
1820958838
1228068880
1980772919
1879223252
245850316
1892376337
1607789601
1449378528
1030159931
29150203
991518895
759670112
88137045
2092128623
1135988901
406936277
1592899418
212674983
394531086
186533956
437992035
1896322840
234059820
945800560
1239998883
1144226256
815596816
1014094999
546856858
1710949278
1549071887
220332049
791534510
1382361158
2099555301
1037384827
1127253847
1559861254
339279707
9930131
1589011457
1330798602
769600243
1677148502
1275443578
1905589145
2084084780
720859348
2118264128
331132218
907393305
408772515
79971410
1141453125
1354573075
1319970293
138195733
22686243
186581644
685052592
1733635522
1735653531
905384641
377686384
970531042
857456294
1415071211
2097784889
269833901
1754350919
2107715020
1858845358
937665873
729831616
1388510213
65625803
487937113
1325111345
786485152
458717593
1656243563
1693878457
867490108
1736214973
687847934
74579535
908701619
826043668
97265779
1095283263
1511096260
1830901301
683453147
268997253
61104037
1653984189
1126453547
1476175249
1604285430
1396287448
1083042520
1564516803
1107649159
2020708393
146864771
348675724
2086334197
634801884
1673787069
725335701
1093519477
1182546984
271730510
1961009585
771278309
959578444
2035589120
1679979928
1785622112
2132854899
627779544
1149234724
1816272552
1311232691
1418231977
1877376590
817733232
397201877
1206068191
274535014
1793489325
141627063
1839051817
753654836
14851808
1985916588
1102330560
2101186005
473234824
628633981
679038058
1566754301
1811180965
950768568
1380280238
434975627
1910347013
1268385711
2114955555
1548485477
1253756962
595251451
550236554
922545867
1906484142
1968468531
652438809
576733726
218186760
1858507000
851268741
2011676086
2000134063
542836910
617847274
2014985871
381269851
1720177835
1968688229
854504675
201328168
500242639
273775329
2012509134
1451011208
1654055567
300001113
1213874573
774957630
267473020
614876402
2028714593
862724472
1165112956
803776812
621724966
986097840
1456215621
1198458693
1204284600
1167238973
2049727434
1068477038
1019889388
445080696
1686324313
887391611
826350547
1259018500
708596192
1680855223
1460346668
1208838832
1954630552
1325372154
512366392
1461202471
1625373267
1726240965
88676454
1892846288
193633719
2117391047
608087112
1358746676
773684211
1229812078
197360868
82416184
280787123
1401645468
1249655157
183030909
322638859
122060897
628111606
2008963172
1009452508
1454462153
1120498024
1718048701
987833728
433361044
779403885
794980632
1758733199
1291770277
108699456
1236622818
870527594
197375910
981985458
1064161313
167283309
1590072570
275424341
940967520
672401001
472785209
1023383704
953188124
1874430678
125555213
1136219034
49585889
247616110
1764330640
2058549061
1257068618
1071309145
1031563437
827633671
2059142874
1464924481
1607037556
706639858
1076174032
751324185
815339314
165313203
1621851779
1012715224
1147298661
538529445
1179998533
589887584
813953786
2120966053
1262288585
1286738996
996866109
67993061
1013686026
1122421322
1204212095
1063271915
1370037432
821059087
974337328
479622403
1892368233
2005900765
1307256074
1804027459
1323341598
766809983
363183669
252031983
1518134168
1178522984
417345186
992502300
43754560
1564643847
1531031745
1223753094
7047783
197501883
1197235499
1269336368
1484240879
46617961
1337329430
350443257
1169039283
394057877
1413715172
391593068
1215116965
240568852
871215471
960001550
98985969
30987897
616545361
1422327568
797797880
979729030
1674359551
168448401
10768366
2091704737
1160950701
54522927
1508864936
544498798
1278276021
1515912720
742000681
328027872
637765440
78757913
374645833
1975094870
429201170
1543685117
221669100
1842916343
1935278185
1436786065
2083485195
659010008
249303967
34987517
689997905
865849328
1457315085
1487795786
1845578358
984190988
1656244187
1856346725
928412077
669711240
1910869652
289793365
1214210038
1041662025
1805706085
1956210719
1369689897
295987878
2034968632
1744335731
123599100
316686155
1140537200
345268200
12118850
928331737
1782054265
2095604045
1587341745
2031358232
2130591562
129856002
749723912
1440422999
1617651788
447818623
277130339
1126412327
156681700
1205542416
1796123567
2067551352
1495335782
862849957
961729729
1153558219
671577029
183935978
1449546097
559062013
1928271709
1573145198
875748168
921325261
1918413398
887867018
1849656998
1552984016
835987416
1289515095
1436858600
819095330
1419371098
39098865
112034682
889539238
486917488
389165021
2015951566
643599188
1594707438
1664591485
563666892
942559572
379957795
1525396621
2096117791
1051534824
1709332599
1398180241
1610596837
1490120661
823841791
338861358
263962274
594771541
1226728376
2113619273
271909
2062715792
1255650720
1437130510
734327475
527538170
1476229375
846362157
1417077409
1963146863
1235527178
1285545327
459262403
682750968
802653164
1022929295
1625310540
1182610959
400842268
1573944684
86662135
2110174867
824641277
1697258973
1452811880
1648483068
2036120331
1716774155
95770961
1115365059
1682909780
96042871
1030597204
791076852
1533173381
1764924679
1318615023
861919108
463803188
588208784
677582323
1699330366
1873754111
1136844726
234597687
528923627
12290373
1859908227
1711534587
413132641
1286369263
1798196722
375823860
2111010540
1347972047
1828635741
1612009960
1236608730
1397926248
1707780922
204490142
933352380
1803823793
1235087346
1724429232
1189513526
852528377
895560607
2051432634
1316331565
1483769391
581531309
868178283
1210039854
1718376035
1102775970
1738963482
1730666408
815200550
1303014421
2143799049
2101569813
953727495
372139261
2065096706
154215895
53291354
1529623018
1390824625
1451217602
1089920292
1595314767
237086334
746260437
682918465
1961515567
1935773963
1535446842
709592526
1839722949
704294759
45878270
273770610
1572473043
1255918124
1992146645
527765365
847397958
1575329405
1342965915
2928731
1571644806
1297052081
956656227
1943784068
1214665139
1110872122
1997075422
596804509
354213099
1300809377
1686724802
1949527867
1537895711
285501591
484962684
1351927630
73791907
2020409527
2061520157
1913514856
577220638
2107398427
39801819
2210033
1215832903
2031948464
529975399
2063230862
1459794222
1872941314
2066159593
883955380
1022509747
875332172
680255800
89691238
1986204294
529847575
686495748
192933746
1830656952
225736902
2142461613
1221069015
511238493
479940649
425512998
585030400
352866528
339549507
351061609
930087167
299464286
390863428
932297200
1515297189
275328244
1462272599
1431044403
1735122466
1187730266
1349720349
471594199
62756365
77568873
1151849999
152447604
2063773168
1681697574
838943352
109223266
1364870878
1064680254
104201231
438456246
1575918747
584141880
863969244
13465500
937008409
1203518751
364527109
1867095576
1502983037
755390537
651909128
870796578
1030718781
2114181728
154357334
618357600
1154428346
1504077683
1089951799
1217184711
1581646556
94318150
1369632315
1497936076
1776015725
61092019
1607159342
993402955
1125772273
1711360573
1431859201
554207373
148018806
148344797
567672873
1085027215
1351863548
932199982
804639143
707362937
1687590519
1456548271
1578159516
570825652
1423246351
1732516850
1189183252
430191049
1089110885
131651403
1647375761
523273793
225969554
869524428
2021209870
2001985279
930616448
1480885564
847904586
2056388721
1044762490
132280140
463112446
1192781296
280624937
1030785319
130324863
1632488486
1962985301
934964006
192367775
1503092172
244028629
1770527291
2073917825
1667274981
1355560493
1115617429
2097466030
297187730
1247268833
1597358143
820461524
1473238387
319398924
694187746
1327740018
1250015372
27589662
28160956
1158920445
1072352152
160441096
1622032892
117649800
441066034
505334563
247974663
2073554520
320836217
1182938669
118438647
1823928389
1426967299
1888965939
1750362566
946758632
1097042784
718496348
896741014
1394230515
1965765181
346615510
67208391
1291519920
666014434
761396137
471776290
1916029806
788985799
499937246
927466603
1861337952
660378343
402015847
1978987752
1101444377
907350411
79478768
1027515249
1228186628
1262417437
1145953896
904631369
541901088
887436187
507510288
1488659720
1984478972
1226006636
237917087
1231225839
1044288169
584532597
1298434230
188324441
1250547031
2059830367
660100731
1019093189
701332518
1160037977
1946559792
415186822
1820416320
201091992
246690927
774377049
1108442403
326169695
1801892298
189145383
1588587132
800362547
1093776752
2130488221
1687798734
1601287040
1471664293
1524794058
679810028
1709581380
608536249
1724098197
146630329
1906970479
1912422638
1397177360
1819317198
425039721
268786901
373166069
1585077699
67863046
788352891
1258010371
268955038
1035043818
2032387421
1377397441
1361213513
1686796071
1566542824
802316998
339674970
512835928
785321571
2027473705
2114122969
109502216
1404784115
646449349
1819083597
2013320365
223063899
1965713926
1772807196
2135486537
1215407639
1444640747
413042611
1484194540
1817806816
1998120310
1552057586
458676059
1108647033
1821012624
1493719878
993550806
1050926417
707449743
532863230
469985593
1509766741
872538200
982821522
147604664
752528257
949460843
257106881
9828725
1595910192
2076190478
2023149090
1818974091
1894420756
1648472638
1806976981
962344747
945629737
72535944
299055640
615952905
2070656254
1851113226
1074628965
1031819639
1524642203
420865195
2025370446
428084972
1128314938
410750028
898070566
490598032
1283288228
1880892088
638202696
2035816486
682869283
895309577
2045645211
131295827
824016407
1921310653
1950269919
570953516
1422299643
1609763252
1533298263
220445733
1682299196
1832353903
836398638
1605471802
1535983482
1911027603
489807793
913142037
184409150
367694591
1341227009
1312724089
778444619
91813927
1803322121
2061732848
1972706015
294041169
1950065686
508091650
1189350747
1848227249
639387478
2013367154
1622054254
442173749
436837022
896870249
2051937001
1970135286
1117315982
1586752549
1655005541
1953714621
1044740703
1043505375
1717258576
1534548496
1956647412
1901667727
1902243088
1150390774
1066908168
533204059
1242204701
722746641
447453259
1067427069
1016787810
250035297
1575518719
58654909
2098262546
67422549
2072022064
1572833152
509596298
361375438
322219754
414049651
184027076
1439535736
2000802200
1839032618
1245766709
898059255
735054345
815541638
285124104
544218110
569725717
39883544
1694608884
1636633885
573087603
789329937
211896878
1020540863
1856757006
1228684688
1270576160
1284792078
1287339598
1221355059
1352214627
1211878014
646704563
1861810926
1573253452
968924317
128376929
1757280529
260976406
2129179130
1448829499
1506743115
879754737
36400196
174801105
1164878841
580618306
744526822
1204762385
127743542
233677059
1777849989
917073480
445573937
650907204
626346838
1674258626
1921483364
1911138916
814114576
995354775
1115869896
2025992590
1642059339
830197174
1451762394
463500008
958574103
1061559275
724476414
940269585
362905126
83735882
1820024323
399305323
258536987
837419516
979923629
1003063810
2042181902
1107667172
1236740869
1672548243
2024740652
1682314807
175971799
503603842
1209089785
2097455163
267259111
2023204361
945326291
1383129007
1901713303
439901982
65842533
1205992049
903401990
1024416636
120067677
1627878405
1964686222
482972803
1711614287
1637226897
882278126
1970151274
327162765
1862201756
825731436
221861019
822385280
2062472306
1894409262
699642284
1597303465
2070381061
1203246126
658909602
2020352577
1470505237
534630315
818195220
706150596
288859970
1258097202
771993129
1494852019
14015544
1796409766
1614919696
1641893949
1613612340
2097892500
1206024588
1103355589
832686978
1028692215
1430518354
547405086
1854423651
1652379374
1369790366
1769412309
1399304988
2069432650
1219232126
1322202402
1125195129
1878141728
1195071331
448216718
265288395
2013266551
1154367315
554148365
1123880105
1926360444
2049000385
1137895649
1575286562
1516436433
632305951
1041415254
1466845285
1838330539
2144770843
152048616
719539106
1427805550
699453702
426479110
932701276
2069244069
48407771
184522616
1991193071
1267639898
1506725018
968904552
998297978
554312701
1417121271
1263586374
420095604
424004938
1817734739
1543975709
202881734
1719251476
534387711
1778168297
1088204262
1166693662
672099903
407565899
857540553
669387099
559614515
1577079660
2097192649
1259068218
2003558770
882410277
1180828639
2051966541
1066932893
1024538062
1172122791
426174264
1993442615
22937122
980486965
1263080238
1286523496
1400582570
1687085176
956774587
797074631
1889966910
528542416
1331462342
1520651559
1616746678
350672356
45267815
2024312577
1208212910
714654914
436443445
637808922
664363915
1695511663
493884044
1546774192
728856654
398366937
466223437
1753394716
1570489729
892397701
1599353683
1593426851
1872884667
714950273
732466699
1125983589
254551801
1689241286
1923058220
2144518712
70300054
1107036915
1517686623
1687046732
1457709271
1562954438
1563875662
518438533
130125704
2000319107
1156247455
794489619
1548347122
1650131499
193780163
129720128
2048498437
660003601
1883114844
1471504518
1552401302
1334984880
917447721
1277802321
2049935153
1649914420
256302262
157003307
1191672058
31876835
154038371
1261972113
1138913750
1671724994
801535197
449139373
1087195785
217927211
967577907
1217321489
70762670
2123825362
2011811109
1619109792
1626473214
58107624
1748829920
1527488003
718111225
1484461117
851508873
123028880
671962349
1768956594
1400831201
574413854
1271387366
1657133464
731417161
315575776
1689010299
885455532
1577547889
680440401
409696879
231599439
1129579774
1496892664
449526650
2097157681
566730505
520289321
2073499396
431057966
2139399113
1552488962
489165591
1740745386
932493317
1207276816
1077722855
1784002190
1330305696
1749685204
1405475136
583653250
176615410
529378854
93303066
908032572
844954630
1782313365
1793488104
275018872
315270118
55701335
506618311
1444849892
1552593999
956144961
1394523926
2119324505
1476434282
1320539674
402898823
1468349748
725544988
892064414
1061611486
1658038305
2099341231
2139334341
1294556847
1282163279
1741535897
552548335
1865816529
1918151307
1081927189
1959119595
678700231
1926881819
1593949312
324704688
54417043
1909219430
380406023
561035354
1206585675
1933000023
1517180316
453625953
1904840880
846130950
1774165627
160256055
166997050
352226967
1052320470
1228608536
2010265272
1004178053
1220459229
1157338471
138857684
814511478
1709886806
2004674214
585179138
644330347
1816310161
1263879369
423728518
1262775826
1588584057
478145562
1024511608
1968990081
1039180916
83613635
1754506456
408877584
537239588
1511863688
1255008535
163921567
1672119743
1422005585
516148534
576956565
503130474
378930158
1581134618
1723589703
1536268629
1719992303
390617534
1098671787
1577182869
975796672
1743002134
1246009382
92192393
19247005
361301560
1680776451
497392567
1385813169
1502282884
1536573483
1469426804
1109305692
1945451068
2006666393
473685732
1052975955
23104312
2145805475
327497892
539252847
575278393
830628366
918183005
8929363
406734422
306967987
1728921666
797351956
1405639774
1158620887
1773148628
1001158261
257146622
1865341021
1020405266
618448182
1398633824
1517797833
2004261351
753433060
906887668
1326204508
1862738752
704855088
1185387253
188940836
1757831043
1208491565
187262664
2085328936
1747744412
762541057
768473654
518443770
771470420
1175208076
825411757
352908439
1972560032
83567883
1511529326
1598225012
1084726144
1768675948
1316082386
2105131410
239640483
567232562
1475445595
96418186
1320665623
234849616
1422622694
1035920727
939704704
460526299
1224861564
550052100
1669017865
1412124228
487897388
1269278629
27181637
1256371042
1787722399
798652057
284095471
465650508
1151560496
109171855
549218392
515606175
1707396868
1633944536
136798475
875995606
1591592299
376438958
1443228168
919554246
472857145
616410143
1154403862
1895479839
1652330871
2094108567
208522491
729708787
496677019
1877540356
2141833015
984574407
999335337
21531004
93461801
639574089
820183061
377557272
1105224597
1971743558
486729128
1654442989
339866085
46642348
1140903878
476664560
922637954
585012529
853103519
218382474
1504566775
1325960664
834792618
511486990
1073956855
339639841
458111909
1282479346
1069348628
954788928
1012536054
1063697995
1939363335
2011871392
1085228999
2032825136
503961833
1905412060
262898761
1609186430
1729671970
749627889
1116145772
2069538055
796270237
109566002
398718968
1718908191
694578531
1251822487
1937290665
51661658
430299503
624599635
563148648
1504256358
964239476
1021260557
639252057
2033588104
1976049485
1651788111
949802451
1767929172
1516175855
2035031450
1653270661
2020137688
1792959863
1916169422
1481840471
1375148185
518313663
450502595
1297202593
1314583900
560068597
1695921561
886008443
1254647128
800260400
675815460
1306308786
1230559903
1300415096
1869457435
587332613
117170924
743234344
1226584670
3275381
571800182
730889134
953077832
192245706
99581341
840625635
1845516367
2119719030
486101850
1614202141
1454075853
1861250035
2132515804
1904578448
1010968980
1299616056
317163397
559406893
38140851
1571810525
1359667293
713956312
730635663
442743548
2014371408
452609450
1030076162
2131542332
1195843795
109177184
2134817713
1767643977
840066318
940411898
1959889683
939647660
1781037533
1657922403
911883042
119655735
1124640896
218475247
1980905770
1109673053
2123053695
844391103
261805461
292733444
1403797996
299946313
1864543969
615981642
1013902625
447695984
1058725190
880790385
900305435
2088801352
864849069
2096149230
50494889
852183135
1716309559
890561207
1792595033
1528715594
1830208867
1426148918
1039154349
594608261
1545804653
16311598
813083508
1379226775
1125984651
788653555
76134230
1387790112
1081386999
1479932227
1687736425
798447320
2095913869
554155402
1246143305
1007155411
1434945787
2146448740
948473116
152311209
2095114322
998968005
1004494344
1663940233
1889529212
649605729
1045172179
1572254432
2075754647
2084326529
19379045
1474075652
2100638127
832462554
705818779
1079139130
1621116109
781953010
319445594
555019461
114401589
2007182020
1353466781
62831810
413853774
452126438
1069987221
1848799562
451091530
2018460337
2001110771
398722204
869944694
858121467
2062662437
611990259
1507727196
960350969
36761043
1435998195
897193850
56140088
762590199
850348329
888602642
1468408978
1929487459
362235104
102878340
101449405
917254565
217279929
2108631425
123237698
280111739
375001552
575364137
1350098961
76317466
1026455667
1221075650
2077428237
1425177872
2091020345
788066056
1340356661
555526956
148309604
153223982
592287999
1584307799
1050417832
648428087
199414350
1900766161
1537030730
1667823328
1682769972
1899265834
1770701669
1784219378
669036751
1987981598
1745367155
792274449
120609690
2120368707
1367638586
1470708651
49202525
246610606
544300653
2126630762
1671788478
487837350
767213170
864661491
1043364306
915522774
1017885474
1635652305
352346925
2068303306
136596745
551761275
1821585820
1673627475
72100956
1356872144
1425409661
1842802625
993607874
2094446412
1683300575
591491382
739237213
1803910265
564376441
2106875800
1127135268
613578967
206002758
1671435922
592726081
1877791236
11789624
1359939252
594969079
1055153931
127978378
1612854553
543322588
480325304
1533674212
679919333
1032086579
1207776384
206063160
1104187535
417164880
1631472821
799506512
1410772755
1578435585
335323440
2002264137
170189151
2139233705
419156930
129581303
1118885326
1032735897
335584061
642837600
1625461979
65891649
654627224
837917583
660860728
1709781155
965895961
126231634
105620096
1446221265
1659905846
785539429
330824197
720198582
991602590
1435011732
1137363462
475591763
87034597
400652569
2054027349
422358037
255433058
76732852
414108094
674589989
206314155
1532993420
1707325886
541898216
28347372
1185304217
607789865
682974597
2023221800
1268650593
245272104
841634114
1394882227
350892200
140371731
907304425
1136431630
471195928
1627503007
2128034220
1906207661
617382822
456142335
1993242258
1018035391
362686036
268116647
1273468450
439418888
682224741
1948058439
645733043
67734514
1507900677
1187631259
96081886
545721247
1795421124
779056483
421459399
916588070
1024328588
1263093513
163986649
1375220788
1403465245
1071291075
364168770
1874661173
551310434
344719342
1633385186
1168693256
800861678
1479143796
39245000
1163547714
1747260443
1312713450
1602966603
282001537
1113288241
101215998
349736051
473705270
1288847258
445817937
1019426517
936784734
1224874421
1440885917
1853372804
101719361
556495782
2017359454
1476940149
1959961027
941166881
1841108920
1687138553
1492477315
38344614
1173040091
513686924
839206292
504700240
552931924
2002754007
104477035
1865645374
1458236962
386478572
831449967
1559452960
736214623
1305155237
700816570
1182032561
177098107
1637601305
259423334
1617984024
1343490461
361142695
26996158
1213366267
1838082844
1986957186
7049500
1531708116
1526612091
1499526816
1570052731
552168534
2013213740
261775375
1056868774
418662016
117045734
1161345810
136823742
1575282696
1547824382
968273709
987252009
136555358
125945298
1688068579
1318587919
303043405
1178186236
1578011253
1921027429
374193050
1939153948
1948023588
1587559317
1629753144
1787497126
1594608818
1013977613
1166625569
946651986
436546696
1718794103
812382078
698322071
628179230
1231044094
815367806
1789525040
1367867836
243166854
1189865774
188657897
1230418863
1326421132
314603195
771003795
497525403
617646601
1949190031
2075536656
391190382
175899433
1867206956
191730322
1763458751
1349476453
1979227448
1210583921
215970418
998369369
9752259
652517114
569679825
822134337
1350839185
1197859055
2053178431
18723343
839900447
1273562619
261890198
2029766221
1462220516
1492309061
1208703706
1776823711
115829208
1706229109
246986664
2065019240
1634282118
638177047
93435025
1354005426
829907369
1856893776
555998231
661651170
919994049
771968649
1660020539
929746308
1424485763
82216716
1751880645
627841301
1280075771
1657575428
646564644
2119976218
783654399
908454842
2002258792
98391267
253280256
1063478850
1875214979
369109464
622224311
2122201643
286645056
109022781
612895042
380080082
1463028208
1442802412
89490210
2019026439
2104453582
1009484260
643511441
1616990473
1939230568
2067997204
1699207190
1543627566
548354857
831799313
1053719346
1194919502
804291884
1837373746
2103374344
659067028
1935765013
209170952
1722545878
1663496344
578280417
197286541
1638214340
864925473
306309323
103625734
1245005555
1769337531
1546428146
1334495766
1640880322
1503398080
196496378
136908115
972904906
2135726946
57421672
524628448
1531870864
605776529
1356427761
438106563
1800696031
13235997
127996661
1756586728
672303025
2063761674
1965757680
247365255
1579774371
396554449
444651797
1070505063
1261479923
750961120
1174130797
359001830
372815003
573075296
1693497596
2013695325
2076473376
1889993974
3119793
901894634
1878237273
60541465
1426523082
1262624489
666317994
635467196
1700731052
319530378
648703193
1828727713
2076117106
1321006219
1745005740
1894391138
1568371474
1177296463
143461940
2013023271
100317878
1404941863
616500743
1274448675
1763943693
989315746
1847523971
1309957642
855527424
1776513700
1052467968
858647217
530924686
783221593
919188682
1957447769
2045846083
1585506676
445431317
1599093487
1905037054
1094134510
1280337553
1833670512
267657081
877859645
1580578003
1836028556
2055156108
1724039943
1701568179
7990338
981498158
170585275
1282439013
597958203
1159901021
982479337
1907915845
2015428445
611509389
812900166
726592014
1142434075
1596121759
1645780696
952398196
1494484194
1083803725
1397829513
946094034
841357131
344480376
78947939
527543996
612137457
956807584
2108121999
300682365
864480044
1684678294
2002250545
872470382
518692804
25352172
7425747
1116651007
1185253193
989905084
877083205
1053197991
1601414473
1689983371
1779790005
596364901
1138621482
1278087054
1548763097
485622029
214407131
799108963
1431716063
1055764262
1143589339
1510664002
1583308258
1755726796
319987938
1543946609
2056409162
1184467982
1081141255
1911176059
2056938364
1599834059
1936528231
2064364111
569001419
974297776
906785548
1446084624
2027495767
360716373
988584347
1659802125
957081274
2127205829
790405531
358360724
465344210
1004812662
1157469687
1897060273
2060576924
153575378
1260240627
1496401535
1909302174
1580228565
892864496
1818227688
617212899
1974005752
1581920099
526667615
1426356163
1370964682
443548079
1995357582
197778811
1350333627
1293958558
77790930
1711050000
135059257
1737593055
520647627
114781439
380514938
879008351
580125649
1385327600
2036478038
329702275
1298420877
42569768
1589942902
647338764
1951871942
1022687820
1540203260
1622615983
1639900719
1366725364
1057052434
19084687
645597880
280533469
462632766
493471814
478312280
1812966393
1787430373
556103210
1376532745
1922489630
146212618
1897180372
2037271069
526727556
628705075
469913071
1912055157
517699465
799615346
1062992386
560269233
242074600
1710331150
364657528
1264762420
1103050762
1987273511
757179492
322292479
896842297
776264179
967890359
1177375766
1238896945
1461362173
1655688046
904379690
1101308898
64307609
133428787
876314881
210520227
2030609160
766102302
737247783
511830587
1236015373
501819292
1029530053
2035630719
1564811678
1589799286
130221672
1127659180
1954456814
1394984092
83226295
1794246677
4679936
405518774
543605327
780944115
1373409133
1720981093
2019841060
687287658
1229185492
776737102
1788596557
1293493101
910165890
517427790
1504013328
793291402
1283530092
93777463
1305121989
372061818
595596756
187168394
260208889
12924786
1776967681
390430561
1140583967
1583940847
1785414654
1223810262
1230703877
1790094590
1629329036
1774309204
423555058
855254521
1347806649
295912470
1542542179
429508493
1072649573
1183655088
1723001594
1982815463
1701082878
1079531274
628623217
837129323
1173308738
1933745206
1209191141
1768905494
2120913601
1469400030
1781830280
1750397634
1859830592
774930599
1186854833
1497761598
1998740861
270075062
1140372540
1480586249
2044384266
1563927598
188357122
1244707268
1859840069
1730899302
1674215761
785005994
767070742
1249733708
620337809
320669973
181781334
1248961026
1157799296
1355090072
1035222584
219506789
976511918
1008652537
1688906819
610858551
611566523
1401253763
1385789150
1798421357
751531713
1237046364
2068496419
1891904254
570148965
1965397038
1308348204
758506088
1062620658
1020704625
341921742
589352771
1805710619
1108992484
1839086479
278564780
1429662457
2020867814
1527525806
439978105
1228474238
415264743
659484894
57502509
1423917280
200908066
668361060
2035483804
1602161829
2054150210
1686421513
206209895
1143712926
1607434284
2098114149
1713861892
1425347674
1258978705
324884332
340484684
132199683
666806074
929837456
1937910302
1775798558
621440287
68991435
1057977368
494824453
1596517241
1497955473
1723298692
2011781984
9956720
1780801201
1288215617
210864786
301678613
1176215773
1813026615
208345175
715153638
2019236510
1352058102
175104274
1969867011
918436346
1600451949
1081362069
1243320678
1940936633
1213561752
1910126752
723290441
1003988406
1538441662
1344730729
1072979841
448935382
1839555182
522013435
1946890856
1415370226
386311771
1956847576
1048687779
1674527388
20228714
1350366392
703259513
1833255329
1558711568
1418413151
1705008192
763286022
1593517426
1527391555
1681722368
1046485727
461269976
777559398
839938712
1674831728
540202502
1563229154
531336487
2078644164
760476235
1604316328
380095899
452547769
2126329763
179503107
1867917996
365157887
2136350683
769122127
2039685275
9095749
2119488520
595461141
1842351078
1530716440
2013874292
1399875622
146518814
1459908070
779783530
1828241182
358910149
1241053506
458316932
1198848862
768401587
998519434
614594368
1299738074
929679950
1375070603
756570754
1309775849
1827618372
735416870
1489278956
1548052720
1100574757
1478145991
169691200
992776384
1487241740
141696072
1588237525
1182109171
1672412512
1454628170
434501145
1818931326
767052592
1214284675
1499688860
1125962742
307854534
1958005792
177327956
1076256121
809041578
791922324
228510547
1738721528
19509279
985081301
901013730
1847127651
1720498171
242809038
1247696724
673589280
1720955030
1417387924
1666365665
1060713122
1559083996
1107119542
95338645
1084012860
414264064
529839791
755460538
1181316657
1744124466
107665750
159795751
2051979000
2065671542
337123707
980751473
727229472
1129046031
1209262020
318467352
1148555310
46859674
1219481082
848199313
1767357845
1462290121
2095896037
293463478
1035761503
1365800313
1959829143
2096474625
777400661
919465037
44329623
1861413521
1333729102
574169414
469390411
367562111
170810232
577056161
527357862
75305585
495244055
864481569
1056057058
1222473527
1993527600
117835431
1540940880
994599262
164695105
612938314
1842798575
1932052950
2075228435
1791210965
78032780
963506290
1009527630
2037861923
912497268
1786928292
809843313
956826891
1500858165
2143572415
1530996305
1970248577
363650878
1701806537
399821090
891008740
1777112122
895065146
1755490309
685685533
2117538673
1601534261
803520964
1510995905
448649875
968216069
2123934220
143964802
752785371
2051679007
1935175767
830818152
867701650
797219750
721196427
1780198918
436664394
1531039740
589542161
1937522559
1527128507
2120538466
1760287488
1890779385
1674861355
12624931
634304477
1304489830
907690077
242311138
1990175363
877745102
1843845399
646212679
241257360
145011626
1614428748
217707932
288976429
219730471
121903291
76668548
1050548623
989604941
873888298
1771745051
622320211
1310552692
1155301143
1211862372
1100591604
534946003
1184917190
713395444
278241740
712294898
726020375
912546218
2016784728
1633710452
1154857356
1859476443
363971907
851219108
358205474
605229267
996230734
1972634222
822937199
1285207163
44881045
944840490
1361875712
1095429669
1934445432
88280362
719691072
409281995
1398833055
1874992215
1621144368
351941011
262454570
658577910
1065336455
540696311
1370872808
1791356831
1453242529
1240173888
1277583635
460616237
952166683
1641555542
1311835345
1310372157
99301161
160582432
1135522731
922238360
1445789595
1180403777
1867078851
660181659
128349798
1654040635
748462022
848040870
2063322630
2147295077
575549437
1536983350
351752440
838004008
48077613
1417088895
1378700319
1418950421
1060962078
684459200
511640662
191062066
1145075437
1463807345
1832617608
309427135
626695855
1931918770
470009567
1762218586
706673482
1915799162
795138715
426268685
428497174
923488513
2080309320
1176959196
1771529383
1996148303
1176770625
199595173
1385648005
1528523065
1037599181
1433725618
798128312
268815852
705192392
1859090391
953275052
1216833054
2050152457
2098350489
533156751
1735286417
260293976
1159852606
1519721539
730303543
774587545
78911374
498619058
1569726260
505180059
927116232
345731126
438005732
2104075428
2117260509
286670387
1133362405
169372034
1672318392
514401822
1206971215
958560363
1312530134
1475787067
1663752755
1024136877
281578471
733102161
926805686
232445313
1266258912
514608456
492739289
278627871
2034329995
1223042833
1053215416
2113241369
1721661891
475458028
470937781
501294475
821189154
908943513
457886255
790966016
1195613900
1591248660
960338050
720448644
2105650482
19825618
1679009007
1270696968
1495612685
1195278114
147350198
1777191157
1928380275
1074155884
2009636470
1047155540
1588764340
354892111
1325783411
1475610688
1577934944
231515179
1441368409
1152113187
706973207
1912306190
1653407662
1528162362
673766055
2111293917
171644730
1869379955
1555058929
1131982780
442344952
1513225763
1151808398
2121353959
636439084
499937436
1169148426
783789282
129644945
950045053
1857945166
2139281415
1997200593
1299225859
346689878
1175500356
627352899
1924624823
1407015535
2068721308
929254362
2113988743
1833543851
435178377
1494667457
359826258
398988646
1666312187
81722566
1954047576
650811319
524067518
1319789691
1802619718
497937829
1956228775
155073506
1667086255
592534409
284718451
469647661
302995928
276516218
319364606
1602221787
623206096
1494864963
82091038
400347271
754396850
3328698
1329601634
720901945
1836872549
1764780011
68085754
49215160
16285009
1734397941
130937726
1970332585
237725613
655005244
1142638629
2040345331
1152943073
951383756
47935189
672545681
1543918166
332653640
1142193342
1846914094
609169858
1461557948
1301652233
1232375954
808939263
1383743271
1632723226
1563336114
1387071969
814841212
136754411
1076460871
432137575
204840166
1125676031
448422584
1939238107
1256613757
271271522
29480072
1911619001
1413910151
2069825403
917078426
217810259
2117760592
1589624107
1761728425
302930584
584333801
1461158871
912100442
2045891750
615327456
2144476397
707347365
1999070727
1629715975
123199831
1238659049
297073539
259954243
167636272
729211114
464794409
1293312303
1177633698
256548868
402442412
1448905220
286028941
166577765
715331723
208370696
1083656191
933141983
178647641
525796651
547386760
481578225
1110130452
2008545632
1393678668
1008538554
476389440
1390671417
1715885920
327976520
872903744
1839085751
1566635569
1169977283
2099039994
1734271841
1899188397
416350755
880100496
929338447
672899624
1282542908
230760020
958928565
1449120673
946091743
1167299261
385293216
1879233726
1345946902
911089867
279136839
1827525128
2021220320
140198823
1073720148
882275226
616588263
316907917
450677498
944564783
1189811661
142279602
363716704
212305296
93835948
2097988545
2111493693
510186704
830605393
893348492
1183086328
2113148301
1124108512
2142014893
1414785326
2070200256
1161830506
1800078543
1801950334
360293761
563684762
2081087173
40335241
437421434
73802348
1114055389
1319696661
690390612
1430963306
1770374159
1634955395
473291319
1912653761
1998672100
685596615
2006489710
1949176997
649606660
369192766
632298743
1542955152
1552279094
597963396
519580017
1546810339
2012748723
442296625
561157197
1665343618
96763311
921450958
81544732
30366837
961786199
518966167
104169185
2075841588
1838662828
794559797
1359321246
1461553339
282031545
1832612565
1226723453
133219997
370725532
1085729515
2082396994
1020332192
1454922281
567212089
415803697
859717727
1165175486
935383714
259044418
1030440561
1377680339
820201615
548300531
1474443650
1741652574
629845263
1504810487
555955125
1148811430
1608979673
484313066
839990610
256055822
1843634312
154060302
538087367
1528763230
1380783755
671307364
1899488762
319029622
606220711
772337307
1773951903
1173432800
1188141004
486185982
191124638
2123524718
745230400
1221565199
1353721409
1565432015
1769865730
680681411
1159600941
252227346
38008251
1715556067
1401038776
1646987924
52385485
93545739
1903043746
1896019797
247606041
293647466
1277299379
1628389796
964954830
1029304494
1947419418
1571175541
1801641801
1573887673
597124694
842299157
2060073655
788249332
818340227
657820407
2009814532
24577988
75768774
1632196614
705259399
1235369716
1884423960
743267650
803442135
1137979089
242771926
855827620
1231524828
2145815673
604363769
1479130869
291979491
1881663149
960037017
1256934321
763483995
759972787
680626215
417642148
186376812
1277750909
1259941305
98966819
2066000241
2078281532
756787226
1928331125
2102859520
832556000
1413044092
660635271
2067925716
1149984404
1403902922
723884203
140479845
1646674848
1579711823
1372004673
1645006873
36591945
703651894
1936986364
1918255094
1663688911
1046437038
534255441
276178050
1727063253
951897589
462554862
857330514
64355246
561521681
775847107
2142636778
1318308907
556694585
2098012650
3381260
1969738677
611164273
2071306976
972239433
2015067195
647707532
1112719279
1514258396
79935707
337240304
1011781621
116527652
1040892199
801284338
2034782746
557097462
1847721376
421554539
833275513
1427300981
1373452128
1295830375
137147847
1437807374
1857352057
912994954
1432960504
1028177316
1469689539
1383489506
1031558576
1291944568
1994653780
955381905
116700354
1862237327
1603089437
1229419633
1229012075
1683025144
1566659937
93310049
1799552797
460068488
894594387
1686851895
1017165951
594832115
2108406435
1850441464
2022133096
1334374915
998788191
11797295
624698642
708656600
924792249
2057659146
1736833917
246998141
1293665005
620908845
1538942709
1140835137
1576290750
1655643063
855588816
1031896539
737579048
2084600892
567438036
156755338
30427293
219507185
616823826
925021680
1906359080
1633989777
1519853795
1867281867
1336947593
1394503243
1054173135
188252137
1406300538
1678871777
896908737
183609139
1589047275
486259006
430607280
735228632
1107167852
1969549990
1876063769
535974954
1477709405
584168938
1567871494
67804806
521286182
2135309530
224560144
551713475
207333067
841383970
1476735155
2113692147
327890100
849105302
1833490367
1664837693
96124897
740179854
1853089830
1502425435
271567983
602514920
1686034574
1860615258
1088773926
2116641855
448360243
48458130
1938708197
176940364
584433085
1268933954
761109302
4820931
1336738760
1282395484
2140130461
1561298904
1834108959
199979880
255199227
1163360466
166188379
583089327
2012465768
1999678746
100443372
2108590665
592374952
1953533203
1463532452
863942935
408564475
1002083379
577074546
1497338401
971241586
1025434789
1545796532
762466135
1202375153
2130229617
2031400089
1963484456
2135050548
1220655202
1098396292
2127697361
634470458
785021604
180193593
889669685
1948382070
346381972
1472759012
1813364191
198577071
1573202385
1774471208
790952023
1379251940
1090520013
1654894959
1787816415
2092603392
84485857
1137671168
916361330
1109920646
535984052
1678827465
164812151
518730021
1562743906
2128296607
506296921
635915460
1079209252
486510634
1270385919
1864230856
666704227
12571956
1665129278
1013086200
1485330969
1331009821
1211663271
911049706
957997382
2002615294
142817998
2048517395
1510026605
1930634413
1993637139
1594512462
920821933
762514821
556949460
1456805986
293858638
721761612
1975536007
1856602544
702574571
334349281
345034357
1781783823
820859915
1615420276
1498531031
1487564143
1627992232
1016176662
353166695
965839553
199702835
1564829966
1876889259
1157700217
1419961612
2019707257
1058733964
782504570
1802858022
904887455
229533384
576196308
1667402276
786482845
2033002294
1961260914
1508244457
1861054653
1670379811
63335380
47920286
2015414168
1845119204
868780202
1483350796
1196166587
208860697
963859380
64859601
562027392
1929698934
264562437
2126857358
1659104545
1422262654
1399335322
1531328155
333512971
34356244
1186702529
1238400426
263889629
1762898837
758319055
1050372474
1648417483
572096321
411133283
1361988489
94992484
474468663
1409908775
2110406652
172104219
131205329
1446273800
1368270807
340066026
262649533
1433130408
902093418
44864819
1697692845
881467128
1703969364
972471852
133318803
1087813871
1305984823
167675047
127032753
396901601
431564676
1889931590
1155220656
1481937150
1390865426
1727316978
1893070433
605370267
1822309462
220055449
2015279042
1785232467
392159668
2146484372
1084022619
1760430475
339066750
1346672152
1046077236
1241160169
1391536971
596286433
2122627297
948022688
1568758285
108462452
2035836559
727259460
276137500
15385664
1124161062
707702176
1905317255
131898070
42155679
1148699033
1859215048
1935226112
1754069300
1534040863
7797913
1621864694
1171789682
399957582
1620865418
108328653
12904409
1959932169
1455000806
1058981645
1053608690
699054129
1655268079
1028752339
1647076817
1076542716
1137214792
1535429729
1803802177
1413352292
1550815393
780479591
2121054468
1308649000
912377661
15726499
309864385
624109062
1950952612
2063933685
10666277
1958750525
1538314732
1182455959
211224459
1011696502
1290784612
224128869
824145023
598301770
1283110514
1877753713
1297355900
790894945
759022405
796949069
1867437662
1896237197
184895150
1523756191
1162105841
1735710544
156752134
1135676661
896875896
1069129795
1151403161
1206740282
1693238857
954872125
1123190319
1703905134
766139002
514021403
738877445
977363462
1525717906
2029662058
1201492331
202379281
480480180
337119197
2080132995
1777836080
1128014143
691671752
427301502
847968157
440425301
612196652
224240700
1602531142
200423548
380992834
590724155
1097299445
1450122629
1742127316
156556079
995877839
549515793
1279746398
552299325
1315654796
1793767802
1291176771
145534610
1172002060
1173355181
1347026941
1374381341
1653835361
1684146138
1307030688
1284187794
664676633
1998702440
1711489296
1512644790
291644093
176202300
1736885490
1894175235
376625849
2117878324
337415743
1473925294
1420517306
2079543059
1630481373
268911497
481575205
762744123
821210822
1797230001
409028277
2112387593
1942764611
1581030337
1138259126
1142307904
807928031
644610840
678970394
2114958719
1928798634
1343647028
1966177512
1492804282
708808170
110337957
1669006582
298210013
2004513193
2045632431
268604689
194445288
1372074077
1689121995
126504699
855071802
1958033492
608079904
1617815926
631760667
257826257
2026844203
596664612
53107220
1460390893
1734923739
1195415124
120835276
232050931
1874385519
88310347
13365917
1070548899
2054487859
1506170199
1779357069
17342169
1027693133
2077567082
2021855362
925841917
198688124
68817002
150432346
1887810119
195321701
1005504149
1698359964
803401606
475836427
182636983
1061227863
355196982
779301595
1114335084
1815587875
366741686
162266560
1936423151
598792617
2036652079
2024733499
612158534
959717330
1931737710
2118328733
591590752
1949079879
998538219
521674186
1823451593
1924380136
720362310
1892268595
2074812482
460688782
2087590297
932832983
11565098
743508255
1408669410
194202081
1804736118
1763866393
973503676
771587554
1431970620
1340245363
933854115
1220910124
1939037980
823022546
1098159975
403712867
1782739877
882414037
374557952
226846981
684010269
1373096171
748521167
359978214
1149992659
1468883478
104763162
1077321494
1929572260
44869811
2010154477
1941137358
788378066
1271340240
2135339439
445630536
887722985
961359467
1217218091
172209957
154121182
3588558
1393120081
2093159163
826611104
343796408
349388382
461867333
1226210446
723946334
688714314
1910220715
2097042506
1437235482
122715281
1099551517
758635312
227478443
29389363
540723924
272348254
2039543841
334377634
1060726320
1163400433
322233425
1506356857
2051123418
1283592892
576091300
75849727
1437714075
579679858
1468969809
1383389590
1406290962
1812766217
1732777972
1868158296
891493015
309240658
409388962
654230082
258799516
1846624444
776945364
1358351034
457776108
1004423807
1387740397
998500032
1276772062
1279800590
1332877666
190014734
295717375
1655111091
1696371591
199357145
791220336
124979243
275206873
81450763
704659101
1744176682
1464840353
2110950064
1409459251
1050134677
1831624712
153468619
1359375335
93530026
807698701
1618174852
1940154471
1584644065
829042238
250446931
441584225
69298987
1248946964
1718356287
1349099578
434340982
1908371021
1644816953
2089452074
1457258965
1844174099
733188762
1582238208
2119380972
814639525
139413662
1716074006
131996230
102880078
978049609
1182130907
1934504790
1131518228
394022594
2028034816
1939216930
2012197446
1820705639
1376377347
693756036
2071152571
1817961572
763055024
1172615887
1388834211
2112154602
1606956869
1149721585
1609487907
1548925295
459496902
1306178358
134630409
2041735110
1278075682
949269934
33665124
846666040
1081266164
136545202
1824715650
115913423
2071049992
808750230
509936018
1951601161
600483512
374649816
1624823152
1976860860
1068405853
1548492075
1647338784
1831460877
573624314
888689348
1796131831
33097536
2038410933
1258136090
1582022831
350424187
416830801
1716653241
244675649
1694906483
518439527
278340774
394088876
1599705692
414885976
71320878
1715619115
338452321
880071108
78071485
142569834
1480554621
452721302
1767392986
1309931833
1521127155
1168401414
809786969
1205104384
1742025728
1698476317
853752567
1775123264
1589403602
2111888657
1209662448
1939827789
381235810
778832041
37019791
2076142294
1297271568
315360565
322747522
749493612
730246541
394068400
317629080
1068698862
1274139508
395700565
1211268696
607210481
848421867
831178035
1917142314
222065374
1999579449
579445636
1427169758
1594121529
130438305
133438677
1221761146
1719841908
97843687
283939946
1512186049
479079497
1062771987
1549205840
407738143
212559907
1864566405
730485665
962053520
447329299
1124554065
1279682600
1516028161
251209926
1675383165
579813210
858420407
376321385
1410991245
628079074
598386759
1263087046
1207524710
2025556518
709724927
1337963015
11511547
1931486073
910321275
109355234
67942371
275023677
588434732
1130714358
1824229517
996172875
1343274266
1541312275
1726658541
157844138
1988641574
703728958
1437526738
1357186087
954938884
965426255
1936999297
1813359292
1341747640
1200506894
293954718
1940134400
316110292
1501479428
1818207270
1025835220
691958795
1829718817
809837645
1602280071
1939074052
877780017
1877303748
380025136
2008494375
1554049617
1376198011
1204284993
947878244
955372904
1362129131
789036170
1659101863
652172221
2146222258
466557099
1617598477
1935737907
132432743
811862469
988761154
426387461
604513221
1304871446
1927866889
275236843
183223018
472342037
2104955661
993060664
2074622108
1896546065
1870840681
1804442208
129087553
1731851408
1211008177
1505285564
788652754
11402774
313174821
3298237
800438944
1972276684
655470459
799177554
291350135
125585288
587431814
423782879
937447757
1576192968
850170340
1541960979
733580766
630553582
1817197822
916803785
1102895619
1774669835
1909864449
1030034079
1523732252
1633221482
686992639
1652819805
1217589242
1898000816
1010621722
2006241996
1909403590
1323796543
2009540234
562358887
1148589579
517527045
1361536441
1439939714
643112333
1948968255
1863722593
1580560090
1377677575
566409286
975037421
2111258342
1196962868
644751596
880578479
152374839
271937783
642959280
1182408918
1795670036
128697114
1869401557
1301006193
1346286356
1619918725
164144267
1205044705
1381838668
1487940810
1067101291
1944197555
489046741
1584628336
1158250348
1928986456
80257021
959734956
1645225401
1660817111
189928883
64151039
488370885
153703577
1261113907
1133122481
1034282056
1413488746
1405060264
1677241336
448414016
1053246652
1805938450
170331925
206769198
1004741159
1790250651
370913465
62302216
1024605671
1858854276
1129403507
821319578
200417369
566548195
1979569926
2129403825
646805216
791821234
1627145579
160138679
981750118
1691296618
648509564
1135453695
804926878
1781632045
22252104
70931976
1039208662
1699493440
519345993
2092455314
1357948243
689677918
151740864
215205754
332444921
522654330
277507970
1357050592
234024958
1406911477
30886522
434442327
1973459672
2010456449
416362505
472781240
654794035
2043508084
632919919
1636544153
1587321054
1281429484
624514201
244764284
915577881
646766305
315696261
1954786543
198776097
835042254
1899758210
1556724340
1524720172
2051499074
1771930094
1857165094
426669756
2049438064
1066732038
660694714
1308865893
1097618561
1095137042
1134841917
960591362
1511499547
1607623157
1615385397
1407523983
93059429
1104445903
847361389
1374488913
1728960104
1092125674
142583146
228242761
1407821935
2097369690
427018858
95380541
1849644252
1983743199
1620100713
1753659678
1608189645
1329782159
32845787
1510144062
249030550
693540501
671526307
1346649111
1788677543
1806368225
159756825
1152693442
1266507734
1775142222
412733777
1359567163
732104477
1260095167
586572428
313580933
204737193
729155575
541823694
1612559128
679041617
968842553
1707939669
381202221
805102104
1180556734
2134861899
265808101
362855246
20224038
1775952163
611885796
713764540
299994823
1958534907
354958435
2106363048
2118291732
1507651878
1225387134
1745950306
1920385655
437470650
330571136
1032997174
1024043078
644152069
1237734367
1753198653
1185975764
702809847
284756622
7334669
263265868
665958843
812436773
1443822603
653337095
1078244874
1806677849
673561133
706713390
271079997
1387325673
1006708213
82131256
1742284109
965587613
52939340
1102452339
43491099
1798889646
875354346
480961749
2129460782
1908351521
1505004828
626129204
998602240
1110719833
1812104968
1701412088
1395476456
1819439637
1964677956
2061435299
484392762
1261016911
567288746
1562637636
920211112
1240849880
121867378
1191291109
480691905
1128575591
1273422365
75492366
2094163204
1326361705
1177944705
2137654304
977767704
2053299052
471132405
959744838
1814166925
1976137233
1585874042
665285517
939373419
1250495362
219213957
187366227
922451351
36408266
101317878
1406844113
1297425177
668606625
821998102
70152642
1909456505
943865480
1261443751
242664762
2072441072
387382469
318157129
2019120628
1713744174
1496101834
2009291284
544028230
1401917238
332940042
1503773069
1068600515
161593627
942163463
1733886033
1100967046
45175178
1953099990
1288333273
967626529
1989508256
1389651152
226986995
1139449786
2058257777
1048985097
1209602428
1820230634
1992850577
323562531
2062895396
1917808001
710945000
233568877
1789444982
277205527
1729670712
1651252618
821233757
984104302
1984192660
177523178
2052704818
2145786288
1119686642
1639107203
1099269686
1164861820
1444723545
240119312
2132488349
1286748154
1629770464
211991696
278714292
1540544593
1260976793
1488316720
1213291579
1106343723
1811879251
1128703327
876668076
375340604
1362272205
518629410
652546131
944459269
22398381
1473779888
1928563571
2006591041
1651303067
1833784741
2004893681
623506061
1325408296
956679720
1788367881
622648194
1196799032
1773372582
1909396348
679085848
1985364279
40626992
72146793
1098857424
1528943712
1285438372
57717499
1193339315
266658051
934385576
1568679919
1628930256
1453014986
73742402
425905877
1475413367
1547522291
206985801
1334520761
1051341710
2040770542
1191930794
1674847771
1218695191
1126866
1315732004
1841343385
1197925898
941620938
1603256085
1877011746
779501569
1643883077
1949158539
1878358994
1025343141
1087113263
1936076493
71198808
1353771315
722978421
1639878728
835217923
28509760
1713621130
1261123801
1503923127
1113659773
1468109602
690960240
17517835
1361396496
1882891035
1692365606
432608039
1884017901
860613962
126467776
934460152
1802234901
1729723861
663988250
434252822
1226123290
465663142
165128168
103982783
1552776405
2101204662
175181592
759064072
676699435
1815060320
1594281996
705209195
1381197802
707922149
61648675
347373928
28548103
752608915
364891763
1389944599
488016302
2057257370
1822552639
224550556
770387684
1949020415
1159010708
425138937
1531260629
1822998958
859391760
609900271
141178452
1024519928
713883055
1693954858
978240942
889064647
305535282
1654940378
556641319
1899817278
212665925
1937839121
460255779
274314600
137729401
488803882
1026923516
502621165
1878748482
1514939818
412394887
1553817473
1739490374
1182782571
1355354240
751017434
1607921509
739131221
426532745
319829621
1349031493
567711197
1344349549
2062914548
114182407
175106844
804495547
419717690
1830047222
1361136866
172051320
2042713147
1151492339
632307100
169544100
1289221741
1121110982
1196467616
1791842906
852375816
563923786
56754145
258709641
155930513
1239536716
1614063882
906947947
699974577
205711455
1333480692
1019804198
1554742948
1901191890
216670100
1470173848
2015374297
391776944
127185747
287608339
74340518
1488322613
459659660
2117053665
492331305
1091966760
139114117
1781553046
65594094
1335581733
1425912304
917969911
1899505520
1482666449
1176679552
2055436033
574719517
643259786
814900332
1274694095
848971242
897377
147014645
256230542
1902089267
363684745
1726404391
1769979916
755461689
1853590138
2057588256
829802207
1194429104
369764268
799372225
1686760409
1461731028
938486342
1320829807
1527325122
126584428
599258463
297811385
2026089948
2081924912
1474490938
1934042333
509160781
2117750724
601459017
1783854876
819238318
602356394
1930869522
1075468861
356962013
147070619
654389604
2126941930
902532309
360496094
2037046538
1732334516
1554925198
259327158
384223093
1094201959
1721058186
1322709436
267548118
1100899660
1449293864
866806581
1398711046
1327900164
801247845
725718336
1114458849
1310408627
695985412
1715917866
946779855
1515223731
170790613
730165729
443208944
527752626
877236349
1097598548
507210908
1779768658
1458094642
396773798
1364619526
865536193
656100956
1748842620
1959738152
229675494
924068408
79802623
1330575155
225878624
946609204
581802553
1553778788
1747857050
1307520889
520753989
910782029
2003506301
89188207
1857561884
1371246384
259978820
440243966
1814455328
787731447
1317480315
764570228
1294942355
949765325
75181223
1691716154
166901203
940717416
200333462
1915743823
752971920
430008957
692328583
832774543
1760584112
918207207
1779383748
194903017
324502347
1379757150
1502423906
845256336
143055531
1358446559
934444544
2000617415
582209296
1194423364
293377733
249180976
1982154811
1610858048
1013751205
1129613519
413139725
1088932428
673846025
580040929
2029649844
874179487
348301104
635138116
1304188444
1040629688
1467912660
917288908
1958836895
1099812760
1112191925
135855595
332086262
467132183
981111931
475141793
1825578743
1915556475
328275560
260304391
962496192
621653294
509485367
797167355
85027694
1523236572
1926780874
498167420
464685352
453143251
1078208349
346851548
1327322739
1426509453
981989665
484027535
319655493
302418677
1401316444
131008741
1402231437
366024721
266864336
1734317699
833156905
1247976267
61975844
511252000
1016049095
390251404
771556391
1978545287
1011904698
1281041758
628228994
1096932393
656794683
407526221
1595099813
1121480035
860669472
525824514
1468331584
40508563
1952333967
302837601
524536099
124505813
605256278
1925852543
255514554
2007487715
144393616
522378890
1594321766
977550521
1770355157
1656297610
1488802521
638920604
2046549014
112875264
469982243
910970065
1393917023
1098211238
2007902458
2050711706
1505737459
1455518623
1024708093
218923283
1981343137
345556029
259431847
1786193456
648393630
783967946
1910699269
1253649908
562336841
18730175
1113653975
706730457
541109065
560492093
1684280979
163980575
69306055
1025599852
802901179
2115855070
1138475117
1272883423
879341487
384908492
223611013
739760297
288136550
1729348472
47795272
1312844643
1948271755
2029138409
1658400673
60219954
1667848217
159310655
844187900
1431063839
1412960564
1406524741
1449794014
379130891
2113255199
1990903080
939622985
1650052530
7400007
1008929040
528168734
810301186
977300462
1666643851
2083184609
1856641949
2051552343
159311974
448918598
192205245
1888660446
496713870
1505049889
1689448554
378368631
1015966914
1749668508
2046216849
1175277569
446372761
1329797040
440754485
1852897502
632107406
819885377
1818669053
475526838
1759508362
1321237935
482926845
620953754
1849406670
1293228032
1598254217
1368566873
1228928993
1307412518
1272635569
1388240968
1756331117
1464840814
1129417766
105561339
822407055
671382672
483929971
1838373969
273567533
382663172
866167891
719940294
1712460212
1306922376
425354148
197083970
2126807753
96539554
672610809
1738832467
1417777489
1155537654
212302574
1119700511
301282038
1810556791
340783737
1530211032
970485661
1613419306
770968352
579333130
930776472
1900386118
684894470
1753183528
424285143
1168824441
1444073849
697852676
1551487613
162758092
1417792970
1116464177
1469680469
1843147118
1313548147
1449004574
1939686672
1986158956
1040353394
1209980514
994212963
1252655968
182197377
1295495001
915729111
522981114
678222385
1886214772
2136400420
1449190737
318064255
919693245
1202093208
1002958725
525393125
1626378351
24299518
1969466974
176747379
1575787131
2132225067
1594540349
544767660
1454421888
1290203819
1858315807
755942814
1082406844
1696991116
1796296208
144903710
543720431
901468528
327101087
1839215432
1817197639
850082202
369954170
1555928764
838998974
1819144907
1873993019
1758692219
873754467
729468096
136601696
352649170
753767614
2106068671
529396549
182071097
2090810090
2123936898
726838757
1397748330
1266657070
437670916
6207496
201580266
2134662032
1802503705
346483976
530898815
556488585
673585063
222630600
226202577
1523667265
592584770
1782131341
215182592
264246029
1508640712
1973874811
1138000497
90625160
2110476508
1490649667
844392774
2069061531
2020046217
1026463871
2012387973
1996499467
1753302628
1262652655
1115672889
43489896
1268860151
1317253155
30668281
923880208
1663737131
561567096
1480368794
189838547
784197696
1706571371
1713505812
1376782466
1341219064
1928688404
1641028496
702376128
1755079568
631545345
793001288
1718072428
2122195012
1637394062
1639650311
1994757581
516374285
1504554636
1843773401
122193265
619723643
811962642
165683161
1888583794
2129215798
196351442
664980355
1645469281
757918539
2145349149
1835307828
1542116235
1704436872
1401329993
771415054
898172288
1182534749
264959902
1600548416
790130669
896505247
246066056
360719449
871216611
1883460118
2000369760
718490545
252350755
1357440748
414780298
374544020
1977164391
1226742940
540227181
1718264538
1208475090
736578624
235761245
706460724
1494497163
233626746
394284904
889129750
1938063618
1795614897
1660544804
688752258
830665999
1925504706
141817026
1620796668
674526305
387883082
1981516118
1545742917
123859552
1834402230
116749814
376210307
1044359331
531530112
750754327
874040074
1758273052
1290981508
444820964
819264495
2027560132
680582209
1525725219
1374573647
914208955
1920010123
116219750
704788925
1568141373
1776764554
1393541183
251323724
1554785613
1535358209
1872120392
81828270
1923241291
1706152862
1627571187
2047100843
1393071445
1744321001
275827502
289947128
128367465
1026581829
1163987202
1886640518
170079690
1608808167
558421365
50156174
141906728
2084146584
1424729822
1056115684
1856673059
1540949572
1760904609
1277330784
1170230478
1006962145
1528654508
577532443
394836706
1253291253
659360714
170594350
811960467
139448253
70211545
57548264
1883769255
346039048
347495392
2012136720
1372620877
1511482595
1751293590
1542700567
972807114
162231307
1592856742
1114713842
98894243
870102916
23345878
1955567303
263568840
1784250488
1085414439
1433799318
643728985
466585300
2011331762
1038565691
1719876553
523208828
1209160041
384353372
662657081
1279371587
441901637
398942688
1625410635
789397029
263595761
850547864
153395976
2014889351
245764784
1126203090
29637011
1838621526
93433285
128531254
561240794
116779163
2084098557
824809634
1901029651
1022029349
111125304
397274988
1488614649
2122457066
1435840680
1061007554
498182246
497517073
1445360926
1160839328
1776888660
1887262563
1559782016
1254815647
529175945
1823377777
2105363512
682571921
1690783481
203644648
1808775012
1720420492
2042266174
1902208297
1848951746
456023320
2018987460
1785566656
1280832954
1772533464
660112357
1391958258
22324804
1243358
1366931677
1458165484
1062250912
1865113923
1955682558
360128190
878469603
1585087570
99907106
290767972
