10000
607811644
1627284258
955490405
1888226085
1927683010
537532592
902720340
666614182
1954456496
596643937
326019037
998967442
1400741056
1167067827
490773207
537341808
435196086
246817323
1344767256
2133482165
535214659
1827071768
1567169073
374531854
2143316907
1806717159
356124872
1808010064
1787425797
1464443661
83965893
247753793
944244271
1039456298
2135979879
724443633
1576988890
891216571
1391057815
1383961738
1487860508
1717076853
235445532
741117917
736661032
726218739
1278459725
1171857118
973036063
475743333
1157855635
1508250722
155331454
577541060
1882782576
151164713
236774572
91423801
1959174777
2024200369
1555867462
2043140670
124470515
352628086
935113320
112966746
1077071719
364618562
1004183317
320645887
1748580300
344560177
2037722740
1984025833
1085678094
626900124
562760924
216654172
1798757243
1535796987
692397505
809129230
896564061
847728959
1386670291
631862990
998893672
1623444863
723286791
810584802
1500161584
131670605
706241824
1624632099
484298691
1641355145
1737598845
1561370411
2005973707
594298514
1882016298
1607070360
938858692
1772255390
1443612545
2024536786
251671866
2006373469
93707310
2050429109
1394686809
786104816
712074692
143767222
1633833775
2098744983
775630212
485243800
1574706198
1498917003
1295828602
927384134
1630587609
2002070426
404532586
2114886300
1495941923
2142131431
1528773063
1354431983
588946298
1263305713
814018695
1527804990
888077455
110147592
1404858128
1139749322
2116521061
1498565439
1042694783
1363724222
137186607
1754769475
1507491445
1771020382
1706030810
135638009
108780534
1133253360
1634555013
1404609136
2060637495
1117658974
1259195915
317686433
1085061626
607654190
312334216
466351042
1962086173
901280514
1729656755
628621220
281601856
470250563
738768812
1686459985
1609999885
707806226
1037541776
505211020
2071530448
1174728383
112496848
1431538245
798265117
1818527658
1567176255
907045652
804297371
1054247620
164171140
717451218
24422946
1423367055
1035137651
1109484572
2031021246
1347471867
1575835614
1845623771
101268734
1158008722
326761344
382870590
1628259285
1065530156
2069330575
1090775522
1773336382
959388703
1595986542
1697383183
2134117086
1708483390
981437780
784898556
1379527401
401130387
1691944208
36341124
1455378007
1856115348
753792342
1479800953
1131998756
1788929993
441801878
1015536354
988918212
2017637492
713676477
1090186946
1028162566
1040437821
1473057537
508938203
2105967978
1394904464
1599713725
1731820712
206809520
1048216620
1281720247
193442958
609216362
115674380
978341514
1988743763
516804767
522802074
2025084887
1972182775
231433775
631393581
1304500080
1363432531
272839926
1746301958
231485237
1261758139
1616455803
945161714
204461437
497134721
1985599536
1677518974
1006072925
1944083866
924939791
458303002
1528420930
1131749311
1506519622
662657530
1325192269
2115735985
778331910
156050136
1956996100
1295136677
678852210
1834597340
1119835804
910285985
318507273
276852237
126234868
591347200
2023154195
357720105
1853105339
1492126350
1302881820
2057566776
1989261072
1140997708
1587602103
847850349
937597926
365058246
1306153351
318535208
1496807557
665189326
981192738
674516178
633441663
1759524648
830566314
442954115
907177678
1509418525
130067807
2027013482
272220862
448575081
156382071
398455731
1039922281
32052619
756175836
745543972
1524178969
2059057656
655627100
1365956393
1052571716
95745555
66323094
1990169642
460803801
1372476446
161221203
1957611358
2037665772
1142413941
484643889
523623787
754454942
1315210203
966577902
1661632620
677145080
1096645710
1541162454
949365943
1545220791
1697544526
1347821674
437659424
1729597145
2103997510
1183203396
1106292466
2015571519
1838830496
324765212
920659587
1934576052
391088306
763345582
247896205
1763564752
924566785
58023916
1653746876
2066980726
542667805
29887015
673952020
1857878008
996464918
188100992
387539441
2093110628
1729263447
1336905384
1490847771
1279324325
537243410
1928507195
861437822
493757272
964226943
1967730288
361845143
655573791
145011852
1282504731
442666195
536100159
2045850313
690562401
152181263
822933450
748586317
1805928140
742430528
1291254122
1835815155
1416382549
1001648482
684796425
1604483541
1389187923
630423405
1186263340
578609659
2121271176
318104017
1115853069
1902294723
1179541839
1609610342
719038018
999788480
1971455485
1374611810
1144800332
1106476568
1817278005
1680900491
1004843233
360356758
1833081755
1827776683
1108943075
1491526247
422723564
252713549
1179857754
1839106113
1254362032
1864654180
1296106006
496066307
347593937
334885699
1074675967
321381466
652989716
43045388
76192541
1832531556
1652655730
795230560
684836388
1476627568
22358722
1829636720
435620488
1839636727
1363053564
1440463722
52509838
1048651671
1120756757
1161452913
392694270
1543480321
1414166463
1572552024
1235102786
521044847
1289722556
383725145
1017111154
1637316494
718610844
2091787121
1958697960
1371600560
2134832510
2034890501
1056648468
1640004592
682637413
1741484856
969148512
704996135
1423637929
1404769001
397149215
639207845
697749075
449659053
1687859516
1818505832
1611111966
2080553786
1214502506
877794781
1505622162
302121644
1398839628
647861071
685846789
268467135
137693917
1404457633
212770608
2096391877
628574546
200119470
1983798730
1685223014
1840124063
518952496
1279224223
661788927
1223948631
555378504
2066557928
1621097846
1194586349
616823355
2070756899
734962217
287845540
1534385218
668032355
1502348046
264696351
26170869
1804469690
1663535980
674031940
342832832
1932003115
811725857
1747290465
2144773723
760634086
228381363
197409546
596949169
1913604378
2037533609
1115901665
1045344953
551838888
192366648
1600723457
470913169
1813464495
647826158
1087736524
1736737746
1382788375
1375582064
1123639316
2050820730
730446462
1388335668
2076991599
387432505
904388000
603539892
730265337
688907467
1415265749
330072154
686197542
28416188
558453518
883607088
625365357
324574248
773657049
1741267022
1369919201
1325495938
1933633670
823159010
1796409107
1599614517
1470985168
736661983
1188868616
706289895
2112244048
165024284
609626977
695206862
1553359952
539134928
1082639367
310264304
1142674820
1812904704
999171771
410456922
2142976859
1685369314
438873110
553946729
421492754
1064238467
878520977
1195149804
658021841
100956530
373162094
444171863
924115540
22087553
2043786381
247617060
758749536
1085171349
953906955
723509936
1250195633
1563533932
1418716799
656071938
2102668860
353872518
966336242
1097860033
19293575
1965508014
1508316955
14786786
1503393680
1947190065
568733515
1924886434
863944884
1447254492
972552590
1521966725
1548211022
1345714684
1966138588
324842914
1367802237
1862441321
572459974
2126551774
800129022
1526366929
702578062
2050324656
942417213
2121294861
558912946
897602425
327683732
1525249188
1995462458
346977307
1343273554
1356295765
361764093
699183586
1156002182
930497608
476586373
2019947066
230268452
1449138963
1394430143
1778479474
647370000
1213085084
2103322388
2015172237
928042757
528298714
1994240363
1728171780
2054665643
549334778
1631012788
849599208
523145991
42442086
1747201633
850829723
1567691274
1595180444
1197807030
763481181
803992561
1559571123
1462664767
1959994744
342585083
1939251140
1832458162
572853535
1240906456
1079404658
203849361
1888276456
145006094
159688101
1755965045
1073048851
687986815
1602721761
653736983
595168810
4572891
137266123
1444768018
527718882
179708209
1044486004
1378548606
1747399484
492182800
428871988
363397017
1296175361
1988443112
1826061784
1108686457
183544547
1617829277
793660972
756398083
711252085
1873065630
960247444
452044893
2018071724
1119935546
60526290
943636927
1807922361
1663248051
1597373911
255607524
1667820942
1734640034
1700375542
48056177
1914348244
597377898
1426604783
1514264080
1089560698
1855476771
1877661097
238252412
1696436235
1556239233
1346938869
1879980783
1026584862
2140599841
488895218
1737836947
1866181823
1449142662
42398192
1736769899
421594560
102924483
532923179
82033274
1766172534
2130297090
337640798
1286509829
1717453476
2038016340
1334566006
1484318072
487910591
613687141
851098504
1577471289
321680264
581275953
1815723701
2018116500
2137515187
1015178923
1750613635
1016616401
1008295116
92025205
606969701
726993292
1541167867
649367893
316279543
1962762428
752292376
849202722
2044795702
370981263
832016164
234952852
1657491092
401985993
125485544
844573450
1886304065
613396135
1458260591
589918922
43383777
1779940855
1171194875
1859107478
1650573707
1161226414
726802753
1253703694
30359168
1735097870
1345728899
637328869
314607514
739413119
1286696762
630887057
554691899
2038989139
1480089780
452003953
262486754
164622296
686956805
1919977846
566608289
812442349
617067648
305428707
1425838485
2075328239
895347629
1469222262
1707785446
2066542504
1180846092
1210875506
1080285271
1907648846
317095552
1110644439
1495263068
1662824452
1747973308
1809870582
254753923
887186422
293273991
809445822
778691913
1773363771
1261449775
1041178667
1937986068
1948406580
813672865
357110709
613365281
1430740513
662539416
2039203766
1358585104
1557887045
1360942380
918886903
1476945902
394304825
2129762409
409747525
154470023
299374313
1520391964
1649733091
1962198765
1120881624
1312120025
69469040
2008068046
1605394016
878914862
639276312
1231274140
2140364637
1680454979
1021776560
1941287569
346644197
1378887269
407169203
1777384710
2041426686
298889321
988486167
1451830083
1659831702
1907373070
781292337
2054136527
1889651831
1191039862
61122902
41542496
563948178
1710855993
2003741262
1684829802
875492370
2073210302
1545414201
333402738
804641517
37206865
1564676878
797522506
1717661844
438969790
591326428
2064306041
1817857060
998495631
1694207104
1711800098
1297384952
535209623
1016146533
809733006
295099045
1797438871
716385885
37267228
840995085
777508787
78809724
1404943264
340881132
2082550986
942289418
1216373502
2008277641
340219971
1549776241
665435510
377426836
966969471
1462958016
2095088681
1405939262
2054284444
2011911074
1076312674
905296427
1558634530
640629124
55197732
2093844153
1656775657
864930738
241459550
1306730880
1581316624
278726778
242318
211341763
357536503
1405185582
552222896
292603841
199991352
1768596398
153397834
540211324
1170888991
818833344
917638160
2137858463
134307713
865243193
1396314077
41108509
729670620
325143103
946404937
140821502
965772227
1001602669
87182008
475064236
1866533407
328641558
1781795117
1300366383
607368337
1782037435
1511708147
964904840
1039739369
2063931043
1257508681
1239730721
1685043793
1410906516
1779942045
708449137
82256212
550096558
698823952
216563925
1415339751
2095138029
257672435
2145010371
272797484
1204077372
138348226
1238569711
58196393
225530234
1713633947
1924729800
554171792
1347945416
1077612536
1161540129
982499203
441837035
2126444969
2022238572
358284430
1236470003
1114485646
2043328223
499892871
746944043
604293712
582149083
1297040601
1303117664
798713009
564896705
1250772045
1056385444
562423428
1523569529
112979168
700771654
614655592
171175561
926301888
180805892
2095905361
1480473681
1528751308
1026034249
494530162
363766864
1467871284
473491484
238521788
1826155714
1709961487
1353007434
1722000290
62370710
2099951478
178810354
644519793
1249508431
1481928019
1443232802
1814405136
585216416
352134598
229344917
2108785946
465113766
930116571
575957890
636289327
1856418460
756763782
584711041
1189408493
138031443
1610745290
1683938655
501798307
931132927
9946491
740320095
609804993
1719907978
2093327530
184321635
1782278688
2045795360
363131990
279314834
1147820143
1845060009
1722547636
814741632
282792777
2074682235
1044086549
244095075
392312353
1974203120
820052966
1028601681
1683137932
1576816748
1613312722
725062777
1714848191
1076574364
261517785
69162850
2007707291
271464276
809482946
470028637
1991372255
755326828
654350272
1626167295
653638540
1017482262
1905482129
1801458683
715058623
1480546118
468716667
997851401
1407744705
1512803216
1241946476
1800057058
1339522689
2061999442
681175091
875176973
1491332543
147004165
1600239751
1058697086
1223578530
1861757536
1127859937
1083802173
2133221812
1937342883
1553830810
1977110419
545186063
60697435
1455794067
1198824603
1078179697
1213792548
852799638
1793238321
546855018
1321516306
643606074
1954599723
686835874
1885552550
1607173134
2026358563
1800068345
140864577
754051889
1143917240
287868743
206807992
55130678
1511447273
2068565528
1182990615
447765798
2054303692
972849850
2001596609
1883930464
1518035913
2062294044
1192240883
569376868
992990093
258549783
1422176507
638744766
805404802
596209165
1282350840
612520877
1283045039
1020419743
72210363
1161919955
673004440
213074941
1915971844
1816921680
500943684
2122779836
1872052358
2012390957
2043861716
907559326
312673107
1950681760
1880409176
166786068
1687128576
1250961442
81596464
731885811
1820338310
1074586558
990435595
1095031169
1713331324
1795840397
1691240334
848198517
260877626
826801726
1868618260
333087990
1988721681
394139052
546162931
1757209877
63577084
1047106615
1732506065
1935629442
912013924
1628884133
695705120
1224687031
1432082245
428630649
1391473100
971727174
1679592091
1473069564
1703612985
1352446753
400172474
546564932
299994275
2113503799
194921681
1991234609
814218668
455799308
670552687
535353280
788887298
511790720
929492332
1335050229
121516949
993069416
234673196
1854023014
781215210
1146687120
1335423499
1476920331
223890503
620022097
1905550980
1615363603
1591749271
1437659423
940949520
1147878608
642622528
1341121994
1694443541
942616803
1307142145
1889365222
786367765
2121360813
197680882
1456920452
509230445
986568180
1968711173
1438722777
174134761
2090228122
284308545
408807957
1796767489
1065523756
1555495077
984707340
394960439
1779385581
1604729437
153027771
1247265536
1048995060
1590687194
40731408
49390021
85826074
1381853403
1743833562
1028442878
541511900
1485715136
1814810643
515389066
1683396019
1124247447
1024619511
522480551
945474972
315858641
696615313
888219447
600167186
1105423270
537503288
1665690942
513434700
1522210628
2060651381
145336633
979456418
66195504
1392602169
2028451478
1656882698
1433333578
2077841499
1742708773
667703333
1674191413
623668003
1209215233
1012422902
290994998
1724604299
548335273
1415242445
601740163
1070815824
213233770
917598804
1767431137
1101453217
1517765990
725370760
1638956505
1035973285
1238805460
1013683485
949141018
1384142093
1993139903
1015336523
629260614
1874107734
524735573
2062594192
1804465585
119960698
582813877
1331173351
743628701
1792029111
196112605
1034623699
1369149762
744447878
302382497
1970889925
1815263702
515616267
741005081
1435211192
1617069484
111287424
13098304
1108542341
1147260709
1251903764
2122225826
2096401727
488562209
1967882082
964254602
1117822823
1694506168
1488990176
1032933368
1351488105
1608950874
1615747245
535177808
205095928
1260292708
731290413
1239719627
481958823
1475738291
1542102124
305365100
1143518346
2057718391
1046370182
431245890
1527304227
1157657606
444344194
488362920
157434667
1696247958
463105099
106352746
37326519
283503533
1070607349
1155149342
1978009701
412113877
40599062
1182014158
2021064751
1656346308
1717191967
78677031
769155368
300998732
1318396659
1251114191
1776737024
713015135
1556479292
772771722
623249879
455365826
1204017612
3070458
1613023432
1648361806
491433379
1770458099
1197126116
954538478
1876810845
1234452635
1238042011
799934546
242118329
1068568064
1212048423
282717392
103098574
1085629527
1939063700
1820290541
1164306558
560735420
2121289274
335219569
1811849612
1750542650
1048234705
1220845256
375830724
1671484584
1676211082
1579848336
1674555042
1141750866
1080726494
18504773
764725317
130368962
973043251
494052514
1364821597
63601614
1293987061
1606939926
1132169678
358551836
1889657318
1235268253
1444181363
1681237370
908075146
461004274
94489143
881880772
796223843
1906338755
484939774
1844458548
979700363
860770498
1368459484
508427797
293135186
895530879
1650178663
1373861680
914035652
267420332
1504230642
1887078904
761472846
721568591
1950680518
2055459907
181024870
935366549
266528096
2070682188
23151154
1710709459
1604435911
931226300
24230085
1698925054
1813107073
820453929
1457780161
150563199
517428829
289996876
1011333698
1885888314
798424673
1304468884
633935545
301119688
530846917
1547971197
568540020
2035077559
1287566453
1330012866
609162503
1090763324
1237989126
790187373
2026129873
1504517222
713385913
2049281027
1067743033
170338176
833023679
1091973119
1869263230
498647104
1912427048
1179559743
649210304
282372229
1469556619
1660544002
20776895
120497644
817529238
654712440
421617332
1348376155
55199990
990157352
1235970067
1342766443
172686571
1845132570
286046119
1410675697
487836295
164692344
767709271
1201222208
66489723
1835452304
1371560385
899513403
779941775
1093339967
1398160507
544885175
125416063
2047370811
827257405
1594972682
1560431165
848034300
1715470327
230476756
1502746741
2137087659
1578852911
1557946731
979761364
667339330
753229526
1152447935
364988252
1039275646
415639984
852824547
1203967990
1183349255
2054046756
1270457714
871317911
1278123493
22487469
1651259687
223979812
1420647976
48661214
349395875
1320535140
875918619
1944368558
733482657
1723952920
1512355237
963959413
1079216013
1501959248
395328677
489679096
334236964
1062668007
1242908622
1486684899
1427656260
134700620
1902324883
132997159
1338668611
938190490
39560267
461642677
1809508402
1317683760
484130146
1313284441
1541663573
1904778122
1361945655
1891059448
1077829614
90380627
1687944358
1811312272
1814333547
1052815947
627788037
746065912
407291548
1023116714
1235745008
741528512
2085784722
331169982
80729764
1365957334
465870603
1983054647
1498954493
1804539214
773761490
1538514761
118698243
435786244
708714873
602828389
1749070685
102894798
360122863
963532692
1993954247
1437952478
1053913319
1534414957
1101781102
720763218
439747257
1729569139
1466829130
847038805
605202206
555090490
1588567317
543503280
886260473
1669297081
1909460614
1352131076
1504868081
1260931459
1009186642
131145923
651962572
1127884885
566932167
1360677446
1730713274
168519204
1463572244
2090836137
1132051896
1310042843
1381304967
38481568
696974153
335602421
759244786
1136721410
2065171561
78590269
1983760215
522890119
633680759
1424843884
1066393399
1519941232
946657318
828370365
724588660
304041751
2089301824
1733775302
435187674
593780749
714176539
1002119841
1954458195
297406165
1170639045
1270546791
240758655
155207293
433105987
1622063622
193688861
1130080140
1957666044
952933648
119317902
1875353957
1031523917
2103078117
250760428
1665204676
1380438353
1317153827
1037662261
179612023
2145524192
1762250921
483653774
2087342368
1348542576
918841448
533639469
2062719115
1920961289
340614016
212641633
944116686
1611160808
453400288
1099323980
2044266795
2075463910
1293012841
1026863287
1885646306
98462841
1146181189
1613516615
1129986758
1101775658
1864277043
647707787
334730363
1033947222
1685370048
514342387
1031987766
1300137321
997996161
971846487
501196249
1916837610
1505485956
416431717
1690315251
1846099973
629073350
486948290
1309777133
1082473638
1586272270
1206560280
1010453900
731801463
85939919
748616559
830264305
1232121108
214649526
1960251063
186413118
2078926570
460475202
521143481
965390144
2145845250
1035485868
1997377911
1298498924
2033482030
821740750
1799695173
1802835992
179743058
68643242
1345667595
2025843031
697716592
1832615885
1188136516
1780190230
1271404507
247213148
643160483
2003205971
333153067
1391777042
685986628
1565274175
1606426568
498754043
1751687293
1537869490
959229246
125347127
355775987
957590848
1160832995
205670250
108606124
1046831377
1027411000
1908301298
702183721
1207154058
1976944540
2047851317
1085513442
527177485
1732983554
126166310
159884067
856904414
373379459
803044550
712626737
706532526
47337944
1398613365
124323054
1653764513
1897367408
1876010347
1044150355
709113006
2001357474
1399926342
1666703855
1014706822
1605596592
1775309979
2061538199
485523944
1536127629
616238273
1692678003
1365588522
516605942
630707797
1892766007
102105848
756874107
2052650074
959010262
1130253566
708210977
1671636999
1836786093
755548921
922766716
1961109147
261829786
672650477
1689635846
1305980142
1381763483
1543509673
558422836
900983690
410732847
16535781
528810022
324787398
502059725
2064937651
941025671
47254080
1283042525
1457631613
677961877
1028324884
1559737462
1434835985
933491311
371264076
417605903
1641702288
2042901076
106908348
249767561
818184144
2068017495
511597348
1490834621
1610169694
1817577490
725114457
1006195719
228516678
1626098147
1416928566
245052459
7424521
1741715964
747112185
2072362173
535257988
794366265
1207921050
1992889601
1472328143
88762287
1405143415
759680480
1022253598
1776407492
1177286383
516472238
1671824920
1284194732
766239799
342525416
1204728579
1277837147
1833360038
667414625
947930989
410990847
1673610344
1176447668
2037088994
943055262
1421500127
2044513516
537287579
21128664
1969392041
1072545567
815494930
1029829443
917951520
140339425
1118591730
175611288
900019905
2140845328
1952018780
2077306288
509833918
1476360052
1214017372
1276073718
1818885468
271262304
406427217
1504761858
938676929
1354358207
1915752705
464803626
383322227
1805358052
1407858888
1804822354
1702387920
1945146467
1825951019
1524296313
870208386
493962301
406642108
1788159907
634301726
1525233839
1963771195
1534321631
1518595519
1768306327
1464144271
2028429438
1097182731
530677996
1157019508
768584551
801940300
1563446725
125862762
1740617229
770321284
2041615467
57937207
1153643511
1699489871
1465796096
810982218
1254394143
1263458915
489449589
631206808
2133667302
983411890
1037848917
1774343561
1617713616
415599108
1590631108
1004551599
1934194627
1211453787
321212222
1815140417
161152870
851890218
824676277
929737421
1653830518
240639355
1055600183
1246964100
1010960639
949732003
1304901307
17120503
501738226
623213755
828102721
1756132370
1886672671
1317552310
239855530
1872856325
153480552
1277704447
1499716238
1771194168
1693303555
942863698
628262119
1480014535
6833837
949474341
1147671304
167986707
1801364560
1972347582
1097724128
1307711430
65503289
5840664
407191882
1076463928
955572667
1712093190
1093584431
1457310893
187823297
1921687152
1065959615
2074495968
1091755814
1305815146
1799868645
1245236366
436035945
1152101235
868946886
2129339501
2094964933
1497209005
1461870388
2101798770
299199699
462058044
122301829
2100564259
286921978
1220025958
1260792041
352425267
1225866622
1667983924
1428889196
33955641
1232593466
374989979
1491266534
1420416763
149193484
409742502
1347429084
1240949298
1715557648
999814081
338702017
4109945
4431669
1207648903
2133449446
2099396602
557374261
1447836186
2053711725
856573960
1909894231
28529906
809654571
49332561
1248555864
2070446612
401757829
326938838
1590946888
1830647025
360894479
676056706
58153356
1852161014
2096473470
207346840
114419868
1296418906
1448296139
1829977516
148749339
1786998156
1834087461
153181008
847163411
1820053260
105093963
1404537672
1120405798
11322040
113627984
882816381
39851946
923282555
932148943
1288407811
846245520
1333906772
1615346649
289708760
1017070149
1976241129
965765467
1075223505
1680918495
914755289
1282570346
1795338363
63690547
583382837
1477832231
212439886
222897345
1164436044
365620895
1070060756
837005656
470714858
327114781
1957411455
482036898
440742765
692744188
521888844
1364025321
1624893131
1810296655
62787193
811316255
1278159657
352495953
1828386404
1106917138
1318261420
756126262
640351985
85533061
2038696608
288206700
149223608
474595797
1766038931
361663495
697493142
782991327
727284390
1767553898
1619996984
1197999248
2094668679
1429924791
1680036146
387927797
2122668979
54441342
1751953118
1600078463
1864737998
1814740311
263911070
995414007
19752616
2092297475
2102331145
1338014037
700940089
595199482
1423547098
592153049
883406182
1572770707
1066748846
501961465
1934434202
1764241988
1284952792
514234944
1384312238
757466128
1712234192
1331497270
39907271
1244786690
1719425067
15092603
1299228032
1323894537
1615171066
1016482382
991151200
1879082136
2011896389
1010903816
1823895963
1966743886
201434205
377352404
414459720
1624981304
969505453
1297865902
1050268363
2036254299
1799827367
837218917
1653012639
937296512
1351453861
889841230
1694762640
916204405
73854852
1734669912
13507447
1793279919
1749762515
1312735479
969690808
1217449933
181734214
1960842008
949048421
46146955
824262176
625460737
2012890842
1025696382
1002813141
279866914
503194038
1972318595
1577732817
1553462401
1861089246
1230076536
243197670
1366618238
19889400
1594651531
108975820
1714652041
363372288
182830672
1301838305
376879735
1976110591
904117172
1689615214
798317751
2121567105
1871349428
611676111
923131878
1917496384
1435938287
1548592615
1782903578
314151021
403922109
2062770492
817345059
228757056
1493019661
223323812
2089846302
575612550
466521482
1308980892
595501950
2061173013
1417956712
162670343
277061653
1600787384
1464508648
653941388
1429414327
221142172
196072955
80248430
195225629
2067422383
691924541
1118357508
1837435119
2127862829
519466475
1472855049
294530202
923388584
1388141894
1111875262
1152145640
733677907
1335199074
1094508295
1309290457
1801720557
256005539
1904792408
1715409922
1673962252
2067462751
1992471576
1127265988
1384487752
498929316
409196668
1605629924
695002271
489445098
1800855554
614941007
1181369640
771729414
304892478
1161748821
1291195889
1777747528
1456279023
67100826
1018405774
420670637
1219246466
1752083681
1755869712
166271113
913890491
1410106621
422276653
671199251
978032895
2096238905
591178354
823020823
1076021245
1975666106
1321950140
1485217913
1433812383
2016952411
1974663012
1087184289
484409770
1008549004
1858913703
789302249
22814177
1002625944
419566129
1479093200
1069726770
1437971903
1899763838
141489589
1042571936
1508149902
307760702
1956462427
770772875
730037355
480178030
1748805770
678792612
1071356385
424342946
1754813858
899538843
1746293086
1092548123
185867578
1615761849
919727487
1273051867
2100171620
1928276491
984481922
741990221
1951090668
1987107867
1161556350
1282700221
909350989
452044605
1034980411
1050840578
1494616541
395646665
1358601281
1303595321
1166419540
2088638636
1783773351
767741662
619947601
707646088
1192084608
227277811
1607184932
790894046
1319825934
1793052510
259172248
92069774
918620730
211860220
2020346265
1903102652
953850441
1823953286
1742726871
2115406791
959169859
504594213
419967748
1994150270
1555434791
1914584289
242313287
766552424
1070695962
1408732827
707707413
706985666
28990841
1327655014
1414631754
1221075450
1554932825
874333038
2011969496
727275111
519901901
123658096
819344885
1438522631
335518316
692207503
1194141635
1289368757
368677141
789384859
1257291900
1327847000
1293979072
1677259648
1174513622
701930215
1444360290
1416826909
1468482640
367572604
678076088
28706405
1074558270
707066929
1356361419
341706377
1928142379
763810596
1216039415
1792628228
1491085707
1735941316
1916286324
162946945
1026980299
104320993
855154448
73638287
1393689750
1223831589
863023146
503498003
404194941
9518570
33274003
1578708563
711448785
1477634293
848051824
32447777
1845206898
1526127912
61154182
772281520
85711193
1417515601
1113987897
2013853573
33842549
182543665
1658998153
1524928257
1918484981
1427800829
1687875202
797981633
1532121822
395546002
871619920
778327925
1619377591
1734643066
1281825928
2023572532
1744161636
1315099931
1454797447
308126773
645250577
155365623
340574551
342973827
1681493535
401728733
1115255347
1767204728
1819244335
81759597
1633574653
1853086884
264303262
1145089158
1230531493
35304595
425406340
770923047
833286228
1957528162
1166469049
1704906148
588372439
638362992
1292065566
1870198367
514451876
888743554
1037814651
1969249323
1196870328
1683065228
2124614946
1537444879
2026039055
1658624833
1939173612
993810754
1278345914
1610934299
1075570351
764436919
1316537536
1339873613
1909526078
399585381
1375178209
187448770
1170508429
60980789
2144976932
189493830
1765886938
585865724
827856823
910468856
308580443
1342308699
1799212411
1346395094
1164074375
848599091
881976674
1141205673
238560322
760532081
652346859
30250286
1754342836
1930692773
1641184586
682429539
547646044
810238474
2022303153
309688474
1209823855
1249997714
497137244
232848636
1310978503
494630529
422342467
929381793
1080496253
1250199290
1839850650
1389076696
445024341
1491579413
587988143
1609098716
192694856
1469964817
602820742
431255178
83013251
1255167601
461505464
1837356087
1038376726
2102690050
372301978
1586022770
765444876
247121483
1895711245
1975268732
1497119197
245364841
60633720
660614053
739995370
482976187
1589995846
1820491623
1733175477
1282362848
1062084672
30716171
626458613
1650072815
1639814887
819153469
972553984
95151981
1250408647
1055567235
1350319582
1711914112
745439674
241212660
1667120514
1117741653
1827235431
285081743
1364863136
1575463028
112866827
714498686
1820827869
173500547
1375112739
413339592
656476735
817624937
86347567
242168564
2099987786
1148432239
272884735
578962751
651021406
1912699623
1398116221
1623575391
2007851604
501041220
531658978
1210687539
65471684
1277098653
1451900199
1732592199
247356658
1131651982
2017673942
1612219794
559631362
2130540769
179234832
232975584
156557668
1554347571
646315176
813034403
224488861
732662743
1055202968
176992999
1881094983
1328087703
755955750
384632741
1093303678
6588323
2008208132
953671635
507629544
392383463
16875526
573101228
1669482116
1468775725
158209779
1916838774
452944060
28400073
1381574920
1012575422
11457194
1560809753
1245551006
168014863
967673676
1891866182
981049266
1192162537
477045278
2036252234
1369155536
210656613
1216856290
2125111287
595289354
162676320
2131699610
456013839
1116347955
491845506
848397302
1133223481
1064946735
370395770
454515559
1223156514
139750896
907459619
1251556588
1521325816
1920035041
1263013782
934651921
1018102400
1431028645
1902325598
762484934
264594264
947004487
1239530212
153362850
168676376
1450186825
1370219140
146304015
2045476180
1532895461
130519977
354006371
501759768
622365484
1202403673
1634983250
1687312219
1572799443
2089498809
762985085
1712550339
849474780
2014541673
1086392507
622026173
1130071808
2021044429
1640128573
413616805
1775886379
255129860
678211069
575407218
1494660072
831573920
744083594
797363250
54309412
890387609
695355782
1587204873
1020907587
1049362153
2088964642
1643273071
104282178
1576464244
1183101642
1677081621
1518479405
1946086727
1242148312
220470537
1813144753
181057171
842496710
795732913
54617952
335141636
1209349718
1830504331
590271496
1887560788
258427902
2084931568
571651060
1002511496
734811170
625960472
1892899106
1430166952
65681698
766323045
332045457
7162692
262112468
436327635
1583626936
1445214110
2113409256
954622693
1243817189
1208073920
1175093230
909478294
1389131092
2017589940
1705211207
1443749044
205247928
767077278
1126769728
795519424
507154418
1385197630
732967345
1078805478
240225478
1467778515
1704765950
2133124584
750461820
1770447648
751963981
1082507277
1777610340
1014076449
1518834913
1213753628
311806911
1484760521
20892673
1555624101
545350794
1195985903
317618747
1934481886
1066092196
2022829955
1230747282
1271340124
642423585
210033362
2066859549
1149578003
1595230992
652343246
80899833
1835456471
2120121761
1785665783
1821097407
723099933
1408629784
425577741
1805607211
1038756476
1439654190
1176958476
105026457
1751461102
514235349
125919130
1159601555
1059586143
1321905034
1477220302
846584381
240513582
1352566609
2077331664
1511853706
1994990194
139881378
1431229607
997084549
1735112371
2083572853
1077984382
1423085194
2056210967
716166518
1096698953
631827252
2124796302
1522276694
289950815
1016069130
814447237
1466909291
1121095587
418424691
1981144641
1247014718
1578026246
893247136
421436104
907762900
1739831518
661949686
112845862
1669679534
26319744
2107836056
1809560912
1457549352
957436958
1397189635
1393638557
2035421340
672791181
1302365876
604104210
1769490135
1934193129
581416864
1144283181
76660296
1597485995
1958730418
1543569588
571097934
229671461
1377230581
1818112652
1807697707
122994069
92065108
567976960
1862825587
754014794
680822822
1385021473
780334539
641175230
1047098738
90400243
1598612188
296804725
1484038800
1486549881
969595907
638921029
2090654091
591602394
425630510
524587308
1735885575
502290806
2122073303
1547132346
2045860394
545687589
1776803807
1275607327
216316594
1437017867
1398601397
308381702
2004994827
1113943336
1062396497
538334001
351481162
1842731036
1179509231
1398579900
1933131279
630637772
1695384625
1269686431
2117187653
517496884
1908607460
2060358096
1109099278
186754322
437461756
697501206
689045129
412051411
97149904
587421875
957739001
1873953711
1863029203
1174055595
1163487930
1114146952
1482437297
1020999109
80606640
397350146
1559333110
432087802
92597534
591358694
1830667702
2025728813
1221996466
1378568680
1147931597
1191700471
1896065564
909055409
1104574919
857681195
1095809732
1542036676
1555182401
1784854861
1954088087
1652332305
224793088
764343440
1378802368
2087822291
1938399035
394806651
1054485595
1273352685
1415805760
1135092236
1670702831
827655223
1567180038
1763300366
1419013917
1250364093
1641545531
493526735
481449125
641993480
1685227206
230031041
1551048890
642318477
1087712236
499374974
36871505
495410989
136746187
1990959593
259646
361539275
607819385
1379062015
301877919
398734773
1773868666
1356363514
1672087458
1042190778
343972102
1195306641
1869846001
1911152141
811123359
1141376270
1014032586
305185243
1634903005
1495481711
947178723
1172646563
1725512752
350743965
1814965041
665741341
850118939
1851836546
1161152330
986865126
1695312491
1161411977
1348404402
155648229
392990344
1650282321
554383002
19375362
859162187
78986812
1061566140
1203134290
1274293453
783928494
966802783
2085416813
1925304764
1980835369
243118408
1412724122
1328833432
1190297131
437887037
906862536
1541041097
105368430
1572603877
243676388
1957204977
586272560
1230541515
1505033820
1747684537
431462269
1660682049
2140674881
2081744590
67581403
12566595
793423129
146568215
1074132735
1996557419
1420861669
1858061229
815876554
1358794834
1635882346
649228275
1601913242
901122820
1978061707
644726725
1339009857
737440596
38284174
1444378288
162560825
281960563
1254099617
748833385
1512502078
611649789
349034274
1943964347
124848191
342225507
1878225289
192429594
354792102
524164770
338997810
1428924838
373238542
1759859479
1139502419
1189115096
971170665
627901117
1838343372
425600259
1529023937
1668921431
1070326984
720550147
258878379
1108611159
17444787
421439205
1390571722
1271544404
1170272590
755590152
1883194193
1519306865
552070851
2008042384
1861532372
282812492
52988331
68840827
806977262
391986141
1497765665
1180215804
4361972
489784436
221847253
975532637
1117685554
2060190625
1401132896
499225843
1581628408
323976232
1219775990
1840506788
1432587391
1237220777
114462345
675675465
361281533
1284734935
1431265617
96992079
656558152
1983336468
2105034463
370606877
118665312
10539146
439447704
925642575
402525287
1937213369
2105858379
406887259
279514157
180221984
1382419896
1397199711
92928961
636069144
1896425555
1674557370
960045377
968717897
1367580510
245149120
58455027
1482042855
920824586
419736560
619294142
204606555
516728639
1275852295
40459376
474279455
1646459172
159124688
484818601
2085906876
1084767263
887343889
1875636597
1043141995
1294231148
7667106
1223363979
529167397
1404866818
1316292941
1165236541
1153808725
843366663
2125281918
2122526622
63463525
222947391
33498001
1545506380
1143771977
453234562
17316874
1348378532
969963201
1293169169
1388837908
1444242656
792144693
1547962597
1929061258
730567921
485246212
668921499
458720870
1528388207
1963152647
466387977
604268539
344836396
1871254795
1920561480
1510072938
877579872
616444495
1487871208
852622846
679908020
1710818599
886120848
77930752
707106928
1339355410
95247626
2055485461
161834963
1388416796
1296839721
1606077620
33077841
697318670
1387655230
763645763
1182564883
2056576729
1222366633
563469442
1872245728
1688754610
1167737981
69598477
1412525757
940815813
1579671415
142621981
1557260308
920058975
995244828
89684680
483393927
1881365676
167615432
1190500855
1073237438
262863059
1098502668
1235072401
1651279855
247858742
693666373
1684357696
945177412
2081321603
300519811
2127742295
1990414684
1522886445
543728090
1715176765
1064157407
1711466071
1784775242
329199517
504798237
1216963009
471821498
2062058545
2137021984
1467066326
4259578
472932263
1200948354
171875010
1663433119
126702144
434738069
614452139
1361774546
2086017924
862310881
2055440919
1622891973
1807488294
1989278875
1923411784
1787746941
1832209911
1298814581
183991383
1399903028
215488341
1895457455
1037194622
544687858
252772044
106673983
1016509356
167346941
96212320
336092035
171606519
569144583
1537040389
343481530
85094054
1663742534
778219599
699546194
878033432
716753876
1561857075
785990703
192162201
1221861721
627785930
2115573985
862125015
312512194
1266904919
1046116398
1712415222
1482393260
794090205
602126197
2027081118
1046862249
708800180
896106826
1214209191
805012500
1232198861
1385815710
1374157084
621755603
1729297240
1459251138
138014489
360033192
11313684
1016047921
1076787068
1573170760
1802038624
1268949269
647548833
282340907
1237039606
1509673848
594853101
356460877
408306599
159784675
1838854137
1202396804
761910872
1718451607
101775406
1470711053
467074786
1315984597
128239905
1699273647
554316659
1502396989
173545602
136130252
814164480
311560091
496163444
825478164
1327608012
1572950512
251165276
982162989
694416133
898714110
1264503896
1931455739
260904310
1859356997
140432969
669210909
2019141672
1979287106
1871607714
633568897
1550255066
1973383120
2104279950
2017329852
1141884069
85036207
1569119851
1696200728
1587433197
1742665454
1832330980
254114029
2054225545
181010776
1079592193
1234349910
1753961288
1330757470
69029251
300893773
81987932
1333533147
84865865
342892242
1045406496
225298834
1012103152
917064520
57102292
736227218
1550633417
1607357358
562126690
1507429719
1477203562
1704010759
1592465927
898839766
1252727839
1032415476
494021572
937575172
1286529505
400763469
1118585948
218638050
1635113379
725063589
1549395520
1704142630
1025957362
1631383452
890192129
1110823227
1974275695
1935598625
1336122061
838895199
705179498
1393224354
1575122417
108329267
853098064
2137249107
1615758987
182817979
1693776218
1060741266
1081657745
799020409
2093156742
1575679317
1736595581
1232202599
1976442786
707697882
1450840649
1464072518
1432761471
852752522
1020731500
311235185
336652326
1910923630
1422058413
163444373
1699038607
610696826
1002339572
256734457
2003921180
429978341
365063725
709535597
419743800
1980822712
892353576
2113520018
894080330
1974011321
765056780
839753424
1402206990
354168713
2071956023
1231166128
1061866595
1375313024
547754998
347144418
80581898
1568486499
658379604
417234225
1331926481
2080438017
580678598
883481440
543651195
1583018171
1140215898
400088728
2012996512
1505279623
1109624325
285256665
1338618687
2001977901
251293035
85215369
1828505574
1016349815
924968793
1083228916
1370518529
849441168
166911396
284901476
77270544
714666395
632045895
157852443
135669246
1290425499
575086668
1467595727
1223379868
1155765266
203593519
1767031063
591299789
1343809417
19636143
456812654
701605392
1129260468
742069319
2040224079
983754721
993362354
2125439448
664776647
2009712170
902924593
1748005563
1232747051
1752365761
1914916960
1517648527
1829636306
482099707
2210774
1987488749
617768953
1292636273
415091769
2085364680
368532493
1570857035
141474551
2135563557
14673177
1485283969
7716052
471485831
39405713
1136976521
1213555150
2079629793
2120731242
59433856
2057585593
638024242
2069146026
813026539
238546157
1154409429
417908652
5979469
524574309
100061310
488079176
526785083
2087550059
1105848129
1819421357
355158180
1043729161
40470202
1926015216
1185203713
28550111
1940688393
523004034
36266164
264690576
562409747
1173242685
1478245726
494555892
1146490279
1537679582
404657838
1784514521
1459341961
1217684377
2023060679
466267742
1635593029
2029040148
990842051
1735654340
369635677
1517627135
1675720751
1475483806
1189564844
2030878932
371729320
1230035046
1809410500
1556933033
1258585158
1602615245
2079937067
1294851322
1867305821
494863166
320610359
1198067899
989419059
1467100638
588263833
1394076897
1104131512
2047605794
464277626
979708543
366389889
2099870655
861265043
1357231940
1688041347
1230900720
727375427
1216278451
558900879
1916940271
1099673735
930630199
999491670
761600587
340079584
110593180
216732184
272533003
1405444502
2084038005
767396169
1726054861
1134622256
1756815228
1045671851
1722886089
1003408477
2319715
1623008236
1467686103
982028258
1989398125
1420073111
1843293302
1199146417
960630810
926710374
1926521845
29425613
1485611253
1695978468
1129099348
268757804
547986490
1890699935
608837388
658579670
2107432119
881370391
2064024172
2043986476
1648766561
1642595385
1031125084
1258098141
540783589
606527526
114022971
543103304
82052114
1581709074
1525131563
2071450239
854298537
1220941217
1123113008
1814929348
167943
902151205
1844354961
1485779197
450646026
825970662
1754537001
998632516
569186949
215890742
1657212187
529135421
1097261133
1573752711
425638249
598544046
1068864449
1456763334
1856642188
1609648038
2063290860
1970665159
5267694
2145342974
1404890585
1530399257
2069309565
111705475
603856826
1044938925
1926634823
604024770
1947090131
1623506136
2089803967
250252509
301993150
1696857320
1248885025
871180100
1912748062
758613564
1400315521
862525548
184882628
1825953770
1461069594
1253747077
1135233456
1170228134
715911467
1051040668
993409645
721179161
1048899994
250816583
104094771
970725911
362522058
707951597
2015664837
141673233
1311976367
1815271320
1765179369
1254296686
2065523829
2067172520
803670359
1166925206
790868972
568934773
1925538771
43700845
1431460321
2110421399
1869654615
745046268
1216684828
857404424
1915274402
1932596295
1908445092
761200400
506291808
809861439
1012016983
610386579
1780587350
1374539041
1318338177
1648768539
1516212274
482830896
1316556211
1133907995
1737127583
1234596392
1053596867
393314294
254037951
1844465839
962249067
32093074
1888166684
246225741
2142514473
1610337652
991272009
1211715653
320258428
759062763
996828300
81219872
1520263163
1503120108
891081311
384796498
2113506688
524185014
1759335539
1284361217
25469905
1128064165
1767192113
1342026117
114488513
1356836048
429138861
1168085380
1750150342
683176812
865067572
564915762
715269886
605750608
811141503
710300711
68604612
1802413512
1922016364
388863040
413992627
771361016
470082913
1934255791
126997477
1361164224
171568641
93020517
1885349238
1930904181
1377381734
1910819144
911484698
997090199
1105361613
1025973211
206442600
1534500474
46574944
1956592942
70193639
911642516
374025056
785463525
1517393124
1185166559
1495764237
1585997737
840096423
1270296953
1974860777
1254089051
2041657970
297460042
1040861194
21171799
1658624267
1212429835
114192316
1396489857
995850368
1491574050
1159825353
1907335067
341180601
117703318
785824630
547623201
1652203793
832399574
356732496
1722397432
1744042090
730757552
360377309
1113951567
1915924112
1856141546
552465656
608536887
978954852
379842785
1862625938
873129174
677302828
756003484
894300973
188443447
1968433320
1008493289
1584933304
816800040
352583691
597275010
576651459
693764292
714978328
1362476090
1241387494
219698473
47392016
1598119990
1942095905
1791434107
181393894
154989567
757902026
2097318006
2011131113
1310367682
558371246
842602317
1690210467
273513536
1715731491
220029647
1029517021
462548816
408473094
850466693
1471042105
1993406399
1667266733
1823625796
443197761
96434545
369906441
1158176089
1458910635
1611293935
1377874563
1506302651
1061930277
1172486820
1150253110
1243324171
1327476387
1908155136
1193158530
1191123853
1071039170
1751529776
2033726170
613765990
2025043312
1601974014
833795637
907076685
2064522830
1242268732
1757543378
1388081288
1088191483
1277326464
1064223436
1531389244
1373761009
1434129877
542081685
685187996
897940164
1919956248
44006999
1959870441
944959421
1194260110
1055710965
124952160
954931598
101385847
1316076013
2025970769
1852915623
1202318536
492253111
1730475287
656808902
1326048748
490068325
573848084
420833832
100128055
1961929372
1509025315
1377454519
878669161
892930911
603731880
165315390
1435012597
1288919876
1063255555
1207485197
1332926876
875642348
4960970
379703338
1931353313
129913131
1334634936
2032739160
1445989144
1213122057
1738171135
500824032
1705375168
1321162775
1157632934
883940269
1811231100
1731481019
1304774101
1911359155
1545926743
666315769
1141330027
277112256
1559246680
1745061907
442427647
846775629
886498136
1505683202
2054260827
71941364
233841902
2059221797
451644702
17711568
41651280
1786279638
2050450728
1487640425
851918048
1641138216
1988464457
409809568
814817343
998613744
1293749837
478564795
582611115
451040291
242440302
2128537858
1117356060
1383770329
258166467
529119092
981348589
700594114
1375894722
1867846725
58793668
1282671901
1939788089
292635570
1194410050
243949143
310347138
1236061331
2030228781
213314219
576218108
734663181
1854452435
417198917
1144472750
521786130
1415812661
290738939
1000350925
1998423776
741779230
1242791227
1979477987
1859135290
479077909
90160806
240770735
1460426498
790754920
1616665457
1180789575
849548588
751853710
973094016
1142184158
1946263760
1217043159
1452531297
1034841443
1099788292
1665845516
1611059551
1834451474
1372814303
2028258469
831440576
1894600433
1296587482
1122179515
747467710
1147527611
1863958746
1990258937
979521950
1575610388
321853198
1069682756
1816381123
1782279696
1860437676
1285562932
815585623
562502616
2037416642
1788679639
1704686774
1836196755
858239150
1009734423
723554550
1958027443
528096291
187130454
1644995269
1900910594
67905275
328952197
1648027379
1364492757
1451131712
248011441
364536720
1167606810
90786731
1344058670
595733551
412639929
266257778
264631026
47435978
2126695454
1550193959
863021601
541714422
1440126953
504217593
98917549
1128840060
1362456743
1108651972
1852394611
1173000538
1636748264
2039525065
670512159
1390175210
2107430340
999464356
890718942
1324439449
303112421
1138730383
1688976170
1470719231
1229517114
885551192
2066452782
1642157044
1151808971
183600161
1689593022
1131020777
1733794120
405130975
1672735200
1026437425
909348568
1771652749
7793838
124321664
732821073
1860188449
1297322202
222085689
1752229866
1967834362
1612260900
1712176558
819815070
355496194
889132359
1122927491
1494226577
430624881
446163075
576260044
1316176074
365132209
70933440
320501397
548732370
1760526462
1451522174
135042842
18173789
976773726
1161480268
927522358
600942827
1169274106
1051844022
1333763901
881978907
201682576
1555849590
486725125
22033290
1020626842
51418035
841848361
1376123036
940550394
1964775852
722865966
1371175276
263455279
1299126010
539867702
628587489
1370059450
860369099
1177319859
983102264
164407625
1312362702
1001276053
1141181352
326359322
1928798411
1742124179
1495633428
833158785
928404432
230128687
1034841362
336770375
716853812
1056874652
1357397217
768271847
1898723013
586036606
1708822241
1716015218
1308902572
932513869
1979470497
460544934
1472381571
460574338
1830604384
185267022
1637894198
666223000
349674648
802773252
1667499053
1490856000
1129132574
1448813817
1085496531
477282354
134488954
2013900964
707411041
1169330316
203187691
1424264853
78721321
1560584908
45053052
1977444334
2146621514
1753875293
1545975904
1308040438
538905515
1377962754
1768585372
2011287086
1838537092
1451706108
49070461
1328947642
2117929108
398745109
2131720894
1637944514
1889601109
1113369820
939274683
827613992
1590652174
1073763637
694031308
150579567
95610306
897218999
1574844420
174331627
310320260
1619897472
4292313
309458126
1226289118
1550268218
1617498565
1765194633
780747324
1238600289
1628998071
471800768
542822750
1678068532
1800748411
513268210
2076813641
1784985657
3729076
1818931102
750871830
943003759
499061447
194040356
2016767397
1193092755
344619924
2112377703
2090311755
1919464344
139225682
253148367
1391878169
143517995
562606493
470683639
1693786213
32621410
88394624
327049889
1271221700
1717392695
798850658
1814044450
1247977580
452115421
179829012
1177307573
89617430
183558089
848755028
840489260
1126561848
1347816475
1034529617
995845597
393425582
1379149541
960739652
336253689
1151130237
1099965334
589402056
395524758
1243483330
1152008550
866208397
789785895
1184629960
954603021
1116835785
308368012
524512069
1915686443
2122412462
1772489649
220318216
154757827
802313574
309935646
338315916
1651068602
1150424907
1464877764
851401429
37470876
313239714
1244827012
1416620417
1273979366
1581080701
420267006
226461053
22999110
815791765
1469944383
1175007660
1682000162
112246630
212153972
489119536
1229082415
520521985
1013631605
997285210
495450799
638637606
1217603426
650208626
1440951180
1527539073
988524542
944536135
530480332
305918659
1795937564
567951208
619158373
893280928
1984571625
1893137739
326877982
257354983
2119598792
349877092
1073146748
1442059527
1524884752
607663263
1554306158
1737038724
1096782799
635904925
110077061
2110414404
1633190136
605527861
601568362
703309914
1255736487
2042519542
83365339
96777382
839572029
613845671
402696041
488025946
1181796879
1021854414
1381306874
1018884856
767508505
1708184856
1276239840
739623650
2058061948
201902940
34199529
1435463052
809566203
1588505687
1025018129
1906349002
76926965
1135095190
1869279758
1710117101
1740623051
323364472
265943367
848875891
218400367
349308707
945653273
1057972396
963154378
1348349314
1545998342
2144951258
222720080
779821569
1016352466
990228585
340522777
145108658
1729852235
251101078
347011599
1764051765
1686564130
1156577802
1205073804
564098611
915443157
1282000769
1699193802
637239267
844634222
1292333205
960603740
1110577590
2141209096
1179004107
1459886297
939378721
89492855
275557027
140244387
1635491198
273024637
362964467
267829119
1289377104
1353193053
608351896
1434485762
935561640
859452974
1781497361
552129757
398533457
790591516
1757203562
962632068
1706034673
891720683
514342222
195790292
1736354906
1806675428
1156394032
699448848
1800400876
187914491
11851497
592295950
277407347
287408524
732540337
1912898545
560433162
1095504805
33244016
1849810266
301214210
641595912
1136812380
1236775850
1501048887
770826094
1788905608
1899582344
1561417610
1398625522
714730764
1119968635
142862557
1229072987
1315758927
1879217463
888264767
324669312
431182663
541181995
512583803
443034160
1133477945
789991150
730442685
1866018283
555406047
1290875847
814039440
588650063
993202465
1115253650
1230245976
2130014845
204545852
583811215
753357291
1993451460
335909911
167291253
1244593334
1050640675
1287259888
1387455892
132230014
455535168
1119189707
1020494781
780204480
1550372371
1561676777
1292788283
1993406531
547671074
2082779434
576365568
266205709
490701833
1867241415
1080245149
1079351897
712960232
48015151
162114225
695491430
252561004
745925440
1448848721
98528816
1081835351
1616139975
1343122151
2132476026
755916215
583094395
117222393
1211451383
1702284102
1137717174
1991655863
1105172825
551910303
1136960499
951095709
1099581378
1072256285
1527461277
1365787087
1562958118
1247219045
298548589
494826367
1960179277
346563740
656940592
508187059
599124744
1402866032
1957035781
697653561
337217735
1425692108
2040775712
322210114
34124675
476386459
439432507
1245576059
31186913
1577149681
1089748274
1136359739
2129059985
79225125
2087455448
1081157715
1151481410
1467433077
299461154
566955881
567168474
598009743
1061782248
379864104
944573484
1718722841
888051163
1543698228
974105225
697603296
93868141
1311322961
2123295404
2134643853
1633533075
9936432
463546664
2072965582
1255512491
494733578
1502631615
197777117
1631093317
1484207952
277002243
1571065117
417882019
1428483653
891014546
717343174
1995439534
1458183021
1315352917
909738135
1838047125
112442753
480977328
578614640
1656140982
1455082553
1276217937
1750009123
618921866
1252029693
1737169329
104971293
1261966125
53232345
30453227
369994968
547965923
1533084843
567772086
31575592
869809147
844774329
1602640709
1287691167
125774334
346171608
2005034341
2121213869
1804354629
1172903610
883468356
1494918106
1285346364
1364445684
2073532746
794003698
672044589
1202267035
396529173
1290966456
306813081
2133698502
1395937749
1568779206
39447200
1426390977
1938774175
587413123
811992172
359062613
618988716
1681801319
1203836942
74145777
822008838
1329611276
420317385
679559531
1303341497
77188366
1852463142
39326205
1572106472
990325858
1403771889
1498155571
1784329556
2075816479
552938958
33375081
1219299287
859752039
19589936
467753388
281047598
59037136
1894144365
72338125
646450259
558652889
431400738
1265438975
92970561
1635237680
1339584753
914979399
817365308
1759902138
1594538931
2120706806
1837090505
1299518425
12549363
1261713329
142360635
1416321253
612385252
1926690191
1344654084
1165324211
1960065272
416469723
2025076250
1979655208
884223111
158640200
2038692344
630883829
230978325
537658956
1189536718
662379063
1803097931
1282507279
150133095
995199036
50003031
967498404
607617527
1644541962
940721562
297224384
796576739
953270925
1558937713
938937374
222108530
23839318
718143917
1566762614
1189163529
530725541
1983232337
1066756131
362897102
719971801
1225396332
254105798
1350855630
1456374657
791764754
392908700
2118753721
447379038
1675415980
121403168
1442578074
1725419011
1088901572
2050195601
1222477325
2029623134
199936337
2019054064
835410412
1758874051
810507790
1057518942
1782713369
1528651707
476797909
824393250
2059377248
312546598
1891149381
274790702
1032518399
969062065
528896501
235890381
277953075
1320661255
628799082
249223148
1768040293
156731414
370626316
1063134720
1882150425
1459527889
965846673
957144102
1341667375
1165783011
828714518
29594139
777173414
1639222308
1087113082
412403135
1020390367
1563910991
1236796385
932283967
1876457589
980462118
1207074670
761492341
1949524184
1735971171
997382722
79993611
909148778
1626181804
329216759
529705424
1782913218
699843075
1592840144
1517579995
11887316
411203169
327240449
1353554692
1576986180
1155954967
1383148831
206675946
647693627
322778265
619079081
1668083994
1886689256
1855875466
452884314
1615663198
688853937
1659958984
229671891
490894473
1248446507
1227054613
570888084
10111637
705752770
900104843
539817061
341182340
1599947918
2132657205
1858762336
1611835235
396376727
38519137
817906279
1973362907
1194474105
53571462
32555206
1842167732
376349728
651634287
1362768079
115555336
360026106
1815652393
1731218534
1048880043
1328127729
1960890425
1539774516
429090588
1040461391
2110662600
439202225
1746214161
863283795
979019287
2087396501
315748065
964192844
1798675189
1927583300
1360569571
1837194327
598005931
1186448831
884184784
651577394
1219004037
578868868
1027927122
1870638324
1941636947
1143482458
83180782
1609805692
727217345
1132060825
790449773
540624122
524351693
1219540361
1581085513
487530645
1658742587
1179816026
1350814440
490278226
1119728880
1666562506
1454471070
770920421
1446662158
667556994
460631100
2044668090
1854005825
1344815884
548761836
925526214
1923684753
1576688958
648680890
1717838052
572687768
731861673
1180160097
1299905113
1863922498
1970609870
1840529236
240790544
1042666584
1274131101
728321189
553925523
306463480
2079135630
1044203749
1426192360
1598214488
351191171
49629133
897392998
1018748165
510260234
794577440
725270342
1855076118
1343339276
1650796556
1631277223
772544586
151993799
1201631628
1345232355
883855472
234308077
497653820
600294322
57434299
190699408
841084866
1100100883
1464830510
1569406056
1654026406
1771293990
1501058038
550746507
1050002702
951788878
901937679
1099631835
1849181876
1920685844
1609892069
496275669
498472539
1317484540
1839614945
1785447
801278115
464675884
153779246
2002909743
1809908239
1037634718
89734172
160078411
1637929041
147168472
350777820
331530259
1247269355
1815608330
1900936315
753812114
1439418672
1254510705
1304558621
341937726
58815935
59012652
1441569561
1907997812
1979698497
903977983
256789833
330687388
73978875
2096404778
332472835
875256990
413597014
486252082
730683086
76021605
1523886800
820417258
236100017
1014332193
967585730
586877837
1345862453
67371438
255002519
1099315120
821183552
1694421191
206342178
2125742173
2036358917
265158113
37271178
1330444830
25672277
2016969675
86939165
282462110
200173415
160918040
231383241
532646250
1036175031
644980255
1018898332
1766858117
721001861
395301485
439791727
957101878
1409633678
1407377458
1543979715
608012483
1474748896
1798982234
1707327604
148448800
1345919777
1913669782
126707325
1234795046
31344247
163978503
417756228
57016525
33464530
504695394
339478635
233637945
665613434
570861876
766284196
1701788465
1215842132
1785182528
1321162934
1936843993
33000365
1760954662
746462223
1442634044
1020848472
142958290
2050646527
348113720
1941940524
1610490483
496562520
1140376653
1376676617
623269845
227688051
1408020865
787248349
645444279
1465037390
820712879
1150139673
1804516025
1054350825
1815753108
227894254
1820635021
1370057925
1443736386
1458333901
543737212
1233096731
1491334267
157208226
1979558954
786484663
1178056698
2122517244
689647542
1526170418
1916974120
152654378
2022732938
909867125
1529330995
498519135
1137555176
789868212
1285767484
1782999455
107421954
2106480364
785655481
1911937980
1013347541
453924941
2139832234
686498914
1823982866
1436084972
2144832815
220236430
521698055
1488683434
377444656
353773361
127684449
1555501354
328806957
817331992
934188124
98297429
969986370
809437414
1008164554
351833717
1307956550
2145719730
1141701930
446240386
1781235537
1249123884
405237102
419407370
1013578216
1418584643
873332311
1005926802
2105083557
549831530
294528126
2102432725
770067960
816226181
1443632511
1147512617
1169999542
1571316961
555530323
1498806499
241165305
1489718448
1597103928
1211151675
151672214
457784834
1562985392
1459628764
456020916
557203674
1905869151
89772806
1806327559
163622605
509180176
672422127
1582207249
1382512488
1678348930
1539807158
1932344018
1972877056
1494756235
554928330
641619590
790905099
1702440947
1811619132
214738412
110487623
1162941984
455903717
1600206071
612562264
1667055392
1751878285
1070347099
1082557136
1064023402
1526368015
1639760811
822408905
1616140821
1298604722
986031510
2125320998
1971026849
420755111
1360349838
1501892131
1960562270
1145210208
1327285540
1307834857
1700138538
1968905130
2098739956
1255095838
1633040614
165994720
1365583461
648498950
621898437
818305884
1261061215
141470181
422700521
183924666
1224027318
1486723923
1710292681
716304481
161649180
1178949855
2014909203
1147680691
1156787205
1838452404
1568435802
369653395
1192860888
1381514424
1514863603
372662780
541865634
1067518493
194084262
493121942
175130683
1827124876
659116663
1540714144
328140179
1281015100
211536380
1589201394
1422485282
634236902
1773126060
499028952
2120960825
1335935093
1215333433
135126358
367401300
1082758988
1282807049
1524188505
773727744
703759203
1893841900
1966588632
2085273628
1261221855
191767764
479655614
181256701
385852026
972777556
356387384
65493255
1631894219
1897101529
393633434
765425672
2108637909
1982834828
40427306
595391163
1608477240
539456258
568868341
796928685
1754789691
703994699
1164329986
690065031
1986801748
541034843
1463792775
543077303
287393096
1282897760
480867283
1548614951
1474665524
960522897
1729871652
1860517551
1933300454
2086259037
1926010806
1417711025
1835876918
172160592
35653049
1797031179
7511772
76080355
244938695
1615989012
615536613
813807036
265434049
222842656
1517801735
1429764035
912907687
1357119835
1970798879
229216815
1900197138
110708327
1512114575
233580774
1659323278
839296451
1194103671
1241711283
552330354
979920477
1180486672
330857512
250147855
868879942
503018104
285800904
518427473
510529876
361881260
763366168
2126518888
977417873
1577173204
244469290
1200260530
947491291
1674233325
2113168217
157127478
1497548556
194901384
2057324617
1608256883
1707015959
143421743
1120096514
398828763
1337525414
214324149
951159117
169962244
1394810821
1282016630
420110099
116207115
1785034734
705911003
634634588
148080963
1067792263
1398000757
127116203
2045210137
827690313
371585493
1097987019
1775181605
2045818819
1063671588
1932309083
1395883727
1258572973
1842150052
856656963
818105284
1985571795
1976753477
1216934047
1175613562
43593978
20609517
1345575806
1438404799
1302626147
1765685905
1554611914
940177233
324113260
41762854
1088258196
1391905524
1439763611
1215374400
1289632013
119970277
1586959893
240135384
1895151882
1485295064
1303806972
1679977317
733695144
414896297
1374643722
1590352107
1233001582
1212731869
1419621936
302451981
240861783
1463215914
323061498
1586437589
754137065
1625687645
1204639846
161265331
418381231
1528753107
203028185
1506639427
773174983
1642791797
574530179
2062806996
1762762074
14006425
155458732
1510430308
1499301489
1459265704
1042923977
85512985
1874162002
270084051
1675865092
959679936
1482815921
948003380
1262131917
1723677704
263735646
1585193416
1162631646
1017872711
1063397413
219787844
1179138042
1481778644
1748540951
1382166228
840934424
374232286
877474377
1415464603
289555634
492752803
1429471028
445014366
2003183111
781288870
1904280071
898623440
866801855
1630958425
1168707492
395183300
443154713
504039765
1343186680
1705286630
80233821
1606922327
1142996398
1242865467
477311390
58910164
1462653312
1656449433
1540688808
1063710615
891132013
234139584
1437942902
1768606390
1649604188
1727498536
113875545
931591568
25029255
2117058656
1712880438
1929309326
868198448
432198646
1412784103
2036905940
827381946
1855938816
393462057
23084978
1413741798
473695879
1630007305
409254549
1716561346
2107318696
468164713
1031731010
1616284481
2008853521
2095441626
359932846
95509458
1385900880
2128539236
1745113646
965915768
94931133
529221566
990945023
64506141
94618357
772770701
932704589
526817003
38071156
822126882
1354198949
1894009972
1215588939
1377283927
1160268123
1689284818
859807585
1569522672
1258362517
819642633
2037687385
142609879
288443466
1899057258
90567857
648376312
1994566716
1476468737
629431900
1592196714
294900858
724363033
2121418281
1285845881
788869174
68552990
2058616583
1721573763
595369993
2096687739
396216997
1949568942
1843214064
1611805937
1179369221
855998539
1153607107
2039176806
278037563
264485976
711335791
168241300
407095856
999779257
2067298558
497663713
1648155569
1914381627
1974132451
130103821
1359094693
121549661
854466854
1333029326
1407395542
1643336028
1401582316
1318528477
1217426144
1996952309
1267732569
1613643141
1799037603
963462985
1077965430
830923177
1819461524
84088890
722616335
2097499087
348574866
1433952127
118256739
755670722
286247736
38071649
1253334436
1934403306
1952453276
1079983239
2064507127
1164064322
1201532900
771490334
349610000
461444794
267342714
1751192317
1779973272
1484768858
1600660978
900222193
950928352
1252214934
1863685178
2028893782
2083138111
1535663054
2112982672
658270798
1485678493
314073891
2092222925
1603935232
1069744613
230987014
1642006881
175595401
17906672
1446976510
1255578640
2082413799
463557184
309627892
706420485
813167184
771072687
973763200
416875853
403562311
311048410
2017536832
1303784504
1261976762
1122268118
1019986034
1143386897
1057922581
408165440
1108885921
1716193379
1893843933
1422959812
1660932657
1350295517
345220778
1891919671
844818750
520816179
1909826343
144311612
1776394820
1844756494
607868796
2086022712
403693332
1421035981
709611751
1377456532
1837911834
1113174062
1688504942
1707965018
269474918
802998057
682749488
1289460952
1946384954
1740672069
1697626392
907787227
1309381801
1443986677
183263392
822830810
646798546
528484170
567266833
1491617297
1049300349
329609528
1635928909
678211521
26882374
96314058
616750586
430575706
1517350039
1326362337
1808032238
1207778225
292052752
1349053533
768259596
561527670
4567942
1451009084
1850988623
1950952896
1044197506
1401131367
711256475
206095659
697634397
894519867
1028926469
1344432943
1423004037
1596193302
688566592
324820739
1925802830
177011854
1003032260
1952685204
273325912
1619782846
235777263
1790675951
798661536
2043809501
850970528
1090714288
1245379386
1619230124
1652241958
1249947328
922755561
1355746933
1053416576
1966953067
609394653
1764673052
25565078
1307029050
511709271
1054491547
503978345
1934713309
503201201
1192544938
112050400
281520383
1369556792
1115082660
86721939
1642882704
587381859
322499202
1286075007
1386043395
218825056
2137045535
329274035
1464204442
1608792012
1981515993
566668123
384063925
1189779279
1620084699
203533344
1799173932
1237274103
229098422
958719334
1748983375
1283589969
1462697679
1536213036
1786791170
507758969
1648263436
2068311553
1877315761
615862448
7549844
1372714817
1203244307
330049047
511306176
441804054
548874103
500868064
771078089
2013078545
2109660076
605110435
432263020
346240353
1794889714
2052347720
549773697
1446579998
1142138175
778872119
257815684
743637902
2062462088
1720513363
132367290
1701769610
80788685
1780630726
1622597515
1958104446
249009527
1630147359
1183335616
1452253834
1960196406
1694641792
1894057889
361586861
48026208
517652330
227181759
10202636
1122762765
659444779
356442989
770168831
564308851
906216686
69265181
1706447027
1685088805
327080865
302601281
1600067245
2047594229
434968572
1154353207
2128382914
68115650
629467074
1939003712
317125177
112130786
974855680
1769379012
2072327192
522013825
1515953253
286430406
570040033
2033605583
513612165
580242670
1008884701
1173056944
936685659
1779053532
1737365796
1842902346
1848318714
1296329175
1380507503
27915931
1598930456
833091101
2075510160
2033899028
1987444308
2056409426
2102014679
469427735
1847929491
271656208
581558521
675301523
2041035220
506402065
1197315348
1409504825
792832471
1767355382
1295626761
1306444636
200114404
157027814
332017933
1136800063
1936081346
2069383729
832218761
1636916412
1218229256
65242617
1664832344
669676064
898333718
1592858856
556091445
738294378
1501784635
510622476
1207722113
1202230478
782278684
1789280634
1877532001
675830257
148199052
927363702
2085335082
941031523
547235436
1233478195
99992512
747349840
1390506009
432010445
1884149903
1179103708
353910526
568885017
668536472
1572139782
634127634
185885168
94332198
1532461352
1778744025
650423643
123272082
1133045012
1161046119
1330994196
187791842
1943324804
972791182
2065323843
471671413
1120990234
845203897
409522847
2062021758
1392439333
1643001043
14530622
2139789173
886023404
446541067
1876455429
2065127112
800451593
297856798
586179937
225107727
931984432
772065105
319439925
316962136
403325482
969863569
440234218
1536370494
2130909688
1771228414
1724162336
1926750844
596535949
1642002532
250938609
1717526183
339722781
660461457
1632064293
1732162115
155978852
1646594915
1724467640
1042002256
2093135982
1453439421
959645721
746103927
1751296219
1545825658
971211654
535797003
170407115
1290651580
852759139
573732598
113031501
1292993358
2110103092
96457541
916738124
1686781781
2023208386
1513274073
1181300665
126663347
1083316609
1521023446
787124804
567897254
1105701913
943103656
67008522
682685906
1985105913
12660856
2136125327
797267986
758764784
1739937899
195609996
1729976438
128251254
366017111
873144370
981010394
939749709
986175871
126520104
902369154
1082633413
1043258228
441667287
958358151
409048654
1622967952
1085021498
1492365263
996507750
1872146303
2060262517
2102209664
667766311
2127271039
637411922
505388576
2139931896
626053601
1302656562
751213032
218507852
1498266558
333705822
346759107
1864283670
1206850193
1327769501
656549731
45542416
1454289605
1558918885
1128175829
350064185
2000586172
2086533980
759112839
1476070476
1024071831
103994454
325094579
748734486
16773324
279820595
1416500797
2144044363
917232517
1921889374
2136492611
1543286118
1077062288
740221995
1761793971
427845199
1073927818
2108553078
144645221
133294363
1288838931
801194952
178836779
595644888
212630190
1307012609
945709073
65732714
1246062941
1704821913
1541803191
122651124
1808816367
1866897770
871385610
1825589691
2146718365
140402760
1822150407
916467234
2062292134
1811159370
312269704
991870774
403897718
2074063675
1419715973
1477825536
2035133105
1564361194
1611119899
1176488388
218072499
1789956678
1772133276
430702689
949485639
570358702
496435403
48064933
127696967
2038238594
170716057
1936513334
1757652716
1042101668
1614619378
1756887433
1182504428
1289286137
525871019
1097312914
952961859
838140724
2089183688
1356859577
764720751
1361416014
687201465
652370209
778293560
150837716
1828858597
996366059
1940794395
1453508226
1427068748
742796386
2023866928
1923504152
790861319
4080247
1814259098
961577377
1940593581
1424428167
2003679045
1407729311
1033831952
1038699825
549531800
1559702972
2136012739
1502493660
250360048
2077712779
711869589
1015080799
1291645145
1399071055
1667451008
2069938706
1549908771
1348825958
918821117
1343219518
654850536
198406218
2086015905
531233816
2121910370
729393576
535314063
1788685820
1690970953
328423996
1065630339
1547166350
1736153308
2099462292
438382527
138201460
1511681616
426911618
1640695120
1762041664
357140750
205081062
629638815
1648785895
1604152117
149606176
1571240953
1006577240
1498432134
342578423
202313111
5799022
540984641
140845368
537032838
515411363
870238944
1072346901
156613535
413726250
1400770897
1222243875
1960892600
989440557
1174222519
251791480
1127642018
538420487
678703098
620853490
152978503
1035843848
825934552
782617318
537146096
282603021
932223494
2108387049
1289180262
283171980
303481824
1491493373
288971002
844466465
1632338741
826003840
1359877828
355094037
1898350741
1516491364
768820287
1151637991
591251591
582229240
2141078548
1765474110
834020720
1121236918
156410949
1512723818
1742090409
309389452
401084019
420541313
1092006770
938230115
703144335
2024230265
899133516
1992324597
159918597
1202615341
1336334322
448889600
2047081806
821189415
1274893440
1259475987
1176283452
1025760534
628483703
1945103740
29914877
1219735294
379849332
23509777
837725756
1213870052
1144746696
994136705
579110222
739353457
1303526157
980194241
1159894770
248049279
1918424356
1863039105
124795896
670074225
1707880054
284714494
1872689566
896730728
733604094
1772287724
1717920143
2008497534
884280063
746719948
886774420
1512763766
544340040
916689297
585015412
924189372
940199075
1422741168
2138059424
2084945771
269394225
569685998
676815580
1572920382
1549880240
1836710350
1820969662
1320820948
1552265808
1945765558
1990895173
1112662214
82996404
1716101091
2009392943
816600498
1340905168
1579829438
677614385
77701583
179065738
1564388805
1590465350
723405778
333594455
27997114
1647595150
1273793530
1450738283
1638170926
1211255653
1720132508
60373277
1888071233
1145569243
1610253517
1577297935
819055257
783590817
982080095
617337167
627002343
2094742310
700333572
195619786
1956651605
1516934070
1536524954
1388997395
47064807
1614226538
1568063134
1611453613
1057208240
143985264
1945048068
1085205354
1791580415
1071357950
388459989
1282267693
135129955
2108592498
1342640970
2023201188
1106678093
805410839
1453015475
1925733350
1589001657
287611923
395586869
68520352
234870585
1095920441
264140138
44038542
465370864
1800665093
1433035937
512435671
1267407983
853615423
2123889284
177132575
997600688
1921453704
1262337929
641697455
845328006
1650797919
1923965148
980457961
1611906769
1119122471
856175501
571101214
1924533310
161707329
349350916
1366051319
449319252
744937785
1434571671
684189837
1840858227
1698711810
728228379
158745443
1351893255
13780668
671181114
471817590
867396092
647586751
648950165
1864996780
421556807
1911288094
359210587
1266884814
1414602365
135692087
99859127
879025486
1254814558
956034629
1450126700
1031864221
1117741958
1799477616
250431892
1567061210
396931754
1685003564
103767399
90306333
1236231726
831995778
249051776
440641333
845776446
920232890
912458923
1713172538
1567819641
1561409088
1430685670
1989376449
1325213534
1789896257
1108777615
592332252
1925588345
1208636742
1471357738
1032919255
17187723
774000791
2064783476
1134929681
425994759
167731721
554507243
822926513
1852735285
658274642
913232846
941483363
1490270420
1162284622
1382124696
188563219
2082517513
147099971
1901735757
1502853506
1708509059
1184937780
1344746307
886238945
827350389
306040274
1478571197
605455086
1514677017
802445288
1638374342
1531864740
1576446079
1555674170
519310774
2002440838
1723405891
1073818017
677883704
1428657528
1732092660
1591116550
222657243
1074879432
605917525
1604781939
1263442651
540951390
1751881910
1017694761
2043804896
1312907321
55148893
1241067556
51662619
882499282
1547107830
1530233816
1487954369
914301199
185195456
978845063
298682292
1761641535
387035585
817993066
1616598726
2110441477
1891811083
146998782
1391615357
1476420095
1738115332
1614272601
403815880
196549209
1071570892
1667258531
737500599
675969155
537469644
633821848
1988876476
592618537
1874889404
2040539095
1475117820
1274513586
1423289264
815588541
41331138
1608484720
1794433604
340013430
1222642608
33985541
1158006496
691757686
2144427018
902333931
838756468
1388558728
231270379
429388152
855347681
635086259
625937362
1926918573
154861142
1363437961
455404080
692330787
1997259809
296796909
1284949324
1724665565
189852356
612583496
851695504
1613141620
1428172037
893026642
1074142693
1075121993
1233040072
149301653
1109107535
243562920
841059339
1106050905
1145896851
1679815807
347125985
1377167230
2109203959
1202473666
2012253489
587657673
981908592
19630984
1951095635
1437312672
711961771
1800871796
1734109581
1996911095
1378053714
1923961938
462010944
82265570
1389619910
1890182981
975292212
316278955
817821327
60848636
465580608
1926928862
304411556
1306639947
885496119
1450308407
838972106
1232622105
679991990
800692418
287612123
544761831
1388350091
1269520715
564392815
1191962078
559349740
1276354586
845350227
145975673
1125782034
75920293
2069937611
1587792978
158185863
1312073874
1330492311
1133478075
1628352829
829990
1194326711
2093933438
1927758852
1498738267
1253089737
665771324
801563026
2092061844
1898393429
1481555016
745270614
38521904
2026316848
2133620705
1308042620
443226015
1178099136
1867392360
1719580602
2023449363
2013368033
697878988
2099369656
1935821997
138188318
110071871
1100412223
1468680629
1243549946
581281404
1469510620
290393009
527731194
1249785824
1789131276
1780820932
1915557148
443210654
1725399128
1666466929
1924765671
323186094
1704988834
1803598871
309323151
865547806
99341238
1487422287
585456518
1818921840
1363388002
451340903
369317180
1315274010
239679252
507505498
1425345881
1340091475
1976186128
521412179
1921372880
1298213100
811805188
301620426
400515276
453452816
2082441358
168588777
896663471
1660356838
1835055706
673945494
1983542932
1392560892
330060717
145382436
110625050
429401955
1632804723
696081568
100840148
848709078
1147422472
470157328
16499440
1387101724
977662827
1441845322
579709552
806365307
1963257501
353598784
2104578407
627579042
655219210
357610035
1081031858
590176921
526198812
1977695329
103050111
213770871
504157175
2086593044
1606331763
834217892
84491832
1716956814
1263619848
1717296555
265554734
1364459996
418521985
1412977206
1834617324
435021426
652595283
664796503
1876866748
1232304835
1471161810
1692640601
1585903619
1428256569
172735995
93639181
1785866605
1253767854
683816102
164581769
1083979535
786866214
378352640
1588136711
725975610
1984684404
274870955
810467442
1554157570
1538490803
380280349
1819712304
755467151
798802335
1085205863
442600828
1233823761
1737801146
1107397331
963206861
822622333
431075494
508363814
261042304
1859332063
681099810
354681485
1497715020
1934867664
1038497588
1662296790
871363551
1825363802
2040649430
312016614
403855764
1877850186
586887570
1214323206
1284524108
2125378373
1594603555
956752765
733361877
245922242
2041958628
1175962705
1479746003
1632276126
135876388
295469216
307414811
566951882
803833031
568457115
278800298
1484932841
923138600
1776515318
1272316857
1961636188
1291328460
2143680408
1639516342
1184494243
308213375
2043372106
914860781
895100945
1110211664
51901242
872995670
557331572
1008654007
1606357547
803253814
903128987
634836604
135516170
387921465
770712993
430985386
695336276
1337664875
1234818417
1263793391
1616465173
572267610
39448343
1245496844
1844584467
2001084532
389341656
1840781228
1493117226
1573835899
1510955
1389005685
341213033
896611900
351733701
393114275
1769607570
909065273
1401768282
1228481470
1712319088
157413621
1863318074
1847835258
545335086
486547419
131336996
1240671362
1824212295
1366155414
356981105
1293193820
1938423024
396429448
391207016
1635523844
250030332
780548673
1328821424
1743147559
206900924
1330332379
984669596
548113957
79460631
1336403297
941228232
1849068201
97984923
195512866
930066023
1810304011
352926487
645900450
1510655621
898261573
1132447869
1641992617
2138932935
809176516
860664383
348430392
2102370337
651603760
744859841
346093705
139643956
994890173
1126642378
1468465380
590554084
1333543303
651314111
1575223680
1881657260
730774742
764143330
675401845
432359295
862128253
870914711
1362425319
524948616
1223841199
2008325769
2035604237
2122102772
993289990
1530113206
2113552060
1802466507
243293942
314498804
1757353196
894897702
1059358645
2103446901
1034541658
2054248819
1082605632
355523390
497319255
268665287
1006837501
2072542936
2838899
1737612243
689202618
678240744
22487890
1551330871
1549155456
1384913209
2076279487
625513007
1245755330
1964400076
600132131
91561673
1347029634
566200543
1894028180
1590323576
880699348
1503897728
337737630
1940057993
1459860981
1372279288
1846823164
394982965
1727802678
196658772
663648252
587156531
121718060
666487152
177285126
810920678
1344727896
199773017
214767901
746399704
1584686226
143563740
1371912711
682957909
2107963816
1972044843
774519582
1307509802
390761738
521064114
750349731
1271461086
2024961842
1088087361
1064035432
1337339175
312883002
763374948
1732322141
2040685680
960033720
248486745
480358564
1081751780
914973897
657643690
1892672458
112218146
857416707
2107440359
858617850
294619286
103520451
83046914
977577195
64000619
2055091757
1752096777
1371510422
298369847
125677243
2121860153
1569830934
3155437
1062463866
486382718
1340494612
1375346868
1249757666
925333105
1268548901
62307739
1173819851
1748907465
1144059519
2088793748
259067507
889248330
53528246
1116484215
849205041
912146097
1411103501
952725493
995193011
241197048
1016726112
902801120
1993293825
240752886
1201170967
2118971068
215129391
623518253
2122126505
1277593258
1109900971
1315137469
505456478
212174990
92986927
1774005379
274482729
1266806778
1375429196
1418542248
1208116878
1634496704
160306930
1261645125
603497271
1009511972
26307574
2014600772
1962237465
1021500585
108314172
831479929
1924301705
2101607997
1072232816
977989024
2073095417
1287362207
1601507278
2047738274
417471817
563924601
1215392095
922928296
776099591
1308379022
549450027
1050582320
427702152
1924879224
321640921
1635819031
1411892280
481947851
749980508
2015389551
1491459823
776288082
1882506675
1306213640
1797788667
1990820847
2137693570
1574606724
1944945196
1062442738
405112100
1870556965
202321297
2006619378
1770811591
619793115
423060332
838720038
1542721411
1199159923
2147099061
2092171438
102258596
427317565
1869567014
423899517
2063136596
1133975646
905847368
665633456
1001881549
249823544
1441921538
736904576
1556037184
1092226557
580241775
1546247106
519349633
377703323
461206196
924461734
100776640
663527494
783597464
1871588231
1283320609
1206657796
562824622
678558372
258334072
562440035
623246162
360592668
989757600
345329529
784492185
905410549
1479305175
1690339553
1571044005
333703077
1940163097
865481896
1070607653
1348716634
1957708453
1650849429
747480092
329574439
2028552752
1208686289
1254036173
2129329393
1872213783
2037633637
1853433976
1008050744
1096807786
268774950
1686609116
1355141858
831214985
162371630
1715734526
1820972586
507701159
352743063
578899487
1987006335
2043082616
2459844
173225764
1835762066
867941740
1243833417
1036995052
678166546
747199198
1784475144
1007740985
628268303
845677785
114293510
610114048
570407920
4443499
316064376
1578458664
1101251285
584839327
1117584132
308909495
1416054312
1279955763
2024644021
1089543250
1787656922
229903436
1668442737
1627179609
125502405
1670902582
1800405373
1961264471
391360674
896755143
850775875
1069527220
1643954341
487767371
2077268205
124738996
1333445157
44078067
734853044
1903853077
48521567
1050917421
1334828094
1149772852
1635756748
304928578
1458682348
904327412
1584884341
1335842721
1993870663
1225057616
1565746158
1514829752
704753577
1691248563
1038248686
357675303
1505029386
1429609361
1254430446
208321613
351652933
750901139
696088984
281437491
875640136
2029534141
325515558
1610493180
1785903571
374037125
513926953
973248017
1523809978
2200053
1278176595
835008678
906527466
715577289
23367751
752914481
1940634905
1589113909
120260585
497904834
1132878824
1158509272
855580137
490424562
440634985
2110010583
698746175
792287918
713428075
1394835160
1073725409
1589068211
1276885653
1399240968
1052077743
915305576
1773278093
1566004697
1888553593
1149604423
1568204750
1019246541
1984613101
327248568
1734823830
2007980853
1080163049
1527975087
1449611114
1200423635
2025879921
435006291
211449259
733976411
925430853
652084244
696503346
1624177029
1444372162
1409931421
871528541
370613924
851515984
930546
1769854892
1903593728
916236123
1395649337
1322114777
657306068
397770113
742835879
1676552609
234899566
1070084448
1263892791
95396771
2763849
644384230
1545007886
1203187484
522780504
1980014177
1414636743
1256756915
757961382
2066720987
1953260261
234654763
1363609502
1215708035
1106183304
1734223426
2067224019
1107113851
1356594670
1823334099
2023349974
604760359
997965228
533172394
1002530472
1740801108
62241356
1237430039
663401908
1326134147
1332826810
666165757
1970518378
730351048
1869353242
345815234
562881577
1136506337
1602572149
1320842960
1055743677
1408348762
1555497723
271869531
476573149
514197380
2006092957
396313521
1621311231
1215203979
72163972
1497177557
1819964338
1070129201
2030349951
675011163
663446661
2092591307
1912441202
1326848569
1271241807
1097784364
1993014326
1094276537
1828135413
1714883920
1440091771
243533342
703906610
895180272
1564376302
1759650287
156045386
972390378
2031519818
632618536
1486587758
1890129127
1028932057
960415341
957849458
1101096029
310109250
630330148
23741582
192975553
1305341311
687188243
138083213
1070298865
2014036812
1409325020
20599582
1859567491
356117909
1848734995
1426967763
1796209680
2092268337
2130874373
543906304
1509160992
1743041012
699951690
334067722
1627077182
1332570226
1820655480
1369722661
214018635
633587173
180088471
1315114665
943696423
810418620
1338856247
1136671976
2115759931
2026044491
1274755189
1038575149
1892597655
536596561
1059174731
1604681498
892714470
760426078
884165614
541440502
705210767
867556339
1085346806
66888111
463113704
1785298497
400955833
2090190886
970385075
74127665
1312429900
1184403711
707714838
1492518371
352034728
1651411261
155453343
1690890975
640599590
123729627
1569451818
1915354779
1162304776
1314565826
304467693
73995859
771763676
1197182163
834421937
1655929290
1738622666
1539632704
376001982
676485824
1606520816
839115686
314300673
2007476649
781822924
1284685749
2081604315
2094252824
321605812
641835505
1439287548
673640540
145763119
1594740891
217047867
786362709
1718470518
1786499686
554233840
733291646
953581864
858701533
807287505
1725345540
2055883697
1641709442
1233791183
1647022715
1033858499
1609793165
176024891
492895667
301425203
490325565
352888668
1083248127
1775011314
287009335
1030017304
2096617126
928844841
321821204
622774018
1074607960
1916562095
839821885
1860970669
1487548966
478837923
267720861
73356964
1432419787
1126422395
880644470
1010281680
1034822444
374870264
96589215
534361511
1408728763
1706382380
710386402
1901624430
2007807583
1200711967
107029451
943572062
828239633
394038786
1973589366
777373111
1322883627
147926922
1400147129
250007939
2064489018
92485367
2110978608
1404554336
571323290
231215822
1477911300
2003743078
1357638217
211072122
866541110
244977013
585942387
963130325
779338524
1994671150
522029057
1489724926
1748811933
382352992
542953246
1855841384
1325925054
1371192879
102396522
1152030773
1082343
1425280150
1299957695
1401229472
1675288089
1216963065
1493714839
1638783050
474033753
2065038130
1869998872
1951945054
1921297560
1080153441
15533528
640355022
1325130454
601475915
1603485347
2104468978
448663418
2125514404
1446710256
49991703
360383748
1989663502
1905833087
1686308802
1213372734
2008229609
690855927
1214455077
1286026111
1990813623
468200901
813830553
1060293040
1961915741
305129955
1534326794
1879470223
27645179
1338788200
1653284135
1107798620
1354321728
146155509
285445426
1955797644
1749640856
242430756
256977414
1727671612
1689141012
306969117
2088055360
1531320867
65318556
1626880514
597209953
2073548165
170252794
1811665030
1212090629
13582769
132382283
2025921182
1073875809
2094298024
183567489
460718955
1826284599
211212668
1799507155
1332085086
1319011288
1006345236
1478240595
1604456714
814659232
1080397803
1846887470
1071636646
660585767
1388544834
1378605763
601157479
772382053
1443924319
80554346
1369592006
1369988836
250807140
1033773388
434595817
264389909
1166155672
313033351
1338265718
1112970048
496600840
1798984674
791771000
707813508
1451008181
2123856086
2026824796
309869769
1454613034
1483797862
1124529001
387527189
1183201684
48681999
1048112957
424262871
1427287762
1649270436
1196644924
723728433
1729824782
418753283
2093717270
1980631922
1452526671
380829439
97538183
471198695
693862791
1435803902
1584168744
1190463631
1087304928
228456096
1898277140
390829461
204828534
1777618288
700699231
1659441568
1113932503
1825228232
2046968758
149650539
1873910232
947598067
573913410
1153714346
449384855
1770558335
1877442780
31725990
41827970
1823676402
2012357912
1494354641
57022193
2109896096
1965553337
750884984
1398216350
1402238433
1941348616
338037630
1630694529
1692142108
728867091
1835523063
1322276748
1429566322
1347480984
288725603
1107310907
1246966094
438376143
833737491
47080513
1012289553
1987451837
496465368
635364240
1717410969
528191358
677192210
1393603723
393065623
24063204
1450625917
355478071
1989616541
54027253
1753694421
1244371326
1995375869
2091732051
727582207
1540034329
673115494
415621622
714827430
2102681817
1763102606
1003553033
1062509076
862585052
1441929176
1896246567
909665565
306735082
1736214756
1406130934
942099322
1306142078
1934322292
1619291533
552262153
179904267
1643354737
2002888070
535382338
1485487630
2056915324
141593111
582375308
1904807545
85841514
1309957515
1297358227
758957009
1725579137
2012185657
714155178
1341198096
868255042
1776664254
56299500
162700571
1525427173
965965066
469435653
1114158281
224612352
1411534975
272816711
11450996
883342860
825078865
191355264
379213949
680483287
726737602
1864701579
589914963
868330714
299593239
347238861
954172228
1609550754
1644597088
1713129237
1187646244
1509299097
279800767
381360692
230070491
2056465021
437660192
392771062
1434408546
1403625258
862206715
401083180
1628237610
126258043
673899891
1639688607
1009600903
1498978756
1831043871
1388814853
31978396
410297825
1106032784
621893359
1278628539
1405626024
969132220
85317120
867693130
466245660
1798446357
2055339374
1975544757
2078247125
289216418
58131601
1987228498
726876611
450902663
1274153397
2130501869
1313109379
1675236577
1611255832
1439367422
201652820
1103460791
301484677
1700631577
787021014
1690299530
1732609973
1197318839
648848667
207019684
328463731
2054474691
1176151905
413780851
774684173
1642397565
64743560
682539900
1470458675
2142990685
971756318
1528590276
1982735536
1698632929
1979492939
1109405285
1681651151
1145118670
637158214
1145423335
437002444
838811034
101400478
738487122
391958963
888421492
281303004
2124568936
2085740331
930151671
184104973
266720414
837142714
1360256878
680501265
1611826888
855170795
745244826
146883140
178145822
740751863
1118639458
1706736098
576003751
669788740
1538745390
1685409036
203956243
536380412
175083602
1349379578
973382857
1013894637
1450780056
1711869979
1405853600
191717900
1993172983
1382938889
129974583
775841007
1567043862
396694998
1612983721
779817092
1077196263
1077326961
1634987887
1822441089
1224210101
1813133710
415709305
195365912
1372386160
991713056
865154652
763647902
529638445
1069110895
1300028315
704722047
271006825
125927524
1718616684
1721786881
1837797503
976986637
1913504781
1683486838
212441878
2043479364
311844197
1779485740
292690714
1924827919
411819184
1369886978
854671232
2046807071
1044844419
2078881334
1712457133
1460553724
126763598
937359646
304783133
991918250
1701007548
834421578
2061029145
853552215
1539143625
184552322
979479739
1110276662
1906339203
669793594
2087263299
1672360336
205796785
152221529
1568356052
517640982
1931707269
1861046767
294985253
196042805
1083450097
1149656486
95366228
2128294516
1081054172
1807823362
1441364593
1207817770
597699360
1746147726
52252372
151223260
433085656
2113281517
1004775476
1972229281
150350191
1984255215
935022295
2056689394
506565162
874801946
1581566082
712361947
1027023475
1002438486
1230002929
811247096
716001605
1524988183
1007289901
1799451702
527161021
1102656130
1780262571
1608215193
762995844
1074143516
668549315
1360695204
672807594
720801687
1511918464
1105893250
686599556
369210292
930638883
836949747
205981860
1865661179
746155493
712547022
592979477
180237927
1424908969
1620002953
1182676413
507428250
283766401
1898678019
2032416433
1291056303
1550646073
412093806
246228785
1183424996
2020308999
1009224629
110084864
541374666
222436185
782892458
1262176353
1734354649
1888785708
1948775909
2103564942
671940944
638242008
162063154
390118475
1384397501
874610176
983097952
1564635428
152035497
455617257
599828194
659463747
739383659
351022565
544396533
2030439962
1901668638
956490339
129185099
937609987
829315691
1138409728
1047694851
1370690357
1360845913
1830587310
485383063
947716914
1571889370
286675324
903798208
96346666
924917333
1065861362
486465141
161831186
1940471538
1469563094
1726466615
2092507035
1925180351
178811161
604487135
517080362
529833726
1148883668
400036676
284018716
2105374007
529221775
1221628703
787206050
1667631503
121839907
10412760
880993768
1952427217
495795823
1828710683
1376832939
782471147
585025243
1473179606
1707388480
1650886606
1959644747
1869219667
1443874496
1281724193
1448202634
1388897884
1059420897
1627013795
1993385019
1576501259
9363873
994785039
1976537936
293382589
952675398
358276063
1515011293
1739881449
2025907567
1636851200
1750294209
759417687
1441794769
98606384
440644722
671144060
881077531
1025669966
2144323666
440982364
529072924
1956484766
162718383
1972947420
1090725311
1610921017
1214361656
2662560
1090451164
1060263027
1579163820
1099815037
2055048066
1408218108
1393197626
860239817
1766494171
760725271
452637618
1644918090
250092823
55448179
256852130
1691887592
154054563
697496852
215548005
1035132094
1723166818
212388023
1476114458
104756094
21389141
1638832841
2077703515
1112114453
1102270210
1144581523
1114777013
45237726
57360903
546457185
1145052763
2112408969
1954675293
390766742
825165138
1573685817
1151492013
1277802756
1071120259
1401584837
1333250935
1327972389
945988781
1487305498
2025469242
1161536786
374953945
1601152412
1373924810
1851068403
1705908507
1395313951
1342417597
1636128374
359944756
297204159
633226249
1474721770
342441886
690587152
2021178955
1487494649
655512474
1828370601
1878261391
1480677612
1254572770
882269757
610996721
178209381
136370946
1944247656
1506181771
1082359727
1284069507
1384167365
96412866
1659023452
837836129
1470337676
1362608207
396260988
718167979
557542156
2032389362
1078112736
854746316
518131964
405350858
1197188202
1208719116
279046165
537199203
1864231590
2107416766
267976947
1197425555
1214505888
1150246704
1808422276
1392715270
1286617650
1605186284
751413393
221493729
741772143
2135580758
317906595
253311947
825933239
1788244271
1615920155
1222194228
358928603
25978663
1107099942
1437041339
880724979
1625231906
1842392197
2077913181
686467375
2121438362
467628737
403215317
2081371481
735605684
1600640872
1148393721
1885852388
1261579500
393625343
1024986390
719282137
1145038736
1246480119
1461054280
1133135846
1564386715
1714366228
1959069086
1205147338
1182802735
1033779666
1564075941
1208781398
2140879608
853633632
2089506378
1618627867
548542181
2019935911
157611594
522496896
340081000
560826911
456384729
1075686684
13984136
1604778450
814055424
1275563636
1998403794
1839041814
1994845773
995958882
938038286
1308416406
2129094729
354941353
875298986
1940680167
1560088691
2058101721
826976185
976680985
1119399471
820372145
1830314617
1061422201
291516364
231373151
933874465
449127958
753870047
1273955465
1009954870
1210254776
202158502
1023939006
667549578
1016213926
152018994
518469724
707772093
2146864768
1514428607
1645810379
1307797526
1496039688
2000751732
35612864
1289236207
1413356775
2093714585
2116212392
242554112
1065630408
789100889
2072868730
2127052610
1080617254
156758233
913443427
1529745212
910628280
39915244
392216434
2120883056
242073746
1416155440
640948986
1258287673
1568174435
1159418711
1966059766
1567555555
526363670
1464386497
727869433
2022403358
1317654581
763482297
1164155917
583527708
709713234
1132884661
826081821
1775343642
1921985550
751466903
1754912604
855119156
908225136
520872383
237380721
1818853416
560787628
629597155
1792252824
802861374
2045752596
285718162
2061149047
1466443383
1445136873
1879725165
886515290
1971500543
1196628014
1614384723
1846420253
366798947
230383372
863092522
950326656
940096606
1995977183
1776408477
567956600
1770479086
380391732
175385557
478114594
1288616868
696257940
715495315
959986636
1257045568
1345092471
604755812
2059906943
1243361419
890473974
1973572342
562321154
188127200
1705813860
1448836444
12144095
754958226
915737519
1858564349
1121757174
1146120891
574173223
2072083830
2086217497
422666759
1701008659
506690449
45662197
2081400391
682076006
523776791
1222533611
1378333947
1239272107
35036599
487895867
436880930
639792411
400319162
1680242349
1530266385
226407857
95079855
1718393585
1932221717
1543916299
1730537681
539696295
312170170
1441618382
1661453469
1458291061
2015791605
1586053651
1397024910
290974716
1139578662
1903715359
336636913
1073495405
438307718
860413705
148545368
1816641665
2099685812
183581967
157053884
389083094
823374378
557373047
2069325443
206157116
783780904
16921650
1924550701
568518973
1560837949
1507604734
1108215268
1873008119
801739468
622185090
1183815532
670047426
60755093
433356794
961022142
1200333756
189588505
1297659056
126345513
627896223
10589113
274890882
297054240
2110274925
458472849
454108125
351874371
1281847228
1011481172
273716166
1488004344
1795262076
290637816
1265071397
216297401
1851475765
625192484
1324512669
1577000236
1426931952
1946697759
613332120
2096979378
2007452853
1046688914
910517873
1060302961
1236277419
60693281
1186648474
1864173643
71282394
1461539356
13744235
34073671
1920012206
467852360
385948042
1054375786
1479333532
659664208
394896482
1127111960
950302024
1659967879
1343409361
654294141
137676715
520438383
83810729
1564608668
319652494
697142849
1514104398
179621699
1743831763
277138623
1239924660
832625534
337831904
279089487
549315529
409114298
1740628843
563059765
443187969
1513157401
1030912125
829136011
420049539
362762010
1488800219
814946021
1489873970
291618595
327430253
685799684
945912736
465106968
1206238067
1029723465
2029715636
1525890561
1726866314
1396336387
1705512261
1323214429
1673475010
797953273
8356316
2011306915
1077042760
557671845
272937565
670187956
1120731610
716125535
35861709
4160088
1545261546
455911249
366922098
886578118
1270857270
1856796068
1178196713
1598287523
395112104
2124109450
2063394492
1601350171
1006349267
1945626480
979757085
585731934
1194479219
537785698
1908946363
720470582
1335738971
1917302679
584293849
265298084
327490877
857231414
935486040
1448222487
1573356949
971347749
1452382575
971134848
1427258998
1819304673
1857712966
550632621
1528617094
888426031
1436496
1923729198
865051833
2064830988
1377595722
1871401101
1862973821
209869159
309649387
909969392
747654857
71112102
1630439974
2083393828
1988414782
67250175
201208264
168422011
924481590
1136694304
1616644498
350354891
2108042054
921543426
1321489739
1387817404
593364451
1031719057
1938450025
2121981545
1920145089
1939886522
1898227096
637713274
1857233862
1128339170
361630727
1572724035
1338208329
671280114
335209780
2085863186
742392217
1965649754
2021773366
583323351
2032899930
75497983
751745362
809897872
1212192287
220906212
1160252763
1172750693
1142449638
334258855
413084450
1735814090
1365977912
204050827
1710311987
1138639353
2143937349
1461055435
1776352628
1853687564
441910957
2137983355
1278927951
1780119286
661779822
1614137731
1718498824
1404172039
1432303838
1592788543
1987495390
1317720120
1668286526
591757104
2127617992
732995165
812663316
1140387107
1905745859
1955112955
1474645962
171346661
1543443397
693140227
375397488
1106271736
1831779580
371851190
419843524
1460648560
78055106
861754481
1451148268
1356983057
494390120
2112928090
823637141
65405296
1369616481
108457331
1658193839
1209628223
1426177451
1178996717
1801385327
1406311795
1911991883
466564995
399215254
1670254094
274194302
1873861217
1841600755
1817637699
419517796
69514595
776425788
103813728
441365785
1196269312
1564462289
519420891
2058023793
868126909
1876403949
404930265
833571351
552557442
470335562
55704184
661014773
2128529401
1265332407
2087192224
1160042471
919234086
1346020371
924550706
1385799081
1745235625
447321152
1659993384
1471613194
141438259
1330147435
1891130990
210952854
2106573223
1994944719
652318640
1155358887
1411923360
1171739531
1065899033
132566621
900659832
1470829298
966137972
1453217274
1941164860
1021842156
2114232047
1922210614
139690915
2053940623
934769437
1058925001
1252477346
1859320143
297240434
850229324
159157647
1957233818
174358870
300595906
1139897606
2065489861
511548760
1098987181
1912950932
1163867400
106862421
1177390644
188123284
1172761454
1309957265
1088783116
496107104
128611589
394516743
289788317
1150453745
361265142
64515283
1290144660
267722118
999284720
201586013
1520199464
711121215
498826447
222945140
870278862
308576618
397304011
1170874768
1448474224
315310224
1682423528
399977757
80777508
698807281
506840178
1258168152
886930565
1679601632
420641769
1975713681
28225089
549253358
222746776
318013406
1699707103
584011919
382528689
842368115
851734037
1381813409
1043954128
224449853
2092934624
1542780575
447394994
815729838
1851357193
844699005
1986604606
1152347769
1160009229
1521544486
1552325527
1240786737
72868119
2059165705
351471241
959798684
1591283690
772113010
788028718
1619508779
1321366368
1010775494
1937522185
873589823
1594787413
172567226
1715957938
299037802
1554380635
612428418
523487656
1499831611
7725345
970882650
168077801
1859082539
1815581655
7198759
863946660
828107236
1528743245
268788539
2068893973
1601611365
180470597
272881566
413926401
1771754287
1044994576
1201955119
1243779418
218877296
65246966
1033817955
1092467119
1660034379
1206385181
660941409
1959072182
613282168
1273369827
335076190
2113113779
1281095172
1305958840
133707932
992694063
974056847
140906691
1856640724
1802164083
1669649936
2125429263
1723574408
1123777653
158416212
1996455974
1537704055
1930170499
893966902
592175526
1026466269
1112844198
657422492
2060284224
57827669
169973224
1119185757
718769078
2129045406
1732467925
1992138905
316637948
1698098056
1125750429
1622596788
1831805988
2118444493
449169987
1972712679
1827601569
103850422
1494878968
1805547184
1827424830
471172973
1963963397
1676397156
2008877028
1746650248
422880410
453568907
625632870
1535724608
1110991399
538433446
1593552277
1280964623
1657619204
164837707
1262526381
1242603481
9492964
1579164329
793217890
1135243393
1054277469
477540230
1106204238
1503447456
302769262
786322159
1607297878
1797648230
444385696
1287239060
121337555
260865445
816152568
2130214584
2007515693
1239032978
436299843
485664915
627273938
1547291242
1024098362
73342567
680772218
534233918
238180274
1943298599
1776837399
247673238
1374979281
422571641
1382916632
281773102
900111872
341637222
1785220559
1202881134
1127959382
1245034789
853045716
1572345078
384790202
974383271
1833210523
1200942770
957114207
1693242568
292492101
1393414050
31423836
919766039
793221645
1055522198
993108607
1473993863
1589756116
1231288881
1269808814
1219109867
1478962120
497304447
1641681509
714395104
779077550
394309733
1056032326
416814461
1597190867
36508060
1661849250
302752935
1608853138
2046639452
1277136206
1294580013
1100098575
86766766
840338934
1392590676
1480180816
871762770
164873067
125918813
1927284968
1157981674
1599912676
1369557436
241786908
722237843
441183655
1720749028
1219542290
2082865164
287660484
1998619840
329691249
1343692810
267950653
1926882116
1380200871
1929799904
82151403
841570361
1828955708
1359287610
2136150375
781570635
1446054376
829005661
26677663
778751544
1700768431
191550731
904670358
1480569751
1349532405
357099386
702643539
1591319313
1079337229
1143827194
1164584693
151395872
1079208711
1452245177
2532064
1408899960
648454340
270482718
1188298429
2028655211
52798974
1270449832
722741924
1881754682
482253794
711408651
515841670
1928308170
1540414312
542519333
559576067
1093699095
734070064
1464246425
426785198
2083602470
1821345811
1129428737
1527438135
753199393
125772284
544539181
904595265
1204980995
1996784358
907127329
466397307
497755050
1177610047
1654695736
378926613
1230409021
777661921
1101668538
964680056
1259915715
1813077189
1480521726
1040740238
1206007854
2023041059
1600316305
152223301
609627476
917079082
579008500
545746298
590941245
1708437237
2073184433
1344140638
1834209521
470239966
101252255
891706868
319540677
1008379585
1358104176
817295727
38505984
865316264
1196222341
1268915006
1642978185
150407231
86111414
755410253
1963484420
1566633140
1796150491
1022008626
1442190551
1248983148
1174231928
2051818027
18578582
1753240428
450080677
609519827
1314194017
375781463
1953660466
1000919891
846021429
2054912721
1892626759
1165562106
915808658
1103247287
1982857834
954314643
1968563552
1031596527
75746001
1464058089
1182003758
161857415
71984694
998004530
1728490555
1868135185
2020013157
1023197458
969634685
1046761437
927531838
988213267
652518217
1377612515
1597733095
1966712234
1753393978
1403909913
820148477
451931760
1311338986
565291589
1617493866
79663997
1668538876
1452868052
1033978640
1489618780
336980931
1109724641
806193222
1518984689
1271582056
878177916
369505572
852588963
598829454
242035081
1875786421
1568464139
1288796518
655834611
409193759
1941314735
2033447127
2006926854
1760543321
1639357457
1263353119
433208151
2091289217
427208457
998499740
1561299436
506872454
519554968
866683840
1540851094
2009173749
1203664772
503092087
667883323
575165813
1774674143
1546061239
944671385
479779458
2144890693
1186706466
208082232
1565871185
328019336
863916843
1975064944
121850423
749880322
1834508150
1882393745
241754132
950377621
168118248
185559701
1377586078
1166617988
1746859137
1884458533
1686172956
466059330
1277825979
1547863057
1669724102
1780918067
68262732
97406267
1408108562
1614323972
1042077653
1887888021
1611731017
81300471
2095970253
1030118554
409319808
812403448
857699850
531170231
1562283771
544724352
266080328
1804037903
1495101973
434198576
1989597604
725204404
1600816564
1588973094
462179289
1139505873
2055032424
1740005268
539885282
1577272878
1373439687
608148015
1674679145
634064602
74988339
569273150
374468975
1686719356
650573622
322955580
569354263
1059893430
1135359028
1427054113
1591063661
550159151
1971778466
1857143990
206713406
1319396791
143858918
48827363
2044601195
1744675483
1637800457
359296836
736697708
1545349233
2099302105
1276582990
975138463
1325258144
1884731005
502333960
1959322746
1959719344
1071607111
186308073
1498955053
1722180733
509263653
2068309316
634590515
1644622682
1347879781
78170528
47298185
1172174599
1935314518
254011592
344087743
2079173437
302838955
241205290
1676365272
1940639412
600502127
265579332
1338504997
552320584
1542162322
166159812
1877578728
1279409680
668493772
1689417827
1091645376
1740100883
1875725900
443116781
1314797968
237505906
363942449
1949388483
1882128588
1711822231
2027559012
1929426773
736513182
1815389882
35954717
1080600925
1747079671
338793672
1321806216
1275961295
131949436
1922308343
1541540627
1470454433
327145279
936219302
1636614245
57240359
68145334
157624370
1746658186
1159790710
1897725253
1474900439
1602907492
1065039574
1712406345
1966849941
866944409
1447051285
1531188524
747019773
1228994410
120218059
414926008
1264949128
1200818984
14522031
1603742800
375141552
1290483327
1735692237
149966247
684540306
1058663022
477111526
1620759608
547793620
534351886
1688904942
705417990
133526424
701212005
455659595
1608426863
156635849
1520699169
1173349560
