10000
846544
1097332
1414324
1569036
1961106
2083196
2084990
2207508
2672620
3041586
3192702
3497797
4124163
4339334
4507392
4765289
4817707
4871380
5273386
5405031
5457799
5569638
6990377
6991428
7299927
7377036
7693986
7828079
7846105
8117099
8220786
8237866
8364424
8517576
8523480
8578577
8621062
8863234
9048473
9202159
9355030
9422991
10005455
10038610
10148868
10272576
10353551
10355760
10542666
10596092
10649908
10649927
11057336
11230352
12417089
12421860
12615707
12784339
12968165
13264847
13286920
13383443
13507692
13515634
13992094
14384967
14648616
15778943
15894612
16083835
16282829
16698375
16806434
16888580
16937767
17135151
17357271
18022164
18297120
18359027
18554744
18766995
19403343
19425618
19790457
19792439
20156431
20245525
20550857
20894679
20976546
21032254
21037371
21042141
21184830
21363666
21614110
21998777
22046758
22263335
22265247
22779219
23186960
23369681
23508167
23559843
23657281
23675809
23860768
23934822
24172635
24332668
24412031
24519463
24591451
24677130
24686235
24781879
24796255
25001856
25686936
25737728
25749155
25848227
26247449
26288753
26703719
27080671
27385191
27413526
27870096
27944756
28244324
28708026
28729017
28941021
29148698
29904090
30052243
30081117
30176264
30571999
30871563
30891018
31399919
31602390
31953484
32018145
32082804
32244572
32296268
32517126
32522247
32552287
32720200
32726293
32832558
32894174
33197285
33497562
33622187
33652706
33876827
33908021
33928294
33971672
34355144
34455154
34692082
34969269
35215159
35513755
35648079
35685993
35793039
36025172
36467816
36506022
36508059
36517305
36584250
36715764
37343135
37487243
37584319
38445007
38790919
38853637
38879153
39198167
39242207
39856235
40035972
40555332
40806227
41259443
41295744
41453968
41520355
41798173
41979879
42086247
42369050
43108316
43403751
43428926
43493354
43737869
43778529
43849731
43906021
43945919
44121550
44181261
44513622
44702318
44884596
45388707
45619876
45713403
45795310
45814321
45909203
46311040
46468583
46748872
46898283
47210349
47545200
47660244
48518888
48609007
48971909
49193685
50036735
50065739
50489140
50594891
50646850
50802351
50934895
51526465
51581374
51654754
51730573
51995350
52419502
52461040
52692923
52939100
53052224
53108247
53279129
53390919
53988805
54313356
54692943
54936852
55167694
55197110
55397726
55448554
55491865
55753942
55759277
55891928
55938635
55950039
55965858
56102997
56431779
56789867
57083074
57318025
57467939
57577218
58079516
58394977
58576226
58724606
58826143
58999987
59155001
59697654
59717915
60182440
60552285
60733771
60867099
60972086
61329314
61396996
61458328
62001751
62130240
62197319
62411344
62458120
62539004
62553541
62735226
63071296
63231870
63432571
63827838
64280666
64329386
64343488
64569223
65113909
65395204
65533455
65606521
65811567
65816606
65834696
65855723
65981001
66413589
66874277
67151215
67274893
67321997
67490832
68197838
68413808
68774396
68809844
68934036
69031041
69365272
69473400
69549719
69774556
70176540
70497812
70722915
70809897
71058902
71169367
71370451
71905415
72070936
72283947
72325785
72412212
72956324
72988827
73777395
74319843
74429685
74567158
74708134
74914850
75038244
75385412
75689354
75837083
75847078
75863351
76046776
76171288
76213677
76906624
77046880
77066055
77075330
77248973
77389111
77635127
77899006
78241287
78285130
78424247
78474591
78544880
79106092
80164669
80267505
80334972
80795126
80795302
81444803
81523851
81702510
81825250
81909785
82125780
82186959
82188627
82500910
82946393
83216519
83230217
83387337
83527999
83880650
84283853
84454364
84534693
84548352
84696357
84920738
85034669
85066557
85075492
85173439
85305983
85417858
85468966
85469015
85495577
85579825
85930206
86180842
86386450
86658989
86997316
87219595
87564880
87572235
87762822
87831583
88137781
88224883
88320925
88338574
88690451
88821719
88926492
88956887
89175419
89276345
89769768
89880995
90144726
90962024
92053994
92103877
92338924
92447169
93718840
93755857
93869786
94071308
94664477
94730012
95002278
95698498
96069808
96249884
96582767
96710008
96720960
96780962
96786449
97031864
97769557
97792135
97837927
97851068
97911446
98009511
98158186
98279104
98913483
98938823
99184989
99196015
99206711
100321979
100383790
100548361
100829727
101127106
101215442
101506548
101551845
101803964
103240591
103419016
103507541
103632432
104390411
104781232
105812802
106205977
106272331
106430630
106453141
107061228
107621093
107632870
107686797
107828926
108671510
108738273
109389060
109646534
109694999
110018194
110199833
110288372
110325136
110417535
110454191
110504968
110567975
110921240
111364499
111595126
111841390
112078769
112323406
112763396
112884617
112949251
112978370
113052189
113342465
113889498
114374779
114576184
114684268
114732445
114999535
115128014
115453764
115489032
115582143
115709217
116054599
116177166
117244622
117280397
117306509
117567061
117732271
118273313
118315907
118503326
118607315
118834581
118948635
119048278
119106265
119130260
119142461
119249454
119301685
119590994
119713713
119979282
120364207
120475331
120952719
120997033
121113901
121348225
121471543
121798019
121826355
121866741
121928628
122154172
122266168
122440538
122442696
122551093
122826273
122942453
123171994
123368650
123720728
123940568
123966203
124160180
124242681
124252329
124265518
124337829
124380590
124482146
124642794
124686560
125027979
125595337
125880063
125987138
126148591
126542657
126714400
126877278
127004602
127074963
127515118
127795234
127978257
128040714
128156264
128241440
128337646
128612391
129056434
129075253
129661060
129750372
130034545
130403779
130417294
130448298
130652400
131575570
131713854
131928264
131947791
131997654
132135573
132185135
132215201
132296805
132957404
133435952
133549927
133675402
133852760
133882477
133912605
133994828
134000833
134293500
134688050
135256787
135559187
135706071
135713974
136141268
136458538
136716596
137013142
137384140
137636618
137678342
137704260
137780297
137849079
138198687
139232169
139652529
139830234
139942512
140237554
140546321
140626483
140660281
141390010
141539249
141580517
141671440
141749533
141758934
142232589
142359993
142360465
142977522
143059452
143111287
143331054
144014306
144033123
144116463
144194049
144195047
144594650
144725952
145210749
145364103
145598617
145745598
146312286
146344804
146447529
147008130
147107479
147611376
147669359
147867383
147989817
148237843
148320221
148411926
148544354
148604378
149287842
149366044
149394116
149426334
149670921
149704614
149828299
149853098
149994399
150092973
150370429
150533845
151051764
151186600
151232522
151426064
151699325
151872842
152215709
152518554
152801804
152983303
153122634
153275912
153319911
153347613
154102216
154188041
154194943
154747282
154805500
155088207
155269807
155342996
155535075
155561680
155586729
155830507
155927570
156045594
156085057
156423326
156500041
156558087
156663063
157016582
157156826
157241352
157822893
158073376
158075521
158635681
158865677
158868646
159036106
159228659
159297695
159418649
159480028
159512836
159525834
159542941
159833193
159933991
159942168
160709344
161051644
161290785
161413100
161896963
162517134
162714873
162764749
163017281
163317674
164094944
164593752
164628105
164630515
164716873
164773095
165039881
165094734
165232001
165260181
165400446
165490706
165862509
166210460
166618813
166745186
166972310
167087685
167293717
167423035
167520036
167575563
167577241
167629559
167646429
167886343
167893274
168851058
169017246
169111225
169181334
169316811
169483023
169676648
170667017
171378165
171443873
171822376
171863800
171869249
172255412
172298241
172385188
172416110
172450000
172615188
172615787
172773231
172853382
172884995
172907220
173323797
173404414
173406988
173829101
174342789
175307733
175312711
175360043
175374517
175426356
175458149
175494803
175561584
175605379
175829630
176055941
176087839
176302520
176431094
177249519
177498897
177667216
177773858
178524549
178607774
178719334
178881093
179040236
179269125
179792006
179932344
179938982
180005967
180182889
180405269
180492456
180852140
180989126
181186872
181286791
181752548
182018740
182416952
182623317
182790276
183143505
183409739
183492468
183557218
183598194
183689461
183741221
183887817
183888954
183979330
183980219
184058441
184154546
184614961
184939051
185023738
185156215
185163376
185373951
185650740
186317893
186696926
186734429
186942198
187247458
187261828
187742498
188371775
188876942
188934871
189025270
189058070
189182723
189387303
189951887
190216031
190223384
190892381
190928360
191189111
191250440
191467094
191761567
191811319
191864926
192384358
192616703
192725614
192891965
192935607
193065362
193172402
194070456
194162353
194350249
194449130
194712814
194774648
194901551
195129473
195173314
195339429
195662208
195704961
195793586
195823574
195875619
196433899
196457364
196724845
196791134
196862657
197061179
197165466
197211471
197474685
197562446
198261041
198317070
198434147
198723339
199837384
200151700
200802732
201024774
201111371
201137021
201228255
201279660
201302341
201800051
202197179
202826849
202957450
202988502
203488782
203538232
203913361
204492403
204564660
205299118
205404107
205824540
205836527
205948108
206111896
206137629
206470923
206630056
206643272
206687367
207001073
207149962
207417174
207905321
207986586
208151723
208547320
208916812
209291767
209519333
209628902
209967924
210083263
210093172
210209846
210810537
210950904
211051886
211140356
211326294
211834985
212278309
212430577
212500413
212662362
212670017
213197797
213246178
214624811
214972812
215453224
215505859
215556943
215610315
215949852
216152305
216279229
216429394
216521859
216610998
216765046
217059029
217077871
217814029
218229553
218613838
218676756
218955423
219044686
219256265
219384490
219391397
219980354
219994497
220036009
220269272
220312693
220505576
221203825
221243583
221327972
221573723
221599667
221691228
221786251
221918272
221921591
222003033
222068797
222129957
222195400
222255601
222409930
222638700
222680252
222773178
222900124
222964049
223078899
223344160
223464660
223923789
224050766
224057229
224179410
224236012
224480845
224514989
224709303
224905961
225238324
225712025
225826334
225946212
226202096
226635459
227154038
227181347
227336313
227459021
227596730
227653419
227782356
227935948
227959051
227959061
228024017
228039176
228216148
228385334
228706534
228900009
228937696
229376194
229469268
229534199
229562883
229584451
229716538
229755553
230122457
230412138
230717672
230732013
231019803
231106981
231177226
231365103
231375935
231481839
231571055
231643722
231741015
231742286
231849626
232213020
232283750
232403096
232492330
232579091
233255884
233405007
233425668
233516757
233645655
233740557
233818808
233896448
233905281
234076700
234256675
234272082
234779520
234839992
235042902
235691206
235713850
236003364
236247856
236891898
237221335
237223309
237314054
237365643
237580341
237673171
237733347
237872652
237990183
238128552
238735662
238811804
238909609
238915810
238951323
239345052
239587328
239607846
240047855
240443850
240829435
241261452
242045176
242497047
242718147
242766303
243364825
243602048
243607813
243637247
243671105
243896646
243924780
243935844
244032937
244578884
244674522
245172455
245390343
245897160
245987205
246033943
246098546
246315928
246353803
246646998
246773323
246957325
247624333
247987607
248262859
248660314
248947069
248958914
249199844
249205139
249444247
250172795
250180969
250348054
250543157
250810968
250970669
251130833
251459656
251514795
251729874
251767014
251772568
251954899
252021548
252352949
252557869
253398771
254218978
254400606
254417608
254885846
254973779
255106401
255135404
255256005
255381360
255407687
255435682
255453371
255549894
255857490
255873295
255915032
255996490
256049685
256090518
256156874
256193554
256195804
256257012
256492021
256583513
256910254
257022285
257233026
257325239
257650784
257691050
257826491
258211596
258296656
258500946
258565863
258603796
258706723
258770596
258903277
258950711
259232565
259361548
259410139
259667086
259680584
259735581
259848579
260008185
260181838
260223013
260548473
261125046
261141158
261638231
261654293
262502904
262585302
262606176
262705905
262879580
262925874
263244501
263783001
263811297
263841432
264047012
264621436
264667027
264824498
265256540
265483006
265795584
265807357
265809421
265820122
266546700
267430851
268250514
268594224
268787500
268831707
268930348
269165802
269221236
269314175
270270066
270456733
270472776
270872436
270906355
271025368
271173544
271211326
271254103
271548951
271657405
271885004
272065506
272291242
272774441
273107847
273386481
273610879
273635965
273971919
273986967
274674458
274919089
274946497
275039417
275165285
275312601
275373514
275374360
275701839
276113581
276324246
276499230
277198022
277314385
277393471
277397166
277699074
277769382
278333432
278700058
279094086
279130996
279200659
279376653
279413694
279608088
279959195
280158445
280200265
280368785
280377240
280544815
280585987
280842752
280934153
281118848
281149333
281206661
281315467
281478399
281651220
281959125
281966643
281979419
282036264
282193484
282367641
282378457
282696745
282754176
282905809
282929531
283278199
283491460
283752170
283799117
284171202
284359996
284562741
284944163
285676182
286138505
286291848
286596873
286651570
286654398
286920496
287152684
287216969
287261517
287348193
287367942
287459197
287861698
287869738
287870007
288315142
288651200
288684670
288806334
288966718
289442013
289460686
289527397
289819133
289867739
289908819
290206797
290646944
290764573
291266071
291319090
291412991
291429595
291591646
292139655
292144528
292358097
292994117
293086948
293104695
293276477
293755935
293956933
294091947
294342621
294720653
294926740
294938208
295044548
295545235
295859289
296288440
296431071
296469271
296489872
296544746
297051152
297420531
297863962
297942013
298240472
298454903
298627407
298634826
299244162
299261762
299306907
299489006
299504733
299584064
300012261
300197067
300368579
300940238
301017791
301023156
301067595
302603676
302620926
302683830
302792979
302829283
302899715
302906370
303131036
303173647
303223507
303500942
303768434
303877563
303916646
303974220
304191277
304415588
304541326
304838136
304861135
305189092
305229813
305487158
305494100
305509997
305703617
306213915
306708342
306872765
307198245
307969149
308268534
308403854
308929268
308964810
309261756
309274294
309645466
309743314
310107713
310248938
310431201
311076887
311107633
312090414
312212455
313088651
313221041
313369763
314756988
314757886
314956512
315267384
315422655
315527397
315559074
315689420
315702957
315715135
315783212
316010596
316432975
316457405
316535717
316633290
316639896
316698865
316740912
317056056
317249307
317320060
317643709
317714708
318009501
318218979
318254104
318319139
318413169
318516426
318727365
319686689
320520121
320747676
320797513
320827771
320909896
321768081
321833505
322112892
322180820
322293347
322999743
323119387
323815615
323871869
323896304
323979204
324210333
324681129
324960326
325045184
325468584
325694622
325991664
326044702
326191519
326217425
327096920
327237591
327539487
327648678
327768418
327805404
328058279
328105665
328122160
328124439
328489888
328896224
329063428
329845717
330447874
331098909
331379029
331419174
331443264
331503634
331647518
331963697
332218892
332330945
332404617
332445802
332568945
332580290
332940828
333165167
333904877
333910482
333918744
334156320
334253667
334723758
334889275
335186868
335275985
335757030
335906806
335976561
336513397
336739409
336991023
337310099
337566534
337619309
337814806
338615401
338963015
339243952
339872194
340169600
340297116
340951734
340979809
341558520
341752730
342143289
342403939
342460607
343185310
343247628
343447268
343461085
343470543
343557354
343626455
343644188
343758670
343905763
344128307
344181261
344643365
344666173
344668247
344779489
345142066
345484037
345611852
345732601
346610508
346664161
346683654
346788517
346879653
347176743
347481671
347935410
347949831
348466574
348480412
348802760
348985793
349477384
349671023
349732817
349752663
349786987
350154101
350230358
350405935
350570800
350856338
351033824
351153892
351349312
351731639
351742954
352071968
352087592
352812890
352955504
353156446
353190323
353474389
353548045
353712065
353783800
353823616
353823854
353932612
353963701
353963845
354005374
354049668
354172570
354360793
354669077
354851984
354987923
355460905
355635833
355675753
355690365
356033117
356098972
356111727
356393412
356610088
357368228
357416225
357512607
357522835
357874762
357890987
358011554
358564834
358636550
358754200
359442971
359606275
359808116
360632433
360775848
360847243
360932526
361308209
361744348
361827897
362085573
362355650
362718211
362790513
363067721
363205098
363218916
363266388
363348603
363417999
363581630
363943932
364112897
364310201
364534261
365382831
365413379
365559686
366032982
366374640
367647212
367655452
368036612
368181501
368186275
368851036
369001862
369013728
369414479
369793819
369840647
369926610
370239443
370429522
370434312
370468398
370594245
371153431
371333079
371479399
371649280
371870732
372239316
372322044
372388418
372509135
372589006
372888568
373171829
373200683
373239236
373510103
373738631
373867352
374375879
374734724
374987284
375309273
375617152
375783850
375943039
376132293
376161571
376270161
376477689
376487542
376514218
376840242
377221032
377582743
377685120
377877115
378088991
378141010
378373160
378555993
378814623
379114493
379614746
379661050
379664666
379770162
380441855
380481487
380486458
380564004
380745925
380887856
381100808
381264806
381345142
381525864
381545870
381981505
382095334
382111973
382243028
382277090
382596297
382986335
383270767
383697959
383792894
383811613
384038718
384298365
384672193
385000929
385198186
385272669
385329177
385482785
385604666
385699360
385729646
385798566
385984269
386025088
386348460
386663072
386720528
386893736
387082895
387573739
387896526
388117226
388358140
388577017
388600339
388892097
389889720
389934754
390198224
390324035
390640309
390775161
390790086
390864799
390960158
391139296
391530897
391533408
391914277
392178748
392222332
392343428
392386566
393009042
393170304
393223777
393476910
393503679
393708447
393826165
393994805
394063989
394099764
394151353
394198376
394262324
394382031
394745465
394792440
394846195
394922788
395060403
395169858
395455810
395527406
395630812
395815025
395822084
396526298
396541517
396554296
396761390
397005291
397208396
397262574
397313368
397317715
397388172
397614099
397812453
397847456
398124088
398769310
398816102
398842861
398864590
398910715
399131154
399555025
399605390
399625809
399840806
399846808
400092694
401179261
401649771
401661771
402220524
402391536
402458316
402492704
402841163
402861856
402869737
403342849
403815254
403821345
403910526
403933491
403973313
404181414
404183634
404302675
404542642
404597484
404615481
405113220
405411186
405836484
406297560
406367861
406475992
407264968
407337690
407451736
407554900
407559571
407723960
407873883
408034467
408244072
408389630
408779544
409256699
409414710
409659345
409963587
409974695
409991276
410457295
410779266
410930034
411013577
411114832
411553564
411824218
412146083
412361470
412384490
412589282
412645993
412760948
412795409
413187826
413213184
413452629
413526720
413625449
413649925
413829527
414529536
414842582
414969788
415045592
415704610
416202776
416241127
416293236
416426189
416911952
416938986
416954668
417019449
417037484
417088210
417210125
417303719
417467193
417487874
417746102
417971979
418028169
418175663
418390085
418441381
418882986
419627504
419677205
420603028
420963394
421672165
422076421
422319234
422638927
422885374
422901561
423456565
424068293
424077000
424135415
424341839
424686616
424741366
424813574
425087493
425117323
425336193
425424932
425564264
425607417
426361990
426649547
427224930
427526201
427543622
427656847
428253701
428879425
429019241
429106815
429110935
429305564
429310039
429345696
430325263
430535779
430739947
431013221
431014555
431164040
431285387
431312506
431410476
431512690
431986516
432056850
432074856
432112985
432136883
432137033
432401254
432403744
432478801
432536919
432812186
433213791
433233762
433686606
433788915
433859882
433911530
434399635
435063265
435396452
435653335
436199088
436636657
436739178
436742853
436750162
436756029
436839737
437007325
437056884
437796717
437872921
438178945
438597397
438879317
439099440
439378624
439438172
439565931
440138087
440279906
440293907
440338518
441028743
441232634
441311720
441319691
441476134
441526187
441848528
441979685
442265355
442594034
442675407
443040584
443048389
443086060
443607180
443707784
443924581
444935418
445418711
445480801
445532971
445711452
446145610
446439339
446445215
446535878
446752235
446898322
447100848
447402551
447427673
447952323
447960160
447964286
448557944
448637966
449284334
450115026
450195724
450400638
450850953
451390110
451500690
451556692
451651384
451778622
452083264
452317639
452497753
452518752
452674079
452930388
453053864
453185989
453952188
454114389
454603101
454758051
454826867
455068391
455070823
455834968
455891631
456117050
456461576
456673599
456921424
456973176
457118225
457122708
457338635
457565425
457960490
458172111
458467344
458559635
458588238
458704973
459098404
459410361
459978158
459988298
460096782
460140636
460654603
460871106
460910135
461091769
461168919
461885455
461920260
463187755
463422046
463877563
463877910
464194794
464272935
465200090
465407630
465432043
465566920
465602519
466232487
466274235
466325670
466428453
466627352
467034974
467129690
467154427
467270601
467309206
467684442
467814822
467928234
468236211
468304280
468349378
468439320
468505702
468519599
468588689
468700664
468794289
468859134
469535489
469612249
469728196
469876064
470035351
470099859
470383463
470425881
470437852
470469282
470701830
470900465
471224550
471302235
471429277
471466640
471545378
471679987
471785524
472170178
472260022
472319143
472667511
472729820
472757066
472876096
473030596
473069188
473142420
473145073
473152617
473352097
473722827
474268932
474504250
474772861
475214929
475379795
476093656
476101576
476135887
476142146
476334322
476461010
476891316
476981964
477369542
477926415
478008959
478292678
478526420
479167379
479212868
479420416
479510113
479967438
480145824
480208940
480231999
480424711
480531196
480932213
481232228
481281344
481345052
481436962
481447219
481767599
481844057
481957822
482191252
482998850
483007911
483023661
483336164
483753199
483898220
484775424
484803603
484985187
484997288
485061154
485170108
485203015
485225596
485237281
485238514
485342616
485372970
485374144
485728094
485875133
486119799
486235365
486332749
487266896
487521645
488119187
488159740
488229906
488530836
488731987
488830946
488867480
489030030
489207104
489223318
489371930
489620746
489637631
490102883
490119581
490214721
490517435
490822602
491027069
491447518
491663053
492320796
492403066
492646127
492809495
493025544
493474292
493630791
493789612
493986883
494517382
494780764
495026144
495198551
495289147
495291573
495714784
496187005
496187815
496959381
496988272
497091963
497321808
497529076
497767612
497796817
498218868
498539399
498747209
498792268
498939694
499432345
499882670
499965995
500258809
500691053
500825517
501460086
501675319
501758521
502096577
502110282
502376692
502422032
502646595
503270517
503437194
503595851
503719299
503724168
503757430
504287204
504438979
504468317
504685007
504810358
504982792
505483156
505585286
505695354
505826602
505931049
506031977
506426628
506482224
506803590
507038495
507129923
507262317
507624569
507807070
507856656
508044971
508115609
508199528
508255879
508467784
508654777
509015771
509239623
509242749
509323601
509529678
509582139
509777969
509915514
510491242
510685019
510980509
511446781
512113450
512948943
512951091
512979187
513020635
513020651
513188067
513557016
513581763
513586267
514108638
514208322
514449637
514468861
514476315
515248701
516179464
516386322
516472626
516538644
516751067
516944997
517446617
517713270
518158024
518168137
518408443
518439564
518550857
518903994
519030201
519092978
519118826
519233790
519418605
519635409
519655349
519793140
520107365
520159263
520418174
520833500
521500139
521547852
521706569
522016653
522565165
522703994
522716904
523493308
523588777
523671337
523755444
524073486
524107370
524112899
524448710
524856520
525034164
525074343
525251700
525514251
525872258
525908335
525939169
526058805
526062079
526167175
526252825
526382098
526978323
527161271
527287676
527753631
527850277
528053094
528088526
528379170
528492468
528595226
528893947
529513647
529768977
530138914
530280101
530388755
530531564
530575993
530738720
530933459
531519288
531714224
532168145
532459575
532464213
532554683
532619970
533188024
533717277
533737522
533936660
534228874
534349810
534632773
534697735
534704960
535073955
535181816
535218991
535285537
535321653
535419461
535493208
535626621
535841896
535938721
535958024
536176497
536981706
537011280
537306754
537360099
537406852
537574808
537817616
537872551
538015287
538105904
538141840
538713078
538790248
539201678
539295262
539360366
539829739
539900801
540203116
540301070
540567863
540876438
541298423
541324365
541620914
541638167
541890478
541901670
542156951
542533932
543295706
543586715
543760767
544003958
544451528
544495089
544600969
544953425
545138545
545572208
545860557
545911696
546187592
546336994
546934241
547050785
547202453
547417634
547455465
548116051
548266911
548546069
548769038
549349562
549352456
549579866
549648797
549700551
549805797
550026117
550077476
550307011
550844785
551559898
551654482
551755990
551780416
551885807
551944794
552124261
552129782
552142437
552588655
552636356
552672781
552794277
552809564
552820942
552885540
552984669
553025361
553156132
553349246
553639563
554105818
554145845
555195992
555436729
555698285
558076608
558426878
558703384
559033965
559305252
559555113
559673855
559729872
559887647
560172033
560363679
560538060
560964710
561569726
561572164
561701560
561712551
561929493
562045186
562123865
562205414
562620551
562744324
562802630
563038659
563113795
563204184
563531477
563583464
563594955
563650837
563749706
563752426
563779809
563823926
564373618
564449158
564862243
565071183
565496642
565618306
566009945
566060918
566620320
566851513
567230748
567246514
567282537
567331892
567351530
567368726
567434941
567775445
567971159
568041744
568286664
568452070
568862958
569097967
569208196
569319945
569511533
569903558
570006548
570108664
570182610
570632319
570900935
571310103
571851962
571873229
572060944
572498640
572532266
572600273
572635925
572701812
572782582
572943004
573293595
573382905
573566737
573933781
574014543
574520051
574535813
574590758
574802492
575096753
575257433
575305090
575455100
575587295
575629855
575645260
575716917
575901364
576361399
576453880
576593922
576794036
577004118
577329762
577678384
577689474
577891702
577973781
578459112
578462960
578478235
578585364
578892154
579274068
579425254
579587199
579844437
580041911
580325664
580921820
581419615
581532309
581745726
582431686
582587441
582803094
582866699
582904150
583169524
583269267
583330219
583409415
583487188
583500664
583733900
583890392
584154075
584464724
584639774
584790008
584806331
584958123
586069239
586247729
586482097
586556557
586632641
587172026
587437767
587466449
587778833
587891231
587985141
587989014
588387898
588548421
588650361
589108280
589297158
589389941
589502564
589700935
590080502
590222233
590494139
590569418
590724518
590917937
590949660
591062484
591120113
591728245
591779215
591986572
592076277
592642743
592834870
593039828
593321961
593394040
593716942
593854414
594405308
594445741
594939453
595687379
596547894
597454664
597987901
598008561
598078542
598274330
598836082
599125994
599291381
599508565
599536817
599625799
599824259
599852953
600189344
600610224
601311348
602334540
602399563
602902476
602931937
603656802
603756567
604116018
604485229
604507284
604850494
604924057
605393403
605555984
605706682
605733204
606047635
606131319
606751913
606756085
607180088
607296336
607404905
607434511
607827478
608038511
608278181
608294128
608455802
608510265
608748460
608765419
609063542
609125432
609221598
609223370
609378219
609548483
609662226
609928420
610005095
610566407
610655487
610824514
610847308
610875413
611270018
611392534
611464585
611513575
611627225
611826355
612082926
612613928
612643799
612646702
612748069
613014970
613150208
613288568
614010766
614230049
615231506
615639812
615717879
616200829
616369842
616541522
616577527
616633773
616873711
616918345
616954820
617158876
617778394
617918206
618255435
618360987
618470069
618656105
618959019
618963353
619518748
619631940
619758673
620076075
620133592
620142371
620308479
620566408
621091135
621095108
621128166
621169976
621180275
621264527
621381575
621501722
621580365
621705662
621806752
621985227
622009111
622357363
623969241
623973828
624028951
624069620
624073563
624208676
624728202
624926832
624986221
625128060
625434272
625468695
625584333
625967116
626037792
626392678
626501834
626515435
627138283
627371646
627407350
627726905
627980699
628139810
628448905
628534021
628580093
628905243
628985782
629319142
629589463
629727100
629862553
630321255
630432091
630452626
630469160
630516677
630552761
630563570
630597114
630644487
630791259
631784175
631942743
632144693
632467390
632473766
632479660
632605203
633081197
633219369
633701675
633714675
633987320
634084369
634179403
634279061
634451010
634531912
634564474
634723177
634962183
635039660
635268233
635363150
636233321
636539824
637570107
637636446
637644397
637668602
638416010
638460646
638463239
638619116
638710822
638739042
638756251
638924169
638953208
639857483
640084627
640111146
640140823
640713772
640761956
640816301
640912520
641309504
641588386
642554202
642719484
643043693
643240363
643542020
643593839
643795931
644125059
644385174
644527885
644719979
644737594
644786245
644825856
645373114
645587938
645593419
646001930
646255511
646296100
646940295
646993417
647142880
647268396
647543607
647690809
647823505
648276212
648611843
649019625
649081207
649245198
649693238
650098184
650424456
650443461
650495017
650576640
650700917
651057943
651162687
651201119
651218123
651551346
651628610
651679471
651700687
651710938
651716434
652006695
652408321
652415392
652701974
653024739
653186276
653589138
653670312
654135766
654703061
654918236
655532365
655647899
655728631
656185911
656495886
656915854
657122935
657194604
657316613
657348205
657637395
657641549
657749585
657752042
657908845
658018045
658047034
658137813
658171906
658239447
658328929
658408343
658767934
658795721
659411784
659485595
659913758
659998407
660232926
660609146
661229162
661349613
661430774
661682345
661695129
662128469
662382795
662405234
662440413
662465183
662691494
663155132
663292142
663335414
663420102
663734600
664070257
664271704
664614293
664770484
664884552
664913591
665277941
665283186
665349291
665817658
665929647
666123850
666396815
666492245
666972837
667112615
667225524
667255030
667412202
667426920
667856953
668311861
668335089
668405368
668545969
668552279
668584725
668671639
668825739
669228431
669291181
669337456
669475316
669762005
670028357
670255398
670574810
670993722
671454475
671779563
672023477
672100415
672360109
672377772
672865570
672891765
673062068
673526927
673857624
673898087
673978033
674287620
674417730
674534874
674697817
674803258
674884108
674941093
675147266
675507690
675512368
675755092
675908588
675942934
676394212
676508488
676567579
676606114
676708677
676918558
677160099
677260536
677443834
677517139
677615644
677969134
677985870
678090569
678180354
678184725
678360400
678460440
679029230
679057504
679206560
679722386
680030528
680041943
680069424
680133605
680225966
680371942
680595876
680640536
680672107
681685485
681996210
682309253
682459458
683050458
683325486
683433363
683453977
683468629
683524620
684019317
684035600
684384350
685413836
685543837
686739184
687010574
687465480
687465891
687586754
687726452
687758405
688148924
688395169
688870714
689086087
689579213
689607210
689678222
689693649
689990738
690229616
690582725
690689321
690800932
691779499
691787016
692046728
692155075
692288422
692310017
692436056
692479449
692629786
692981052
693456369
693840819
693906404
694107500
694354179
694711210
695031773
695181635
695360339
695407196
696328161
696394507
696847233
696931840
697182057
698107607
698119500
698959128
699237765
699253707
699275868
699365695
699507763
699572599
699651834
699759157
699898942
700039579
700288202
700344981
700351666
700484667
700578472
700764972
701123419
701152003
701273432
701642279
701727953
701836600
701837552
701951666
702423108
702424116
702812777
702926799
703220555
703477184
703626039
703999133
704002308
704221669
704287887
704307721
704366037
704420620
705669526
706609445
706955189
707085637
707205719
707409056
707422716
707477207
707496666
707540202
707926907
707965766
708044702
708075838
708108270
708108660
708128628
708271995
708471265
708492312
708523570
708866828
708910565
708950147
709024947
709113336
709123635
709201168
709332439
709659544
710252576
710309799
710480443
710485493
711765583
712144926
712339548
712541168
712584224
712649635
712870544
712910673
712923070
713889040
714110994
714537233
714563718
714583962
714706053
715423405
715488055
715505562
715698157
715801681
715889188
716327424
716494646
716760059
716840323
716852217
716896380
717157416
717425672
717717205
717865943
717938822
718270310
718304867
718537611
718675265
719075156
719428026
719436155
719492014
719723857
719843065
719843132
720610123
720824714
721052643
721324609
721340483
721350326
721542829
721832532
721860956
722190135
722313361
722366412
722486367
722504370
722570305
722614026
722866453
722938526
723002082
723388167
723523273
723730528
723746555
723896814
724461822
724761890
724806639
725476720
725511213
725532229
725698321
725724814
726010229
726078670
726174407
726541437
726875640
726908826
727627394
727654068
727683300
728285455
728414915
728586021
728667078
728931133
729080433
729098406
730471602
730482745
730966536
731770005
731853926
732269467
732335570
732371528
732412077
732741256
732815716
732998382
733154701
733599284
733757984
733896533
734077469
734396482
734621458
734825693
734847717
735256903
735320582
736013394
736062551
736155952
736360195
736743386
737364146
737554076
737984858
738552825
738594284
738655898
738686234
738871958
739160074
739205065
739667725
739676525
739851692
740217747
741291063
741757856
742286864
742288746
742389415
743214791
743242719
743344370
743440531
743619062
744520943
744661094
745000966
745097135
745901270
746041298
746695329
746697868
746729579
746806956
747128083
747244185
747390786
747502664
747682775
747996381
748049186
748283403
748587095
749391944
749456576
749750739
749896499
750049015
750196855
750380336
750400000
750550013
750678920
750856951
750999167
751064096
751179956
751228424
751402687
751747957
751924138
751973702
752012929
752107598
752209736
752417063
752556379
752625312
752679514
752785256
752807376
752830422
753604200
753717367
753809710
753892645
754636156
754772790
755310806
755428335
755481954
755956996
756140450
756222388
756547854
756805885
756860393
756881747
757105216
757169658
757312051
757670583
757922391
758066444
758098148
758340822
758509665
758944129
759551989
759586483
759592453
759645151
759920025
760104303
760248583
760300756
760657441
760954360
760972629
761493801
761639289
762488006
762815791
763087099
763332179
763538273
763719708
763774139
763878360
764077990
764079235
764089778
764165250
764204000
764545115
764735831
764784708
765020630
765226085
765248830
765353236
765650371
766085126
766250115
766297709
767006593
767027660
767067633
767795413
767824547
767887545
767953978
767974529
768057537
768100957
768162786
768307929
768315650
768326880
768472189
768702106
768976050
769078145
769444130
769582924
769697088
770381152
770421357
770759682
771489228
771673053
771973112
772105077
772310734
772556332
772591086
772897260
773160056
773372487
774370791
774464083
774700398
775458182
775512997
775592508
775833550
775947187
775976198
776042112
776205912
776594255
776785918
776916639
777048799
777229882
777255284
777311070
777538918
777577636
778139683
778245479
778469833
778497638
778504531
778735482
778757792
778867750
778884409
778998710
779766893
779824829
779927504
779977616
780595097
780841663
781166807
781362458
781841436
782938603
783104470
783277784
783445164
783467303
783521011
783528993
783574224
783613351
783664071
783834476
784139516
784227208
784265817
784397207
784413452
784646269
784896572
785312761
785618449
785728715
785756489
786003032
786135830
786136155
786186670
786657203
786889355
787190452
787192041
787361631
787571131
787659657
787859454
787973050
788917185
789491061
789554937
789665155
789726757
789973874
790592787
791043939
791118125
791532506
791773549
791924800
792105992
792281926
792444232
792743422
792888193
793049802
793137277
793197538
793694324
793890582
794041266
794630259
795686722
795926920
796215743
796234024
796361322
796466874
796483325
796686819
796900391
797014916
797208067
797251665
797402115
797426933
797477479
797711158
797748039
797989916
798010171
798454833
798597596
798652144
798706809
798712953
798948369
799207083
799658544
799690101
799945185
800327637
800352656
800362548
800552527
800642891
800931900
801076526
801252343
801329511
801341056
801534765
801551101
801771777
801775462
801808342
802600871
803067643
803435543
804114870
804130265
804488037
804700532
804715031
805805723
805924224
806395187
806401162
806571164
806580232
806825065
807135979
807218937
807394177
808185950
808362475
808766890
808778496
808989542
809018274
809159961
809205817
809494237
809686350
809692585
809732388
809767706
810077990
810178194
810224816
810609683
810919391
811279084
811979313
812058280
813309289
813469108
814059922
814472484
814646789
814884081
814889935
815133846
815150796
815387407
815524477
815778964
816034662
816383303
816492820
816633071
816747829
817049672
817743523
818315847
818930205
819129672
819356493
819447704
819638388
819795544
819819992
819856022
820269810
820543491
820754809
820843558
820887561
821270006
821536594
821875251
821920441
821929916
821942887
821955708
822080193
822132104
822211205
822269529
822314502
822470779
822535659
822544987
822558087
822875967
822974319
823075442
823257791
823548723
823849682
824596895
824666343
824697558
825512301
825671966
825867188
825890169
826127470
826472933
826551004
826590063
826941322
827147175
827704860
828027932
828090378
828723665
828782273
829171548
829374656
830064667
830376055
830839752
831400037
831420690
831911453
832472655
832498615
832932735
832965756
833009702
833199204
833271069
833338603
833376178
834478262
834657632
835369832
835647710
836407402
836436407
837057679
837207993
837867881
838081293
838409066
838959871
838967049
839248437
839692272
839905551
840088220
840129713
840416691
840575219
840723585
841361588
841639562
842216936
842485791
842592034
843075086
843556997
843701002
844494470
844554435
844823202
844824152
845086192
845394341
846596297
846632996
846726333
847163731
847267989
847281523
847363408
847367774
847400321
847846743
848075061
849258160
849259143
849282778
849649914
849922922
850036530
850451027
850553320
850639396
850800810
850936030
851037666
851319264
851440386
851481317
851680834
851884432
852080052
852852794
852980285
853085917
853339686
853674816
853706427
853943107
853979571
854028359
854043919
854167221
854436159
854490958
854767046
855149815
855871469
856032777
856858464
857103154
857496360
857779749
858174531
858862465
858925238
859017731
859029524
859104336
860187208
861081806
861207545
861213013
861774379
861808194
861906507
862052084
862185260
862296439
862691769
862784993
862805502
863113500
863218604
863234273
863446198
863607178
863765913
863779732
863788357
864085677
864966361
865211578
865242793
865400651
866000281
866460083
866947379
867383484
867599200
867608583
867981966
868061078
868665723
868703474
868746163
868926529
869228722
869449695
869632040
869646207
869653208
869686340
869785222
869971414
870314641
870392633
870554735
870766271
870780161
870935414
870970387
871343839
871352893
871479490
871784451
871846044
872192548
872418988
872926456
873213936
873331442
873657085
873831121
874231952
874267402
874340052
874417674
874439151
874580120
874738864
874779484
874956572
875035982
875464622
875582260
876502823
876596592
877298948
877798711
877916588
877993111
878132405
878377711
878566594
878644924
878652473
878866416
879027140
879557072
879623319
880208044
880366920
880752922
880780251
880790423
881069786
881079619
881605166
881676053
882000461
882659834
882860860
883060230
883080754
883304549
883417420
883694543
883729040
883800093
884220231
884251994
884544114
884778021
884853914
885117943
885335777
885505369
885535945
886191483
886391721
886588384
886626480
886834285
886843547
886979516
887202812
887364016
887530767
887598499
887807080
888192690
888776514
889010432
889395764
889462249
889528095
889583591
889703355
889817798
889889410
889928585
889990854
890080198
890418036
890641585
890706503
890743362
890828501
891021744
891661986
891683794
891758094
892103356
892144173
892522824
892959283
893074385
893157418
893179359
894000749
894232111
894370460
894510775
894543854
894590695
894684355
894927107
895225061
895229669
895379546
895462749
895595963
895719373
895771889
895867309
896095041
896109674
896118187
896198095
896241301
896774908
896872628
897630185
897641713
897649051
898031262
898096502
898456729
898465720
898495657
898586478
898595035
898906038
898928127
898947374
899101669
899714085
899865268
899909008
899921530
900225073
900415310
900522666
900811934
900852589
901457436
901997071
902039744
902456235
902632023
902784340
903280551
903545752
903774507
903827734
903926367
904026826
904289221
904616642
905345141
905352695
905364505
905538244
905554625
906111680
906274364
906600912
906675357
907443473
907675444
908546330
908711262
908895562
909485096
909818430
910518704
910717081
910954268
911303761
911610385
911667579
911970696
912150643
912333367
912394422
912407964
912608378
912974704
913564965
914214731
914275611
914870805
915098522
915280061
916229169
917205214
917310916
918032962
918173502
918208122
918275962
918550128
918551253
918725209
918937870
919172437
919572921
919856300
919950678
920043739
920570109
920606793
920651092
920938582
921264294
921513813
921893762
922272766
922563248
922724835
923470314
923544971
924195538
924718921
924802111
924899892
924933117
925035181
925972305
926250623
926799552
926889156
926965935
927528209
927741410
928194814
928216947
928287860
929061909
929063567
929622811
929715303
929815795
930179449
930323374
930505671
930519672
931077241
931325739
931340299
931501567
931562552
931617164
931621628
931850430
931915091
931941370
931999867
932709826
933032587
933036247
933181549
933186132
933440086
933494212
933558040
933635987
933800053
933808516
933815167
934038648
934133163
934145213
934663845
934715684
935089979
935291076
935297852
935344269
935830623
935857592
935944045
936258619
936302373
936415993
936545907
936758564
936895473
937096668
937120187
937546577
937722438
938105572
938239910
938393794
938649924
938759437
938986082
939026533
939399571
939544085
939563606
939571337
939972342
940266825
940336994
940446370
940484899
940731553
940885175
941301349
942465288
942798487
942883922
942960816
943221569
943327676
943430825
943695445
943714731
943960156
944040932
944518604
944545640
944658870
945080307
945668464
945952542
946577617
946584017
946632066
946686750
947016786
947281273
947620006
947815900
947835568
947866898
948179064
948199800
948424814
948664948
948803051
948812490
949252306
949259143
949364549
949573103
949676560
949681772
950004192
950044465
950223549
951119132
951219408
951222840
951437293
952615355
952831214
952961039
953303538
953358025
953680437
953873158
953931252
953968207
954044345
954050019
954765323
955159414
955213217
955300377
955373620
955565114
955663811
955826466
956113757
956227230
956374371
956679083
957910773
958030155
958242353
958279557
958280069
958421407
958728035
958730078
959250567
959940577
959964974
960218337
960921483
960985304
961246922
961309224
961417852
961710801
961761374
961953889
961985029
962356560
962441047
962573391
962651051
962859072
963021961
963458257
964125242
964331927
964554247
964904135
965085685
965181950
965476686
965809867
965845966
965878328
965891722
965993286
966020799
966078548
966336592
966484623
966505770
966817568
967049790
967518799
967860539
968164328
968307022
968322259
968557741
969176281
969285489
970367503
970619729
970791447
970867065
970907418
971288522
971343157
971438163
971526957
971926213
972283254
972548500
972609586
972703396
972709098
973297873
973454927
973542468
974419792
974571708
974657354
975113114
975271942
975533864
975664685
976368507
976391661
976768684
976877959
977211706
977281058
977550088
977637972
977918450
978005139
978127603
978341798
978877252
979356655
979357898
979821919
980210118
980273839
980309818
980324598
980707912
980971061
981149856
981179435
981248944
981453616
981557326
981908065
982064128
982169537
982221320
982407699
982499817
982510227
982517993
982672868
982868854
982939127
982986600
983077363
983151419
983256605
983390777
983538285
983565131
983738534
984041355
984623792
984795638
984945136
985364342
985719913
985739097
985855306
985875782
986065869
986161881
986786923
986832383
987004204
987136091
987232127
987245863
988108560
988257945
988347662
988395905
988666303
988929220
989000005
989010834
989745207
990194286
990434071
990754655
990972184
990979390
991070928
991365604
991400337
992803059
992812440
993568189
993731292
994346346
994533199
994542480
994651107
994787978
994838917
995099017
995336167
995793128
995800588
996517600
996744491
996885161
997121965
997209561
997220196
997323001
997388116
997668104
997705830
998342684
998401669
998449768
998594319
998625323
998737325
998794908
998949834
999136529
999423663
999663700
999682640
999937527
1000014502
1000089909
1000193720
1000510244
1000607826
1000976105
1001081270
1001155947
1001706558
1001992570
1002003315
1002056796
1002158611
1002240443
1002507286
1002528207
1002534007
1003146907
1003199025
1003680502
1003899428
1003915673
1003968082
1004282510
1004371705
1004446138
1004559981
1004625836
1004832556
1005110707
1005380100
1005532120
1005718171
1005785895
1005881487
1006185821
1006410855
1006774125
1006855545
1007211271
1007343198
1007389983
1007853390
1008122087
1009052140
1009226688
1009353464
1009687233
1009726975
1009758240
1009815879
1009996374
1010156470
1010204074
1010808588
1010854644
1011070134
1011225654
1011707968
1011728197
1012024916
1012238632
1012354137
1012357792
1012952304
1013236140
1013255652
1013375699
1013588084
1014095810
1014471408
1014515922
1014757728
1015227989
1015849552
1015854885
1016677935
1016835051
1016934898
1016988512
1017173834
1017604905
1017646448
1017770970
1018258043
1018454847
1018586846
1018701653
1018958474
1019083378
1019294150
1019337905
1019371487
1019388070
1019808707
1020086731
1020384512
1021200277
1021448263
1021885919
1022076015
1022300163
1022326715
1022418344
1022773140
1022798672
1023251552
1023371476
1023596276
1024002789
1024107613
1024258508
1024377933
1024467432
1024689115
1024913261
1025118182
1025372896
1025419856
1025512854
1025518126
1025928559
1026542192
1026590991
1026805881
1026920354
1027247153
1027269325
1027659917
1027695812
1028236730
1028540323
1028742061
1028759191
1028892850
1029224535
1029300121
1029338245
1029380372
1029529666
1029544300
1030504058
1030530647
1031019034
1031160079
1031530044
1031646876
1032259187
1032264541
1032304314
1033058103
1033160114
1033356988
1033662927
1033777231
1033883583
1033990939
1034138822
1034365968
1034488441
1034528491
1034682334
1034747914
1034912133
1035009449
1035179097
1035288736
1035822163
1036333679
1036405237
1036886923
1037186387
1037559749
1037575758
1037760426
1038069690
1038580901
1039261122
1039326467
1039353385
1039500335
1039543566
1039655133
1039986871
1040511776
1040515765
1040731671
1040852183
1040853193
1041027684
1041746366
1041760211
1041785649
1041873178
1041918348
1042002812
1042389644
1042413133
1042761856
1042929256
1043862728
1043871242
1044135631
1044692187
1044939420
1044950970
1045208087
1045481360
1045529410
1045538075
1045620465
1045654374
1045946014
1046138440
1046312201
1046711028
1047171390
1047306356
1047722080
1047794240
1047876346
1047930423
1048155348
1048480132
1048736551
1049087843
1049378655
1049930316
1050088094
1050306175
1050332321
1050695396
1050720483
1051056689
1051136213
1051417071
1051736112
1051743167
1051971617
1052285693
1052530355
1053727345
1053929749
1054302945
1054564128
1054780818
1054952426
1055250556
1055260376
1055667089
1055721928
1055759365
1055992796
1056005285
1056012250
1056047188
1056093764
1056124787
1056125524
1056421096
1056891467
1057022789
1057152525
1057318401
1058216856
1058909323
1059036733
1059153741
1059472815
1059713087
1060599447
1060663588
1060873029
1061154394
1061633539
1062150968
1062290392
1062380734
1062788581
1063233436
1063535298
1063744231
1063764243
1063917065
1064013153
1064315112
1064407990
1065287310
1065484540
1065643032
1065808127
1065842617
1066148479
1066410759
1066908697
1066932813
1067115091
1067525189
1067547728
1068165798
1068290274
1068398775
1068556030
1068705430
1069093163
1069286365
1069578521
1069802190
1069919778
1070370076
1070431900
1070436787
1070973399
1071104081
1071332488
1071612481
1072007501
1072022697
1072116868
1072340052
1072355529
1072466099
1073640838
1073741888
1073816628
1074010386
1074094438
1074458983
1074480895
1074551167
1074699412
1074860700
1074873853
1074900794
1074906708
1075434962
1075670711
1076719614
1076779445
1076811995
1077044642
1077135136
1077216962
1077404156
1077408812
1077626170
1077855177
1077857752
1078080991
1078259663
1078643375
1078931730
1079202643
1079238724
1079398295
1079440348
1079572980
1079612749
1079926393
1079994953
1080179171
1080187938
1080437390
1080757131
1080850772
1080989016
1081263357
1081333740
1081808790
1081833213
1082458862
1082953073
1083062067
1083227867
1083583198
1083672985
1083693606
1083746403
1084260922
1084567515
1084569861
1084699599
1084745714
1084768326
1084989699
1085296467
1086362542
1086430361
1086952747
1086976642
1087070204
1087138899
1087388636
1087503710
1087564726
1087601957
1088406192
1088436283
1088795325
1088909317
1088922293
1088978073
1089316797
1089407955
1089572982
1090072720
1090467123
1090485640
1090654820
1090740637
1091026989
1091045520
1091173107
1091507449
1091517871
1091693406
1091946860
1092823604
1093514390
1093514396
1093521652
1093696043
1094190491
1094294664
1094578093
1095248046
1095373196
1095522650
1095748968
1096037186
1096121693
1096180874
1096434568
1096922811
1097158588
1097207094
1097398771
1097520500
1097622593
1098289444
1098336211
1098403751
1098675163
1099017939
1099258938
1099384980
1099585647
1099725725
1100171938
1100305047
1100313511
1100507992
1101181055
1101609463
1101628064
1101650558
1102148087
1102156715
1102327545
1102906074
1103441856
1103525089
1103754635
1104609413
1104650431
1104674165
1104840996
1105098942
1105151135
1105172134
1105287205
1105287753
1105479730
1105531914
1105594204
1105738035
1106275237
1106500315
1106789821
1106850749
1107091479
1107159204
1107384874
1107437957
1107447138
1107534210
1107550145
1107762018
1108014095
1108025608
1108053641
1109206704
1109491321
1109633742
1110191770
1110499733
1110509419
1111056158
1111076525
1111357224
1111588805
1111918151
1112152129
1112154929
1112201948
1112224653
1112273393
1112296489
1113170154
1113232692
1113351885
1113394364
1113459981
1113656865
1113826402
1114185993
1114284502
1114433936
1114457109
1114531912
1114756984
1114760840
1114990296
1115005988
1115058750
1115289767
1115712354
1116243340
1116587372
1116626464
1116641218
1116742735
1116931866
1117209126
1117550458
1117963124
1117976943
1118221331
1118577669
1119036373
1119060295
1119292950
1119446857
1119630102
1119694758
1119702395
1119956837
1119962859
1119968618
1120875782
1120990319
1121228283
1121938517
1122134783
1122389518
1122674956
1122795204
1123332385
1123388590
1123449683
1123524397
1123592008
1123610972
1124092816
1124255564
1124861570
1125020576
1125054626
1125070835
1125275611
1125498326
1125594004
1125791887
1125942706
1126118622
1126218110
1126780282
1126817718
1126898398
1126926753
1127259162
1127308881
1127355611
1127479723
1127533700
1127914469
1127992702
1128381806
1128433325
1128473219
1128597110
1128807302
1129005885
1129068226
1129499452
1129638226
1129770682
1129814323
1130345068
1130622393
1130638984
1131104216
1131155839
1131280319
1131567282
1131710427
1131795230
1131920500
1132169440
1132201716
1132294303
1132382226
1132395160
1132633513
1132791225
1132863011
1133064843
1133225618
1133617998
1133814205
1134442734
1134635598
1134934191
1135049541
1135692581
1135744133
1135916739
1136202813
1136743603
1136941585
1137162219
1137244439
1137435060
1137474604
1137541551
1137577526
1137664763
1138122002
1138454907
1138559549
1138625955
1138880924
1139242565
1139328007
1139399305
1139656494
1139883025
1140241409
1140300519
1140336997
1141016540
1141445033
1141514348
1142045514
1142173887
1142432887
1142975488
1143053162
1143068483
1143116767
1143809816
1143949366
1145026536
1145345774
1145724578
1145748381
1145861166
1145939271
1146918625
1147608392
1147798509
1148195318
1148298937
1148348399
1148375297
1148678582
1148740902
1148938732
1149278024
1149542062
1149950487
1150099157
1150143635
1150387862
1150960361
1151169599
1151324906
1151595443
1151657629
1152558238
1152674874
1153050132
1153068042
1153692363
1153733911
1155061926
1155148827
1155302163
1155697832
1156024775
1156226883
1156272281
1156700823
1156701209
1156767893
1157114684
1157243892
1157303130
1157650550
1158185722
1158734761
1159113968
1159128953
1159212664
1159235255
1159756488
1160300150
1160467017
1160872416
1161123850
1161270911
1162193944
1162425665
1162429005
1162696726
1163302218
1163633057
1163739778
1163817004
1163857369
1163970554
1163984998
1163991495
1164343395
1164417171
1164810645
1164817589
1164867698
1165063430
1165116034
1165191200
1165298786
1165398822
1165556700
1165656897
1165678488
1165700285
1165765534
1166023934
1166039450
1166645265
1166758559
1166782494
1166953676
1167076480
1167110624
1167243905
1167637335
1167829412
1168084198
1168150608
1168547311
1168735667
1169266605
1169555942
1169560851
1169579958
1169643454
1169653940
1169661159
1169785658
1170146475
1170349446
1170457668
1170534244
1170638462
1170952064
1171256651
1171317522
1171435746
1171455875
1171620860
1171707932
1171747111
1171810574
1171943890
1172166093
1172640402
1172656731
1172687613
1173043240
1173092808
1173249487
1173366513
1173599867
1173740295
1173887084
1174179951
1174259416
1175144266
1175244135
1175315003
1175320874
1175449235
1175497267
1175761049
1175766526
1175833287
1175876666
1176180882
1176535695
1176925819
1177325500
1177483822
1177552402
1177663565
1177709888
1177950160
1178063469
1178214324
1178344008
1178582461
1179033140
1179153049
1179169576
1179217868
1179338825
1179721178
1179757009
1179790198
1180710200
1181012438
1181286524
1181311507
1181985643
1182815596
1182995357
1183392987
1183748145
1184229607
1184490204
1184492442
1185020489
1185712799
1186374328
1186612891
1186646309
1187179262
1187221804
1187451931
1187561473
1187645968
1188125959
1188197680
1188312974
1188381761
1189014242
1189290040
1189552022
1189615228
1189674045
1190052604
1190642986
1190681624
1191242409
1191835265
1191989778
1192463648
1193194069
1194011464
1194115239
1194146218
1194288014
1194867029
1195090610
1195161181
1195744998
1196036237
1196299384
1196423925
1196528562
1196634178
1196705446
1196895895
1197306127
1197316335
1197518258
1197595092
1197882180
1198009023
1198229350
1199096779
1199186578
1199325753
1199412261
1199661385
1199830557
1199836826
1199876786
1200112312
1200307130
1200426884
1200498302
1200649308
1200875669
1201003198
1201226037
1201458405
1201493597
1201600289
1201602336
1202030393
1202690662
1202752831
1202844754
1203471717
1203611524
1203712294
1203783358
1204520465
1204534453
1204689497
1204767576
1204938143
1205369187
1205841448
1206190412
1206307544
1206412963
1206530759
1206801678
1207004506
1207019263
1207095063
1207102656
1207191112
1207344089
1207622954
1207789423
1207794884
1207810165
1208028644
1208083576
1208105860
1208297403
1208553514
1208692324
1208716377
1208776315
1208831794
1209177438
1209264087
1209360775
1209431050
1209459655
1210327664
1210525666
1210648389
1210901913
1211098958
1211197997
1211301960
1211423691
1211604061
1211964483
1212405083
1212422986
1212433315
1212502010
1212705485
1212937632
1212953263
1212980142
1213020210
1213029399
1213092752
1213116680
1213171592
1213310928
1213313439
1214762807
1215025457
1215121227
1215380579
1215393367
1215419957
1215447933
1215758583
1216136746
1216878045
1217441232
1217471773
1217564724
1217733024
1217878890
1218026072
1218483207
1218743823
1218842626
1219012619
1219494916
1219610074
1219645251
1219678170
1219796445
1219890581
1220281516
1220374071
1220395451
1220445548
1220461078
1220542024
1220554579
1220737473
1220853572
1221127102
1221224484
1221228087
1221828425
1221865664
1222047820
1222493028
1222608140
1223065529
1223202010
1223365095
1223563245
1223976875
1224388726
1224617179
1224670748
1224700027
1224824909
1224922769
1224959956
1225253283
1225491848
1225579786
1225656110
1225988375
1226073604
1226095008
1226113830
1226115820
1226216972
1226500286
1226611675
1226965896
1226973338
1226988026
1227166767
1227263103
1227612822
1227729479
1227750793
1228062633
1228075914
1228122176
1228447882
1228520796
1228729502
1229622727
1229808058
1229992427
1230014832
1230242004
1230711122
1231054161
1231278381
1231482570
1231510455
1231708867
1232054365
1232924927
1233094985
1233454516
1233526476
1233577318
1233725264
1233762823
1233976321
1234101235
1234200785
1234244677
1234486562
1234571453
1234749840
1234845003
1235388040
1235583197
1235685795
1235713534
1235783761
1236001097
1236325285
1236718402
1236961318
1237316713
1237381104
1237772465
1238153394
1238224675
1238880228
1239002983
1239016748
1239056479
1239074573
1239463685
1239539196
1239642754
1239765970
1239893335
1240060186
1240146568
1240400826
1241143656
1241446567
1241592490
1241745304
1241909007
1242197361
1242242809
1242441562
1242817057
1243034545
1243530544
1243652914
1243720438
1243975113
1244433339
1244734891
1244928629
1245085167
1245595341
1246345618
1246502937
1246661049
1246933198
1247309233
1247560454
1247869784
1247905571
1247920173
1247924417
1248214898
1248276615
1248302484
1248803776
1249153263
1249800950
1250247863
1250289917
1250463904
1250520013
1251059216
1251200779
1251383673
1251842730
1251950640
1252093250
1252590835
1252918776
1252987278
1253565246
1253691252
1253761188
1253836807
1253917275
1254380853
1254774305
1254785056
1254838134
1255025877
1255554205
1256295067
1256751132
1257006227
1257028776
1257102690
1257131412
1257310847
1257560652
1257937183
1257974138
1258557631
1258582272
1258726062
1258749181
1258924257
1259037771
1259155074
1259462307
1259482071
1259509628
1259642981
1260151944
1260204519
1260348398
1260415097
1260778660
1260875310
1260931448
1260938624
1261298101
1261710660
1261826760
1262032216
1262311968
1262411479
1262451383
1262575865
1262688507
1262730133
1262823205
1263278706
1263463747
1263503540
1263702277
1264152436
1264269618
1264963217
1265012703
1265426621
1265479673
1265626682
1265921206
1266387651
1266419597
1266613632
1266729451
1266906256
1266933017
1267319704
1267410502
1267562532
1268223652
1268446521
1268760022
1269042577
1269156837
1269299227
1269413034
1269617145
1270082356
1270230719
1270272471
1270652002
1270825477
1271073818
1271113613
1271126312
1271719675
1271924923
1272945501
1273211303
1273235689
1273429654
1273630707
1273949361
1274287991
1274465413
1274941829
1275061276
1275107780
1275313647
1275364688
1275690245
1275889474
1276173080
1276244079
1276340946
1276486000
1276534674
1276663087
1276750237
1276818950
1277462730
1277486592
1277618070
1277642890
1277653228
1278201008
1278337652
1278363087
1278399716
1278452028
1278571055
1278633874
1278804532
1279038762
1279232335
1279476060
1279611688
1279634546
1280344974
1280500170
1280658898
1280688019
1280816940
1281112982
1281510538
1281930944
1282529854
1282721767
1283135722
1283205905
1283321067
1283477260
1283698140
1283722406
1283727095
1283941282
1284103247
1284320820
1284339067
1284534559
1285768662
1286044183
1286074658
1286162169
1286203555
1286705531
1286950176
1287012893
1287710830
1287896759
1288044237
1288241239
1288459045
1288545816
1288975355
1289029236
1289043572
1289174845
1289337748
1289390050
1289578696
1289789071
1289978009
1289980341
1290209162
1290282506
1290539897
1290610236
1291962807
1292164797
1292680346
1292843847
1292942539
1293107993
1293293259
1293396576
1293456547
1293458325
1293558937
1293593110
1293595853
1293854115
1293970089
1294282419
1294287755
1295266223
1295367119
1295512813
1295801013
1296177989
1296293270
1296487938
1296830970
1296900213
1297514221
1297567934
1297906543
1297975301
1298079236
1298144249
1298583042
1298878665
1299028737
1299335175
1299567072
1299657770
1299715583
1299994447
1300011603
1300058512
1300217155
1300552436
1300890880
1300900999
1301827132
1302097444
1302240673
1302248737
1302309090
1302444675
1302639144
1302834540
1303010747
1303065926
1303556445
1304061526
1304604654
1304618688
1305019708
1305657619
1305686603
1305999829
1306046771
1306161907
1306400228
1306598499
1306801091
1306937503
1307108753
1307750440
1307762454
1307820306
1308178536
1308187316
1308333839
1308472133
1308734025
1308772924
1308797966
1309124930
1309202244
1309370449
1309653696
1309814731
1309889309
1310159662
1310298213
1310360932
1311075502
1311103063
1311152154
1311256087
1311315268
1312035494
1312164514
1312824378
1313114184
1313134625
1313673055
1313748381
1313835229
1314210151
1314320911
1315014976
1315635166
1315691063
1315890869
1315975284
1316119090
1316337453
1316397943
1316512124
1316545502
1316833694
1317104026
1317422030
1317494972
1317580217
1317719622
1317780326
1317917456
1318214336
1318528057
1318565385
1318590790
1318642539
1318989412
1319526423
1319548346
1319674522
1320262192
1320476443
1320563929
1320849244
1320939232
1321615863
1321645904
1321812328
1322219881
1322531041
1322798065
1322986686
1323096530
1323214545
1323509908
1323924672
1324102767
1324318524
1324330079
1324417714
1324512178
1324641920
1324820953
1324865834
1325208162
1325325330
1325982355
1326122108
1326689245
1326891809
1327001568
1327225233
1327239375
1328093096
1328147926
1328184345
1328250447
1328428862
1328532610
1328688796
1329038997
1329085631
1329338151
1329454343
1329596034
1329721243
1330083018
1330100266
1330197014
1330257892
1330300988
1330455485
1330780101
1330832441
1330893408
1330976798
1330995775
1331211477
1331256524
1331373365
1332859448
1333153073
1333179211
1333421148
1333646669
1333658246
1333743257
1333790402
1334012196
1334968698
1335163966
1335262302
1335379282
1335679838
1335954316
1336280676
1336311231
1336696742
1336783918
1337081761
1337257275
1337838096
1337928021
1337943368
1338643970
1338661421
1338681494
1338969621
1339092448
1339102182
1339181422
1339231228
1339239533
1339450893
1339797322
1339814726
1339820610
1339861140
1340060546
1340260497
1340304198
1340467824
1340500905
1340524362
1340706523
1340803459
1340907819
1341892395
1342143768
1342260940
1342735675
1342810311
1343081726
1343552577
1343567547
1343606484
1343880443
1343923254
1343972348
1343973148
1344003800
1344268143
1344442834
1344844370
1344957888
1345239189
1345323889
1345329675
1345747053
1345839928
1346361454
1346378816
1346592030
1347080298
1347150036
1347455085
1347495926
1348519255
1348674402
1348833181
1349361218
1349584432
1349654958
1349841559
1350010636
1350112560
1350715095
1350758566
1350776708
1350956955
1351455406
1351580229
1352042140
1353038106
1353102232
1354017256
1354512504
1354526224
1354660347
1354758652
1354815122
1354878719
1355109157
1355690133
1356102622
1356532973
1356582922
1356603958
1356749236
1356768447
1356863832
1357083858
1357154462
1357357283
1357416609
1357584129
1357813059
1357866714
1357897588
1358006625
1358250038
1358678182
1358692509
1358928934
1359393426
1359581085
1359984879
1360342069
1360541894
1360578605
1361102309
1362044841
1362227997
1362282117
1362312469
1362673456
1362675905
1362889102
1362984396
1363259107
1363419464
1363521849
1363668904
1363711493
1364063628
1364160098
1364431492
1364474416
1364517533
1364527675
1364769178
1365131768
1365256431
1365348513
1365438921
1365712282
1365809702
1365810180
1366069044
1366241734
1366433395
1366441668
1367145822
1367323897
1367505830
1368171439
1368224486
1368378376
1368915582
1368979818
1369611546
1369857553
1369945517
1370197638
1370234305
1370411169
1370865349
1370975145
1371385425
1371455861
1371814254
1372074737
1372281728
1372500095
1372707205
1372942663
1373047362
1373257356
1373490336
1373785815
1374046778
1374379654
1374623760
1374658490
1374956876
1375086119
1375274960
1375374748
1375436056
1375926048
1376201785
1376613016
1377346197
1377597370
1377834777
1378570016
1378602166
1378777063
1379211702
1379405825
1379508020
1379517555
1379767560
1380447242
1380524650
1380630017
1381042856
1381168871
1381384490
1382127853
1382369121
1382513674
1382642285
1382838039
1382917902
1383111951
1383464661
1383613326
1383684629
1383843307
1383909912
1384097355
1384186049
1384591651
1384764953
1385103911
1385274963
1385323922
1385409503
1385883325
1386332491
1386343523
1386376296
1386578108
1386782886
1386929376
1387022328
1387088292
1388343145
1388370837
1388612517
1388617895
1388647294
1388867511
1389464942
1389488381
1389533811
1389977977
1390335369
1390342331
1390387949
1390723406
1390882166
1390984138
1391034915
1391317331
1391654038
1391795321
1391795552
1392108579
1392144595
1392220714
1392689715
1392962725
1392985775
1393154368
1393268358
1393330577
1393491386
1393495660
1393767637
1393881917
1393895749
1393908058
1394219167
1394393234
1394446267
1394617178
1394650236
1394704414
1395179399
1395194204
1395515360
1395703501
1395966619
1396220490
1396449971
1396522814
1396588617
1396591122
1396641994
1396722037
1397020333
1397647080
1397677794
1397789986
1398088740
1398198040
1399167946
1399447578
1399666750
1399826480
1399883457
1399936068
1399977003
1400378356
1400730450
1400759693
1400950686
1401071611
1401432933
1401663241
1402636277
1402656832
1402951606
1403435787
1403603802
1404021964
1404139539
1404155449
1404177458
1404648185
1405172801
1405221839
1405399599
1405697841
1405807978
1405914834
1406464540
1406945237
1407005510
1407072470
1407080575
1407226552
1407385514
1407652535
1407886094
1408127979
1408478345
1408496630
1408720632
1408998313
1409097798
1409222049
1409246700
1409326292
1409431457
1410280479
1410426738
1410476251
1410715658
1410736323
1410805219
1410993237
1411133557
1411367559
1411479820
1411482902
1411726572
1412249348
1412470436
1412491209
1412616195
1412627598
1412651086
1412875603
1412967464
1413433775
1413455177
1413544686
1413922641
1413931995
1414165578
1414199083
1414274653
1414459146
1414554553
1414670326
1414963307
1415801883
1415850736
1416009296
1416085379
1416102050
1416751371
1416921515
1417094739
1417947274
1417979176
1418094658
1418405557
1418976183
1418991827
1419113808
1419210043
1419527595
1419852715
1419972633
1420526010
1420746395
1420786907
1420802458
1420812706
1420822078
1420867968
1420946158
1420991388
1421561073
1421651480
1421821412
1421984383
1422169423
1422309038
1422856011
1423012288
1423090759
1423177768
1423364492
1423527895
1423531725
1423653825
1423998067
1424024130
1424099464
1424186215
1424237023
1424494252
1424887604
1424964259
1425194196
1425239440
1425362264
1425483454
1426269251
1426450619
1426552363
1427211464
1427376581
1427608255
1427654550
1427910468
1428779924
1428845484
1429177518
1429317218
1429814332
1429851243
1429932036
1430074781
1430415221
1430486647
1431094370
1431119294
1431351679
1431492405
1431551611
1432048282
1432113356
1432177008
1432200065
1432774561
1432913969
1433081097
1434408967
1434671040
1434847192
1435164786
1435256707
1435388253
1435592340
1435665709
1435668277
1435893372
1436034148
1436122136
1436441145
1436494815
1437072465
1437157221
1437511081
1437556502
1438009495
1438042792
1438369808
1438701570
1438889984
1439228180
1439997076
1440209110
1440495202
1440572138
1440812994
1441024796
1441381748
1441617103
1441627922
1442158289
1442204483
1442899855
1442988365
1443020814
1443546089
1443615323
1443666859
1444000594
1444018668
1444107002
1444151891
1444267502
1444448986
1445002021
1445448250
1445478252
1445500392
1446710560
1447186515
1447516907
1447524909
1447558186
1447640463
1447796200
1448280597
1448895618
1449035726
1449163658
1449216433
1449287824
1449386032
1449616754
1450365143
1450407017
1450562661
1450682726
1450685382
1451054937
1451257072
1451311956
1451482680
1451487122
1451707273
1451757116
1451782816
1451987901
1452051744
1452268596
1452536302
1452867101
1452870707
1452952552
1452982824
1453027847
1453214041
1453274539
1453509511
1453614308
1453774757
1453941711
1454679741
1455004619
1455202170
1455288951
1455386266
1455548481
1455621523
1455753201
1455968011
1456089104
1456170881
1456370453
1456441531
1456739201
1456762081
1456940683
1457163222
1457597424
1457627287
1457669034
1457928066
1458028270
1458102437
1458404346
1458456929
1458749574
1458868649
1459025884
1459128743
1459144665
1459257353
1459421517
1459881030
1460112856
1460653964
1460691826
1460854514
1461034154
1461038048
1461404934
1461470908
1461786141
1461879855
1462389387
1462403104
1462414617
1462423550
1462427986
1462835532
1462959439
1463205350
1463267290
1463847666
1464474315
1464495266
1465070115
1465213104
1465389012
1465448816
1465821777
1466130163
1466394740
1466483012
1466491996
1466846855
1466969991
1467006892
1467047317
1467161109
1467246042
1467403575
1467469007
1467607037
1468001973
1468060825
1468231956
1468499519
1468577117
1469111641
1469547710
1469618133
1469790974
1469930406
1469955225
1470326466
1470377695
1470387045
1470619132
1471103691
1472417995
1472734569
1472856674
1472903154
1473243187
1473636123
1473687908
1473995877
1474375395
1475322280
1475648939
1475700592
1475860679
1475915864
1476007553
1476108007
1476128918
1476309290
1476526953
1476543608
1476872116
1477400555
1477577545
1477627107
1477646926
1478348053
1478646253
1478853324
1478969154
1479202637
1479325279
1479549792
1479644797
1479776320
1479799455
1479929623
1480082517
1480380249
1480745917
1481266157
1481340823
1481405788
1481430982
1481683627
1481776618
1481956472
1481978178
1482146229
1482178100
1482286460
1482937315
1483253022
1483631299
1483795224
1484133506
1484873531
1485018428
1485214723
1485319605
1485632453
1485689565
1485792430
1486178653
1486403188
1486610459
1486685166
1486706443
1487284162
1487318699
1487393412
1487414782
1487434198
1487600356
1487699512
1487913567
1488004427
1488090330
1488127047
1488202886
1488463190
1488671435
1488937471
1489054317
1489144935
1489536675
1489640293
1489947240
1490054805
1490476696
1490529866
1490584377
1490709279
1490728132
1490922409
1490962509
1491119009
1491204420
1491244825
1491383162
1491395301
1491570091
1491774361
1491969256
1492102048
1492170177
1492560378
1492780483
1492903754
1493082670
1493183647
1493237226
1493404508
1493618918
1493874990
1494436477
1494752683
1494775120
1494857087
1495036461
1495531700
1495624175
1495652312
1496113372
1496320865
1496358636
1496476261
1496494835
1496506382
1496518898
1496672845
1496770059
1496929055
1497453200
1497495446
1497500273
1497733447
1497742102
1497753190
1498682620
1498755409
1498796190
1499031910
1499052078
1499211166
1499231197
1499245654
1499271953
1499487588
1499513980
1499608412
1499694287
1499889993
1500093646
1500782099
1500817669
1500942560
1501130041
1501135548
1501663830
1501796368
1501937077
1502449560
1502708429
1502736697
1502738149
1502753519
1502833298
1502842925
1502937854
1503340097
1503374837
1503524151
1503550345
1503940485
1504050490
1504285535
1504918502
1505048127
1505418687
1505426637
1505562886
1505961749
1506147334
1506537592
1506606926
1506645588
1506955269
1507097196
1507109368
1507165847
1507195035
1507475254
1507519936
1507574259
1507804738
1508160965
1508512134
1508534110
1508562453
1508880358
1508914264
1509609916
1510009809
1510248503
1510792329
1511045525
1511101906
1511369420
1511396747
1511474606
1511681443
1511799129
1511832871
1512268570
1512552807
1512781119
1512860649
1512955973
1513510111
1513772476
1513944134
1514101857
1514159925
1514506190
1514671092
1515135825
1515398508
1515631228
1516113599
1516170687
1516508249
1516814305
1517141208
1517276227
1517507931
1517622876
1517651591
1517755573
1518216218
1518242600
1518278288
1518283699
1518332005
1518542802
1518722782
1518756247
1518834656
1518907285
1519384148
1519399436
1519456989
1519627280
1519855041
1520093968
1520101607
1520118074
1520257874
1520303000
1520397777
1520433901
1520820996
1521630724
1521722627
1521914852
1522012657
1522045308
1522069735
1522542169
1522545312
1522987373
1523135354
1523283650
1523525370
1523574864
1524057901
1524738761
1524851318
1525259362
1525276204
1525319998
1525563833
1525676514
1525818158
1526051488
1526078191
1526246948
1526503485
1526667383
1527122871
1527444759
1527586333
1527888031
1527911350
1528134662
1528742844
1528833975
1528887451
1529079671
1529104674
1529192710
1529320553
1529361194
1529707324
1529870965
1530053309
1530434510
1530593216
1530842068
1531071896
1531201888
1531276952
1531283618
1531591204
1531910832
1531927416
1531963555
1532189532
1532396804
1532411453
1532450957
1532922504
1533249665
1533289837
1533324864
1533376899
1533410993
1533532158
1533624597
1533634185
1534026574
1534160715
1534280051
1534285732
1534480554
1534671275
1534671403
1534874470
1535038958
1535364924
1535526457
1535671721
1535809081
1535891247
1535906484
1536052693
1536368026
1536393520
1536452040
1536749416
1536920410
1536928961
1536940461
1537089604
1537804240
1537833326
1537859046
1538070652
1538082855
1538162365
1538178063
1538303341
1538322801
1538482109
1538493590
1538705722
1538899064
1539342442
1539795291
1540126539
1540421108
1540656138
1540730477
1541360857
1541668705
1542063332
1543594138
1544036429
1544173653
1544442958
1544522731
1544890112
1545162349
1545249886
1545389575
1545437760
1545635173
1545685320
1545886132
1546307577
1546555058
1546596277
1547388538
1547574578
1547665039
1548206745
1548249600
1548384911
1548454411
1548559755
1548839510
1549869744
1549885615
1550536895
1550537607
1550815630
1550968886
1551171252
1551534334
1551580740
1551600089
1552007913
1552027465
1552063419
1552774186
1553044451
1553105478
1553710664
1554267890
1554553894
1554652893
1555269008
1555483123
1555600400
1555652044
1556055298
1556271417
1556401423
1556465007
1556902567
1556922655
1557024790
1557312429
1557331663
1557402530
1557540037
1557676855
1557681626
1557871512
1557977249
1558288703
1558548529
1558870333
1559022486
1559102476
1559313796
1559345816
1559575258
1559799486
1560059562
1560313447
1560326381
1560432518
1561150634
1561244321
1561381745
1561431271
1561446147
1561891327
1561893691
1561939057
1562413440
1562558331
1562595123
1563275343
1563285245
1563543106
1563570651
1563599568
1563667482
1563721211
1563812665
1564024676
1564061075
1564117328
1564145339
1564225933
1564591437
1564862538
1565621472
1565777582
1566003973
1566266124
1566358366
1566444726
1566599213
1566829804
1567221430
1567724799
1567802130
1567911917
1568155862
1568321369
1568359857
1568368779
1568369570
1568561420
1568653971
1569503851
1569783214
1570036233
1570168318
1570486750
1570505727
1570583575
1570924740
1571222150
1571302807
1571330310
1571783891
1572022522
1572198487
1572509421
1572551453
1572716825
1572838183
1573029334
1573107946
1573194000
1573405314
1573463258
1573483995
1573611555
1573617726
1573958949
1574049243
1574123324
1574206264
1574311626
1574357711
1574435774
1574682979
1574751654
1574857506
1574865295
1575093009
1575662457
1575692770
1576069557
1576195424
1576471020
1576481617
1576873534
1576894034
1577102886
1577157482
1577287169
1577375283
1577396963
1577468096
1577776077
1578228339
1579073683
1579136763
1579337554
1579698584
1580250291
1580594370
1580840355
1581345569
1581654550
1581815812
1581916156
1581968419
1581993513
1582040494
1582067126
1582079328
1582283776
1582316668
1582767804
1582819678
1583255379
1583314709
1583326555
1583602030
1583669150
1583836103
1584059889
1584605262
1585521537
1585588216
1586039168
1586082314
1586729380
1587265592
1587297179
1587373072
1587980407
1588423175
1588553494
1588723826
1589092809
1589188116
1589245293
1589311357
1589377873
1589380776
1589493961
1589622842
1589636695
1589774884
1590414918
1590810738
1590869340
1590967275
1591058628
1591414762
1591622422
1591638064
1591661947
1591843748
1591958236
1592289882
1592420744
1592596185
1592677969
1592862645
1593061579
1593119355
1593415987
1593814865
1593899855
1593940699
1593946461
1594106991
1594479704
1594492729
1594963431
1595068803
1595384290
1595527756
1595566649
1595804835
1596076661
1596360212
1596905555
1597017871
1597037952
1597225518
1597305850
1597331039
1597357028
1597392230
1597477181
1597635378
1597755840
1597798775
1597927791
1598020080
1598055777
1598082369
1598411276
1598788310
1598832148
1599163829
1599323951
1599555920
1599607282
1599780983
1600123787
1600205120
1600500042
1600656122
1600976884
1601140863
1601592036
1601665236
1601734353
1601833498
1602425486
1602546714
1602760021
1602776266
1602839140
1602886666
1603510593
1603593359
1604448252
1604564521
1604621977
1604624354
1605176002
1605247784
1605461556
1605917741
1606204687
1606684899
1606737836
1606989853
1607056766
1607448536
1607758585
1607837355
1608301550
1608491018
1608496733
1609407087
1609523134
1609556246
1609837024
1610096337
1610229128
1610339928
1610366666
1610571330
1610944946
1610958137
1611327613
1611346006
1611687414
1611790135
1611831335
1612044514
1612062094
1612372179
1612377537
1612618781
1612622277
1612837340
1612951191
1612984982
1613037150
1613040207
1613208822
1613439550
1613993174
1614104503
1614206808
1614569977
1614878551
1614907399
1615187450
1615782828
1616198725
1616995967
1617001642
1618040705
1618280546
1618366862
1618446351
1618590841
1618602749
1618614952
1618942249
1619401936
1619498037
1619568697
1619672445
1619899132
1620327916
1620485569
1620688034
1620751453
1620906790
1621112667
1621622414
1621636915
1621773947
1621792622
1621797800
1621895136
1622144539
1622161441
1622431463
1623110886
1623182463
1623460506
1623583755
1623765886
1623893484
1623968265
1623986226
1624241907
1624367463
1624378208
1624481275
1624547378
1624640315
1624816043
1624837653
1624864902
1625071703
1625097610
1625737215
1625868367
1626133091
1626425981
1626696790
1626715332
1626769891
1626976072
1627574112
1627826837
1627946715
1627991952
1628162403
1628164609
1628191294
1628325221
1628657112
1629272606
1629540204
1629711477
1630028408
1630101260
1630277342
1630364086
1630497331
1631077448
1631108902
1631328477
1631529926
1631564925
1631836866
1631841580
1631868813
1631892196
1632089674
1632150857
1632313205
1632443801
1632697563
1633074425
1633471719
1633575956
1633635332
1633676370
1633922482
1634065606
1634219590
1634316067
1634342593
1634347498
1634926069
1634928547
1635047452
1635428561
1635431438
1635633125
1635898302
1635940841
1635973381
1635983201
1636003132
1636095612
1636146345
1636346880
1636402584
1636487524
1636747802
1636803851
1636865168
1637550010
1637589284
1637686786
1637984640
1638130735
1638330775
1638442918
1638648624
1638713491
1639210320
1639345596
1639592754
1639707422
1639714630
1639960850
1640760813
1640789308
1641048876
1641160650
1641299728
1641339305
1641363903
1641480040
1641545695
1641689496
1641791551
1642045275
1642220022
1642671380
1643045605
1643223293
1643271712
1643356793
1643673754
1643996641
1644595549
1644644084
1644689684
1644722414
1644809570
1644986469
1645831747
1645988470
1646012763
1646095077
1646158884
1646318075
1646772102
1646839323
1646969438
1646998983
1647043570
1647101351
1647283125
1647573151
1647831223
1648146433
1648158073
1648165489
1648410922
1648469932
1648596011
1649694622
1650175514
1650347850
1651072783
1651396225
1651532044
1651736778
1653410311
1654777050
1655124854
1655237297
1655245605
1655415757
1655867014
1656173420
1656249315
1656279834
1656492880
1656607615
1656827404
1657105740
1657132710
1657317262
1657427715
1657563735
1657930316
1658037944
1658059814
1658175930
1658184457
1658237269
1658238640
1658394920
1659104027
1659213223
1659614891
1660223426
1660290061
1660305653
1660356408
1660572477
1660705232
1660740857
1661045155
1661184869
1661339084
1661467751
1661739951
1661923615
1662117895
1662263366
1662293141
1662311154
1662362062
1662770523
1662842124
1663017477
1663041498
1663131349
1663301484
1663420686
1664812645
1664816307
1664917938
1664919643
1664981542
1665165311
1665280947
1665395513
1665531161
1665942742
1666142752
1666315169
1666427793
1666513851
1666564242
1666728692
1666932424
1667062232
1667326774
1667680993
1667956239
1667956751
1668183920
1668220132
1668368452
1668398028
1669163363
1669188247
1669358730
1669712525
1670047413
1670120623
1670665998
1670683434
1671664763
1671685412
1671806954
1671965986
1672037627
1673085822
1673109346
1673116583
1673678707
1673777757
1673780265
1674160670
1674301588
1674366713
1674603384
1674673976
1674695834
1675024857
1675043382
1675628260
1675813091
1676040390
1676121726
1676409708
1676451242
1676952871
1676992061
1677254548
1677492296
1677558475
1678203232
1678503271
1678643483
1678776877
1678846563
1678952825
1679028514
1679157116
1679169213
1679330459
1679395437
1679562288
1679914967
1680710707
1680946574
1681016797
1681187841
1681219755
1681518802
1681539358
1681545114
1681583420
1681621974
1681737086
1682039265
1682123356
1682240331
1682440884
1683409203
1683695671
1683753798
1684361233
1684535955
1684573352
1684687548
1684846939
1684998354
1685323997
1685504591
1685528641
1685903014
1685909561
1685959737
1686711407
1687088078
1687144834
1687251595
1687866068
1688230664
1688311371
1688629230
1689195376
1690147339
1690190341
1690323158
1690526731
1690597542
1691070088
1691763053
1691988732
1692216917
1692304191
1692305386
1692454518
1692587425
1692801395
1692819000
1692851568
1692957073
1693010225
1693137845
1693139992
1693658878
1693700142
1693825683
1693864208
1694142151
1694154043
1694229928
1694367764
1694906085
1695016440
1695123158
1695614395
1695677715
1695857964
1696140502
1696170150
1696488747
1696658482
1697216019
1697395863
1697519154
1697935035
1698215911
1698279317
1698371333
1698494045
1698541428
1698566603
1698782611
1699353065
1699552413
1699562538
1699590570
1699780752
1700104557
1700137513
1700165055
1700230757
1700359975
1700488515
1700566710
1700678009
1700690174
1700928251
1701124788
1701235219
1701362696
1701725068
1701852645
1702055193
1702865348
1702953183
1703134150
1703135676
1703254245
1703574346
1703993672
1704261887
1704636133
1705115842
1705127525
1705730500
1706132976
1706212689
1706605012
1707096757
1707183975
1707376509
1707564930
1707615987
1707717379
1708385269
1708462001
1708710890
1708865048
1708952354
1709296312
1709374834
1709735380
1710045198
1710084425
1710196931
1710531861
1710684155
1710857884
1711055412
1711152420
1711468086
1711925890
1712125442
1712257691
1712551105
1712611271
1712737555
1712789585
1712862601
1713627009
1713737123
1714023841
1714285703
1714298237
1714565522
1714612780
1714695950
1714840569
1715022889
1715518006
1715641757
1715687972
1715934081
1716058999
1716082571
1716240098
1716244424
1716608902
1716850004
1716892412
1717075120
1717105187
1717258954
1717719260
1717930002
1718495593
1718576729
1718947802
1719167647
1719233000
1719513052
1719601003
1720212540
1720290274
1720384347
1720540803
1720673725
1721083362
1721338893
1721719508
1721839126
1722369679
1722594806
1722744690
1722760766
1722786926
1722845417
1723039290
1723112257
1723276607
1723347535
1723601914
1723746354
1723781567
1723803366
1723966072
1724582729
1724838485
1725009351
1725159415
1725189271
1725302231
1725531677
1725581735
1725953179
1726015206
1726172805
1726381336
1726533821
1726578628
1726871216
1726921486
1727125520
1727791277
1728195073
1728293770
1729511933
1730491381
1730815570
1731000226
1731099403
1731154823
1731424223
1731606518
1732699646
1732744233
1732789651
1732867708
1733071504
1733192302
1733195377
1733251574
1733374953
1733393300
1733509039
1733736694
1733950965
1734669310
1735530755
1735635635
1735705653
1735754236
1735777708
1735969628
1736016208
1736174447
1736490087
1736726481
1737091314
1737179552
1737411346
1737491471
1737578213
1737688878
1737868936
1738562783
1738889222
1738927365
1739179360
1739344489
1739523838
1739575617
1739638704
1740176446
1740218994
1740544348
1740910880
1741008192
1741544878
1741831778
1741849624
1741967531
1742561933
1742606119
1742741767
1742747892
1742810035
1743325165
1743500604
1743729748
1744190552
1744401159
1744436716
1744736790
1744875380
1745103900
1745236947
1745500996
1746103371
1746214605
1746258141
1746528573
1746620991
1746654258
1748063084
1748357300
1748689476
1748851752
1749174180
1749203620
1749851963
1750173337
1750349910
1751239981
1751597209
1751830322
1751891056
1751920848
1752115900
1752730709
1752745587
1752861502
1752883303
1753165102
1753281385
1753564929
1753570190
1753615298
1753686105
1753708999
1753784541
1753873892
1753969329
1754077902
1754871976
1755093716
1755370764
1755594841
1756251966
1756284750
1757006720
1757298772
1757452848
1757987963
1758180684
1758377764
1758722650
1758982646
1759054289
1759132502
1759777916
1760178045
1760505264
1760519337
1760650981
1760719798
1760840940
1760872757
1760984475
1761066901
1761113043
1761156321
1761466949
1761569583
1761879593
1762106934
1762951996
1763318426
1763692876
1764225132
1764887309
1764942245
1764992352
1766147806
1766345476
1767207117
1767250192
1767552434
1768550616
1768974758
1769013000
1769117325
1769683059
1769851428
1770121760
1770153856
1770394995
1771348203
1771436968
1771452701
1771584971
1771725260
1771761302
1771863144
1772072494
1772940681
1773103500
1773140156
1773152436
1773373116
1773446647
1773597108
1773629146
1773705261
1773819128
1773981691
1774043419
1774050396
1774223557
1774272676
1774355328
1775065003
1775425318
1775475817
1775493249
1775693752
1776019814
1776109719
1776190075
1776231656
1776330116
1776379368
1776421683
1776542899
1776906975
1777296934
1777299883
1777594156
1777824980
1777874866
1778161010
1778339406
1778494663
1778525034
1778565779
1778661556
1778803502
1779014170
1779035448
1779091206
1779346672
1779593703
1780012308
1780150345
1780485071
1780817432
1780880350
1781186455
1781259404
1781287435
1782466943
1782935546
1782969451
1783169047
1783199475
1783372753
1783392568
1783691587
1783710466
1783808224
1783972485
1784045479
1784143841
1784378264
1784988931
1785178199
1785379673
1785430788
1786103657
1786301212
1786945616
1787267553
1787749587
1788849271
1788961134
1788984782
1789043005
1789298665
1789581076
1789694299
1790330967
1790807250
1791117923
1791168630
1791197903
1791627713
1791982852
1792049581
1792194046
1792547441
1792665327
1792667712
1792709557
1792816459
1793301327
1793305154
1793391217
1793653093
1793673498
1793936215
1794014857
1794066872
1794516780
1794631323
1794654946
1794952251
1794958047
1795244138
1795331727
1795455884
1795589713
1795721714
1796434288
1796556973
1796787668
1796972703
1796997378
1797777864
1798046256
1798123604
1798260732
1798296796
1798457863
1798543417
1799086957
1799368274
1799943269
1799947240
1800024846
1800078869
1800629737
1801144665
1801589083
1801616819
1801752416
1801840514
1802292242
1802571440
1802808458
1803316463
1803320977
1803728593
1804668478
1804946870
1805066793
1805166168
1805183356
1805209845
1805377850
1805852117
1806232450
1806244702
1806438218
1806521628
1806760709
1807193850
1807660820
1807916263
1808031538
1808159921
1808247560
1808378097
1808913645
1809129500
1809292274
1809506621
1809781522
1810058590
1810135697
1811277500
1811639131
1811916871
1812054398
1812397573
1812654847
1812772256
1813122600
1813172059
1813387471
1813508506
1813578255
1813993207
1814049129
1814300344
1814852012
1814995516
1815391655
1815402662
1815517408
1815779212
1815843674
1816128409
1816173181
1816329064
1816363798
1816646842
1816929665
1817110674
1817693553
1817705148
1818040358
1818576792
1819130378
1819679461
1819975083
1820002141
1820275191
1820282110
1820344371
1820429162
1820456370
1820669529
1820750412
1820759530
1820788853
1821303876
1821350757
1821451680
1821583557
1821701183
1821757970
1821839727
1822078752
1822081251
1822210002
1822459755
1822530078
1822530220
1822614129
1822871632
1822892344
1823020593
1824372454
1824392916
1824815996
1825129495
1825367091
1826002943
1826018626
1826488864
1826519683
1826936555
1827160293
1827237380
1827651964
1827685087
1827752280
1827872585
1827976639
1828138052
1828236037
1828250639
1828386670
1829019226
1829156202
1829189383
1829201640
1829290745
1829329808
1829637369
1829908658
1830294990
1830881088
1832359808
1833421744
1833554984
1833807555
1834267575
1834637257
1834825900
1835218067
1835278150
1835595367
1836037105
1836139731
1836513344
1836688476
1837330820
1837375632
1837437629
1838339085
1838452887
1838560586
1839132067
1839243347
1839376458
1839452190
1839553511
1839602971
1839654517
1839911301
1839957932
1840315045
1841078066
1841592832
1841853195
1842486586
1842884418
1842963344
1843468047
1843534746
1843628448
1844004785
1844263259
1844274197
1844338022
1844548407
1844943101
1844964472
1845084977
1845665090
1846256832
1846285825
1846289475
1846756237
1846938923
1847450910
1847475247
1847812833
1847836919
1848133001
1848192915
1848273262
1848678155
1849192275
1849375972
1849452517
1849693135
1850155868
1850986453
1851193633
1851222997
1851291067
1851501622
1851859648
1852008998
1852367168
1852426932
1852635545
1852770159
1852868641
1852992349
1853043371
1853225588
1853317604
1854224148
1854333180
1854858321
1854905580
1856493404
1856715486
1856766451
1856836959
1856952518
1857230586
1857275430
1857294989
1857334520
1857460779
1857465153
1857497487
1857698762
1857911266
1858007925
1858123500
1858278952
1858521443
1859072667
1859390053
1859506787
1859752208
1860217892
1860808789
1860942634
1861647687
1861935168
1862070128
1862095508
1862098004
1862549542
1862579664
1862908905
1862924279
1862939184
1863655273
1863843240
1864014344
1864103040
1864513817
1864760860
1864893123
1865257161
1865550455
1865646418
1865689522
1865838677
1865840008
1865858192
1866075654
1866123760
1866276054
1866336059
1866396087
1866697212
1866798558
1866877605
1866980809
1867007399
1867122353
1867550768
1867776940
1868086961
1868275714
1868295660
1868752005
1869056332
1869236195
1869439402
1869439773
1869538311
1869570214
1869650588
1870042724
1870099739
1871121576
1871233259
1871336673
1871351429
1871814785
1871852659
1871911814
1872570006
1872728711
1872747337
1873406504
1873742778
1873797415
1874124365
1874149084
1874172202
1874744312
1874818421
1874834008
1875223852
1875438716
1875730022
1875783446
1876005841
1876424221
1876576285
1876671212
1877166125
1877215341
1877491201
1877919566
1878025494
1878704236
1878805301
1878911328
1879405639
1880034465
1880341447
1880431363
1881493727
1881631129
1881813991
1881830560
1882257594
1882257614
1882747883
1882808612
1882882307
1882968706
1882994763
1883643187
1883652652
1883835981
1883989402
1884505019
1884511651
1884892446
1885027315
1885103748
1885147301
1885386960
1885704949
1885716380
1885737658
1886099675
1886227892
1886998127
1887278056
1887446451
1887490570
1887540683
1887811486
1887883707
1887883885
1887930995
1887951768
1888953870
1889315312
1889375182
1889818460
1889886809
1889978393
1890493991
1890525268
1890789012
1890971929
1891086280
1891096905
1891192274
1891454297
1891873448
1891920524
1892073071
1892125042
1892256235
1892292547
1892326688
1892385977
1892401675
1892660742
1892701008
1893556430
1893577834
1893918799
1894159593
1894296707
1894971425
1894984739
1895723031
1895966328
1896075751
1896266582
1896597332
1896645024
1896927428
1897024074
1897219771
1897286650
1897321792
1897566355
1897682173
1899011389
1899458476
1899702373
1900107902
1900474031
1900514027
1900992560
1901112097
1901279861
1901407969
1901523199
1901550373
1901683731
1901917796
1902422619
1902623993
1902852449
1904617106
1904981706
1904985646
1904995402
1905210941
1905288244
1905289462
1905361362
1905396388
1905429733
1905524157
1905639315
1906289662
1906493033
1906875559
1907272167
1907298596
1907513421
1907645446
1908055478
1908534019
1909109643
1909374698
1909423470
1909452743
1909644357
1909775257
1909945711
1910465871
1910634236
1910678605
1910760997
1911237817
1911527510
1911632510
1911688674
1912364138
1912993903
1913034401
1913041986
1913085336
1913262733
1913559156
1913667308
1914005897
1914008487
1914034377
1914423919
1914925337
1914933375
1915145553
1915286035
1915321836
1915334538
1915386544
1915423817
1915450231
1915478036
1915725020
1915937630
1915970220
1916257343
1916332078
1916607487
1916648956
1916651936
1916700395
1916815421
1916861905
1917063437
1917104868
1917271358
1917428398
1917545980
1917677812
1917716606
1918027129
1918222197
1918238881
1918534500
1918587235
1918889352
1918896664
1919027570
1919042321
1919099056
1919854244
1919944470
1920007326
1920065964
1920235331
1920308884
1921137804
1921211017
1921260434
1921268938
1921475769
1921678904
1921958674
1922131500
1922252535
1922333307
1922753574
1922972035
1923046317
1923280846
1923361214
1923436876
1924174628
1924189460
1924222645
1924401792
1924459576
1924493664
1924707648
1924793351
1924974562
1924988437
1925974537
1926018746
1926419421
1926566935
1926794554
1927057804
1927097000
1927301933
1927857981
1927866437
1928608961
1928610226
1928745724
1928896090
1929066509
1929230131
1929262637
1929345794
1929467483
1929544462
1929586587
1929597638
1930454096
1930830796
1930883913
1931157328
1931683668
1931753379
1931938319
1931940820
1931989364
1932255066
1932797977
1932802694
1932944262
1932987650
1933043958
1933183590
1933445105
1933519886
1933565225
1933566784
1934183356
1934259523
1934940786
1935212776
1935293703
1935861925
1935924568
1936018708
1936128860
1936139054
1936448212
1937061252
1937293515
1937384051
1937465053
1937521224
1937599561
1937630391
1937706096
1938555178
1938864574
1938865284
1939438208
1940287952
1940297327
1940377407
1940857625
1941580257
1941676304
1941843157
1942124314
1942537755
1942968557
1943050726
1943851886
1943914525
1944393229
1944636679
1945159003
1945198542
1945928479
1946048490
1946379359
1946730982
1946840632
1946895628
1946939949
1946963381
1947155174
1947165781
1947343132
1947699944
1947815832
1947845018
1947890772
1948068478
1948091383
1948429915
1948456228
1948716168
1948976472
1949082124
1949343905
1949464736
1949649775
1949879050
1949899637
1950231200
1950242690
1950276652
1950537899
1950899493
1951482005
1951507229
1951767270
1952076442
1952129969
1952145468
1952168903
1952182588
1952676912
1953228628
1953545048
1953991318
1954380159
1954784684
1954807708
1954894639
1955249982
1955651202
1955757484
1955759366
1955961543
1956025200
1956094734
1956190013
1956342911
1956357945
1956607622
1956621913
1956784333
1956821390
1957243932
1957330810
1957760390
1957821889
1957872827
1958106515
1958567721
1958667786
1959160726
1959337123
1959352607
1959539538
1959544781
1959599594
1959631924
1959741173
1959796335
1960273406
1960488041
1960529486
1960651635
1960726832
1960901524
1961284869
1961306200
1961521769
1961714470
1961754618
1961933184
1962044818
1962076287
1962268001
1962411593
1962441112
1963646137
1963680148
1963725254
1964845900
1965186757
1965289474
1965356714
1965388558
1965429065
1965777852
1965808453
1965821808
1966538160
1966805993
1967043014
1967147145
1967560183
1967929123
1968240849
1968262562
1968353826
1968758788
1968893183
1968970534
1969105330
1969856120
1969934984
1969983178
1970584366
1970919944
1971392667
1971726483
1971817923
1971825594
1972963385
1973017039
1973060392
1973235111
1973313375
1973705258
1974021440
1974669667
1976047211
1976390749
1976417910
1976521536
1976627395
1976758884
1977127190
1977129971
1977387506
1977659400
1977840371
1978138457
1978221167
1978491103
1978637847
1979272165
1979468277
1980022317
1980036335
1980051437
1980272308
1980438576
1980487919
1980580208
1981732111
1981806358
1982108606
1982491796
1983192818
1983262925
1983500502
1983676584
1983852634
1983901395
1984376880
1984446302
1984529213
1984770419
1985467414
1985490992
1985572513
1985733568
1985900016
1987598859
1987704534
1987704958
1988252994
1988472192
1988831977
1989099148
1989332325
1989395250
1989573183
1990066365
1990068994
1990438975
1990527394
1990529032
1990847247
1990995814
1991094634
1991117639
1991210028
1991267786
1991290703
1991399893
1991566871
1991588385
1991749255
1991988842
1992146088
1992620208
1992620817
1992695721
1992884429
1992994250
1993683298
1993696050
1993910867
1993977721
1994211096
1994243569
1994415991
1994533880
1994613700
1994658732
1994867204
1994924263
1995077133
1995243524
1995443879
1995456295
1995864139
1995946647
1996442082
1996850538
1996879630
1997152463
1997356175
1998102944
1998138878
1998342518
1999004754
1999621694
1999779255
1999898078
1999899702
1999987889
2000417291
2000671121
2000976134
2001159703
2001168486
2001588422
2001633533
2001710976
2001904281
2002287492
2002430343
2002766935
2002927893
2003162428
2003488289
2003800417
2004029296
2004237412
2004470752
2004788394
2004852729
2005217259
2005889378
2006283785
2006315050
2006319557
2006573064
2006696630
2006828000
2007472264
2007893642
2008139243
2008683171
2008690306
2008761428
2008815647
2008863831
2009698081
2009735315
2009813280
2009956431
2010100219
2010568540
2010873064
2011010441
2011090184
2011143401
2011224350
2011311241
2011421305
2011619414
2011898664
2012050354
2012128544
2012362081
2012590847
2012687444
2013052163
2013249396
2013389562
2013633212
2014107491
2014126843
2014260745
2014422348
2014567930
2014607084
2015028213
2015122690
2015272985
2015342727
2015427851
2015561195
2015853946
2016069494
2016163326
2016635687
2016671316
2016823590
2017225573
2017418104
2017440196
2017541546
2017847770
2017919126
2018073639
2018474979
2018700091
2018831908
2019026218
2019092415
2019250257
2019375253
2019766857
2020255827
2020647358
2020865141
2020994269
2021505546
2021857863
2022143205
2022171142
2022543392
2022739609
2022791596
2022855312
2022914038
2023010246
2023131169
2023230010
2023357233
2023358782
2023510819
2023561306
2023594074
2023743411
2023952693
2023979789
2024072477
2024420161
2024477261
2024821894
2025070742
2025413240
2025588493
2025601503
2026040509
2026627669
2026658282
2027140415
2027890759
2027894440
2029179965
2029305261
2029746522
2030033730
2030167143
2030322153
2030395438
2030620833
2031338972
2032023239
2032248933
2032364473
2032380757
2033178374
2033816033
2033858196
2033966397
2034345144
2034965315
2035201158
2035306692
2035306941
2035441121
2035737541
2035757512
2035856702
2035903215
2036015318
2036250377
2036544274
2036564324
2036809174
2037074325
2037286275
2037362440
2037442040
2037630590
2037632424
2037666000
2037672052
2037983668
2038103511
2038906823
2039183372
2039189884
2039420708
2039489110
2039554294
2039653007
2040279531
2040542263
2040670830
2040767995
2041728509
2042096135
2042183327
2042836191
2042977068
2043292003
2043426074
2043716415
2044005712
2044024316
2044086806
2044384031
2044505672
2044537091
2044667901
2044712022
2045282203
2045544242
2045769422
2046590379
2046627258
2046678636
2046784069
2047013671
2047203996
2047299936
2047396266
2047493146
2047676960
2047896178
2048264337
2048745986
2048872249
2048977960
2049005195
2049028944
2049092910
2049638961
2049706584
2049806162
2050039617
2050101052
2050212312
2050301848
2050435250
2050524203
2050652061
2050739981
2051149580
2051355401
2051698185
2051742515
2052103082
2052121461
2052284966
2052321934
2052393621
2052624209
2053252698
2053390347
2053428392
2053511857
2053881898
2054120095
2054201880
2054477137
2054553890
2054599352
2054816296
2054817605
2055075954
2055785686
2056114873
2056118444
2056129435
2056220808
2056351383
2056923864
2056973113
2057297945
2057347544
2057409405
2057623491
2057984089
2058007952
2058096177
2058100801
2058118486
2058808172
2059001417
2059205532
2059381890
2059558095
2060599928
2060750891
2060869744
2061003701
2061246242
2061399787
2061590242
2061870848
2061900659
2062018309
2062517873
2062633916
2063216091
2063992061
2064336333
2064379349
2064708890
2064768272
2064789862
2064893357
2065017507
2065039153
2065260790
2065621815
2065907502
2066004197
2067271956
2067337069
2067583733
2067608981
2067644456
2067650123
2067963152
2068350823
2068517061
2068519173
2068654685
2068684576
2068705864
2069496479
2069637929
2070091261
2070263274
2070273574
2070430763
2070553830
2070847900
2071076732
2071158221
2071308553
2071876812
2071934379
2071971162
2072011382
2072183157
2072372424
2072566144
2072732347
2072767323
2072878195
2072896925
2072929167
2073123732
2073629633
2073730107
2074037774
2074203693
2074250061
2074451123
2074584348
2074617232
2074677000
2074765523
2075151696
2075304302
2075553806
2076152022
2076275777
2076617480
2077250183
2077357251
2077379200
2077449002
2078363713
2078792257
2078955551
2079007858
2079071900
2079130844
2079540776
2079685212
2080192443
2080233505
2080240283
2080469692
2080833782
2081627968
2081815559
2081824130
2081941933
2082057842
2082245752
2082443537
2082629592
2082678058
2082989641
2083023491
2083098525
2083126967
2083128647
2083136286
2083164913
2083278762
2083501078
2083776349
2083901108
2084374126
2084530429
2084570743
2084865621
2084961566
2085101837
2085303161
2085411073
2085869851
2086075631
2086251853
2086427437
2086455897
2086560619
2086952302
2087024359
2087094089
2087580037
2088198134
2088338021
2088458279
2088521435
2088525877
2088586511
2088791537
2088905372
2089054741
2089173317
2089403420
2089496628
2089710413
2089908000
2090053313
2090279677
2090301345
2090837727
2091264935
2091704400
2092076122
2092213587
2092262001
2092638968
2092871497
2092981318
2093071480
2093253489
2093887867
2094089920
2094349380
2094817943
2095141530
2095367658
2096274414
2096943869
2096944077
2097077488
2097128130
2097516774
2097604005
2097706499
2097720410
2098057070
2098070641
2098095621
2098217539
2098387369
2098457788
2098574757
2098796315
2098813694
2098832727
2098883921
2098952206
2099879174
2099927925
2100649812
2100700219
2100803279
2101038266
2101060169
2101111359
2101114995
2101118471
2101403260
2101556426
2102032384
2102199318
2102346874
2102613636
2102672535
2102723684
2103001814
2103484949
2103514543
2103547426
2103703366
2103759501
2103813314
2103914118
2103915122
2103995146
2104012456
2104266093
2104396803
2104447287
2104705545
2104733433
2105429025
2105666619
2105842524
2105955769
2105965458
2106060873
2106278890
2106294775
2106307449
2106308921
2106594067
2106673773
2106848388
2106861248
2107556384
2107654642
2107745105
2108430203
2108613277
2108716875
2108991099
2109013022
2109201044
2109535757
2109640704
2109943872
2110265640
2110313599
2110337663
2110481184
2110614664
2110714381
2110928878
2111132356
2111323978
2111499137
2111804387
2112173713
2112212935
2112256457
2112257070
2112432089
2112489176
2112531892
2112625197
2112708669
2112862646
2112979517
2113673661
2113896147
2114044342
2114076552
2114260514
2114300698
2114567068
2115048555
2115702361
2115702972
2115831386
2115837391
2116104782
2116520639
2116800351
2116805061
2116812866
2116940057
2117941383
2118045079
2118254878
2118408636
2118412523
2118571559
2118915011
2119700323
2120107406
2120299533
2120372361
2120385737
2120689605
2121654483
2121816198
2121955745
2121989281
2122017617
2122559520
2122707273
2122738292
2122957735
2123186500
2123202684
2123700756
2123977640
2124269468
2125204712
2125440634
2125445271
2125624939
2126342191
2126955454
2127901238
2128163574
2128165049
2128465480
2128556173
2128672626
2128810042
2129343673
2129540573
2129564854
2129746101
2129879507
2129907799
2130200175
2130247341
2130557040
2130558568
2131049701
2131379724
2131505596
2131687717
2131800860
2131806145
2132170189
2132297892
2132757839
2133003054
2133346964
2133353925
2133386893
2133408688
2134752149
2135097597
2135300740
2135651731
2136283508
2136639283
2136823825
2136826147
2136920180
2137038523
2137217804
2137850679
2138577862
2139265534
2139332254
2139462470
2139541996
2139718799
2139806765
2140025546
2140054344
2140099500
2140156513
2140438180
2140738979
2140887427
2141367225
2142083495
2142270746
2142271777
2142363589
2142370700
2142388122
2142434669
2142435021
2142480526
2143492889
2143866221
2143927511
2144123600
2144613098
2144628936
2144778110
2145127407
2145587169
2146245397
2146706738
2146795361
