10000
201088
269823
507489
804591
1014604
1491171
2009258
2262364
2505180
2601747
3200852
3779539
3955132
3988433
4469172
6175136
7152457
8069633
8111938
8143476
8214453
8400247
8489470
8610456
8962051
9083081
9083107
9440637
9900613
10003519
10739303
11065308
11854913
11867658
11930466
11956347
11966658
12374747
12642068
12691111
12750805
12774259
12844438
12995299
13238890
13397092
13712006
14116150
14508636
14604952
15410973
16014151
16582786
16633428
16738748
17111995
17116537
17133885
17348921
17440821
17451924
17479877
17776000
17855276
17878566
18498250
18547131
18960637
19023924
19099614
19390836
19469352
19547786
19830751
19913798
20261152
21132949
21241433
22113829
22153514
22272651
22384326
22639952
23463344
23567003
23669378
23722791
23724728
23726844
23781785
24342982
24355039
24373020
24396482
24456079
24571400
24806059
24904621
24979925
25023202
25317567
25319709
25616151
25617193
25676015
26019823
26074802
26330099
26341572
26976248
27157562
27172622
27425933
27708289
27844116
27888301
28018005
28309179
28398269
28490843
28744894
28961830
29198657
29505229
30083719
30162538
30201227
30317794
30476484
30676380
31000296
31565821
31824081
31975064
32210365
32261260
32405611
32740310
33214538
33227330
33325077
33409442
34285408
34330636
35147709
35156140
36039130
36151240
36350171
36577776
37627687
37720661
37770963
37996921
38407066
38906665
39613757
39758133
39845409
40354209
40788813
40935721
40971840
41061019
41376849
41745636
41761744
41806418
41813243
42108238
42457989
43530595
43814256
44186229
44366903
44987325
45124272
45515348
45657991
45744522
46100679
46486341
46550182
46886367
47491259
48069794
48449655
48510372
48649463
48865896
49347358
49545147
49624543
49997593
50696940
50809108
50833424
51245268
51283147
51516167
51789507
52126613
52181284
52303651
52649986
52941451
53062157
53378121
53813280
53938421
54219445
54321263
54535524
55062836
55078046
55266728
55341159
55359784
55651553
55836467
55985210
56221042
56577725
56689862
57246121
57574728
57763861
58455993
58846201
59622013
59648904
59685299
59707768
59830352
59965693
59977591
60041013
60215219
60348397
60477254
60536420
60640091
61160964
61362162
61375214
61502446
61857183
61866904
62219154
62253419
62458591
62684071
62764556
62886936
63133702
63665552
63830687
64013982
64030873
64154128
64503831
65247293
65377217
65805150
65855578
65893693
66522626
66764808
66841237
66886321
67327508
67640506
67902252
67952733
69069849
69228459
69939407
69951446
70078177
70163587
70303510
70597105
70681000
70789196
71108073
71177909
72225807
72436724
72531202
72798198
72813539
72901934
73596132
73661890
73907428
74305458
74404107
74516359
74583542
74732594
74814399
75212867
75318704
75542998
75875128
76120875
76380035
76769640
76774474
77590555
77597371
77695872
77993141
78181325
78413496
78709846
78715814
78948441
79538823
79648806
79934372
80750844
80795237
81233222
81778946
82087356
82301284
82621049
82875035
82882604
83214069
83246164
83316183
83430100
83480557
83588545
84468404
85264727
86130316
86382586
86507980
86552493
86641435
86717622
86861581
87575028
87774228
88323160
88423775
88461576
88693156
88733889
88977521
89149060
89752910
89782197
89831843
89969981
90361447
90418508
90585244
90899806
90907818
91943858
92162514
92729011
92735446
92948979
92983624
93260171
93699888
93700482
93819302
94166881
94201766
94265731
94418611
94433940
94592661
94698359
94759577
95022016
95182333
95710629
96114285
96252288
96343791
96387555
96399920
96524355
96558324
96685865
97175616
97271135
97370747
97442777
97658804
97833329
97877653
98141374
98271401
98348084
98722057
98728825
98786339
98971701
98996270
99244201
99615620
99753450
99832701
100130180
100452217
101031293
101737975
101954966
102445053
102447660
102653787
102964647
103128700
103455092
103457009
103666973
103951590
104009732
104064614
104155705
104532489
105328142
105334066
105597694
106057000
106200331
106267804
106333491
106360556
106529848
106722565
107022008
107265770
107271489
108127544
108599218
108623241
109018311
109151163
109263869
109487300
109683392
109848555
110175470
110227482
110256450
110329418
110764453
110908989
111185706
111847502
111995156
112136796
112175070
112191617
112423773
112445148
112537160
112650189
112849059
113348036
113517938
113651425
113652969
113943581
113969561
114367892
114418077
115484514
115512608
115596062
116070248
116216850
116393610
116397923
116626800
116737927
116797912
117054246
117166955
117561208
117662346
117993202
118081783
118133513
118151372
118274331
118338016
118370627
119185924
119248089
119255755
119739461
120038204
120077986
120184406
120335254
120766882
120867492
121640393
121761956
121786800
122007223
122437925
122677025
122891219
122946909
123754867
123856950
124185861
124363678
124365243
124713082
124775323
125154008
125189071
125435274
125825425
125888159
126400027
126471432
126559227
126829264
127100870
127165584
127311685
127357337
127924860
128050977
128459260
128771145
128837730
128895973
128916194
128938117
129114401
129136772
129145304
129554772
129574045
129658278
129812956
129926184
130077233
130509368
130926462
131031826
131142184
131365908
131442089
132085511
132509635
133242840
133270919
133399078
133542941
133963571
134071388
134174582
134466359
135172637
135461732
135792849
136224484
136320327
136438637
136461466
136717470
136791011
137316508
138233173
138286318
139041399
139347692
139380320
139735803
139806037
140396900
140438936
140955202
141167024
141234840
141492165
142354776
142608892
142663696
142845178
143073137
143198230
144006094
144166932
144297304
144630337
145256944
145446751
145620403
145805304
146293881
146546052
146573847
146723788
146812910
147004024
147024861
148279259
148283205
148378506
148673359
148706371
148722835
148766414
148946031
149154881
149182451
149470011
149825128
150013521
150125125
150806633
150809072
151077612
151131398
151242894
151367104
151710330
151735286
152209997
152275687
152349831
152570936
152780558
153031403
153033610
153420040
154096066
154152807
154361126
154510641
154799601
155101049
155243435
155503077
155846340
155945727
156068948
156240319
156267564
156438816
156444635
156458847
156524485
156723387
156814743
156996981
157119247
157251091
157587047
157878024
158121311
158565948
158740435
158895235
158916860
159102669
159265839
159885959
159989958
160142242
160792503
160897088
160962391
161094262
161289866
161749462
161845162
161863526
161994353
162644536
162965215
163363458
163663160
163768842
163853967
163908212
163911677
163998855
164125510
164312154
164474071
164755267
165258463
165301669
165812542
166216040
166403669
166722220
167141294
167203047
167371509
167625967
168430130
168432353
168531955
168612262
168659603
168883893
169084675
169611241
169916429
170093856
170348241
170661567
170751345
170901938
171023058
171123550
171313306
171321023
171393967
171657699
171709417
171714239
173001298
173062434
173129109
173154481
173389314
173622427
173926817
174114280
174272046
174426282
174563224
174976971
175126564
175133791
175334216
175529876
175660403
176014967
176074378
176246930
176387259
176415257
176581253
176844630
176876938
177527889
177921757
178187670
178277427
178465612
178587882
178669278
178817889
179309877
179458548
179496131
179718087
179764943
180110107
180119187
180144352
180159750
180668338
180848288
181669805
181839147
182082058
182152298
182591959
182761929
183073956
183212234
183482385
183606911
183729727
183777290
183780736
183955651
184048402
184264308
184346310
184604372
184740604
184912849
185010148
185025627
185365687
185574985
185662886
185726844
185895263
186632636
186797459
187563101
187636104
187744680
188352334
188570895
188768460
189215100
189552216
189695562
189901994
190097181
190354533
190430763
190495177
190967476
191217920
191707231
191776737
191887445
191992227
192135044
192422944
192530075
192734914
193172756
193388404
193423514
193555849
193930273
193982744
194218612
194415110
194475195
194629688
194921060
195249827
196329668
196337742
196574181
196644302
196680909
197022864
197675357
198553873
198658931
199805050
199880724
200147422
200409768
200436242
200517953
200571370
200656475
200664574
200992822
201089667
201562715
201750986
201854457
202008627
202072196
202636395
202695366
202880755
203579309
203782167
204432880
204520496
204526635
204986819
205421358
205660534
205939572
206325761
206393972
206558270
206963428
207055297
207304065
207318115
207922898
208741957
209297378
209332808
209393379
209434041
209717083
210372346
210403149
210908186
210992536
211080219
211336853
211346824
211615568
211635732
211761839
211802944
212452158
212595832
212725355
213552961
213702776
213709510
213763789
213969131
214108744
214639360
215220254
215363958
215744914
215763701
216917847
216985374
217053355
217702943
218064051
219465356
219616044
219655077
219751572
219880518
220151257
220441661
220454619
220489880
220939528
221002635
221098386
221155017
221295928
221598920
222119845
222288079
222538485
222641887
222666108
222853046
223130383
224252274
224409453
224467888
224690665
224700711
225376592
225606934
225891463
225908222
226494735
226502728
226867437
227048698
227177694
227546851
228235162
228280179
228692380
228763539
229119753
229841529
230028533
230551900
230974926
231141359
231330407
231442641
231631352
231779799
231837497
231869487
232997902
233033975
233482514
233601363
233964959
234731962
234961142
235043901
235319636
235403440
235440291
235480113
235566797
236483446
236791932
236943171
237033515
237623594
237647842
237878715
238421032
238520117
238621692
238671158
238777851
238949478
239003091
239320115
239516374
239596722
239872213
239918428
240052158
240262392
240306274
240600526
240804780
241062802
241233853
241430206
241434929
241466628
241488387
241584566
241733674
241797162
241840366
242337341
242360264
242426916
243060176
243130380
243317891
243400150
243476315
243592831
243852409
243941634
244181380
244603824
244621305
245357674
245432066
245517431
245607322
246999393
247059181
247564245
247717270
247835430
248275648
248397671
248442873
248776005
249064249
249207608
249288349
249556577
249826186
250057774
250255677
250537773
250897186
251074793
251135115
251215739
251513739
251588829
251790846
251836108
252491661
252495041
252644599
252865720
253014291
253241291
253282303
254718605
254944074
255113076
255127093
255242906
255527705
255732624
255834156
255864885
256205752
256221148
257524065
257553498
257940194
257962458
258267534
258529391
258657088
258832267
259153366
259158752
259402136
259465418
259609102
259687756
259718660
259858625
260014636
260021951
260741802
261146877
261645460
261748489
262225348
262228342
262231581
262525975
262716394
263212008
263709015
264168634
264227398
264333188
264378812
264401109
264576060
264919343
264980678
265097063
265325740
265851595
266093932
266126906
266455873
266518736
266574365
266900074
267117229
267261908
267581208
267643636
267828803
268095427
268095615
268127848
268183240
268287205
268711080
268920902
269016362
269100899
269102367
269900450
270211198
270314826
270629266
270733977
270906901
271321437
271505685
271792219
272000661
272088680
272278132
272446336
272563574
272660854
272668604
272672357
273154042
273373759
273399109
273723092
273742529
273887203
274454590
274458765
274473982
274580698
274849439
274866978
275242268
275470308
275514550
275878312
276069964
276235268
276238379
276249208
276543892
276553351
276742996
276811966
276846347
277641935
277703960
277866735
277872642
277888175
277909799
278408236
278496249
278521457
278849553
278968778
279016629
279048808
279140449
279187311
279212939
279797106
279822603
280038511
280119777
280159627
280170794
280842556
280988699
281074870
281522796
281585168
281683233
281939292
282535548
282579058
283240375
283875867
283949130
284151737
284422120
284461529
284607059
284992748
285019372
285116548
285325113
285927700
286012401
286233537
286281727
286772926
286833697
287167773
287890392
287903642
288047570
288149355
288624840
288736240
289132175
289252922
289640526
289713936
289788111
290078391
290156939
290203605
290239156
290318696
290391709
290701875
290804703
290922284
291123612
291290343
291652523
292382140
293164710
293241969
293402660
293419454
293482801
293639119
293855013
293922781
294199391
295056798
295059630
295140906
295165558
295525346
295654507
295801186
296156060
296339265
296396219
296517822
297018239
297043168
297697523
297842897
297991833
298030335
298162073
298436415
298456463
298479523
299183069
299474619
299594590
299855099
300111102
300225264
300353706
300615509
300759410
300775120
300791804
300988807
301064279
301429679
301649203
301667629
301730481
301807051
302098862
302109922
302245161
302327643
302392382
302407607
302422881
302914594
303059818
303119802
303209204
303393804
303749566
304467845
304527215
304587046
304714859
304921522
305060566
305248388
305336190
305382655
305430768
305526971
305578866
305594154
305643774
306016157
306094436
306158816
306339238
306408909
307060007
307097730
307105030
307135230
307181587
307376801
307399362
307746757
307845587
307965118
308047460
308170883
308486954
308731114
308902642
309508611
309583874
309606051
309732544
310367465
310385919
310531471
310552754
310861000
311772298
311962741
312023716
312115711
312351421
312677372
312806478
312846385
312942687
313147475
313297207
313585917
313610201
314119204
314301285
314404257
314531651
315175393
315301614
315317582
315441092
315563734
315596374
315617053
315644168
315690907
316246161
316316673
316590954
316960330
317032690
317144744
317204726
317299199
317413736
317604294
317689609
317912734
318013253
318284336
318433891
318559536
318758806
318949677
318965388
319245423
319409076
319591860
319892609
319907674
320147839
320250280
320397890
321406718
321993191
322093684
322479020
323665639
323705790
323819100
324219775
324261486
324371696
324466926
324877893
324896427
324954685
325201419
325249182
325289666
325463839
325722788
325755653
326171509
326517318
326662596
327147089
327264204
327366743
327527059
327626761
328084751
328371740
328489809
328676641
328918451
329212260
329232718
329266455
329418702
329468710
329967226
330178189
330307249
330915265
331147260
331579593
332022384
332259423
332447631
332472038
333080098
333098809
333136717
333138862
333295619
333396795
333801773
333819525
334283564
334370607
334451087
334652294
334822985
334971662
335208188
335277264
335506832
336071810
336304117
336473440
336587858
336610931
337407389
337449897
337527271
337582128
337717439
338081000
338136711
338156525
338356503
338596732
338730756
338732897
338754951
338788461
338926049
339104359
339197573
339212868
339240249
339583931
340001408
340216262
340491328
340538579
340594589
340611267
341328555
341688170
341748628
342607705
342636110
342643343
342862235
343289091
343310013
343379194
343454481
343559848
343688814
343701155
343786530
344122176
344133586
344307997
344385892
344658741
345063500
345100942
345195834
345288706
345360387
345621435
345957927
346021495
346288867
346847284
346920147
346988858
347079179
347202518
347384459
347476862
347529303
347651867
347766321
347909167
348071398
348258152
348300289
348518324
348568126
348784657
349384866
349647463
349889201
349932118
350212786
350350990
350471391
350493558
350773426
350813627
350926293
351005276
351085339
351655368
351837430
351875501
351963460
352110570
352616718
353299959
353633256
353747685
353754033
353881375
354147039
354168765
354301006
354346008
354366494
354493287
355309661
355421890
355446021
355896980
355908471
355919992
356365598
356775672
356826006
356952881
356987797
357023781
357473825
357728110
357802639
357923013
358088089
358103655
358163160
358516034
358937989
359067208
359099382
359530890
359740876
359929886
359990168
360481650
360638258
360725592
360758749
361105540
361454372
361595943
361659782
361713053
361956319
362314733
362740032
363022998
363301063
363446401
363497682
363583566
364089393
364147794
364210614
364251765
364279095
364320615
364527479
364543211
365092199
365215177
365347910
365913855
365943799
366223311
367018793
367073647
367126491
367229299
367274097
367552289
368232868
368717987
368719756
368785650
368910948
369013137
369259740
369403894
369577406
369654694
369802120
369921347
369999737
370092202
370862846
370960159
370978207
371292527
371656236
371732859
371839422
372028808
372301259
372675354
372685929
373182702
373356058
373392368
373459848
373587039
373693988
373739464
374166302
374186417
374304507
374464752
374619290
374628375
374641799
375178003
375478311
375747112
375914473
376398729
376514284
377000293
377297207
378032543
378165519
378771254
378850885
379189785
379502565
379535998
379712349
379807345
380305367
380539256
380613278
380672547
380746462
380807777
381052010
381158726
381218529
381301927
381363718
381387434
381446359
381716772
381949513
382338377
382467134
382694576
382742224
382911198
382932199
383512295
384364017
384399986
384445531
384469785
384623744
384650216
384678825
384722053
385390852
385606519
385936945
386311624
386507991
386629734
386645240
386985945
387026898
387225015
387244193
387660622
387780768
388565778
389004707
389687266
389744542
390502508
390512320
390528423
390937275
391072667
391141750
391162246
392230366
392260030
392511766
392665705
392851364
393250069
393615496
393672388
393741452
393852169
394119034
394145912
394223854
394478342
394630513
394907769
395481997
395588915
395761759
395766878
396094084
396141093
396328948
396432202
396548351
396671186
396803850
397698693
398077291
398371745
398388241
398758887
398996087
399195334
399234120
399287323
399479814
399659998
399702503
399734191
399740117
399823690
400082582
400112324
400149342
400151429
400292845
400311754
400359586
400491151
400536018
400546162
400600787
400716678
401118107
401442053
401493821
401850779
402063638
402190960
402312875
402414823
402430237
402773141
402872030
402960569
403500317
403561831
403845737
404581391
404888705
405100871
405200955
405251863
405262997
405640273
405777889
405884606
405906730
405934797
405967636
406038538
406054243
406159398
406161136
406173940
406215298
406629059
406799111
406807487
407378570
407822296
407873823
408347766
408524398
409006381
409442482
409505272
410086191
410126945
410274109
410390144
410538860
410836147
410856080
411122710
411155078
411197996
411597467
411652779
411765990
412156426
412390863
412655468
413139918
413190874
413697495
413727790
414148370
414226721
414263731
414794075
415174053
415641254
415643026
415685529
415704759
415728306
415823265
416066065
416752453
416786724
416817765
416922158
417070743
417149287
417231891
417293586
417682159
417793970
417927897
418400015
418439485
418592429
419873745
419928352
420083020
420369360
420431807
420514845
420542430
420682191
420694554
420977195
421237275
421261533
421278102
421505052
421707463
421807714
422093632
422897192
423321276
423386625
423765637
423978553
424440851
424509685
424684420
424898723
425123930
425346477
425775817
426102490
426552301
426959918
427161985
427623814
427686570
427946059
429008792
429398971
429455455
429482221
429482258
429490392
429609559
430072815
430260454
430280033
430291610
430703723
430820416
430911682
431002524
431232501
431889587
431959081
431984241
432058886
432102852
432311666
433118122
433234732
433421521
434443070
434596851
435245082
435681641
436192687
436207799
436419304
436572952
436611199
436669124
436676747
436738718
437109029
437139891
437203466
437409878
437446044
437619273
437922924
437937749
438162282
438296920
438432399
438877579
438935315
439035728
439044318
439122811
439444414
439537369
439723473
439975083
440171551
440311981
440440777
440552206
440758553
440781883
441221768
441414525
441444012
441545921
441735935
442294209
442715360
442870315
442910769
443040472
443203981
443607385
443704770
443904153
444079833
444242020
444600138
444766850
444857377
444939455
445190560
445203721
445644776
445700258
445783850
445926113
446532662
446751508
446812537
446987117
447433682
447480400
447484568
447525116
447636904
447760818
447833431
448066962
448231258
448240384
448560435
448917645
449063120
449462418
449802556
449846627
449881472
449893527
449940001
449966722
449993617
450071485
450228168
451115091
451234594
451619389
451622779
452014513
452544180
452809580
453141484
453191668
453319357
453341968
453837029
454097414
454504807
454541220
454703496
454971067
455102816
455239020
455393012
455549828
455701736
455707527
455733855
455775390
455997275
456611767
456982500
457227942
457290010
457435485
457477420
457533833
457663775
457720917
457753313
457886388
457895987
458489286
458735315
458848188
458927503
459282205
459563628
459793802
460008805
460312395
460536416
460585550
460882308
461564831
461847139
462444212
462609000
462743014
463025195
463300294
463374093
463401612
463666870
463954490
463967025
464055033
464097630
464118270
464341943
464386321
464431941
464523767
464561304
464603335
464952609
465011296
465358457
465363623
465446219
465543414
465639258
465829600
465833736
465967113
466072489
466094814
466478469
467095966
467821749
468022262
468063514
468138102
468169041
468320256
469035753
469419331
469606489
470184984
470965081
471100183
471103060
471635677
471702830
471872209
471940723
471971667
471993630
472476608
472493247
473220572
473765268
473983887
474008830
474391604
474465200
474689357
474857945
475050485
475073973
475209865
475229212
475344949
475759939
475802559
476239017
476700145
476890074
476896544
477191798
477304927
477320456
477754823
478053862
478131977
478192456
478402946
478508710
478616201
478653586
478972066
479364270
479423767
479795847
479839013
479865983
480060879
480190482
480213632
480547411
480618927
481073093
481102361
481547366
481848034
482201673
482534670
482921782
483041426
484228665
484661111
484973543
484980661
484984639
485269474
485273663
485451767
485556619
485598729
485892956
486241284
486282200
486422736
486565052
486784449
486913238
487239488
487553613
487566232
487629724
487823702
487855611
487982593
488188944
488473455
489477366
489688771
489803817
490021940
490130398
490152475
490561679
490622938
490854962
491328123
491404215
491558522
491799139
491867067
492211465
492271714
492472255
492587467
492724000
492745766
492833901
493030407
493412210
494426898
494430054
494575424
494732032
495550686
495877833
496059506
496175190
496220042
496287673
496423019
496516739
496601326
496883000
496936374
497461149
498185430
498267703
498472377
498654945
498786656
499517445
499730390
499900393
500157166
500344262
500433110
500495177
500840837
500915320
501160377
501430534
501551042
501601026
501713026
501808733
501828331
501939121
502028175
502819512
503072731
503230386
503557095
503963252
504051234
504924998
505074072
505129852
505281294
505620018
505740333
506041592
506101992
506295315
506530160
506890496
507075593
507217899
507328900
507347607
507852162
508302764
508408853
508748641
508767410
509102750
509135350
509138232
509419481
509522591
509620206
509668662
509750880
509802295
509885980
509917344
510251110
510264320
510657902
510683184
510954271
511157066
511272491
511297783
511465632
511479940
511487150
511534456
511875986
511889461
512067369
512459742
512638551
512701774
513012670
513225025
513284935
513600529
513683157
514092671
514564226
514666759
515155720
515556759
515692127
515700562
515934141
515967513
516040997
516158017
516184753
516306989
516472709
516646675
516865837
516904150
517017360
517035408
517281799
517459396
517511992
517613430
517893635
518111649
518241213
518245326
518262722
518342967
518591727
518643913
518655020
519192672
519276922
519529950
519585897
520443662
520837353
520841550
521137385
521163996
521467653
521490659
521767656
521968620
521993397
522120859
522305991
522308724
522583234
522721337
522875325
522961682
523085069
523288613
523467406
523504632
524098833
524100683
524255374
524293563
524541809
524545757
524571838
524962703
524985278
525170451
525540370
525686294
525764616
526036790
526473101
526614139
526690254
526997871
527317682
527931891
528092399
528381879
528398558
528456755
528597286
528623466
529035732
529206664
529387779
529604001
529655858
529840971
530023265
530120921
530194785
530612357
531061240
531300071
531339134
531920605
531964188
531998042
532591975
532923480
532951521
532979953
533421992
533846559
534675596
535124353
535192447
535487523
535516525
535575301
535769007
535848754
536216869
536236896
536305470
536484456
536872756
537531090
537689530
537783187
537890618
537930780
537955528
538227408
538343323
538387591
538511319
538908800
540006990
540043789
540280250
540409039
540641220
541345490
541389182
541407536
541423491
541588203
541754586
542134992
542269227
542544999
543049018
543096954
543261995
543548535
543642039
543651775
544173810
544804210
545219840
545324858
546386415
546467715
546470938
546844394
546861472
547036440
547131900
547240036
547622138
548120505
548680497
548928641
549063079
550013197
550556960
550940880
551061465
551176072
551384266
552346128
552358405
552665330
552732726
552788706
552828097
553059614
553123726
553259569
553367098
553411291
553819029
554440691
554480958
554530292
554534892
554626529
555149267
555233172
555351240
555844008
556085164
556616792
556999823
557057713
557070668
557144603
557352026
557498314
557694474
557837139
558079824
558192409
558776280
558878126
559474220
559487007
559625887
559771402
559815034
560413298
560421045
560495887
560752200
560910540
561333246
561459275
561477420
561774131
561919099
562347936
562406153
562528220
562934321
563132179
563264062
563531869
563775453
564034084
564383796
564408364
564677517
564781279
564805207
565209439
565279769
565757326
565851874
566509037
566531673
566604345
566643586
567169327
567586957
567695862
567725115
568080036
568267182
569254771
569330279
569388719
569532215
569584393
569817783
570294622
570359932
570887093
571084702
571182775
572470604
572542811
572728867
573198934
573456780
574054925
574055042
574418938
574423459
574705517
574870391
575353202
575495670
575642150
575749224
575775225
576150065
576336468
576460046
576633812
576793101
577018473
577045392
577190934
577937478
578576173
578829087
579031852
579113210
579556358
579737499
579864460
580102443
580328597
580502220
580825719
581031540
581034472
581122316
581404924
581591058
581915846
582304699
582507746
582702085
582787619
582920958
583625197
584155618
585161684
585360056
585667827
586109605
586417132
586479203
586998190
587666706
587689167
588025499
588178997
588444607
588504646
588574829
588886076
588895071
588945596
589155494
589498419
589548705
589733410
589785849
590031335
590089292
590478380
590503358
590604499
590907863
591006480
591159273
591287646
591299686
591542995
591731618
592308182
592731146
592909291
593032731
593058127
593300869
593820452
593888475
594305175
594885308
594967640
594975715
595086789
595218405
595340018
595371266
595840344
596396771
596731541
597179494
597967607
597994776
598389167
598476090
598479015
598813390
599058135
599074051
599090574
599380944
599930812
600101474
600160695
600329989
600403216
600416742
600660413
600746146
601151994
601297253
601465897
601880921
601944838
602031868
602133575
602512030
602802990
602879370
603359280
603410768
603807047
603841829
603902504
603902715
603927257
604039304
604176044
604505260
604524436
604909888
605087789
605093797
605336518
605356819
605379777
605517586
605836544
605880863
605911059
605980523
606523883
606959440
607217813
607278551
607512953
607705132
607766558
607981627
608046356
608281469
608645161
608850109
609120654
609246928
609327687
609399729
609619540
609907523
610027340
610070568
610497634
610564359
610740268
610939488
610972102
611350172
612161422
613677036
613912234
614079846
614177620
614219652
614379688
614414337
614869669
615156212
615423279
615556285
615579500
615742760
615896075
615961815
616318407
616403287
616430108
616640121
617096392
618140557
618338378
618626531
618672311
618791136
619218934
619399164
619513248
619731474
619890797
619906309
620098203
620490899
620581350
620985960
621097288
621106516
621356505
621633570
621780129
622893354
623197341
623355414
623681998
623857836
623880311
623897986
623944034
624023862
624175980
624422197
624479332
624589344
625349351
625941157
626331583
626470831
626734570
626744944
626877507
626958395
627036106
627252941
627298258
627657237
627694220
627899200
628151782
628386310
628445922
628470820
628637382
628689517
628733398
628813540
629097984
629196713
629381315
629395325
629417553
629527033
629580614
629664286
629868565
630344036
630665073
631103891
631295125
631396324
631504712
631749046
632062894
632124427
632486287
632650396
632695990
633022185
633068226
633298539
633322044
633728415
633804435
634170508
634279506
634422920
634506912
634602839
634618106
634784530
634856196
634922390
635008721
635059422
635776975
635964588
636084687
636175095
636241781
636676237
636721978
637776678
637867632
638079489
638206258
638302850
638482146
638557844
638974024
639647218
639724691
639748441
639839510
639914983
640261811
640496364
640534286
640642818
640651702
640713104
640763637
641089892
641157924
641617539
641923176
642065335
642172443
642201905
642353707
642461466
642511942
642533835
642673698
643045968
643078350
643108426
643240859
643568386
644101818
644207715
644299345
644401651
644486384
644517933
644544807
644622840
644905081
644935246
644972553
645430856
645694102
645975897
646106219
646300256
646454157
646751287
646808384
646958892
647997338
648174553
648227542
648417912
648721246
649075101
649799431
649905195
649956612
650042689
650314072
651374487
651659197
652214668
652331625
652485615
652689590
652827505
654021102
654141357
654546921
654657166
655548521
655741946
656479626
656541149
656739941
656950024
657003222
657036843
657112546
657269110
657658113
657879078
657983761
657989710
658018165
658283208
658470962
658836559
658837439
659040159
659179268
660461278
660482519
661610729
661850963
662031535
662039339
662051697
662066244
663299491
663423089
663580111
663818061
664278896
664379531
664555292
664838198
665065092
665300951
665420071
665820117
665857009
665914859
665981863
666029091
666134791
666157562
666483173
666688354
666763326
667332979
667394500
667626906
667807832
668380952
668960518
669174460
669358122
669363155
670092134
670229784
670252006
670279348
671141008
671916764
672005124
672052752
672079759
672385643
672672962
672876127
672991262
673032010
673083382
673195393
673518847
674089258
674166573
674598226
674859234
674964066
675002028
675324361
675467683
675597339
675761246
675828758
676121503
676252483
676599285
676688085
676754405
676779595
677229628
677365822
677433321
677772099
677880023
677895935
678317896
678351410
678386398
678597702
678723390
679002755
679174537
680122920
680297968
680486163
680942115
681164263
681296251
681520315
681723492
681940153
682003634
682066159
682090336
682105099
682302709
682361842
682404106
682433553
682553367
682764961
682771220
682878267
682932623
682989439
683030508
683230227
683298809
683560109
683740598
684069198
684110125
684521374
685483071
685726888
686265818
686745900
686895239
687096477
687114435
687154254
687269534
687481910
687502534
687571808
687724993
687983207
688341788
688716741
688975768
689094600
689109859
689525162
689819334
690196191
690736517
690889050
691116564
691247786
691731851
692079369
692145770
692373784
692375481
692615237
693127815
693416736
693435526
694998255
695598036
696047971
696064521
696193130
696301425
696554178
696713695
697165067
697269897
697343888
697755774
697952522
698178721
698403103
698549859
698580866
698611691
698746419
698876773
698989286
699385183
699464766
699926602
700173823
700394629
700434021
700478030
700975125
701115003
701176161
701213435
701370451
701483259
701536833
702456523
703827985
703908129
703954826
703968096
704422316
704579072
704820873
705512214
705708569
705861710
705870570
705871009
706189214
706286752
706490997
706607289
706619945
707030894
707203228
707477955
707481674
707658386
707857365
707922138
708054223
708169622
708214148
708235995
708556474
708728116
708850009
709262228
709289319
709730842
709757670
710051003
710073247
710273335
710573892
711018722
711096102
711484609
711713469
711785489
711921682
712614632
713257887
713304002
713879011
713931229
714342189
714763951
715228965
715888964
717171538
717284974
717473137
717590216
717716924
717742082
718352729
718424798
718677466
718954763
719277383
719554712
719584896
719861458
719993192
720448982
720549194
720604625
720639607
721883741
721934438
722505058
722670783
723177444
723189874
723803956
724516515
724530487
724562654
724751568
724792804
724854137
724886809
725026186
725071746
725246844
725510394
725809702
726145460
726339905
726355265
726431788
726724643
726764299
726987225
727016654
727154301
727245865
727545690
727663591
727804179
728007302
728059451
728207761
728585653
729069951
729074470
729111161
729289229
729326857
729542441
729626032
730030480
730455520
730460679
730515077
730777612
730787026
730821936
731378473
731689919
732017518
732067104
732222670
732346522
732561010
732818280
732879202
732975935
733419927
733510860
733836940
734709256
734883531
734903270
735037498
735236274
735247443
735259186
735571904
736377119
736520067
736687151
736744173
737349522
737496692
737929176
737953386
738003924
738239873
738449287
738863668
739243135
739818969
740190778
740808257
740958966
741265400
741594663
741915122
741917512
742084861
742207841
742468556
742746726
743216734
743219519
743264853
743382347
743637856
743865706
744026040
744084548
744112115
744211656
744937681
745007087
745109767
746053964
746505321
746734274
746839890
747100709
747310202
747314945
747528166
747715716
748190771
748299863
748321063
748747063
748864720
748900050
748940711
749228702
749503369
749560293
749754176
750365121
750705387
750968690
751036223
751118130
751597185
751833880
752135723
752146646
752340794
752362255
752701325
752823175
752914571
753396292
753421288
753631598
753697649
754124692
754339246
754347519
754694268
754882647
755032836
755100907
755130215
755147205
755333407
755390646
755412597
755444525
755594342
755615252
755742402
756125633
756146480
756377493
756397161
756405841
756851130
756901021
757141304
757228101
757283554
757412737
757931167
758125200
758227955
758297848
758344385
758649682
758869585
759413525
759436219
759438790
759626976
759812315
759827483
759892270
760307189
760774851
760919130
761839939
761939239
761992085
762272974
762350612
762492069
762635952
762696875
762950671
763036540
763211171
763224723
763841132
763959766
764346924
764482253
764829438
764831807
764844066
765395241
765623672
765771846
766389906
766487926
766681031
766861296
766875052
767066284
767196675
767785119
767936610
767946851
768533730
768647234
768795424
768889202
769161944
769270327
769316006
769452557
769846784
769924663
769969948
770873185
770959063
771025559
771044966
771106097
772028242
772231311
772307452
772327367
772383201
772596542
772649271
772828781
772853655
772989593
773164096
773730506
774004806
774021722
774123782
774295356
774328388
774425578
774491986
774573038
774917304
774974768
775056049
775513442
775728213
776040594
776215912
776324253
776435166
776635739
776804001
776841667
776937620
777980528
777998775
778176655
778249036
778966019
779455150
779625400
779857996
779931509
780606772
780682212
780888445
781138749
781175096
781272614
781299754
781427180
781510218
782192840
782344818
782505102
782784563
783020641
783239999
783281865
783399686
783618842
783756185
783910811
784021754
784155489
785155026
785530378
785583381
785723256
785847307
786354300
786527980
786732356
786760949
786773742
787137953
787268918
787307594
787502816
787535077
787679790
787883226
787885839
787964773
787983097
787998631
788222936
788238901
788564517
788666156
788667102
788689697
788856100
788948870
789355763
789418054
789444255
789582494
789750152
789824641
790172473
790400348
790638297
790875026
790934723
790962319
790968528
791133308
791165288
791270136
791317712
791386282
791716828
792150657
792156813
792362359
792398762
792555930
794247437
794308644
794553560
794841165
794931879
795031025
795274073
795283112
795365109
795417028
795434113
795453623
795502907
795521731
795555062
796484179
796765490
796876903
797068452
797489504
797570131
797585555
797738121
798030306
798124890
798216654
798402545
798900964
799014007
799240823
799269642
799444995
799780640
799856948
799879583
800442281
800641968
801030558
801062218
801647701
802086101
802350492
802635064
802671679
802743826
803462086
804121285
804130273
804298575
804605154
804610217
804628825
804756986
805079535
805203818
805257654
805317190
805597818
806303015
806452233
807084505
807655645
807874242
808041830
808108336
808128673
808486305
808732522
808787804
808872220
808987436
808989361
809178770
809198316
809266614
809417627
810004423
810300017
810304590
810432003
810575137
810675526
811057376
811229573
811353837
811519142
811540404
811644487
811845666
811953448
812002171
812398072
812540030
812763418
812884962
812932389
813011337
813049765
813078892
814128196
814297708
814645527
814715422
814743251
814819307
815297983
815743525
815744397
815803986
815889903
816049953
816334388
816344474
816414907
816521350
816620879
816631772
816732521
816817576
817234010
817590920
817984823
818140996
818902647
818909003
819428271
819571177
820241847
820811670
820813233
820932566
821320377
821346457
821350013
821952190
822112419
822446496
822458163
822582680
822808001
823045125
824060337
824166737
824928255
825114500
825425157
825469554
825507205
825580049
826193711
826254276
826327211
826688503
826883867
826950762
827339449
827618763
827899288
828106564
828127902
828179331
828206027
828357136
828768564
828777973
828826206
828865548
829105351
829115234
829544265
829824273
830235656
830558989
831424376
831487112
831583011
831808640
831862220
832069283
832142719
832177839
832196309
832274303
832389479
832510595
832522402
832650308
832672815
832823721
832974030
833540612
834086093
834154700
834390178
834604805
834659870
835153231
835264147
835270576
835524652
835557701
836344410
836350889
836571436
836630513
836913895
836959472
836989740
837055921
837641703
838325040
838541027
838701269
838991605
839153231
839599050
839721312
839728476
839825522
839855417
840005376
840280715
840329310
840351337
840547404
841254075
841352511
841378213
841621047
841881658
842136973
842140605
842316300
842738665
842908070
843180949
843531398
843653459
844026595
844051240
844407779
844865742
844884153
844954303
845047812
845050983
845214789
845676384
845698325
845843482
845880835
845894440
846031211
846086773
846087358
846638947
847007792
847457763
847584587
847667837
847706634
847961388
848004116
848261498
848540702
848745795
848882677
848967330
849162602
849191092
849613901
849688122
849699384
849999763
850011481
850105036
850278592
850796164
850904476
851004961
851016776
851143016
851289814
851430855
851614154
851828677
851863655
852118997
852480585
852602535
853264888
853485918
853585175
854306369
854388187
854976617
855065573
855104919
855424703
855803387
856235535
856267732
856280946
856385065
856904376
857210389
857233127
857737102
857813509
858177699
858244520
858409302
858430614
858944435
859083998
859257914
860063376
860080969
860330649
860341194
860344625
860382147
860584712
860810076
861115779
861293264
861670183
861725936
862283933
862438707
862473095
862595526
862609644
862640365
862653498
862734563
862795090
862857954
862875833
863116296
864267083
864580769
864711522
864994591
865359990
865474371
865983382
866014270
866112300
866854624
866995447
866996031
867900568
867903233
867951494
868027001
868241884
868640862
868767768
869343725
869620074
870103654
870131451
870295312
870433157
870690274
870822840
870855723
871169897
871440027
871593430
872005279
872177114
872183703
872292697
872427495
872545740
873134560
873222993
873275384
873334484
873517562
873688060
873827073
874113158
874436761
874537457
874884708
875061164
875101917
875456478
875676465
875698265
876244258
876701956
877147431
877270488
877355643
877546870
877935380
877938167
878065913
878184986
878349738
878358511
878691829
878756765
878919871
879181661
879725782
879747767
879764024
880102361
880316159
880359270
880444675
880525933
880668910
881076192
881199577
881217250
881299113
881336739
882052287
882160081
882206917
882270439
882366928
882735557
883226150
884302691
884306384
884361473
884515951
884613661
884920046
884945258
885102686
885298421
885415108
885454463
885483732
885618459
885762975
886052662
886225770
886267070
886528261
886602627
886835306
887078951
887150454
887464382
887532046
887760671
887857950
888083263
888172912
888478759
888532248
888750619
888766123
888913613
889101564
889204744
889500243
889510926
889637882
889639350
889812538
890185708
890405724
890408408
890637028
891359830
891373622
891488029
891608341
892197401
892705735
892964966
893164312
893427360
893435227
893587695
893629152
893690749
893710938
894689126
894794764
895007602
895054870
895207467
895615065
895646536
895854078
895979303
896065658
896115351
896141833
896183636
896220166
896347399
896379289
896557302
896763174
897085744
897477336
897481038
898100061
898270012
898500365
898666112
899033723
899177970
899341360
899666770
899915055
899959788
900324387
900365513
900378642
900580261
901307540
901478783
901776987
901823519
901872492
902010195
902194503
902250229
902363043
902801408
903498208
903745603
903782844
903997769
904259904
904402808
905254597
905528947
905570812
906293399
906395066
906773425
907862791
907928617
908025042
908289362
908543501
908699750
908895912
908907389
909016059
909415063
909468243
909792048
909968309
910316052
910529190
910593550
911003597
911600513
911954935
912080664
912232968
912305346
912924778
912936078
913001454
913140338
913408699
913685103
914040515
914672634
914951703
915293650
915322473
915651362
915760032
915762006
915778647
915841679
915980862
916198862
916547408
916548007
916562205
916656761
916823172
916898870
917021853
917317018
917432657
917987981
918251013
918277623
918581984
918797559
918871929
919013279
919132897
919185610
919751625
919893239
919921843
920392861
920700155
920817727
920913450
921096766
922025430
922204632
922399817
922441498
922885602
922994290
923073699
923284709
923745037
923764012
923882353
923970136
924142312
924408222
925438534
925669722
925898072
926109065
926231466
926442271
926537893
926738557
926761733
926843838
927325393
927628382
927734879
928097896
928296388
929197944
929480172
929724520
930048165
930058664
930366790
930437438
930546611
930696385
931198311
931357158
931536492
931703043
931751787
931766627
932171648
932364575
932370550
932404573
932451006
932540383
932818131
932854359
932955098
933030699
933211956
933241032
933345076
933504282
933704571
934493785
934569006
934921336
934928002
935024102
935321870
935346507
935566858
936329328
936421379
936501967
936529579
936723071
936751844
936761667
936892583
937266748
937267842
937473052
937607056
937623601
937797656
937811295
937833324
937844682
937882851
938132552
938522645
938608105
938746573
938783485
939426865
939843048
939926044
939966459
940373073
940676590
940744564
940811371
940895509
940992277
941005287
941438440
941559677
941700331
941827750
941947603
942027725
942293374
942320032
942520594
942929740
942995627
943152911
943338002
943570861
943732792
943973299
944132559
944522394
944667867
944818282
945183439
945187428
945520563
945524817
945784829
945949845
946119015
946324825
946582683
946757506
947015002
947164503
947246076
947349429
947372049
947686253
947906454
948178646
948311267
948607321
948696225
948795665
948855920
949153377
949470104
949612604
949929396
950248012
950359708
950731025
950794514
950923554
950924698
951002659
951008733
951069194
951380290
951496588
951518442
952500625
952650351
952658092
952946240
953021044
953114319
953237152
953464171
953514393
953917219
954083605
954206692
954442576
954861781
955014648
955164967
955703822
956135794
956640363
956641243
957193028
957274358
957738250
957933594
957942386
958183029
958209811
958248440
958372262
958504609
958512676
958933799
959012865
959131360
959273544
959681430
959834297
960019970
960102632
960212456
960222809
960590300
960649724
960706954
960730079
960743656
960819868
961060660
961127464
961376108
961564952
961651267
961837995
961861658
961887066
961922500
962231083
962826172
962978958
963401878
963465613
963542487
963771662
963775424
964582718
964650864
964811509
965032250
965074476
965166452
965398619
965442191
965824530
965826347
966003314
966093145
966112610
966119807
966366125
966610292
966825791
967026308
967188037
967716091
967738241
967862647
967878146
968033936
968380750
968391840
968392554
968671585
968825763
968983905
969006571
969032741
969141884
969167994
969643736
969645802
969658761
969658951
969887039
970045947
970054940
970116995
970302370
970339267
970408115
970583049
970738539
971004625
971008398
971021016
971321480
971705938
971899838
972147505
972148102
972715179
972786031
972922319
972979451
972982018
973065482
973161265
973291935
973400534
973824701
973887088
974094524
974364914
974528903
974679549
975271252
975982477
976084955
976240062
976335925
976485476
976911024
976967935
976974733
977224740
977801340
977994371
978388351
978577554
978856647
978905861
979378337
979689897
979721036
979931501
980110589
980305895
980334523
980370776
980634026
980763235
980990080
981101919
981153492
981191684
981231124
981276159
981658770
981797846
982044800
982134196
982246983
982503199
982682252
983055180
983101955
983285763
983412416
984137519
984174244
984261524
984690860
984701513
984869323
985176522
985191516
985210856
985235025
985250493
985377882
985422317
985425323
985457109
985470323
986529375
986543543
987141495
988107410
988597315
988845831
990302956
990329352
990338775
990590513
991066532
991203932
991265002
991560105
991764972
991931977
991934195
993483957
993513545
993555110
994023936
994174390
994174926
994702544
995375018
995430296
995542122
995872001
996136598
996149867
996339894
996393204
996433241
996537114
996625129
996891218
996989951
997739906
997871241
997934827
998430801
998596693
998731102
998739824
998952034
999045699
999575552
999702512
1000332222
1000342675
1000479115
1000576800
1000960847
1001014746
1002370207
1002568579
1002796608
1002850623
1003018026
1003624544
1003747740
1003813513
1003891007
1004026557
1004200455
1004265979
1004297387
1004375742
1004575023
1004755969
1004790516
1005116408
1006409853
1006555266
1006956293
1007129265
1007266385
1007502646
1007583841
1007729357
1008010412
1008646583
1008956481
1008983820
1009072376
1009230938
1009693123
1009958183
1010140512
1010199384
1010429573
1010570021
1010880665
1011111260
1011549882
1012517308
1012640244
1012690824
1012736886
1013113962
1013158736
1013194527
1013439159
1013549061
1013571508
1013679979
1013759618
1013996166
1014387475
1014514432
1014568076
1014733862
1015279811
1015280466
1015338151
1015636068
1015828818
1015829621
1015872587
1016122198
1016254243
1016284459
1016380669
1016445258
1016606327
1017143668
1017308769
1017655931
1018129688
1018371721
1018647954
1018661439
1018672743
1018683545
1019118418
1019327154
1019847517
1019868528
1020177920
1020437299
1020763162
1020915381
1021128419
1021137913
1021199934
1021347295
1021437396
1022398903
1022901573
1023411173
1024326387
1024366842
1024882341
1024934382
1024944696
1025338535
1025581046
1025640691
1025800953
1026007428
1026124508
1027097949
1027305346
1027358537
1027361008
1027471992
1027625626
1027643679
1027805260
1028073872
1028325990
1028763897
1028875907
1029327603
1029335864
1029563805
1029678778
1029868113
1029987294
1030005005
1030131539
1030179751
1030367934
1030786960
1030922953
1031005239
1031392335
1031605306
1031617565
1031998236
1032036541
1032460744
1032727009
1032732297
1033312279
1033425162
1033426524
1033443006
1033480197
1033965403
1033967358
1034072116
1034250785
1034497608
1034639258
1034805661
1035032060
1035072071
1035391696
1035394122
1035632463
1036583909
1036789330
1036921298
1037173967
1037504976
1037804692
1037835216
1038097514
1038190321
1038202598
1038358396
1038395044
1038439759
1038735817
1038929938
1039022890
1039247731
1039258847
1039376696
1039796566
1039876434
1039888342
1039973543
1040047851
1040172336
1040301301
1040342031
1040808313
1041429054
1041717460
1041952069
1042277488
1042554741
1042746815
1043351023
1043545941
1043859901
1044390013
1044540344
1044556491
1044647431
1044676732
1044761439
1045219073
1045320123
1045548445
1045683511
1045873160
1045906250
1046169685
1046495068
1046715033
1047097246
1047263459
1047293246
1047895951
1048549248
1048602987
1048703779
1048833973
1048871455
1049118584
1049238740
1049269585
1049300633
1049478106
1049861473
1049920761
1049955703
1050074469
1050203985
1050226463
1050552345
1050748857
1050807998
1051339285
1051416420
1051431051
1052157229
1052460537
1052782638
1053261443
1053322429
1053566103
1053593827
1053597186
1053773578
1053975619
1053986940
1054088629
1054316120
1054438558
1054750667
1055123943
1055144024
1055239216
1055366065
1055568115
1055676050
1055872521
1056233098
1056740123
1056973294
1057391731
1057715910
1058208602
1058654289
1058788810
1058825409
1059571391
1059576944
1059838658
1060135467
1060145915
1060411269
1060491510
1060816774
1060971071
1061108010
1061196397
1061241704
1061423328
1061482414
1061516979
1061747632
1062343969
1062549224
1063202669
1063269556
1063521038
1063822318
1064598299
1064631318
1064644406
1064690528
1065178139
1065356036
1065448200
1065498559
1066248540
1066283907
1066322350
1066354960
1066431226
1066442485
1066738863
1066773156
1067076879
1067115199
1067215174
1067467252
1067582771
1067695577
1067948344
1068138246
1068392720
1068495392
1068522020
1069294612
1069434252
1069467764
1069522532
1069722053
1070006377
1070029736
1070039325
1070041778
1070106214
1070835443
1071005264
1071115540
1071439199
1071604135
1071697663
1071894156
1071980970
1072356212
1072634829
1072754721
1073584290
1073860547
1074379150
1074430570
1074780229
1074824617
1075876356
1076171959
1076237087
1077726205
1077739057
1077799359
1078437017
1078504703
1078661680
1078707137
1078814738
1079111248
1079473321
1079637205
1079934810
1080306991
1080307313
1080327959
1080344962
1080481059
1080520355
1081122663
1081158402
1081217990
1081318998
1081841519
1082089751
1082431493
1082917589
1083249242
1083294203
1083547102
1083671727
1083797209
1083829836
1084513534
1084898606
1085090777
1085270181
1085411840
1085425229
1085522099
1085714545
1086555837
1086618171
1086897329
1087240813
1087550213
1087557387
1087739228
1087896362
1088181235
1088231247
1088454605
1088684832
1088916290
1089079503
1089821191
1089827113
1090321810
1090329748
1090503511
1090630506
1090955162
1091041510
1091433348
1091886264
1092229135
1092257558
1092628055
1093120142
1093443802
1093569061
1093647755
1093853736
1093869874
1094007311
1094166398
1094205813
1094257290
1094428638
1094902857
1094906532
1095391786
1095705907
1095844956
1095907473
1095928532
1096343826
1096373110
1096657101
1096707752
1096853032
1096945017
1097248913
1097768752
1098058093
1098085574
1098609940
1098615370
1098731675
1099040320
1099100180
1099742899
1100233128
1100403538
1100486797
1100531130
1100814767
1101043146
1101295838
1102158631
1102332304
1102825960
1102863990
1103066113
1103281603
1103541964
1103576804
1103970160
1104101787
1104356308
1104594669
1104886095
1105135589
1105526939
1105690087
1105802623
1105847999
1106438994
1106477416
1106532940
1106895967
1107136691
1107390325
1107738181
1108114676
1108279746
1108461348
1108745687
1108800425
1108836414
1109078019
1109169118
1109299931
1109366787
1109384919
1109420921
1109425117
1109523573
1109533422
1109765470
1110082006
1110388638
1110803359
1111902614
1112219480
1112694985
1113295149
1113655458
1113801890
1113889102
1114108482
1114130541
1114623887
1114741764
1115000393
1115074625
1115967396
1116313282
1116497015
1116911463
1117061718
1117227976
1117401623
1117405912
1117433541
1117721616
1117806034
1118265523
1118329048
1118491048
1118597031
1119004941
1119371839
1119467538
1120205456
1120209579
1120250729
1120271503
1120315741
1120594464
1120771045
1120891655
1120915512
1121409411
1121521726
1121528761
1121555093
1121580725
1121776802
1121821333
1121939311
1122496721
1122914619
1123050972
1123207923
1123555948
1123670118
1123702745
1123806320
1123930174
1124839369
1125155640
1125179140
1125549150
1125913272
1126001641
1126370947
1126540386
1126577709
1127021083
1127119373
1127163971
1127241268
1127303537
1127370600
1127375756
1127669569
1127825528
1127886603
1127925184
1127961163
1128143930
1128443420
1128469233
1128668307
1128749031
1129402915
1129500604
1129618555
1129903847
1130179251
1130181529
1130490127
1130771834
1130939198
1130947449
1131359836
1131632868
1131829898
1132515511
1132713316
1132768200
1132904542
1133017282
1133315431
1133485118
1133580811
1133850571
1133879017
1134069464
1134177934
1134190757
1134427732
1134547078
1134659909
1134802649
1134851516
1134900395
1135026349
1135037449
1135091463
1135114876
1135307380
1135430169
1135479549
1135644911
1135650470
1135751342
1136066332
1136250305
1136951653
1137149381
1137318922
1137627452
1138375312
1138652638
1138838259
1139373126
1139732151
1140239421
1140336979
1140760195
1140774402
1140992044
1141070745
1141073458
1141229360
1141264732
1141349864
1141537534
1141649770
1141723580
1141927943
1141987624
1142031109
1142149016
1142511332
1142845097
1143048776
1143077694
1143572326
1143591840
1143812188
1143916882
1144758994
1145225599
1145236599
1145248616
1145491029
1145667667
1145903303
1145909593
1146054459
1146302406
1146401587
1146452100
1146817146
1147072559
1147084243
1147262732
1147298853
1147396517
1147488950
1147580697
1147611466
1147914886
1148404988
1148909295
1148911243
1148927331
1149170724
1149412611
1149489025
1149746272
1149831271
1150020457
1150111020
1150164071
1150191787
1150474384
1150531248
1150569022
1150577954
1150611821
1151168495
1151315710
1151617934
1151637707
1152037563
1152060035
1152208503
1152317829
1152571101
1152626804
1152694183
1152999391
1153273739
1153395887
1153516703
1153763631
1153773570
1153897113
1154027892
1154178227
1154338601
1154665171
1154699170
1155290179
1155380667
1155537570
1155629326
1155752364
1155867819
1156410606
1156632188
1156838689
1156998078
1158031367
1158832479
1158866920
1158936287
1159081391
1159178797
1159331970
1159616935
1159877339
1159958970
1160807138
1160862563
1160912231
1160928485
1162084804
1162475953
1162596137
1162715967
1162850577
1163290474
1163451506
1163504976
1163668486
1164604570
1164633006
1164703088
1164771271
1165448688
1165683659
1165697333
1165940463
1166002091
1166191990
1166217918
1166271815
1166497997
1166537220
1166862876
1167077564
1167218472
1167283427
1167754859
1168273844
1168479581
1168646830
1168722554
1168930340
1168946545
1168952948
1169096093
1169684583
1169781989
1169949706
1169953618
1170010827
1170071259
1170240851
1170441113
1170764201
1170967393
1170987706
1171236460
1171418181
1171468713
1171551469
1171800608
1172235370
1172296492
1172381956
1172982096
1173290738
1173479313
1173544720
1173702744
1174178824
1174248585
1174509897
1174530881
1174531453
1174657350
1174755917
1174962047
1175029710
1175228454
1175759778
1175967481
1176237743
1176285468
1176400054
1176472390
1176623909
1176669585
1176916181
1176971048
1177650826
1177724419
1177795473
1177815934
1178181117
1178306819
1179133816
1179200805
1179245595
1179966321
1180075086
1180682138
1180709549
1181164889
1181204978
1181320713
1181511023
1181753693
1182193012
1182743227
1182874859
1182941528
1183095500
1183306681
1183666811
1183754856
1184202779
1184637862
1185094313
1185875992
1186057214
1186196798
1186427251
1186756222
1187733002
1188254622
1188302863
1188356639
1188524304
1188602806
1188643858
1188779908
1188911151
1189020391
1189236536
1189867527
1189934495
1190066019
1190413645
1190522034
1190920395
1191054220
1191126363
1191620776
1193044351
1193161360
1193233389
1193595946
1193731149
1193797930
1194047925
1194254897
1194286814
1194430695
1194491045
1194940635
1195773220
1195779253
1196128507
1196241033
1196334121
1196405306
1196415026
1196674320
1196865972
1197066805
1197464321
1197589970
1197810183
1198444659
1198496534
1199024860
1199076983
1199118888
1199183449
1199389727
1199448833
1199896310
1199914411
1200051112
1200469492
1200621562
1200643490
1201210039
1201313094
1202168742
1202359714
1202425849
1202471137
1202527510
1202727838
1203058237
1203429353
1203455023
1203477649
1203531939
1204568511
1205352123
1205992690
1206094035
1206348119
1206348653
1206352602
1206447478
1206902834
1207157224
1207162907
1207380716
1207418352
1207468234
1207879875
1208394654
1208525075
1208564444
1208696526
1208966898
1209063156
1209125688
1209166330
1209214953
1209323586
1209375188
1209559826
1209649366
1209706947
1209788821
1209868843
1210078069
1210090143
1210305661
1210332356
1210479808
1210839169
1210890873
1210945183
1211351218
1211816038
1211859842
1211867904
1212486274
1212801917
1212969997
1213058899
1213179555
1213401461
1213632180
1213637556
1213726974
1213854003
1214110381
1214151794
1214820886
1215277679
1215356761
1215443797
1215588801
1215604601
1215752642
1215980864
1216656283
1216980597
1217068580
1217196789
1217306356
1217372378
1217469110
1218013437
1218023127
1218040491
1218206472
1218227790
1218384392
1218635999
1218902682
1218949500
1219299984
1219415415
1219684290
1220323520
1220783898
1221248593
1221261946
1221302243
1221947604
1222129909
1222254065
1222567658
1222907678
1222979697
1223270923
1223501551
1224036635
1224042709
1224175410
1224281785
1224283513
1224694955
1224786432
1224832915
1225225385
1225461376
1225674589
1226106706
1226308648
1226330547
1226453858
1226616860
1227480921
1227648750
1228000753
1228085880
1228343319
1228386003
1228410936
1228463850
1228470675
1228561221
1228635721
1228640962
1228911372
1228930283
1228949262
1229025023
1229171686
1229276816
1229395375
1229771151
1229943635
1230452941
1230804778
1230935485
1230960489
1230970876
1231190745
1231270288
1231470235
1231742742
1231781322
1231990759
1232089305
1232312106
1232426543
1232763997
1232843162
1232951225
1232968614
1233029363
1233034904
1233094964
1233301796
1233452085
1233946027
1234023034
1234267859
1234613580
1234634684
1234664040
1234786116
1234840744
1235030576
1235100942
1235130119
1235249479
1235359256
1235375565
1235391783
1236086437
1236373038
1236378944
1236391809
1236395038
1236528037
1236531198
1236920859
1236979601
1237012526
1237217524
1237788062
1237866349
1238027417
1238348762
1239105562
1239140947
1239333655
1239459218
1239737859
1240156065
1240236259
1240386460
1240400835
1240719840
1240734162
1241009885
1241138753
1241957674
1242389218
1243038871
1243158861
1243670670
1244050736
1244056966
1244222089
1244318100
1244527635
1244929126
1244933842
1245028069
1245392988
1245407178
1245416844
1246246615
1247143738
1247381234
1247462246
1247482282
1248203289
1248211909
1248234012
1248881612
1248990804
1249047874
1249424442
1250415827
1250488501
1250554870
1250762330
1250780135
1250869010
1251271958
1251402430
1251425905
1251529828
1251635026
1251805438
1252048687
1252098004
1252648503
1252800651
1253357370
1253423682
1253981683
1254003952
1254135816
1254141358
1254205182
1254465517
1254568269
1255023239
1255387765
1255404602
1255595507
1255857785
1256296876
1256737441
1257076562
1257111041
1257138196
1257402429
1257880202
1258076234
1258137107
1258251678
1258418734
1258538557
1258648619
1258734740
1258740574
1258741748
1258814334
1259048230
1259084419
1259188512
1259240351
1259355568
1259431846
1259598597
1259618847
1259822777
1260354424
1260574378
1260903655
1260959419
1260967950
1261182983
1261617844
1261719554
1262147289
1262217179
1262282143
1262717305
1262767935
1263013335
1263284445
1263562251
1263743489
1264297120
1264555778
1264612521
1264678586
1264895519
1264937586
1265273468
1265325442
1266161720
1266361097
1266373068
1266518260
1266631917
1266908210
1266952902
1267189992
1267298178
1267373001
1267543861
1267655828
1267740660
1267839877
1267842829
1267986406
1268446647
1268650379
1268723242
1268842278
1268926192
1268932178
1269210584
1269360032
1269658348
1269830040
1270248457
1270458232
1270800941
1270812096
1271289810
1271330604
1271496958
1271648289
1271922957
1272033026
1272087462
1272190904
1272249417
1272503219
1272770153
1272813402
1272985222
1273142718
1273752262
1273755084
1274178802
1274238992
1274535010
1274758779
1275487602
1276458388
1276504608
1276865883
1276964823
1277102561
1277286944
1277646975
1277759430
1277854221
1277915372
1278979903
1279511363
1279688116
1279934388
1280209567
1280539047
1280541432
1280932543
1281255846
1282161484
1282516550
1282927514
1282992065
1283019940
1283197769
1283320566
1283392632
1283406756
1283452627
1283505196
1283592506
1283601152
1283613115
1283682616
1283702589
1285047742
1285755114
1286026338
1286194236
1286387819
1286517239
1286676921
1287016466
1287361926
1287639341
1287765378
1287774855
1287781420
1287788557
1287900433
1287963226
1288573624
1288693665
1288796154
1288956194
1288960109
1289121324
1289130796
1289168881
1289184719
1289412217
1290111014
1290232899
1290235704
1291031586
1291184855
1291285800
1291299155
1291315527
1291447219
1291633650
1291686944
1291775632
1291938092
1291943685
1292634268
1292741135
1292896130
1292925097
1293100034
1293479797
1294148808
1294691645
1294809736
1295431125
1295794205
1296072270
1296197269
1296271829
1296382699
1296475069
1296505002
1296710306
1297063795
1297177850
1297194985
1297375209
1297451876
1297555820
1297671540
1297934631
1297963920
1298045930
1298132286
1298137823
1298198279
1298704111
1299017213
1299037744
1299132834
1299771770
1299929040
1300046781
1300096967
1300615583
1300624442
1300650684
1300684256
1300973755
1301174382
1301857219
1301909695
1302445647
1302594309
1302779269
1302827392
1303161933
1303277817
1303298747
1303336177
1303343049
1303636278
1303776228
1304151683
1304460100
1304712656
1304946027
1304973131
1304982877
1305120329
1305176304
1305267213
1305391585
1305488205
1305636619
1305980329
1305980883
1306390627
1306536852
1307078771
1307333354
1307392433
1307396037
1307968527
1308306404
1308422598
1308797004
1308915002
1309075229
1309157616
1309367917
1309673914
1309857021
1309996904
1310063731
1310177724
1310245623
1310245687
1310498036
1310583863
1310623866
1310830806
1311013885
1311637398
1311642532
1312250234
1312356873
1312510224
1312517567
1312564266
1312954864
1313042015
1313532989
1313794770
1313841421
1313929026
1313945106
1314015735
1314121161
1314147679
1314885613
1315050443
1315352653
1315449289
1316215978
1316277833
1316574492
1316768230
1316861199
1317029876
1317271320
1317311533
1317561002
1317561402
1317718427
1317816644
1317932718
1318670284
1318914494
1319136069
1319172435
1319283850
1319312523
1319320197
1319349741
1319503308
1319704821
1319735965
1320226141
1320228710
1320573899
1320954216
1320974160
1321108247
1321390251
1321752011
1321900777
1322196248
1322361149
1322580642
1323026928
1323283646
1323564513
1324100193
1324187409
1324212165
1324410766
1324451069
1324565313
1324653205
1324711138
1324810577
1324886826
1324929094
1324942076
1324998363
1325190840
1325855732
1326068442
1326159773
1326190917
1326403541
1327277441
1327338442
1327823348
1328085017
1328126912
1328250709
1328514595
1328556089
1328602519
1329232411
1329419918
1329495838
1329503580
1329606712
1329804482
1329927001
1329993488
1330803544
1330852386
1330901915
1331061722
1331362323
1331413172
1331525237
1331558429
1331827020
1332145404
1332319951
1332324396
1332545472
1332614303
1332641377
1332835448
1332982821
1333613455
1333791828
1334128049
1334488260
1334590242
1334723517
1334725751
1334762841
1334932706
1334983697
1335207343
1335470194
1335564451
1335609492
1335710866
1335715686
1335929643
1336274955
1336727654
1336923021
1337127594
1337235057
1337317890
1337466525
1339260037
1339394423
1339413297
1339530588
1339905509
1340025869
1340161574
1340315945
1340568258
1340845562
1340947417
1340991411
1341163897
1341268051
1341546196
1341606173
1341755917
1342493387
1342969647
1343256845
1343417276
1343435320
1343587490
1343594408
1343969625
1344055419
1344117510
1344167670
1344717669
1345168115
1345339621
1345476937
1345555878
1345604183
1346068541
1346083001
1346813504
1346910386
1346975654
1347028099
1347340995
1347526653
1347644720
1347697182
1347717117
1347829631
1347848660
1348089705
1348304772
1348450743
1348485559
1348591337
1348811836
1348923037
1349239629
1349249275
1349319032
1349442531
1349968298
1349983915
1350278788
1350806047
1351052589
1351268243
1351402726
1351503954
1351607925
1351813813
1352005542
1352234981
1352251647
1352405166
1352752073
1352789163
1353369018
1353603831
1353779126
1354247594
1354558004
1354856034
1354884449
1354980666
1355771796
1355806321
1355857508
1355935029
1355944055
1355968606
1356108498
1356245558
1356725948
1357044666
1357050826
1357733944
1357821950
1358055440
1358116068
1358284426
1358331419
1358356185
1358561524
1358579709
1358893201
1358920313
1359137391
1359252980
1359588635
1360202737
1360263965
1360727736
1361540876
1361555269
1362331319
1362654756
1362714904
1362780053
1362864666
1362865324
1362903994
1363108387
1363199008
1363363236
1363372317
1363667655
1363963925
1364110608
1364161993
1364172300
1364219591
1364230432
1365502581
1367049866
1367862977
1368447982
1368590376
1368790918
1368804609
1368833102
1368851138
1369142715
1369234763
1369902727
1370250092
1370317554
1370768690
1370887850
1371178688
1371493388
1371495486
1371591691
1371791918
1371820277
1371856305
1371980548
1372352754
1372466982
1372546042
1372695468
1372812204
1372916179
1373238154
1373407355
1373726336
1374057755
1374145847
1374399787
1374800207
1374911524
1375039934
1375317384
1375325773
1375367405
1375772312
1375859292
1376043996
1376133504
1376268984
1376385112
1376479918
1376658941
1376796053
1376909185
1377788499
1378268973
1378332719
1378447818
1378650342
1378865094
1379115374
1379303782
1379539832
1380146769
1380781019
1381115949
1381189138
1381983315
1382702598
1383411154
1383699784
1383742136
1384182612
1384391349
1384451292
1384574534
1385109920
1385298814
1385556395
1385644158
1385884006
1385931878
1385959557
1386307644
1386338631
1386381198
1387284161
1387423544
1387640683
1387859646
1387944822
1388016851
1388121497
1389155126
1389506108
1389758713
1389871499
1390273343
1390331938
1390542125
1390619399
1390922685
1391093427
1391154870
1391732739
1391797302
1391838339
1392273021
1392763824
1393086411
1393132290
1393433695
1394082008
1394348517
1394396166
1394643503
1394826202
1395026966
1395161884
1395345428
1395595311
1395718281
1395760738
1395865467
1396014020
1396064335
1396234517
1396285692
1396305208
1396335626
1397123279
1397124148
1397223154
1397241856
1397268720
1397443362
1397450648
1397659459
1398153534
1398190352
1398382390
1398933017
1398992798
1399200051
1399974196
1400369654
1400545885
1400555315
1400857065
1401030160
1401627422
1402024259
1402347253
1402686829
1402752044
1403074246
1403215595
1403316094
1403498778
1403700448
1403716417
1403974264
1404989742
1405377423
1405481843
1405777307
1406087696
1406341798
1406531806
1406644920
1408187113
1408291836
1408323030
1408404011
1408565808
1409377623
1409549026
1409841242
1409945251
1410364577
1410450649
1410729873
1411391439
1411826309
1411956722
1412489995
1412521157
1412531606
1412622868
1412698871
1412829097
1413019542
1413446949
1413722361
1413760686
1413761953
1414157615
1414460530
1414608867
1414691460
1414719297
1415617999
1415881854
1415942651
1416302685
1416564558
1416759005
1416859566
1417436972
1417438785
1417660608
1417833596
1417856351
1417965238
1418125295
1418149434
1418154289
1418241742
1418497046
1419045008
1419087978
1419090209
1419525718
1419789709
1419823755
1419852139
1420194677
1420238736
1420487342
1420532783
1420754585
1420871795
1421577929
1422004519
1422216277
1422336031
1422498729
1422727714
1422758139
1423051806
1423198078
1423760410
1423864977
1423901265
1423991389
1424053109
1424352497
1424480426
1424579960
1424748438
1424861819
1425065068
1425321917
1425409203
1425563021
1425720630
1425956784
1426025497
1426118628
1426298041
1426456505
1426567901
1426726942
1426880844
1427243483
1428208830
1428423394
1428477955
1428534378
1428735356
1428930776
1429215132
1429299885
1429552583
1429647292
1429756334
1429826746
1429941591
1430286088
1430832583
1430884736
1431144391
1431357746
1431390326
1431776292
1432018545
1432461522
1432541288
1432831879
1433197466
1433384968
1433860930
1433861528
1433906024
1433947363
1433947892
1434010127
1434021571
1434606174
1435011062
1435143777
1435152219
1435583834
1435608418
1435672117
1435744940
1436088181
1436155137
1436240765
1436479102
1436610110
1436861133
1436991001
1437000084
1437239400
1437534615
1437705347
1437844548
1437943102
1438111446
1438410185
1438448013
1438696909
1438790118
1439149085
1439181412
1439205601
1439503768
1439618656
1440216321
1440342381
1440452811
1440550975
1440670686
1440753851
1440946563
1441130895
1441229865
1441375008
1441612779
1441773426
1441925736
1442047261
1442132729
1442135373
1442234452
1442543006
1442757705
1442812503
1443417835
1443603925
1443727831
1444392118
1444661757
1444725504
1445672230
1446049154
1446076421
1446377784
1446385299
1446469945
1446688640
1446852964
1447249921
1448403730
1448744329
1449395625
1449518406
1449723071
1449792170
1449796208
1450009159
1450088613
1450139127
1450140172
1450496459
1450627006
1450721348
1450741572
1450855006
1451497836
1451595527
1451850138
1451869374
1451908451
1452088228
1452093783
1452426873
1452620536
1453179344
1453276726
1453321977
1453349783
1453424552
1453439110
1453534060
1453825897
1454127827
1454391613
1454469148
1454691443
1454829777
1455033528
1455181688
1455464072
1455497643
1455578880
1455727831
1455894710
1455920179
1456009503
1456330559
1456534847
1456653605
1456757002
1456832694
1456865971
1457006579
1457290599
1457295903
1457396013
1458047737
1458094391
1458161634
1458554775
1458714571
1458720411
1458935500
1458961934
1459005122
1459033292
1459532940
1460129938
1460183857
1460439034
1461160059
1461302103
1461754962
1461829911
1462039306
1462273034
1462315247
1462372341
1462462857
1462570865
1462789993
1462857490
1463216090
1463600941
1463618256
1463884881
1464410496
1464478774
1464612958
1464721613
1464805629
1465056185
1465335430
1465919051
1466076094
1466364762
1466531956
1466696004
1467096162
1467173148
1467313836
1467347212
1467990362
1468316447
1468514352
1468825595
1469187859
1469375946
1469376500
1469811555
1469936522
1470043962
1470273494
1470352962
1470460322
1470735683
1470796529
1471182907
1471280347
1471517521
1471630821
1471993562
1472288387
1472523454
1472626014
1472659212
1472703978
1473433518
1473513453
1473574574
1473621287
1473640516
1473706784
1473835959
1473987377
1474558932
1474666652
1474863656
1475272515
1475383427
1475539483
1475622733
1475709465
1475774798
1475792106
1475805053
1476023140
1476083602
1476419884
1476797640
1476884904
1476977106
1477067877
1477182428
1477528218
1477629222
1478030131
1478099716
1478104993
1478392789
1478577594
1479087387
1479221130
1479449413
1479476405
1479663236
1479773008
1479937810
1480120814
1480159016
1480264860
1480293863
1480474746
1480592332
1480711750
1480727584
1480904146
1480911359
1481573146
1481701421
1482054047
1482437373
1482460981
1482546121
1482807603
1483109889
1483391886
1483495755
1483732484
1483738006
1484623787
1485942939
1486096035
1486194024
1486244267
1487037050
1487291166
1487354846
1488015786
1488423218
1488887245
1489080416
1489145908
1489272599
1489303640
1490159338
1490296747
1490830037
1490936022
1490952731
1491314887
1491326504
1491492486
1491679925
1492061881
1492341938
1492627567
1493399355
1493685335
1494291473
1494653001
1494761830
1494786355
1495084858
1495119985
1495984479
1496395741
1496442927
1496525167
1496558400
1497076708
1497206420
1497270403
1497292524
1497364041
1497464824
1497513940
1497791692
1497792858
1498477014
1498606448
1498943169
1498989710
1499238780
1499372118
1499697953
1499786026
1500119297
1500665595
1500699897
1501365161
1501427507
1501438773
1501786911
1501985772
1502022161
1502042953
1502280871
1503090409
1503377406
1503439213
1503982834
1504027313
1504435770
1504537000
1504825940
1504834571
1504884911
1505637155
1505665649
1505922589
1506209778
1506347159
1506789602
1506987564
1507208177
1507209050
1507672209
1507805360
1507884139
1507941736
1508143902
1508147160
1508195723
1508299675
1508357767
1508370348
1508465898
1508558817
1508631533
1508691882
1508722276
1508907653
1509030295
1509296884
1509613114
1509832055
1510313459
1510317341
1510391429
1510632567
1510632670
1510762457
1510992953
1511073592
1511127203
1511289947
1511731176
1511884275
1511885283
1512340184
1512379054
1512683100
1512760572
1512872556
1513135929
1513827082
1514082904
1514198440
1514249062
1514299184
1514739965
1515006477
1515083127
1515362389
1515516721
1515657128
1515694175
1515753482
1515771516
1515834400
1515852378
1515854230
1516127447
1516373824
1516458743
1516835087
1516959740
1517332494
1517340292
1517492792
1517513943
1518160489
1518543896
1519348836
1519418260
1519705174
1520573451
1521103434
1521283466
1521951652
1522010531
1522046819
1522053276
1522142206
1522299698
1523214605
1523243607
1523323140
1523437768
1523454091
1523469162
1523568414
1523634811
1523728891
1523830952
1524014643
1524270002
1524277026
1524667370
1524785441
1524941241
1525025442
1525123758
1525191784
1525438523
1526538376
1526755288
1526865483
1527651954
1527896557
1527975434
1528464454
1528804235
1528874056
1528939500
1528962334
1529768914
1530095777
1530657641
1530928731
1531082396
1531169236
1531228062
1531336406
1531969277
1532304830
1532314748
1532322085
1532461405
1532573452
1532636456
1532688486
1532899290
1533078134
1533091654
1533120794
1533279814
1533380003
1533414245
1533821585
1533909222
1533987060
1534161712
1534563858
1534921948
1535085974
1535397035
1535447241
1535582140
1535914360
1536027169
1536594217
1536617992
1536740152
1536880059
1536906887
1537016153
1537033740
1537074257
1537236652
1537278488
1537287534
1537326071
1537362282
1537532880
1537662529
1538370889
1538774456
1538786615
1539168138
1539212424
1539274654
1539369455
1539799154
1539964352
1540794640
1541530124
1542516346
1542693900
1542717448
1543252470
1543538565
1545080251
1545090132
1545250660
1545360977
1545390848
1545406286
1546101292
1546168121
1546228792
1546266496
1546621148
1546688930
1546942896
1547291401
1547439618
1547563258
1547728760
1547949119
1548155095
1548476535
1548752073
1548955506
1549073241
1549560144
1549629045
1550024002
1550205772
1550364736
1550629233
1550696032
1550799941
1550858889
1550892153
1550944907
1550994119
1551100094
1551162215
1551359209
1551387892
1551552978
1552019551
1552058735
1552147440
1552884691
1552915227
1552916059
1553803017
1554106340
1554276600
1554422587
1554577249
1554587671
1554924179
1554952123
1555040652
1555228374
1555252302
1555390736
1555584017
1555647203
1556135520
1556353402
1556824700
1557404729
1558121301
1558604453
1558725212
1558735114
1558867276
1559099596
1559196944
1559525931
1559780962
1560148590
1560164750
1560967799
1561316684
1561832601
1562118422
1562162161
1562239628
1562279534
1562423467
1562423489
1562760534
1563911257
1564063291
1564507952
1564851508
1564862735
1565351865
1565422425
1565541758
1565601698
1566113879
1566848125
1566875708
1566946780
1567024425
1567073637
1567129872
1567321200
1567408671
1567519008
1567812569
1567978902
1568023272
1568056599
1568504514
1568696569
1568713917
1568769494
1568970063
1569210772
1569693228
1569975053
1570049018
1571362043
1571408042
1571475513
1571775335
1571840951
1571849563
1572069774
1572432742
1572480242
1572539151
1572902089
1573137630
1573230587
1573573198
1573826044
1573934087
1574520760
1574822399
1574951970
1575418574
1575638528
1576063295
1576569842
1576632989
1576987416
1577301088
1577393751
1577416555
1577595273
1577636493
1577728917
1577900199
1577934709
1578428032
1578618539
1578792528
1578954481
1579018660
1579075792
1579200828
1579352770
1579531716
1579597432
1580064396
1580148587
1580243639
1580277866
1580430497
1580622909
1580638753
1580780521
1580930381
1581185522
1581378735
1581479033
1581524194
1581744893
1581848743
1581918831
1582012972
1582612334
1582869749
1583097242
1583596788
1584090079
1584112052
1584315761
1584905762
1585121655
1585308319
1585398476
1585610848
1585794995
1585866361
1585925173
1586354737
1586359611
1586477599
1586720051
1587230338
1587269177
1587289983
1587678189
1588105679
1588460241
1588522960
1588591676
1588659504
1588721548
1588977959
1589402868
1589426570
1589665991
1590322681
1590409761
1590462146
1590751208
1590779490
1591848616
1592227118
1592278796
1592515064
1592954962
1592989553
1593605759
1593704625
1594433935
1594854733
1595173920
1595411669
1595448650
1595509414
1595654486
1597010048
1597265416
1597344783
1597382047
1597483176
1597630079
1597834573
1597964760
1598022061
1598084045
1598143130
1598330701
1598440683
1598522230
1598626495
1598810383
1598947051
1599254646
1599387430
1599854093
1599876952
1600102524
1600108866
1600139663
1600145322
1600172784
1600208757
1600313957
1600368228
1600548645
1600582059
1600718172
1600854904
1600903770
1601098833
1601110643
1601280028
1601356811
1601569957
1601668292
1601757306
1601800975
1601908781
1602122000
1602680128
1602792787
1603034300
1603179895
1603204525
1603779076
1603830456
1604099989
1604324097
1604519132
1604857603
1605111820
1605207271
1605961827
1606280210
1606363075
1606423171
1606531928
1606540903
1607645962
1607871995
1608149297
1608780455
1609150184
1609180846
1609232519
1609375262
1609431907
1609703530
1609756382
1609898008
1609947065
1610001069
1610180179
1610227715
1610370856
1610458910
1610542638
1610844659
1610968467
1611344490
1611704851
1612298215
1613205472
1613245075
1614053782
1614131083
1614359404
1614571293
1614871558
1614946162
1615006818
1615865329
1616223828
1616336516
1616435352
1616544300
1616589312
1616845094
1617209702
1617266521
1618042544
1618193525
1618284021
1618471305
1618579819
1618643324
1618676383
1618752022
1619174226
1619230459
1619439049
1619625745
1619669235
1619743896
1619954221
1620572422
1620731175
1620962846
1621084113
1621340021
1621365733
1621705024
1621737864
1622133445
1622734554
1622749683
1622875131
1622965992
1623073257
1623408296
1623643688
1623707826
1623811460
1623849165
1623938736
1624438038
1624499014
1624506943
1624508789
1624772496
1624792900
1624792997
1624871476
1624962347
1625236292
1625485976
1625888594
1626101430
1626330917
1626612615
1626774906
1626819376
1627200704
1627421679
1627569776
1628341640
1628345646
1628561286
1629646102
1629968951
1630047273
1630082535
1630465572
1630993481
1631222433
1631244078
1631672135
1631890497
1632203954
1632293871
1632367727
1632588327
1632664721
1632682325
1633423904
1633708202
1633768625
1633913355
1634026525
1634268943
1634561673
1634788218
1635195013
1635209214
1635840039
1635900512
1635951183
1636015417
1636052689
1636109013
1636331497
1636539832
1636687889
1636734301
1636843292
1636864001
1636890551
1636998962
1637188291
1637493643
1637667249
1637847295
1637933452
1637968243
1638499126
1638707367
1638795266
1639082250
1639124773
1639446364
1639478944
1639838271
1640252493
1640370952
1640439103
1640616991
1640842946
1640976947
1641250528
1641406194
1641511498
1641526404
1641568226
1641867926
1641952172
1642295657
1642571615
1643364858
1644216970
1644256609
1644496901
1644509899
1644619380
1644671025
1644849750
1644868979
1645148355
1645364065
1645451385
1645470084
1645708950
1645888211
1646018374
1646161813
1646395975
1646692424
1646849513
1646857177
1646883790
1646974537
1647168549
1647214047
1647217364
1647415806
1647454215
1647567968
1647786768
1647845652
1647996828
1648001066
1648104044
1648642086
1648814883
1648879539
1649108419
1649149062
1649821439
1649985689
1650493385
1650580484
1650766948
1651208094
1651342666
1651521007
1651983074
1652220152
1652591676
1653335793
1653458188
1653664295
1654037163
1654632563
1654706418
1655687280
1655931756
1655977132
1656010528
1656036113
1656757645
1656768906
1656950648
1656982736
1657807377
1657928908
1658596689
1658827534
1659540487
1659718906
1659764741
1660040232
1660145327
1660155996
1660156452
1660291304
1660637156
1661369541
1661606702
1661885566
1662053309
1662085521
1662166930
1662370864
1662993292
1663109058
1663317263
1663334144
1663444085
1663658393
1663850561
1663930885
1664079157
1664122688
1664420296
1664579519
1664687268
1664782778
1664816712
1665330645
1665623319
1665651073
1665936190
1665971256
1666019271
1666062587
1666376719
1666738168
1666753523
1666913560
1667008226
1667067688
1667189544
1667429264
1667450950
1667618888
1667626671
1668247481
1668541241
1668600184
1668864500
1668984337
1669525962
1669569613
1670712545
1670828327
1671192946
1671272758
1671776807
1672111805
1672205960
1672269444
1672435730
1672843187
1672909107
1672936452
1673316788
1673414587
1673704218
1673717257
1674252817
1674358811
1674577586
1674591173
1674892435
1675381250
1675441891
1676147376
1676369762
1677273479
1677535325
1677921297
1678463743
1678957332
1679038586
1679196753
1679199540
1679414650
1679636381
1680390189
1680507383
1680711975
1681358241
1681435157
1681601583
1681659938
1681902153
1682143549
1682329957
1682503888
1682538048
1682675988
1682698525
1683047464
1683325934
1683335566
1683550748
1683708857
1683996566
1684309283
1684407971
1684627800
1685475576
1685552210
1686028446
1686045579
1686224023
1686726003
1686805360
1686818016
1686913475
1687022843
1687958814
1688615345
1688657996
1688722705
1690751755
1690804893
1691022640
1691065575
1691282525
1691576641
1691690445
1691721383
1692039879
1692138235
1692521971
1692568305
1692766754
1693123865
1693239056
1693307405
1693973953
1693978088
1694359474
1695027367
1695218617
1695385970
1695657059
1695897057
1696001416
1696019246
1696496678
1696562124
1696739040
1696748380
1696841665
1696944745
1697044722
1697146793
1697210247
1697378605
1697473306
1697509909
1697596208
1697774215
1698680905
1698715350
1698817919
1698855015
1699105734
1699240806
1699623636
1699805971
1699923051
1700037990
1700136713
1700251347
1700582704
1700718280
1700845474
1701022064
1701579565
1701595662
1701910580
1701932210
1701971365
1701985784
1702137294
1702352936
1702878233
1703180792
1703408147
1703863626
1703950975
1703955859
1704006009
1704191320
1704222462
1704984374
1705272218
1705649500
1705747805
1705817626
1705863581
1706012565
1706258762
1706468867
1706484393
1706811313
1707191767
1707808729
1708441628
1708488541
1708530245
1708727284
1708755689
1708955502
1709066745
1710269383
1710375342
1711114699
1711351029
1711726101
1711946888
1712133464
1712188694
1712400982
1712423238
1712582647
1712659203
1712958723
1713037549
1713098923
1713145439
1713528023
1713888908
1714203314
1714398007
1714966946
1714979408
1715542034
1715626974
1715648626
1716215965
1716436213
1716563621
1716788563
1716917349
1717275778
1717306987
1717752995
1718160042
1718368361
1718848326
1718894284
1718921406
1719311541
1719321957
1719491490
1719563103
1719635868
1719651246
1719981007
1720346547
1720361664
1720398843
1720582599
1720592211
1720963563
1721177648
1722071520
1722220873
1722222539
1722941644
1723509015
1723571355
1723729830
1724055446
1724396014
1724502950
1724680438
1724819056
1724910397
1724914837
1724914985
1725011676
1725521945
1725746323
1726074185
1726155676
1726169941
1726372883
1726585811
1726757735
1727531660
1727698081
1727768405
1727795846
1728228616
1728343941
1728429543
1729016996
1729094871
1729802903
1729858061
1730182575
1730280694
1730392684
1730596430
1731053714
1731283216
1731405733
1732015785
1732280149
1732583710
1732955789
1733137138
1733167057
1733184344
1733227512
1733253521
1733377238
1733766336
1733813134
1735117836
1735261155
1735292343
1735300404
1735866183
1736202586
1736715633
1736863094
1736914327
1737373660
1737974261
1737977915
1738009294
1738203489
1738393236
1739226516
1739446382
1739453424
1739520186
1739533963
1739676048
1739959353
1740014276
1740058353
1740143792
1740155778
1740302389
1740587186
1740838753
1741018401
1741035870
1741049598
1741216576
1741350206
1741431401
1741695872
1741933186
1742085442
1742702826
1742960327
1743119020
1743823619
1743913267
1744193884
1744278358
1744439000
1744570384
1744848655
1745214424
1745410342
1745596637
1746012891
1746497029
1746516972
1747363816
1747757448
1747908974
1748118078
1748782005
1748875717
1748914384
1749107388
1749173870
1749890968
1749925209
1749934579
1750786252
1751031269
1751062496
1751116156
1751246319
1751256666
1751536220
1751619801
1751675310
1751891003
1751984921
1752043445
1752059650
1752192319
1752328112
1752385044
1752464829
1752658984
1752670400
1752888220
1753077980
1753205540
1753299557
1753936689
1754151690
1754229765
1754629469
1754686368
1754738960
1754844893
1754894628
1754959112
1755319732
1755544527
1755674341
1755853203
1756163153
1756442105
1756520708
1757075174
1757281843
1757595177
1757723280
1758260216
1758512188
1758613111
1758990354
1759086045
1759856404
1760192719
1760437553
1760582817
1760971041
1761118265
1761469801
1761500503
1762136433
1762173934
1762430300
1762461884
1762493185
1762802929
1762860147
1762913054
1763099110
1763125352
1763577823
1763746730
1763785731
1763812616
1763962437
1764010594
1764329435
1764448507
1764473873
1764857819
1764869727
1764913422
1764942080
1765035042
1765250125
1765295431
1765363825
1765539627
1765648249
1765782141
1766013737
1766054828
1766147339
1766474722
1766722351
1766795726
1766912204
1767057708
1767216650
1767286474
1767327457
1767353360
1767517433
1767951302
1767983609
1767989088
1768130870
1768145790
1768185791
1768238900
1768472595
1768965852
1769246160
1769537379
1770218456
1770425745
1770536640
1770770895
1770848294
1771020760
1771431519
1771437430
1771486901
1771522202
1771626701
1772118476
1772288490
1772501505
1772549023
1772663162
1772935105
1772937126
1773098711
1773241607
1773315020
1773580176
1773670761
1773977449
1774049565
1774431629
1774488967
1774568009
1774675751
1774785999
1775261539
1775510797
1776180783
1776484605
1776602036
1776743218
1776790925
1776823679
1777027094
1777159604
1777295062
1777296195
1778218701
1778360375
1778678731
1778809424
1778842596
1778995477
1779032286
1779628721
1780029609
1780052021
1780126679
1780508461
1780772805
1780787202
1781182735
1781227862
1781361300
1781401970
1781745766
1781839989
1782967462
1783179454
1783227468
1783238340
1783390155
1783437677
1784045204
1784093678
1784112840
1784167894
1784429038
1784499303
1785006376
1785474629
1785545202
1785725902
1785923061
1785934303
1786059154
1786124866
1786452941
1786605255
1786633557
1786815595
1787454839
1787521957
1787575367
1787859838
1787978814
1788015186
1788118418
1788142532
1788156474
1788239707
1788337858
1788513500
1788648814
1789305087
1789344124
1789584848
1789663096
1789815399
1789951211
1789980532
1790712040
1790751364
1791234379
1791278775
1791427437
1791550300
1791553123
1792383368
1792559740
1793109342
1793322539
1793499096
1793694168
1794296303
1794322472
1794348579
1794563875
1794703714
1795381102
1795437963
1795616748
1795627754
1795792545
1795868381
1795884010
1796246286
1796333348
1796404340
1796504549
1796513648
1796922872
1797075789
1797311078
1798080159
1798415739
1799002052
1799035079
1799185588
1799346641
1799599711
1800143932
1800194304
1800499169
1800664477
1801346953
1801412465
1801868191
1802673246
1802748464
1803001427
1803490610
1803783218
1804479070
1804757066
1804896905
1805021623
1805076000
1805222477
1805461238
1805498687
1805547018
1805944748
1806284806
1806971908
1807188669
1807287965
1807441740
1807600446
1807615864
1807815032
1807946100
1808042164
1808189582
1808553992
1809037452
1809762039
1809828716
1810163264
1810170655
1810220660
1810465336
1810495296
1810928163
1811104405
1811207747
1811434735
1811616730
1812054843
1812554774
1812950670
1813294263
1813613157
1813660944
1814227959
1816203653
1816269769
1816436446
1816461907
1816533466
1816585961
1816758140
1816988084
1817115043
1817431410
1817712768
1817843823
1818230888
1818294135
1818332694
1818423585
1818611052
1818674517
1818678848
1818736287
1819021365
1819204779
1819254306
1819343597
1819484677
1819732393
1820191792
1820299491
1820584579
1821073271
1821217056
1821310224
1821772503
1821870736
1821952599
1822500106
1822533066
1822864325
1823009757
1823244318
1823324807
1823332177
1823400973
1823409263
1823498661
1823765459
1823889808
1824139503
1824225861
1824601847
1824871366
1824875810
1824888786
1824996785
1825133721
1825200180
1825345106
1825682231
1825695792
1826079819
1826199561
1826378838
1826687443
1826694850
1826873560
1826890889
1826920765
1826983483
1827059778
1827068162
1827302537
1827326615
1827605279
1827663385
1827733150
1827960164
1828074193
1828129216
1828221544
1828259679
1828261236
1828387531
1828540585
1828575557
1829209583
1829315773
1829568637
1829575487
1829624380
1829680475
1829757353
1830546007
1831020051
1831086751
1831138641
1831163272
1831703325
1831867113
1831948026
1832252379
1832459483
1832478980
1832485030
1832828148
1833158825
1833557070
1833695866
1833849475
1834144444
1834192180
1834202904
1834682668
1834762415
1835022103
1835202446
1835320041
1835329546
1837299000
1837405122
1837966365
1838223881
1838256008
1838487178
1838669442
1838724871
1838822317
1839036945
1839273774
1839353788
1839580928
1839691918
1839779258
1840040038
1840088242
1840142375
1840232365
1840385334
1840727406
1841357079
1841740816
1841818167
1841901571
1842135807
1842371054
1842565571
1842619721
1842749749
1842773450
1843078822
1843516106
1843935778
1843962343
1844763191
1844909748
1845212703
1845400520
1845474000
1845546219
1846120387
1846465955
1846535139
1846604160
1846881039
1847031847
1847875488
1847919845
1848045860
1848244963
1848402445
1848451262
1848841436
1849204695
1849317703
1849757898
1850264435
1850571274
1850679713
1850838876
1850855410
1851179254
1851199970
1851453469
1851833058
1852026083
1852206282
1852339751
1852438290
1852678251
1852687870
1852941349
1853062094
1853411293
1853454419
1853484917
1853549613
1853665238
1853996544
1854378303
1854399085
1854843764
1854961133
1855021849
1855135604
1855189603
1855881021
1856407554
1856475089
1856523736
1856794941
1856802366
1856961593
1857103007
1857681928
1857806530
1858543771
1858812257
1858863466
1859458233
1859818938
1859823853
1860280637
1860284807
1860471596
1861029299
1861141754
1861494137
1861833731
1862499933
1862667604
1862808376
1863222717
1863431175
1863572360
1863737251
1863882430
1863928686
1864012729
1864021131
1864162259
1864212890
1864292978
1864428050
1864566384
1864582602
1864669312
1865060328
1865169614
1865221495
1865348145
1865494445
1865811607
1866669998
1867100935
1867319317
1867447129
1867487719
1867657767
1868251669
1868408568
1868460928
1868623704
1868782612
1869264472
1869395695
1869799048
1870017025
1870192515
1870401362
1870503795
1870809403
1870810925
1871171753
1871408865
1871891442
1871905112
1871995015
1872090554
1872555255
1872580297
1872706492
1872817931
1872966756
1873144798
1873547697
1873632642
1873786316
1874002639
1874105571
1874133596
1874934198
1875304898
1875496814
1875753622
1875798566
1876066385
1876224549
1876394708
1876694707
1876721412
1876769457
1876971912
1876995078
1877451556
1877669213
1877696787
1877833379
1877861017
1878130250
1878355885
1878787972
1878803622
1879049358
1879396590
1879419562
1879522476
1879533957
1879900609
1879979143
1880238527
1880287120
1880380462
1880543288
1880684220
1880784050
1881033805
1881329033
1881843576
1881933865
1882268726
1882319194
1882479658
1882772735
1883378686
1883700235
1884157601
1884179425
1884258365
1884538694
1884599693
1884734531
1884988005
1885013474
1885182486
1885374743
1885454047
1885830042
1886059796
1886060572
1886285162
1886869798
1886945205
1887143111
1887167528
1887647691
1887721978
1888591745
1889765149
1889830118
1889842979
1890669639
1890788340
1891229939
1891405148
1891429619
1891595848
1892287258
1892408365
1892488814
1892496615
1892606474
1892696097
1892746652
1892900255
1893113963
1893310006
1893406003
1893417261
1894193135
1894361730
1894406335
1894460824
1894980820
1895255834
1895269891
1895511241
1896099144
1896104782
1896353869
1896496868
1896551976
1896567718
1896702890
1896837081
1897047572
1897062911
1897075761
1897250757
1897370097
1897398496
1897785361
1897826528
1898204945
1898252461
1898370001
1898477453
1898780336
1898968736
1899070933
1899512010
1901992258
1902160810
1902428533
1902504073
1902794119
1902935931
1903742123
1903747866
1903819804
1904226908
1904563885
1905085548
1905189833
1905628501
1905706947
1905725516
1905884823
1905888370
1906089609
1906092286
1906267994
1906492849
1906939927
1907169098
1907323069
1907734571
1908552408
1908600442
1908751978
1908804679
1908856062
1908974127
1909007161
1909018032
1909076865
1909512889
1909816368
1909862678
1909981426
1910006778
1910185518
1910563602
1910600846
1911409778
1911768974
1912802601
1913197506
1913695732
1914702264
1914956519
1914967409
1915253180
1915255196
1915633200
1915653595
1915916801
1916205159
1916986721
1917433400
1917675672
1918001842
1918350422
1918515783
1918755407
1919302678
1919610948
1919733600
1919756573
1919851677
1920142678
1920372261
1921053635
1921126744
1921434262
1921577528
1921590997
1921798290
1921827007
1922002595
1922232185
1922242181
1922354623
1922394860
1922919347
1923348576
1923875214
1923895721
1923948342
1923974807
1924015564
1924133347
1924498428
1924607415
1924645001
1924663532
1924737365
1925345281
1925603420
1925603502
1925632037
1925745727
1925888068
1925896556
1926031466
1926207934
1926255472
1926333185
1926654096
1926901636
1926961376
1927057565
1927125180
1928292892
1928652928
1928677002
1928798341
1928930589
1928930967
1929203623
1929395016
1929841283
1929922453
1931027045
1931221993
1931524746
1931530453
1931768245
1931772989
1931826974
1932201061
1932208806
1932357846
1933064206
1933215550
1933263926
1933575992
1933696886
1934914041
1934979643
1935183395
1935249750
1935425817
1935572613
1935837458
1935986289
1936027820
1936032342
1936065940
1936278901
1936546738
1936800254
1936814191
1937151706
1937519544
1937870111
1938334841
1939336557
1939378323
1939520524
1939549527
1939627139
1939746887
1939754940
1940114752
1940451886
1940456704
1940652596
1941003130
1941528841
1941609420
1941742624
1941865206
1942117231
1942546248
1942771583
1942788645
1942863455
1943097350
1943163538
1943191557
1943399910
1943495723
1943589971
1943724513
1944439694
1944506367
1944517082
1944664037
1944815103
1945099403
1945273324
1945865047
1946620846
1946708793
1947058296
1947423777
1947552688
1947591452
1947788674
1948755987
1948818857
1948858972
1949263321
1949510643
1949609515
1950474064
1950525699
1950913675
1951331318
1951533950
1951599798
1951701808
1951703660
1951738783
1951828835
1951842530
1951927080
1952271828
1952357829
1952891171
1953600755
1953729351
1953977887
1954058687
1954122003
1954654809
1955042050
1955398255
1955473359
1955696975
1955932491
1956191090
1956388812
1956540059
1957000933
1957140461
1957199648
1957203247
1957245457
1957387774
1957403806
1957591946
1957898023
1958279510
1958286379
1958310930
1958461260
1958491932
1958685571
1958845324
1959462736
1960187319
1960389708
1960643146
1960874670
1960953881
1961071175
1961638548
1961837954
1962072705
1962121133
1962150783
1962197040
1962341540
1962352123
1962585906
1962638481
1962987498
1963017560
1963139705
1963975835
1964334839
1964523491
1964635813
1965003895
1965104894
1965460651
1965580018
1965696880
1965722347
1965819065
1965822319
1965962275
1965980962
1966041586
1966446743
1966663576
1966845993
1967166673
1967738305
1968024002
1968037878
1968095950
1968128998
1968475012
1969512760
1969526362
1969818592
1969862866
1970106500
1970131245
1970210968
1970463884
1970974022
1971077231
1971748455
1971893241
1972092345
1972417205
1972502430
1972504106
1972523570
1972641279
1972843447
1973204939
1973649469
1973801864
1974109367
1974426328
1975235094
1975303685
1975528070
1975701678
1975778379
1975863181
1975888829
1976007468
1976722722
1977074549
1977463620
1977470967
1977595590
1977658316
1978000811
1978513801
1978573578
1978622251
1979047846
1979331894
1979681320
1979682647
1980113751
1980339016
1980779592
1980783962
1981354214
1981925953
1982133880
1982450418
1982670440
1982815401
1982816834
1982864254
1982949106
1983085206
1983165717
1983680204
1983710320
1983908096
1983922472
1984105779
1984444200
1984648181
1984963581
1984975956
1985150598
1985238597
1985468553
1985613995
1985828703
1986110584
1986141265
1986875671
1987060092
1987134945
1987327557
1987430156
1987474911
1987562741
1987637357
1987788449
1987887146
1987889850
1987891998
1987973066
1987981146
1988156639
1988429988
1988504850
1989128580
1989167041
1989428598
1989503435
1989972990
1990022367
1990375662
1990490890
1990508092
1990539443
1990967990
1991124441
1991557647
1991689896
1991807744
1992634386
1993099059
1993109839
1993123976
1994301188
1994315544
1994481460
1994999894
1995126538
1995258290
1996122840
1996180671
1996246846
1996735879
1996873439
1996999810
1997157938
1997198511
1997558481
1997851234
1997932024
1998354288
1998923610
1999012657
1999581230
1999814876
2000022187
2000442415
2000606299
2000629543
2000681605
2000713447
2001026484
2001153542
2001803564
2001833748
2002125681
2002170174
2002479934
2003155260
2003171506
2003716464
2004023863
2004307316
2004395989
2005092081
2005151346
2005492884
2005907257
2006051790
2006518385
2006799046
2006905878
2006936212
2007046445
2007084152
2007300009
2007970434
2008044040
2008064957
2008083600
2008195891
2008212010
2008395505
2008530401
2008548176
2008717894
2009101781
2009178239
2009432569
2009453005
2009596898
2009947260
2009957999
2010125648
2010232623
2010762885
2010999781
2011015373
2011350337
2011394540
2011813063
2011955977
2012111589
2012137560
2012228736
2012663509
2012818642
2012947233
2013264043
2013929195
2013944883
2014492971
2014858293
2014901949
2015144502
2015294385
2015374420
2015459144
2015531280
2015617925
2015621455
2015777253
2016321129
2016590477
2016640174
2016716594
2016782771
2016918430
2017076996
2018112569
2018297803
2018572562
2018699033
2018848663
2019101351
2019424060
2019497477
2020463212
2020498503
2020615699
2020771152
2020862537
2021340469
2021508045
2022143403
2022403518
2022587501
2022605824
2022606518
2022744553
2022832944
2022885874
2023611255
2023903438
2023954458
2024125875
2024593848
2024637258
2024673571
2024834692
2024860440
2024885091
2025039871
2025040506
2025522635
2025741929
2025848523
2025849369
2026105107
2026352326
2026401751
2026697903
2026948228
2026950297
2026996045
2027374123
2027442278
2027528690
2027558399
2027825238
2027901426
2028322986
2028492802
2028500273
2028610735
2028863155
2029164006
2029220110
2029294766
2029322959
2029774236
2029988037
2030154372
2030256553
2030581675
2030669416
2031019045
2031102084
2031122389
2031440075
2031603472
2031713486
2031999280
2032045445
2032511878
2032592794
2032693157
2032694828
2032697808
2032908855
2033110140
2033387081
2033540217
2034051875
2034111837
2034160894
2034228569
2035316249
2035722877
2036013631
2036316964
2036381760
2036843583
2036897605
2037137475
2037194328
2037212600
2038534820
2038650160
2038756023
2038764818
2039030794
2039213571
2039269831
2039460148
2039464096
2039537403
2039902949
2040175083
2040356377
2040391093
2040401242
2040599025
2040639917
2041029401
2041048038
2041471590
2041484238
2041618734
2041621302
2041710385
2041827288
2042044037
2042255542
2042268642
2042315968
2042686028
2043492472
2043558299
2043581722
2043799185
2044014454
2044192728
2044257921
2044778308
2045195638
2045455325
2045588112
2046296673
2046705673
2046816333
2046994946
2047000672
2047019500
2047973064
2048184528
2048258504
2048476817
2048755830
2049342065
2049379030
2049931522
2050034346
2050125083
2050261819
2050336499
2050424636
2050785067
2051245689
2051292557
2051327905
2051456501
2051763097
2051800858
2051953870
2052146721
2052159753
2052250043
2052267937
2052285935
2052595922
2052620138
2052685271
2052797011
2052859979
2053052162
2053117389
2053136248
2053422448
2053675021
2053823911
2053926685
2054078674
2054310264
2054416460
2054469735
2054513079
2054774267
2055202076
2055343392
2055482935
2055498031
2055677116
2055718482
2055873027
2055993296
2056409378
2056434560
2056466045
2056475913
2056725429
2057074594
2057160636
2057175853
2057406231
2058591348
2058592731
2058824890
2058857151
2059037721
2059125229
2059148364
2059149850
2059224899
2059664718
2059737490
2059791101
2059849599
2060439048
2060493705
2060650290
2060905096
2061031409
2062445143
2062640793
2062950403
2063015614
2063152518
2063224397
2063239970
2063378435
2064391039
2064455890
2064852234
2065129339
2065345031
2065356294
2065562549
2065732371
2065877648
2066019642
2066851146
2066993344
2067181412
2067278887
2067530785
2067712771
2067731377
2067775832
2067830049
2067857210
2067914906
2068070456
2068183506
2068217265
2068692286
2068861075
2069638337
2070285137
2071115042
2071291267
2071670168
2071826588
2071933737
2072107571
2072412723
2072413407
2072516957
2072859056
2072908974
2073158550
2073199964
2073504594
2073507754
2073529081
2073547667
2073790894
2073793834
2073948173
2074118284
2074332516
2074353193
2074788826
2074796954
2075342788
2075774995
2076239539
2076291688
2076367340
2076614702
2076622074
2076742827
2076938535
2077004658
2077368930
2077600211
2077651452
2077714498
2077787264
2077836089
2078097314
2078115031
2078195438
2078447450
2078975413
2079044912
2079087373
2079202417
2079411843
2079572935
2079999901
2080489693
2080696606
2081012275
2081029498
2081097243
2081165754
2081181816
2081307759
2081319308
2081422086
2081438422
2081774577
2081871172
2081984008
2082080728
2082428039
2082538284
2082601850
2082715612
2083380255
2083523330
2083579984
2083675512
2083815438
2083917210
2083980955
2084259650
2084781301
2085237706
2085303092
2085603877
2085703541
2085943906
2085969543
2086498890
2086550173
2086578057
2086608225
2086646527
2086653645
2087155581
2087340046
2087666628
2087822268
2087897462
2088138625
2088169453
2088885269
2088932203
2089107047
2089836861
2089996161
2090001270
2090138094
2090281066
2090472233
2090515950
2090528956
2090619940
2090943925
2091022973
2091113381
2091262446
2091270300
2091305922
2091329867
2092213337
2093143144
2093473185
2093715378
2093771694
2094156655
2094567329
2094623105
2094956116
2095031195
2095147206
2095609439
2096000406
2096020402
2096107963
2096218255
2096475511
2096518823
2096735466
2096981508
2097212914
2097370217
2097411432
2098178922
2098403284
2098569186
2098588488
2099099515
2099513957
2099702882
2100252163
2100544059
2100683104
2100834489
2100968105
2100985355
2101514297
2101539153
2101540889
2101648377
2101879106
2102005567
2102134830
2102580457
2102620809
2102624904
2102628568
2102645387
2102729873
2103112574
2103126800
2103172953
2103253495
2103648607
2103726645
2103957305
2104103344
2104116794
2104907115
2105123600
2105811048
2105822065
2105886764
2105949012
2106202146
2106284661
2106478663
2106833197
2107143570
2107226202
2107277575
2107387575
2107584570
2107623781
2108345236
2108454144
2108501044
2108739697
2108934180
2109021741
2109257728
2109312418
2109922500
2110654005
2110919512
2111098237
2111162282
2111419967
2111427388
2111429582
2111435266
2111818436
2111902280
2112054140
2112179589
2112351893
2112389907
2112592814
2112829192
2113161035
2113344813
2113383896
2113444345
2113504080
2113755078
2114239577
2114286951
2114461164
2114721190
2114868417
2114947589
2115189763
2115462121
2115512518
2115735086
2116019220
2116056735
2116782698
2116844104
2116900709
2116976796
2117373594
2117602453
2117693872
2117883205
2118204963
2118540809
2118739890
2118882754
2118909796
2119119497
2119226320
2119680976
2119752313
2120135610
2120289403
2120386170
2120580815
2120785929
2120906795
2121016317
2121089474
2121550985
2121693710
2121744621
2121928375
2122032479
2122063909
2122117101
2122142820
2122468150
2122704865
2122712405
2122877844
2123479897
2123761928
2123892901
2123930035
2123931058
2123948299
2123990183
2124148109
2124541685
2124597693
2124736472
2124834949
2125012550
2125991317
2126080738
2126252217
2126755911
2126916201
2127007314
2127194443
2128154939
2128199695
2128555979
2128754565
2128951648
2128997034
2129127361
2129469819
2129585489
2129641004
2129703905
2130258920
2130300655
2130352054
2130402062
2130487272
2131023662
2131026428
2131095162
2131827173
2131967010
2132140693
2132169943
2132376295
2132593094
2132886178
2133225321
2133378565
2133695590
2133799122
2133850257
2133909495
2134243003
2134435836
2134550798
2134578480
2134628969
2134647101
2134730192
2135166873
2135484569
2135620730
2136300825
2136821187
2136839419
2136981686
2137523373
2137722978
2137988336
2138092214
2138333578
2138735823
2139054401
2139665788
2139998070
2140003151
2140072648
2140332600
2140504035
2140626145
2140647086
2140666942
2140956693
2141259169
2141333791
2141359677
2141547131
2141800351
2142210188
2142233419
2142584846
2142751284
2142900691
2142982384
2143004000
2143117516
2143975984
2144036014
2144128807
2144388376
2144915528
2145704795
2145887188
2146037412
2146248321
2146270936
2146395380
2146795950
2147073563
2147136463
2147217139
2147289170
